title,album,artist,time,genre,tempo,filename,year,language,isDL,label,vocal,instrumental,tag
Tot je weer van me houdt,Brood voor Morgenvroeg,Bart Peeters,"=""00:04:03""",Pop,86,Bart Peeters - Tot je weer van me houdt.mp3,2017,English,1,Bart Peeters,1,0,"Folk,Indie,Country,Mainstream,All Weather,All Season,Youth/adult"
I Wonder If You Know,Long Play Collection: 7 Original Albums on CD,"Alok, Something Else","=""00:03:14""",Electronic,123,"Alok, Something Else – I Wonder If You Know.mp3",2012,English,1,The Louvin Brothers,1,0,"Chillout,Rainy,All Season"
Nacht In Amsterdam,Nacht In Amsterdam,Bazart,"=""00:02:51""",Pop,94,Bazart - Nacht In Amsterdam.mp3,2026,English,1,"Echo, Echo",1,0,"Mainstream,All Weather,All Season,Youth/adult"
Ademnood,Magie,Camille,"=""00:03:28""",Pop,143,Camille - Ademnood.mp3,2023,English,1,Camille,1,0,"Electronic,Energetic,All Weather,All Season,Youth/adult"
Geen Tranen Meer Over,SOS,Camille,"=""00:03:20""",Pop,163,Camille - Geen Tranen Meer Over.mp3,2022,English,1,Camille,1,0,"Dance,Electronic,Upbeat,All Weather,All Season,Youth/adult"
In De Regen,SOS,Camille,"=""00:03:35""",Pop,156,Camille - In De Regen.mp3,2022,English,1,Camille,1,0,"Electronic,Dance,Upbeat,All Weather,All Season,Youth/adult"
Insomnia,Magie,Camille,"=""00:03:00""",Pop,98,Camille - Insomnia.mp3,2023,English,1,Camille,1,0,"Electronic,Dance,Upbeat,All Weather,All Season,Youth/adult"
Isabella,Isabella,Camille,"=""00:03:38""",Pop,126,Camille - Isabella.mp3,2025,English,1,"CNR Records, CNR Records NV",1,0,"Electronic,House,Upbeat,All Weather,All Season,Youth/adult"
Kleur,SOS,Camille,"=""00:02:58""",Pop,88,Camille - Kleur.mp3,2022,English,1,Camille,1,0,"Electronic,Indie,Energetic,All Weather,All Season,Youth/adult"
Magie,Magie,Camille,"=""00:03:14""",Pop,129,Camille - Magie.mp3,2023,English,1,Mostiko,1,0,"Electronic,House,Upbeat,All Weather,All Season,Youth/adult"
Oeh La La La,Oeh La La La,Camille,"=""00:03:12""",Pop,96,Camille - Oeh La La La.mp3,2024,English,1,"CNR Records, CNR Records NV",1,0,"Dance,Electronic,Upbeat,All Weather,All Season,Youth/adult"
Oostende,Oostende,Camille,"=""00:03:24""",Pop,106,Camille - Oostende.mp3,2025,English,1,CNR Records NV,1,0,"Electronic,Dance,Upbeat,All Weather,All Season,Youth/adult"
Rihanna,Rihanna,Camille,"=""00:03:28""",Pop,97,Camille - Rihanna.mp3,2023,English,1,"CNR Records, CNR Records NV",1,0,"Dance,Electronic,Upbeat,All Weather,All Season,Youth/adult"
Daar Gaat Ze,Hoezo?,Clouseau,"=""00:03:48""",Pop,87,Clouseau - Daar Gaat Ze.mp3,1989,English,1,Clouseau,1,0,"Soul,Mainstream,All Weather,All Season,Youth/adult"
"Geert Krijn - Braveheart (Adem in, adem uit)","Geert Krijn - Braveheart (Adem in, adem uit)",Geert Krijn,"=""00:03:38""",Rock,90,"Geert Krijn - Braveheart (Adem in, adem uit).mp3",2026,English,1,Geert Krijn,1,0,"Pop,Indie,Mainstream,All Weather,All Season,Youth/adult"
Dit Is Wat Mijn Mama Zei,Metejoor,Metejoor,"=""00:02:57""",Pop,118,Metejoor - Dit Is Wat Mijn Mama Zei.mp3,2021,English,1,Metejoor,1,0,"Electronic,Dance,Upbeat,All Weather,All Season,Youth/adult"
Eigen Schuld,Joris,Metejoor,"=""00:03:14""",Pop,137,Metejoor - Eigen Schuld.mp3,2023,English,1,Metejoor,1,0,"Indie,Rock,Mainstream,All Weather,All Season,Youth/adult"
Groot,Groot,Metejoor,"=""00:03:20""",Pop,120,Metejoor - Groot.mp3,2024,English,1,"FruityLabel, FruityLabel, CNR Records NV",1,0,"Dance,Upbeat,All Weather,All Season,Youth/adult"
Nachtregen,Nachtregen,Metejoor,"=""00:03:18""",Pop,150,Metejoor - Nachtregen.mp3,2025,English,1,FruityLabel,1,0,"Rock,Indie,Dance,Upbeat,All Weather,All Season,Youth/adult"
Ze Meent Het,Metejoor,Metejoor,"=""00:03:04""",Pop,112,Metejoor - Ze Meent Het.mp3,2021,English,1,Metejoor,1,0,"Electronic,Energetic,All Weather,All Season,Youth/adult"
Speeltijd,Hits van hier: Het beste van 2016,Niels Destadsbader,"=""00:03:28""",Pop,137,Niels Destadsbader - Speeltijd.mp3,2016,English,1,CNR Records Belgium,1,0,"Indie,Mainstream,All Weather,All Season,Youth/adult"
Atlas,Atlas,Pommelien Thijs,"=""00:03:19""",Pop,120,Pommelien Thijs - Atlas.mp3,2025,English,1,"Sony Music, Gedoe BV, Sony Music Entertainment (Belgium) nv/sa",1,0,"Dance,Upbeat,All Weather,All Season,Youth/adult"
Ben je klaar,Gedoe,Pommelien Thijs,"=""00:03:55""",Pop,165,Pommelien Thijs - Ben je klaar.mp3,2025,English,1,Pommelien Thijs,1,0,"Rock,Indie,Dance,Upbeat,All Weather,All Season,Youth/adult"
Erop Of Eronder,Erop of Eronder,Pommelien Thijs,"=""00:02:45""",Pop,90,Pommelien Thijs - Erop Of Eronder.mp3,2023,English,1,"Sony Music, Sony Music Entertainment (Belgium) nv/sa",1,0,"Rock,Electronic,Dance,Indie,Upbeat,All Weather,All Season,Youth/adult"
Het Beste Moet Nog Komen,Het Beste Moet Nog Komen,Pommelien Thijs,"=""00:03:44""",Pop,100,Pommelien Thijs - Het Beste Moet Nog Komen.mp3,2024,English,1,"Sony Music, Sony Music Entertainment (Belgium) nv/sa",1,0,"Electronic,Rock,Indie,Energetic,All Weather,All Season,Youth/adult"
Meisjes Van Honing,Meisjes Van Honing,Pommelien Thijs,"=""00:03:06""",Pop,80,Pommelien Thijs - Meisjes Van Honing.mp3,2021,English,1,"Sony Music, Sony Music Entertainment (Belgium) nv/sa",1,0,"Electronic,Indie,Rock,Energetic,All Weather,All Season,Youth/adult"
Wat Een Idee!,Wat Een Idee!?,Pommelien Thijs,"=""00:02:55""",Pop,155,Pommelien Thijs - Wat Een Idee!.mp3,2022,English,1,"Sony Music, Sony Music Entertainment (Belgium) nv/sa",1,0,"Rock,Indie,Electronic,Alternative,Energetic,All Weather,All Season,Youth/adult"
Het midden,Liefde Onderschat,"Pommelien Thijs, MEAU","=""00:02:53""",Pop,144,"Pommelien Thijs, MEAU - Het midden.mp3",2024,English,1,"Pommelien Thijs, MEAU",1,0,"Electronic,Dance,Upbeat,All Weather,All Season,Youth/adult"
Vergeet De Tijd,MNM Big Hits: Best of 2020,Regi & Camille,"=""00:03:14""",Dance,130,Regi & Camille - Vergeet De Tijd.mp3,2020,English,1,Regi & Camille,1,0,"Pop,Electronic,House,Upbeat,All Weather,All Season,Youth/adult"
"Horen, Zien En Zwijgen","Horen, Zien En Zwijgen",Regi feat. Maxine,"=""00:03:03""",Dance,136,"Regi feat. Maxine - Horen, Zien En Zwijgen.mp3",2023,English,1,"Mostiko, CNR Records NV",1,0,"Electronic,Upbeat,All Weather,All Season,Youth/adult"
het huis dat tussen rozen stond,Tien,Sanne,"=""00:03:56""",Pop,118,Sanne - het huis dat tussen rozen stond.mp3,2000,English,1,Sanne,1,0,"Mainstream,All Weather,All Season,Youth/adult"
Een Dief Als Broer,Een Dief Als Broer,Soufiane Eddyani,"=""00:03:44""",Electronic,120,Soufiane Eddyani - Een Dief Als Broer.mp3,2017,English,1,Soufiane Eddyani,1,0,"Hip Hop,Dance,Upbeat,All Weather,All Season,Youth/adult"
Papa,Stad en land,Stef Bos,"=""00:03:13""",Pop,120,Stef Bos - Papa.mp3,1998,English,1,Stef Bos,1,0,"Rock,Mainstream,All Weather,Christmas,Youth/adult"
Te Waar Om Mooi Te Zijn,Te Waar Om Mooi Te Zijn,Yves,"=""00:02:55""",Pop,149,Yves - Te Waar Om Mooi Te Zijn.mp3,2025,English,1,Yves,1,0,"Rock,Electronic,Indie,Dance,Upbeat,All Weather,All Season,Youth/adult"
Kærlighed,Kærlighed,ATYPISK,"=""00:02:52""",Hip Hop,115,ATYPISK - Kærlighed.mp3,2019,Danish,1,ATYPISK,1,0,"R&B,Pop,Electronic,Energetic,All Weather,All Season,Youth/adult"
Tusind Stykker,Jeg Er Jo Lige Her,Anne Linnet,"=""00:04:22""",Pop,128,Anne Linnet - Tusind Stykker.mp3,1988,English,1,Anne Linnet,1,0,"Rock,Mainstream,All Weather,All Season,Youth/adult"
Danser Med Dæmoner,Danser Med Dæmoner,Baloosh x Omar,"=""00:02:41""",Dance,140,Baloosh x Omar - Danser Med Dæmoner.mp3,2023,Danish,1,Baloosh x Omar,1,0,"Electronic,Pop,Upbeat,All Weather,All Season,Youth/adult"
Ibiza,Mere End Musik,"Benny Jamz, Gilli, Kesi","=""00:03:50""",Electronic,133,"Benny Jamz, Gilli, Kesi - Ibiza.mp3",2021,English,1,"Benny Jamz, Gilli, KESI & B.O.C",1,0,"Dance,Electro,Pop,Upbeat,All Weather,All Season,Youth/adult"
Sydpå,Sydpå,Bro,"=""00:03:33""",Pop,100,Bro - Sydpå.mp3,2018,French,1,"Universal, Universal Music A/S",1,0,"Hip Hop,Electronic,Dance,Upbeat,All Weather,All Season,Youth/adult"
Place Of Peace,From A Man's Perspective,Dax,"=""00:02:50""",Hip Hop,96,Dax - Place Of Peace.mp3,2024,English,1,Dax,1,0,"Electronic,Pop,Indie,Energetic,All Weather,All Season,Youth/adult"
Soldier,From A Man's Perspective,Dax,"=""00:04:27""",Hip Hop,140,Dax - Soldier (Feat. Tom MacDonald).mp3,2024,English,1,Dax & Tom MacDonald,1,0,"Electronic,Energetic,All Weather,All Season"
Fugle,Fugle,Djämes Braun,"=""00:04:09""",Pop,118,Djämes Braun - Fugle.mp3,2014,Danish,1,"Parlophone, Parlophone Music Denmark",1,0,"Electronic,Dance,Upbeat,All Weather,All Season,Youth/adult"
Gertrud,Gertrud,Gigis,"=""00:03:38""",Pop,116,Gigis - Gertrud.mp3,2017,English,1,"disco:wax, disco:wax",1,0,"Dance,Upbeat,All Weather,All Season,Youth/adult"
Habibi Aiwa,Habibi Aiwa,Habibi,"=""00:03:19""",Electronic,110,Habibi - Aiwa.mp3,2017,English,1,SMC,1,0,"Dance,Pop,Upbeat,All Weather,All Season,Youth/adult"
Kærlighedssangen,Kærlighedssangen,Jimilian,"=""00:02:53""",Pop,89,Jimilian - Kærlighedssangen.mp3,2021,Danish,1,"Flexmusic, Flexmusic",1,0,"Hip Hop,Mainstream,All Weather,All Season,Youth/adult"
Million,Million,Joey Moe,"=""00:03:05""",Pop,95,Joey Moe - Million.mp3,2014,English,1,"disco:wax, disco:wax",1,0,"Dance,Hip Hop,Electronic,R&B,Upbeat,All Weather,All Season,Youth/adult"
Smukkest På En Søndag,Smukkest På En Søndag,Joey Moe,"=""00:03:24""",Pop,154,Joey Moe - Smukkest På En Søndag.mp3,2016,Danish,1,"disco:wax, disco:wax",1,0,"Indie,Rock,Mainstream,All Weather,All Season,Youth/adult"
Jeg Skal Nok Vente,Blitz,Jung,"=""00:03:12""",Rock,133,Jung - Jeg Skal Nok Vente.mp3,2019,English,1,"Universal Music, Universal Music A/S, ET Mastering",1,0,"Indie,Electro,Energetic,All Weather,All Season"
Solhverv,Solhverv,Lord Siva,"=""00:03:35""",Pop,140,Lord Siva - Solhverv.mp3,2020,English,1,"disco:wax, disco:wax",1,0,"Dance,Upbeat,All Weather,All Season,Youth/adult"
Kl. 10,For Altid,Medina,"=""00:03:47""",Pop,90,Medina - Kl. 10.mp3,2011,English,1,Medina,1,0,"Dance,Electronic,Upbeat,All Weather,All Season,Youth/adult"
Jalousi,Jalousi,Medina,"=""00:03:54""",Pop,124,Medina - Jalousi.mp3,2014,English,1,"Labelmade, A:larm Music, Labelmade, A:larm Music",1,0,"Mainstream,All Weather,All Season,Youth/adult"
Over Byen,NOAH,NOAH,"=""00:04:10""",Pop,120,NOAH - Over Byen.mp3,2013,English,1,Noah,1,0,"Dance,Upbeat,All Weather,All Season,Youth/adult"
Pakker Bar,Pakker Bar,NODE,"=""00:03:30""",Electronic,123,NODE - Pakker Bar.mp3,2016,English,1,Node,1,0,"Dance,R&B,Pop,Upbeat,All Weather,All Season,Youth/adult"
Til Banken,Til Banken,"Natasja, Tessa, Karen Mukupa","=""00:03:07""",Hip Hop,90,"Natasja, Tessa, Karen Mukupa - Til Banken.mp3",2020,English,1,"Universal, Universal, Universal Music (Denmark) A/S, Universal Music (Denmark) A/S, Natasja Saad Heritage, Natasja Saad Heritage, Universal Music (Denmark) A/S, Universal International Music B.V.",1,0,"Dance,Pop,R&B,Electronic,Upbeat,All Weather,All Season,Youth/adult"
Gå med dig,1 2 3 4 5,Nephew,"=""00:04:05""",Rock,110,Nephew - Gå Med Dig Feat. Marie Key.mp3,2013,Danish,1,Nephew,1,0,"Indie,Pop,Mainstream,All Weather,All Season,Youth/adult"
Grow Up,Here For A Reason,Quando Rondo,"=""00:02:50""",Hip Hop,162,Quando Rondo - Grow Up.mp3,2024,English,1,Quando Rondo,1,0,"R&B,Pop,Mainstream,All Weather,All Season,Youth/adult"
Livstegn,Livstegn,Rasmus Seebach,"=""00:03:31""",Pop,139,Rasmus Seebach - Livstegn.mp3,2022,English,1,"Capitol Records, Top Notch Music, Top Notch Music, Universal Music (Denmark) A/S",1,0,"Dance,Electro,Upbeat,All Weather,All Season,Youth/adult"
Så Længe Vi Danser,4 Til Gulvet,Rasmus Seebach,"=""00:03:38""",Pop,162,Rasmus Seebach - Så Længe Vi Danser.mp3,2022,Danish,1,"Capitol Records, Top Notch Music, Top Notch Music, Universal Music (Denmark) A/S",1,0,"Dance,Upbeat,All Weather,All Season,Youth/adult"
Lonely Road,THE NAVY ALBUM,Roddy Ricch,"=""00:03:04""",Pop,130,Roddy Ricch - Lonely Road.mp3,2024,English,1,Roddy Ricch feat. Terrace Martin,1,0,"Energetic,All Weather,All Season"
Malaga,Helmig Hits 1,Thomas Helmig,"=""00:04:13""",Pop,72,Thomas Helmig - Malaga.mp3,2025,English,1,Thomas Helmig,1,0,"Mainstream,All Weather,All Season,Youth/adult"
Stor mand,Når Sjælen Kaster Op,Tobias Rahim & Andreas Odbjerg,"=""00:03:05""",Pop,146,Tobias Rahim & Andreas Odbjerg - Stor mand.mp3,2021,Danish,1,Tobias Rahim,1,0,"Dance,Upbeat,All Weather,All Season,Youth/adult"
Feberdrømmer Xx Dubai,Feberdrømmer Xx Dubai,Tobias Rahim,"=""00:03:41""",Pop,136,Tobias Rahim - Feberdrømmer Xx Dubai.mp3,2022,Danish,1,"Sony Music, Sony Music Entertainment Denmark A/S",1,0,"Dance,Upbeat,All Weather,All Season,Youth/adult"
Mucki Bar,Mucki Bar,Tobias Rahim,"=""00:03:15""",Pop,137,Tobias Rahim - Mucki Bar.mp3,2022,English,1,"Sony Music, Sony Music Entertainment Denmark A/S",1,0,"Indie,Rock,Mainstream,All Weather,All Season,Youth/adult"
Når Mænd Græder,Når Sjælen Kaster Op,Tobias Rahim,"=""00:03:49""",Pop,120,Tobias Rahim - Når Mænd Græder.mp3,2022,Danish,1,"Sony Music, Sony Music Entertainment Denmark A/S",1,0,"Indie,Rock,Mainstream,All Weather,All Season,Youth/adult"
Bellevue,Bellevue,Tobias Rahim ft. D1MA,"=""00:03:12""",Pop,100,Tobias Rahim ft. D1MA - Bellevue.mp3,2024,English,1,Tobias Rahim feat. D1MA,1,0,"Ambient,Hip Hop,Mainstream,Rainy,All Season,Youth/adult"
Velsignet,Velsignet,Ude Af Kontrol,"=""00:03:01""",Dance,129,Ude Af Kontrol - Velsignet.mp3,2018,English,1,Ude Af Kontrol,1,0,"Electronic,House,Pop,Upbeat,All Weather,All Season,Youth/adult"
Un Gaou à Oran,Génération Rap R&B 2,"113, Magic System & Mohamed Lamine","=""00:03:28""",Dance,128,"113, Magic System, Mohamed Lamine - Un gaou à Oran (Paroles).mp3",2004,French,1,"113, Magic System & Mohamed Lamine",1,0,"Pop,Electronic,House,Upbeat,All Weather,All Season,Youth/adult"
Beaux draps,TALAL,1D1R,"=""00:02:32""",Electronic,101,1D1R - Beaux draps.mp3,2026,English,1,1D1R,1,0,"Ambient,Chillout,Rainy,All Season"
@Dalso_officiel @LIB_off - GABBANA (Clip Officiel),@Dalso_officiel @LIB_off - GABBANA (Clip Officiel),Elams,"=""00:02:35""",Electronic,123,@Dalso_officiel @LIB_off - Gabanna.mp3,2026,English,1,Elams,1,0,"Dance,Upbeat,All Weather,All Season,Youth/adult"
Millions de cœurs,Millions de cœurs,Achile,"=""00:02:50""",Pop,154,Achile - Millions de cœurs.mp3,2025,French,1,Achile,1,0,"Electronic,Energetic,All Weather,All Season,Youth/adult"
Ensemble,Aliocha Schneider,Aliocha Schneider,"=""00:02:52""",Pop,152,Aliocha Schneider - Ensemble.mp3,2023,English,1,Aliocha Schneider,1,0,"Mainstream,All Weather,All Season,Youth/adult"
18 Carats,DRAKKAR,Alonzo,"=""00:03:00""",R&B,110,Alonzo - 18 Carats.mp3,2026,English,1,Alonzo & RnBoi,1,0,"Hip Hop,Soul,Pop,Mainstream,All Weather,All Season,Youth/adult"
Forever Young,Forever Young,Alphaville,"=""00:03:43""",Pop,138,Alphaville - Forever Young.mp3,1984,English,1,"WEA, Warner Communications, Record Service GmbH, WEA Musik GmbH, WEA Musik GmbH, Rolf Budde GmbH & Co Musikverlag KG, WEA Musik GmbH, Rolf Budde Music, Studio 54, Berlin, Weryton Studios, Studio 54, Berlin, Tonstudio Ulrich Kraus, Studio-Nord-Bremen, Studio-Nord-Bremen, Record Service Alsdorf",1,0,"Mainstream,All Weather,All Season,Youth/adult"
Pourquoi tu restes,MINUIT UNE,Amel Bent,"=""00:02:48""",Pop,136,Amel Bent - Pourquoi tu restes.mp3,2025,English,1,Amel Bent,1,0,"Mainstream,All Weather,All Season,Youth/adult"
Complémentaires,C amir,Amir,"=""00:03:53""",Pop,100,Amir - Complémentaires.mp3,2024,French,1,Amir,1,0,"Mainstream,All Weather,All Season,Youth/adult"
Nous,Nous,Amir,"=""00:02:46""",Pop,130,Amir - Nous.mp3,2025,English,1,"Parlophone, Warner Music France, Sash Productions",1,0,"Electronic,Rock,Indie,Energetic,All Weather,All Season,Youth/adult"
Sexy Nana,Destinée Supremacy,Aya Nakamura & @La Rvfleuze,"=""00:02:47""",Hip Hop,148,Aya Nakamura & @La Rvfleuze - Sexy Nana.mp3,2026,French,1,Aya Nakamura & La Rvfleuze,1,0,"Electronic,Energetic,All Weather,All Season"
Baddies,Baddies,Aya Nakamura & Joé Dwèt Filé,"=""00:03:37""",Hip Hop,80,Aya Nakamura & Joé Dwèt Filé - Baddies.mp3,2025,French,1,Aya Nakamura & Joé Dwèt Filé,1,0,"R&B,Electronic,Energetic,All Weather,All Season"
Chimiyé,Chimiyé,Aya Nakamura,"=""00:02:50""",R&B,102,Aya Nakamura - Chimiyé.mp3,2025,French,1,Aya Nakamura,1,0,"Hip Hop,Electronic,Energetic,All Weather,All Season"
Djadja,Rap 2019,Aya Nakamura,"=""00:02:55""",Pop,98,Aya Nakamura - Djadja.mp3,2018,English,1,Aya Nakamura,1,0,"Soul,Hip Hop,Mainstream,All Weather,All Season,Youth/adult"
Hypé,Hypé - Single,Aya Nakamura,"=""00:02:40""",R&B,88,Aya Nakamura - Hypé (Paroles).mp3,2024,French,1,Aya Nakamura,1,0,"Pop,Soul,Electronic,Chillout,Rainy,All Season,Youth/adult"
No Stress,Destinée,Aya Nakamura,"=""00:02:47""",R&B,104,Aya Nakamura - No Stress.mp3,2025,French,1,Aya Nakamura,1,0,"Hip Hop,Soul,Electronic,Energetic,All Weather,All Season"
Big Mikez Ft Yama - Pull Up (Official Music Video),Big Mikez Ft Yama - Pull Up (Official Music Video),Natural Zion High,"=""00:02:08""",Hip Hop,69,Big Mikez Ft Yama - Pull Up.mp3,2026,English,1,Natural Zion High,1,0,"Electronic,Energetic,All Weather,All Season"
Soleil Bleu,Soleil Bleu,Bleu Soleil & Luiza,"=""00:03:23""",Electronic,162,Bleu Soleil & Luiza - Soleil Bleu.mp3,2025,English,1,"Original Dub Gathering, Virgin, Universal, Chapter Two, Soleil Bleu, Soleil Bleu, Virgin Records France, Universal Music France",1,0,"Pop,Dance,Upbeat,All Weather,All Season,Youth/adult"
Biff pas d’love,Et si j’échoue ??,Bouss,"=""00:02:47""",Electronic,135,Bouss - Biff pas d’love.mp3,2025,French,1,Bouss,1,0,"Pop,Energetic,All Weather,All Season,Youth/adult"
Feel Good,Feel Good,Charlotte Cardin,"=""00:02:42""",Electronic,111,Charlotte Cardin - Feel Good.mp3,2023,English,1,Charlotte Cardin,1,0,"Dance,Pop,Upbeat,All Weather,All Season,Youth/adult"
Rebanav 126 BPM,Rebanav 126 BPM,Chily,"=""00:02:06""",Electronic,126,Chily - Rebanav 126 BPM.mp3,2025,English,1,Chily,1,0,"Chillout,Rainy,All Season"
Tant pis pour elle,Tant pis pour elle,Charlotte Cardin,"=""00:05:09""",Pop,104,Charlotte Cardin - Tant pis pour elle.mp3,2025,English,1,"Cult Nation, Cult Nation, Cult Nation",1,0,"Dance,Upbeat,All Weather,All Season,Youth/adult"
Tout pour moi,Tout pour moi,Clara Luciani,"=""00:03:40""",Electronic,139,Clara Luciani - Tout pour moi.mp3,2024,English,1,Clara Luciani,1,0,"Indie,Pop,Energetic,All Weather,All Season,Youth/adult"
Qu'est ce qu'il me restera,Nouveau souffle,Claudio Capéo,"=""00:02:22""",Pop,135,Claudio Capéo - Qu'est ce qu'il me restera.mp3,2025,French,1,Claudio Capéo,1,0,"Dance,Electronic,Rock,Upbeat,All Weather,All Season,Youth/adult"
Sincère,Sincère,Cobalt,"=""00:02:50""",Pop,98,Cobalt - Sincère.mp3,2025,French,1,Cobalt,1,0,"Electronic,Indie,Rock,Energetic,All Weather,All Season,Youth/adult"
Dansons,Dansons,Céline Dion,"=""00:03:25""",Pop,123,Céline Dion - Dansons.mp3,2026,French,1,"Sony Music, Sony Music Entertainment Canada Inc.",1,0,"Mainstream,All Weather,All Season,Youth/adult"
Par coeur,Joli rêve,DAYSY feat. Joseph Kamel,"=""00:02:51""",Pop,129,DAYSY feat. Joseph Kamel - Par coeur.mp3,2025,French,1,DAYSY,1,0,"Rock,Mainstream,All Weather,All Season,Youth/adult"
I love you,I love you,Dadju & Tayc,"=""00:03:20""",Pop,104,Dadju & Tayc - I love you.mp3,2024,English,1,Dadju & Tayc,1,0,"R&B,Electronic,Energetic,All Weather,All Season,Youth/adult"
Épouse-moi,HÉRITAGE,Dadju & Tayc,"=""00:04:20""",Electronic,99,Dadju & Tayc - Épouse-moi.mp3,2024,French,1,Dadju & Tayc,1,0,"Hip Hop,Energetic,All Weather,All Season"
Pa Pa Paw,BĒYĀH,Damso,"=""00:03:42""",Electronic,127,Damso - Pa Pa Paw.mp3,2025,French,1,Damso & SARAH SEY,1,0,"Energetic,All Weather,All Season"
Zemër,Ultratop hit connection 2019.2,Dhurata Dora ft. Soolking,"=""00:03:49""",Pop Rap,156,Dhurata Dora ft. Soolking - Zemër.mp3,2019,English,1,Soolking & Dhurata Dora,1,0,"Pop,Dance,Upbeat,All Weather,All Season,Youth/adult"
Tu sais,TERMINAL 7,Djadja & Dinaz,"=""00:02:39""",Electronic,110,Djadja & Dinaz - Tu sais.mp3,2025,English,1,Djadja & Dinaz,1,0,"Energetic,All Weather,All Season"
Minimum ça,Hits Hits Hits Été 2025,Dr. Yaro,"=""00:02:33""",Electronic,115,Dr. Yaro - Minimum ça.mp3,2024,French,1,Dr. Yaro,1,0,"Hip Hop,Energetic,All Weather,All Season"
Bottom Of Your Boots,Dandelion,Ella Langley,"=""00:03:21""",Billboard Hot 100,109,Ella Langley - Bottom Of Your Boots.mp3,2026,English,1,Ella Langley,1,0,"Electronic,Dance,Indie,Upbeat,All Weather,All Season,Youth/adult"
La Camisa Negra,La Camisa Negra,Elliott,"=""00:02:54""",Pop,98,Elliott - La Camisa Negra.mp3,2025,English,1,Elliott,1,0,"Dance,Electronic,Upbeat,All Weather,All Season,Youth/adult"
Cow-girl moderne,Les Grands Espaces,Eloïz,"=""00:02:44""",Pop,91,Eloïz - Cow-girl moderne.mp3,2025,French,1,Eloïz,1,0,"R&B,Electronic,Energetic,All Weather,All Season,Youth/adult"
Flashback,IL LE FALLAIT,Favé,"=""00:03:03""",Electronic,142,Favé - Flashback.mp3,2024,French,1,Favé & Gazo,1,0,"Hip Hop,Energetic,All Weather,All Season"
Trop Parler,MOOD3 (Glish),Franglish,"=""00:03:04""",Hip Hop,104,Franglish - Trop Parler.mp3,2023,English,1,Franglish,1,0,"R&B,Balanced,All Weather,All Season"
Génération Impolie,Génération impolie,Franglish ft. @Keblack,"=""00:03:06""",Hip Hop,128,Franglish ft. @Keblack - Génération Impolie.mp3,2025,French,1,Franglish,1,0,"Electronic,Energetic,All Weather,All Season"
Le stade,Le stade,Fredz,"=""00:02:35""",Pop,117,Fredz - Le stade.mp3,2023,English,1,Fredz,1,0,"Electronic,Indie,Energetic,All Weather,All Season,Youth/adult"
Air force Blanche,NRJ Music Awards 2025,Gims & Jul,"=""00:03:06""",Hip Hop,120,Gims & Jul - Air force Blanche.mp3,2025,English,1,GIMS,1,0,"Electronic,Dance,Upbeat,All Weather,All Season,Youth/adult"
GIMS - APPELLE TA COPINE (Clip officiel),GIMS - APPELLE TA COPINE (Clip officiel),GIMS,"=""00:03:04""",Electronic,130,Gims - Apella ta copine.mp3,2025,English,1,GIMS,1,0,"Hip Hop,Dance,Pop,Upbeat,All Weather,All Season,Youth/adult"
Baby,BABY,Gims,"=""00:02:48""",Hip Hop,122,Gims - Baby.mp3,2025,English,1,"Géante Rouge, Géante Rouge",1,0,"Confident,All Weather,All Season,Youth/adult"
Ciel,CIEL,Gims,"=""00:03:07""",Hip Hop,130,Gims - Ciel.mp3,2024,English,1,"Géante Rouge, Géante Rouge",1,0,"Pop,Mainstream,All Weather,All Season,Youth/adult"
Soleil,Soleil,Gims,"=""00:02:14""",Electronic,130,Gims - Soleil.mp3,2026,English,1,GIMS,1,0,"Dance,House,Upbeat,All Weather,All Season,Youth/adult"
BLOQUÉ,BLOQUÉ,GIMS & L2B,"=""00:03:25""",Electronic,126,Gims x L2B - BLoque.mp3,2025,French,1,GIMS & L2B,1,0,"Dance,Pop,House,Upbeat,All Weather,All Season,Youth/adult"
Simoke,SIMOKE - Single,Grav,"=""00:02:53""",Electronic,136,Grav - Simoke.mp3,2026,English,1,Grav,1,0,"Dance,Electro,Upbeat,All Weather,All Season,Youth/adult"
Carolina,CAROLINA - Single,Guap,"=""00:02:16""",Hip Hop,121,Guap - Carolina.mp3,2026,English,1,Guap,1,0,"Electronic,Energetic,All Weather,All Season"
Monaco,MAISON BLANCHE,Guy2Bezbar,"=""00:02:42""",Electronic,123,Guy2Bezbar - Monaco.mp3,2024,English,1,Guy2Bezbar,1,0,"Hip Hop,R&B,Dance,Upbeat,All Weather,All Season,Youth/adult"
Capuche,Hélé 2,Helena,"=""00:03:30""",Pop,172,Helena - Capuche.mp3,2025,French,1,Helena,1,0,"Mainstream,All Weather,All Season,Youth/adult"
Tout a changé (Rien n'a changé),Hélé,Helena,"=""00:02:53""",Pop,85,Helena - Tout a changé (Rien n'a changé).mp3,2025,English,1,Helena,1,0,"Electronic,Energetic,All Weather,All Season,Youth/adult"
Mauvais rêve,Mauvais Rêve,Hoshi,"=""00:03:58""",Pop,90,Hoshi - Mauvais rêve.mp3,2023,English,1,"Jo & Co, Believe, Jo & Co, Jo & Co",1,0,"R&B,Hip Hop,Electronic,Energetic,All Weather,All Season,Youth/adult"
Tu vas me quitter encore longtemps,Cœur papillon,Hoshi,"=""00:03:48""",Pop,154,Hoshi - Tu vas me quitter encore longtemps.mp3,2024,French,1,Hoshi,1,0,"Indie,Rock,Electronic,Energetic,All Weather,All Season,Youth/adult"
1ère fois,Nos vies,Imen Es feat. Alonzo,"=""00:03:21""",R&B,77,Imen Es feat. Alonzo - 1ère fois.mp3,2020,French,1,Imen Es,1,0,"Hip Hop,Soul,Pop,Mainstream,All Weather,All Season,Youth/adult"
Dernière Danse,Mini World,Indila,"=""00:03:35""",Pop,115,Indila - Dernière Danse.mp3,2014,French,1,Indila,1,0,"Jazz,Dance,Upbeat,All Weather,All Season,Youth/adult"
Tourner Dans Le Vide,Mini World,Indila,"=""00:04:11""",Pop,119,Indila - Tourner Dans Le Vide.mp3,2014,English,1,Indila,1,0,"Electronic,Energetic,All Weather,All Season,Youth/adult"
Love Story,Mini World,Indila,"=""00:04:44""",Pop,96,Indila - Love Story.mp3,2014,English,1,Indila,1,0,"Soul,Mainstream,All Weather,All Season,Youth/adult"
La belle et la bête,Babel Babel,Indochine,"=""00:04:23""",Rock,86,Indochine - La belle et la bête.mp3,2024,French,1,"Indochine Records, RCA, Sony Music, Translab",1,0,"Electro,Energetic,All Weather,All Season"
L'amour fou,Babel Babel,Indochine,"=""00:06:55""",Rock,112,Indochine - L'amour fou.mp3,2024,English,1,Indochine,1,0,"Indie,Energetic,All Weather,All Season"
No Name,No Name,Indochine,"=""00:03:50""",Rock,123,Indochine - No Name.mp3,2025,English,1,"Indochine Records, RCA, Sony Music, Sony Music Entertainment France S.A.S., Sony Music Entertainment France S.A.S., Sony Music Entertainment France S.A.S., Translab",1,0,"Electro,Indie,Dance,Upbeat,All Weather,All Season,Youth/adult"
Merveille,Merveille,Jean-Louis Aubert,"=""00:03:34""",Electronic,127,Jean-Louis Aubert - Merveille.mp3,2024,English,1,Jean-Louis Aubert,1,0,"Pop,Dance,Indie,Upbeat,All Weather,All Season,Youth/adult"
Saute !,PAFINI,Jean-Louis Aubert,"=""00:03:21""",Electronic,126,Jean-Louis Aubert - Saute !.mp3,2024,English,1,Jean-Louis Aubert,1,0,"Dance,House,Electro,Upbeat,All Weather,All Season,Youth/adult"
Respire fort,Respire fort,Jeanne,"=""00:02:51""",Indie,82,Jeanne - Respire fort.mp3,2025,English,1,Jeanne Viard,1,0,"Pop,Mainstream,All Weather,All Season,Youth/adult"
À qui le tour,Oxygène,Jeck & Carla,"=""00:02:40""",Pop,122,Jeck & Carla - A qui le tour.mp3,2025,French,1,Jeck & Carla,1,0,"Electronic,Dance,Upbeat,All Weather,All Season,Youth/adult"
La recette,Oxygène,Jeck & Carla,"=""00:02:58""",Pop,116,Jeck & Carla - La recette.mp3,2025,French,1,Jeck & Carla,1,0,"Dance,Electronic,Upbeat,All Weather,All Season,Youth/adult"
M'envoler,Moi c'est Jeck (Réédition),Jeck & Carla,"=""00:03:19""",Pop,155,Jeck & Carla - M'envoler.mp3,2025,French,1,Jeck,1,0,"Mainstream,All Weather,All Season,Youth/adult"
Pichichi,Pichichi,Josas,"=""00:02:58""",Electronic,100,Josas - Pichichi.mp3,2025,English,1,Josas,1,0,"Hip Hop,Energetic,All Weather,All Season"
Crash,Crash,Joseph Kamel,"=""00:03:18""",Electronic,133,Joseph Kamel - Crash.mp3,2026,English,1,Joseph Kamel,1,0,"Dance,Pop,Upbeat,All Weather,All Season,Youth/adult"
Ton regard,Ton regard,Joseph Kamel,"=""00:02:39""",Electronic,85,Joseph Kamel - Ton regard.mp3,2024,English,1,Joseph Kamel,1,0,"Indie,Rock,Pop,Energetic,All Weather,All Season,Youth/adult"
4 Kampé,NRJ Music Awards 2025 [Édition Collector],Joé Dwèt Filé,"=""00:03:35""",Hip Hop,92,Joé Dwèt Filé - 4 Kampé.mp3,2025,French,1,Joé Dwèt Filé,1,0,"Electronic,Energetic,All Weather,All Season"
Rihanna,Hatelove,Joé Dwèt Filé,"=""00:03:42""",Electronic,88,Joé Dwèt Filé - Rihanna.mp3,2026,French,1,Joé Dwèt Filé,1,0,"Hip Hop,Energetic,All Weather,All Season"
Slowly,Slowly,Joé Dwèt Filé,"=""00:04:26""",Hip Hop,142,Joé Dwèt Filé - Slowly.mp3,2025,French,1,Joé Dwèt Filé,1,0,"R&B,Soul,Electronic,Energetic,All Weather,All Season"
J'oublie tout,Dans ma paranoïa,Jul,"=""00:05:17""",Electronic,120,Jul - J'oublie tout.mp3,2014,French,1,Jul,1,0,"Pop,Energetic,All Weather,All Season,Youth/adult"
Toutes les femmes de ta vie,IMPOSTEUR,Julien Doré,"=""00:03:45""",Pop,86,Julien Doré - Toutes les femmes de ta vie.mp3,2024,French,1,Julien Doré,1,0,"Rock,Mainstream,All Weather,All Season,Youth/adult"
Un homme heureux,IMPOSTEUR,"Julien Doré, Francis Cabrel","=""00:03:23""",Pop,126,"Julien Doré, Francis Cabrel - Un homme heureux.mp3",2024,French,1,Julien Doré,1,0,"Rock,Folk,Mainstream,All Weather,All Season,Youth/adult"
Coeur à terre,Naufragé,Julien Lieb,"=""00:03:25""",Pop,140,Julien Lieb - Coeur à terre.mp3,2025,French,1,Julien Lieb,1,0,"Electronic,Indie,Rock,Hip Hop,Energetic,All Weather,All Season,Youth/adult"
Dis-moi où (feat. OTTA),Naufragé,Julien Lieb,"=""00:02:39""",Electronic,143,Julien Lieb - Dis-moi où.mp3,2025,French,1,Julien Lieb,1,0,"Dance,Pop,Upbeat,All Weather,All Season,Youth/adult"
À Tes Côtés,NRJ Music Awards 2025,Jungeli x Lenie,"=""00:02:38""",Electronic,114,Jungeli x Lenie - À Tes Côtés.mp3,2025,French,1,Jungeli x Lenie,1,0,"R&B,Pop,Soul,Energetic,All Weather,All Season,Youth/adult"
Frérot,"Gamin des sables (C'est pas lui, c'est nous)",Jérémy Frerot,"=""00:02:52""",Pop,88,Jérémy Frerot - Frérot.mp3,2026,French,1,Jérémy Frerot,1,0,"Hip Hop,Mainstream,All Weather,All Season,Youth/adult"
Gamins des sables,Gamin des sables,Jérémy Frerot,"=""00:03:01""",Pop,124,Jérémy Frerot - Gamins des sables.mp3,2024,French,1,"La Finca, 6&7, La Finca, La Finca, 6&7, La Finca, French Flair Entertainment, Laurent Lamarca, Strass Prod., Mousiké, Rossinante, Sony Music Publishing, Méo Productions, Philippe Devin, Raphaël Charpentier, Romain Berguin, Igor Sonnier, Eos records, Sailor Mood, Bukowski Publishing, Paris Sud, Martiprod, Warner Chappell Music France, Jack'O Music, Choï Music, Studio De La Lanterne, Studio Magnetica, La Source Mastering, The Exchange, Media Industry",1,0,"Electronic,Rock,Energetic,All Weather,All Season,Youth/adult"
No way,No way,KS Bloom,"=""00:02:29""",Electronic,129,KS Bloom - No way.mp3,2026,English,1,Ks Bloom,1,0,"Chillout,Rainy,All Season"
Keblack - LAISSE MOI (Clip Officiel),Keblack - LAISSE MOI (Clip Officiel),KeBlack,"=""00:02:44""",Electronic,120,Keblack - Lasse moe.mp3,2023,English,1,KeBlack,1,0,"Hip Hop,Electro,Energetic,All Weather,All Season"
Mood,Focus Mentalité,Keblack,"=""00:02:54""",Afro Trap,128,Keblack - Mood.mp3,2025,French,1,KeBlack,1,0,"Warm,All Weather,All Season"
Boucan,Focus Mentalité,Keblack Ft. Franglish,"=""00:03:11""",Hip Hop,129,Keblack Ft. Franglish - Boucan.mp3,2025,French,1,KeBlack ft. Franglish,1,0,"Electronic,Energetic,All Weather,All Season"
Melrose Place,Melrose Place,Keblack Ft. Guy2Bezbar,"=""00:02:35""",Hip Hop,121,Keblack Ft. Guy2Bezbar - Melrose Place.mp3,2025,English,1,SMC,1,0,"Electronic,Energetic,All Weather,All Season"
J'ai changé,Vivre...,Kendji Girac,"=""00:03:08""",Pop,101,Kendji Girac - J'ai changé.mp3,2025,French,1,Kendji Girac,1,0,"Electronic,Energetic,All Weather,All Season,Youth/adult"
Le choix,Vivre...,Kendji Girac,"=""00:02:46""",Pop,80,Kendji Girac - Le choix.mp3,2024,English,1,Kendji Girac,1,0,"Indie,Rock,Mainstream,All Weather,All Season,Youth/adult"
Si seulement...,Si seulement…,Kendji Girac,"=""00:02:57""",Pop,130,Kendji Girac - Si seulement....mp3,2024,French,1,"K7G Productions, Universal Music France, Island Def Jam, K7G Productions",1,0,"Rock,Mainstream,All Weather,All Season,Youth/adult"
"Un, Dos, Tres","Un, Dos, Tres",Kendji Girac,"=""00:02:32""",Latin,126,"Kendji Girac – Un, Dos, Tres.mp3",2025,English,1,"K7G Productions, Universal Music France, Island Def Jam, K7G Productions",1,0,"Electronic,Pop,Energetic,Sunny,Summer,Youth/adult"
C'Est La Vie,C'est La Vie,Khaled,"=""00:03:57""",Pop,130,Khaled - C'Est La Vie.mp3,2012,French,1,"AZ, Universal Music France, EDC, Germany",1,0,"House,Electronic,Upbeat,All Weather,All Season,Youth/adult"
Elle veut du shatta,Elle veut du Shatta,Lagess & Yanishi,"=""00:02:36""",Hip Hop,103,Lagess & Yanishi - Elle veut du shatta.mp3,2026,English,1,Lagess & Yanishi,1,0,"Electronic,Energetic,All Weather,All Season"
Je t'ai cherché,Je t'ai cherché,Lara Fabian,"=""00:03:36""",Pop,148,Lara Fabian - Je t'ai cherché.mp3,2024,French,1,"9141-5828 Quebec Inc., Play Two",1,0,"Electronic,Energetic,All Weather,All Season,Youth/adult"
Je suis de toi,Je suis là,Lara Fabian,"=""00:08:58""",Pop,99,Lara Fabian - Je suis de toi.mp3,2025,French,1,"Play Two, 9141-5828 Quebec Inc., Play Two, 9141-5828 Quebec Inc., Play Two",1,0,"Electronic,Energetic,All Weather,All Season,Youth/adult"
Ta peine,Ta peine - Single,Lara Fabian,"=""00:02:50""",Pop,132,Lara Fabian - Ta peine.mp3,2024,English,1,Play Two,1,0,"Electronic,Energetic,All Weather,All Season,Youth/adult"
Le monde demain,Au pays des Enfoirés,Les Enfoirés,"=""00:03:19""",Pop,92,Les Enfoirés - Le monde demain.mp3,2025,French,1,Les Enfoirés,1,0,"Electronic,Dance,Upbeat,All Weather,All Season,Youth/adult"
Pineapple,Pineapple,Leto,"=""00:02:40""",Electronic,123,Leto - Pineapple.mp3,2026,English,1,Leto,1,0,"Hip Hop,Energetic,All Weather,All Season"
Je pense à vous,Je pense à vous,Linh,"=""00:02:52""",Pop,151,Linh - Je pense à vous.mp3,2024,French,1,"Jo & Co, Black Star Music, Jo & Co, Jo & Co, Black Star Music, Black Star Music",1,0,"Mainstream,All Weather,All Season,Youth/adult"
Chiens,Chiens,Louane,"=""00:03:14""",Pop,124,Louane - Chiens.mp3,2025,English,1,"Def Jam Recordings, Faubourg26 Publishing",1,0,"Dance,Upbeat,All Weather,All Season,Youth/adult"
Conduire,Conduire,Louane,"=""00:02:56""",Electronic,122,Louane - Conduire.mp3,2026,English,1,Louane,1,0,"Pop,Indie,Energetic,All Weather,All Season,Youth/adult"
Passe ton chemin,Passe ton chemin,Lynda,"=""00:02:48""",Electronic,128,Lynda - Passe ton chemin.mp3,2024,English,1,Lynda,1,0,"Dance,Pop,R&B,Upbeat,All Weather,All Season,Youth/adult"
Les étoiles,Adieu Musique,Léman,"=""00:02:43""",Pop,135,Léman - Les étoiles.mp3,2025,French,1,"Parlophone, Warner Music France, Bonjour Musique",1,0,"Indie,Dance,Upbeat,All Weather,All Season,Youth/adult"
Quand même,"ADRÉNALINE, LA RÉÉDITION",M. Pokora,"=""00:03:13""",Pop,148,M. Pokora - Quand même.mp3,2025,French,1,M. Pokora,1,0,"Mainstream,All Weather,All Season,Youth/adult"
Reflet,Reflet,M. Pokora,"=""00:02:47""",Electronic,100,M. Pokora - Reflet.mp3,2025,English,1,"CTA Productions, Studio Jean-Jaurès, Studio Jean-Jaurès, T.V.I. Studios, Editions Paris By Night International, CFD",1,0,"Pop,Energetic,All Weather,All Season,Youth/adult"
Love Again,Love Again - Single,MIRA,"=""00:02:47""",R&B,150,MIRA - Love Again.mp3,2024,English,1,Mira,1,0,"Pop,Electronic,Soul,Energetic,All Weather,All Season,Youth/adult"
"Ma Faute - Marine, Star Academy (Version 2025)","Ma Faute - Marine, Star Academy (Version 2025)",Jonathan Sharp,"=""00:03:19""",Pop,150,"Ma Faute - Marine, Star Academy.mp3",2025,English,1,Jonathan Sharp,1,0,"Electronic,Indie,Energetic,All Weather,All Season,Youth/adult"
Ma Meilleure Ennemie,Ma Camisole,Deal-M,"=""00:02:28""",Electronic,88,Ma Meilleure Ennemie (from the series Arcane League of Legends).mp3,2002,French,1,Deal-M feat. Sécrostar,1,0,"Hip Hop,Pop,Energetic,All Weather,All Season,Youth/adult"
Coeur maladroit,Coeur maladroit,Marine,"=""00:02:41""",Pop,86,Marine - Coeur maladroit.mp3,2025,English,1,"Sony Music, Columbia",1,0,"Electronic,Dance,Upbeat,All Weather,All Season,Youth/adult"
Escroc,Coeur maladroit (Deluxe),Marine,"=""00:02:54""",Electronic,139,Marine - Escroc.mp3,2025,English,1,Marine,1,0,"Pop,Dance,Upbeat,All Weather,All Season,Youth/adult"
Coco Chanel,La Dame,Meryl,"=""00:02:11""",Electronic,100,Meryl - Coco Chanel.mp3,2025,English,1,Meryl feat. Eva,1,0,"Pop,R&B,Energetic,All Weather,All Season,Youth/adult"
Maladie,Maladie,Mauvais Djo,"=""00:03:12""",Offizielle Charts,130,Mauvais DJO - Maladie (Cheveux blonds).mp3,2026,English,1,Mauvais Djo,1,0,"Hip Hop,Energetic,All Weather,All Season"
Toi et Moi,Toi et Moi,Naâman,"=""00:03:30""",Jazz,152,Naâman - Toi et Moi.mp3,2026,French,1,Naâman,1,0,"Indie,Rock,Energetic,All Weather,All Season"
Les diamants de Bokassa,M.I.L.S 4,Ninho,"=""00:02:30""",Hip Hop,115,Ninho - Les diamants de Bokassa.mp3,2026,English,1,Ninho & Tiakola,1,0,"R&B,Balanced,All Weather,All Season"
Coco,Coco,"Ninho, Niska","=""00:02:40""",Hip Hop,111,"Ninho, Niska - Coco.mp3",2024,English,1,"Ninho, Niska",1,0,"R&B,Electronic,Energetic,All Weather,All Season"
Niro - Qui sait ? feat. ElGrandeToto (Clip officiel),Niro - Qui sait ? feat. ElGrandeToto (Clip officiel),Niro,"=""00:03:09""",Electronic,89,Niro - Qui sait feat. ElGrandeToto.mp3,2023,English,1,Niro,1,0,"Hip Hop,Energetic,All Weather,All Season"
Je pense à vous,Je pense à vous,PIERRE DE MAERE,"=""00:02:57""",Electronic,110,PIERRE DE MAERE - Je pense à vous.mp3,2026,French,1,Pierre de Maere,1,0,"Pop,Dance,Upbeat,All Weather,All Season,Youth/adult"
Soirée mondaine,Soirée mondaine,Oria,"=""00:03:24""",Pop,75,Oria - Soirée mondaine.mp3,2025,French,1,"OVFR/VIATA DE VIS, FRENCHY/[PIAS] France",1,0,"Dance,Electronic,Upbeat,All Weather,All Season,Youth/adult"
Ce qui me va,Chaque seconde,Pierre Garnier,"=""00:02:33""",Pop,93,Pierre Garnier - Ce qui me va.mp3,2025,English,1,Pierre Garnier,1,0,"Electronic,Energetic,All Weather,All Season,Youth/adult"
Ceux qu'on était,Ceux qu'on était,Pierre Garnier,"=""00:02:54""",Pop,144,Pierre Garnier - Ceux qu'on était.mp3,2024,French,1,"Columbia, Sony Music Entertainment France S.A.S.",1,0,"Mainstream,All Weather,All Season,Youth/adult"
L'horizon,Chaque seconde,Pierre Garnier,"=""00:02:43""",Pop,178,Pierre Garnier - L'horizon.mp3,2024,English,1,Pierre Garnier,1,0,"R&B,Soul,Mainstream,All Weather,All Season,Youth/adult"
Chaque seconde,Chaque seconde (Edition deluxe),"Pierre Garnier, M. Pokora","=""00:02:46""",Pop,152,"Pierre Garnier, M. Pokora - Chaque seconde.mp3",2024,English,1,"Columbia, Sony Music, Sony Music Entertainment France S.A.S., Sony Music Entertainment France S.A.S., Sony Music Entertainment International Services GmbH",1,0,"R&B,Electronic,Energetic,All Weather,All Season,Youth/adult"
Bruno Mars,I Love Bruno Mars (Classic Mixes) (Volume 1),Risk It All,"=""00:03:24""",Pop,172,Risk It All - Bruno Mars.mp3,2017,English,1,Bruno Mars,1,0,"Mainstream,All Weather,All Season,Youth/adult"
Elle voulait,My Eyes Only - Flashback,RnBoi,"=""00:02:24""",Electronic,63,RnBoi - Elle voulait.mp3,2026,English,1,RnBoi,1,0,"R&B,Hip Hop,Energetic,All Weather,All Season"
Première fois,Il faut que tu saches,Slimane,"=""00:02:40""",Pop,101,Slimane - Première fois.mp3,2025,French,1,Slimane,1,0,"Electronic,Dance,Upbeat,All Weather,All Season,Youth/adult"
Dai Dai,Dai Dai,"Shakira, Burna Boy","=""00:04:00""",Latin,117,"Shakira, Burna Boy - Dai Dai.mp3",2026,English,1,"Sony Music Latin, Ace Entertainment S.ar.l., Sony Music Entertainment US Latin LLC",1,0,"Pop,Dance,Upbeat,Sunny,Summer,Youth/adult"
CARRÉ OK,Carré Ok,Soolking,"=""00:02:36""",Hip Hop,120,Soolking ft. GIMS - Carre OK.mp3,2024,French,1,Soolking,1,0,"R&B,Pop,Mainstream,All Weather,All Season,Youth/adult"
Casanova,Casanova,Soolking ft. Gazo,"=""00:03:04""",Electronic,130,Soolking ft. Gazo - Casanova.mp3,2023,English,1,Soolking & Gazo,1,0,"Dance,Upbeat,All Weather,All Season,Youth/adult"
Tour du monde,Africa Jungle Part.2,Soolking ft. L2B,"=""00:02:52""",Electronic,126,Soolking ft. L2B - Tour du monde.mp3,2025,English,1,Soolking,1,0,"Hip Hop,Energetic,All Weather,All Season"
C'est fort,Africa Jungle Part.2,Soolking ft. Ninho,"=""00:02:40""",Electronic,122,Soolking ft. Ninho - C'est fort.mp3,2025,English,1,Soolking & Ninho,1,0,"Hip Hop,Energetic,All Weather,All Season"
Dinars,Africa Jungle Part.1,Soolking ft. VEN1,"=""00:02:44""",Electronic,131,Soolking ft. VEN1 - Dinars.mp3,2025,English,1,Soolking feat. VEN1,1,0,"Pop,Energetic,All Weather,All Season,Youth/adult"
Alors on danse,"Foute CD van Q-Music, Vol.7",Stromae,"=""00:03:55""",Dance,118,Stromae - Alors on danse.mp3,2011,English,1,Stromae,1,0,"Upbeat,All Weather,All Season,Youth/adult"
Papaoutai,Racine carrée,Stromae,"=""00:03:53""",French,117,Stromae - Papaoutai.mp3,2013,French,1,Stromae,1,0,"Dance,Upbeat,All Weather,All Season,Youth/adult"
Tous les mêmes,Racine carrée,Stromae,"=""00:03:37""",French,110,Stromae - Tous les mêmes.mp3,2013,French,1,Stromae,1,0,"Dance,Upbeat,All Weather,All Season,Youth/adult"
Ma Meilleure Ennemie,Arcane League of Legends: Season 2 Original Soundtrack (Extended Edition),"Stromae, Pomme","=""00:02:49""",Electronic,88,"Stromae, Pomme - Ma Meilleure Ennemie.mp3",2025,English,1,"Stromae, Pomme, Coldplay, Elyanna, Arcane & League of Legends",1,0,"Pop,Energetic,All Weather,All Season,Youth/adult"
Faut que tu m'aimes,Le Vinyle des révélations,Styleto,"=""00:03:12""",Pop,103,Styleto - Faut que tu m'aimes.mp3,2025,French,1,Styleto,1,0,"Soul,Mainstream,All Weather,All Season,Youth/adult"
Vice Versa,La prison des amoureuses malheureuses,Stéphane,"=""00:03:02""",Pop,108,Stéphane - Vice Versa.mp3,2024,French,1,Stéphane,1,0,"Dance,Electronic,Upbeat,All Weather,All Season,Youth/adult"
Butterfly,OK KO,Superbus & RORI,"=""00:03:40""",Rock,119,Superbus & RORI - Butterfly.mp3,2025,English,1,Superbus feat. RORI,1,0,"Dance,Indie,Pop,Electro,Upbeat,All Weather,All Season,Youth/adult"
Whine,Whine,TKS 2G,"=""00:02:43""",Electronic,102,TKS 2G - Whine.mp3,2025,English,1,TKS 2G,1,0,"Energetic,All Weather,All Season"
Forévà,TESTIMONY.,Tayc,"=""00:02:49""",Pop,104,Tayc - Forévà.mp3,2024,French,1,Tayc,1,0,"R&B,Soul,Mainstream,All Weather,All Season,Youth/adult"
Fashion designa,NRJ Music Awards 2025 [Édition Collector],Theodora,"=""00:03:07""",Pop,112,Theodora - Fashion designa.mp3,2025,French,1,Theodora,1,0,"Dance,Chillout,Rainy,All Season,Youth/adult"
Pineapple,Very6 Best,V6,"=""00:02:41""",Electronic,123,V6 - Pineapple.mp3,2021,English,1,V6,1,0,"Hip Hop,Energetic,All Weather,All Season"
Milano,Milano,Timal ft. Genezio,"=""00:02:35""",Electronic,126,Timal ft. Genezio - Milano.mp3,2026,English,1,SMC,1,0,"Hip Hop,Dance,Upbeat,All Weather,All Season,Youth/adult"
Comme des loups,Comme des loups,Vernis Rouge,"=""00:03:21""",Rock,153,Vernis Rouge - Comme des loups.mp3,2024,English,1,Vernis Recordings,1,0,"Pop,Dance,Indie,Upbeat,All Weather,All Season,Youth/adult"
Un Dimanche avec toi,Charlotte,Vitaa,"=""00:03:20""",Pop,129,Vitaa - Un Dimanche avec toi.mp3,2023,English,1,Vitaa,1,0,"Electronic,Indie,Energetic,All Weather,All Season,Youth/adult"
Ça fait mal,Charlotte,Vitaa,"=""00:03:06""",Pop,80,Vitaa - Ça fait mal.mp3,2023,French,1,Vitaa,1,0,"Mainstream,All Weather,All Season,Youth/adult"
VITAA feat JULIEN DORÉ - VIENS ON ESSAIE (Clip Officiel),VITAA feat JULIEN DORÉ - VIENS ON ESSAIE (Clip Officiel),Vitaa ft. julien Doree,"=""00:02:48""",Electronic,127,Vitaa ft. julien Doree - Viens on essai.mp3,2025,English,1,SMC,1,0,"Pop,Energetic,All Weather,All Season,Youth/adult"
Ego,Une seule vie,Willy William,"=""00:03:24""",Electronic,100,Willy William - Ego.mp3,2016,English,1,Willy William,1,0,"Hip Hop,Dance,Electro,Upbeat,All Weather,All Season,Youth/adult"
Dans tes bras,Dans tes bras,Wejdene,"=""00:04:05""",Soul,153,Wejdene - Dans tes bras.mp3,2025,English,1,Wejdene,1,0,"Pop,Jazz,Mainstream,All Weather,All Season,Youth/adult"
Comme Caroline,VERSATILE,Zaho,"=""00:03:08""",Electronic,99,Zaho - Comme Caroline.mp3,2026,English,1,Zaho,1,0,"Pop,Energetic,All Weather,All Season,Youth/adult"
ZAINOSS-ELLE DANSE (Audio Officiel),ZAINOSS-ELLE DANSE (Audio Officiel),Rémi Guichard,"=""00:03:18""",Pop,118,Zainoss-Elle dance.mp3,2026,Spanish,1,Rémi Guichard,1,0,"Electronic,Energetic,All Weather,All Season,Youth/adult"
melodrama,melodrama,"disiz, Theodora","=""00:02:56""",Pop,154,"disiz, Theodora - melodrama.mp3",2025,English,1,disiz & Theodora,1,0,"Indie,Electro,Energetic,All Weather,All Season,Youth/adult"
melodrama,melodrama,disiz & Theodora,"=""00:02:56""",Pop,154,disiz - melodrama feat. theodora.mp3,2025,English,1,disiz & Theodora,1,0,"Electro,Indie,Energetic,All Weather,All Season,Youth/adult"
Klop Klop,Klop Klop,Antoon,"=""00:02:32""",Pop,92,Antoon - Klop Klop.mp3,2022,English,1,Antoon,1,0,"Electronic,Indie,Energetic,All Weather,All Season,Youth/adult"
Entourage,Entourage,Bankzitters,"=""00:02:14""",Pop,129,Bankzitters - Entourage.mp3,2024,English,1,Bankzitters,1,0,"Electronic,House,Upbeat,All Weather,All Season,Youth/adult"
Flexxen,Flexxen,Boef X Numidia X Cristian D X DIquenza,"=""00:02:20""",Dance,126,Boef X Numidia X Cristian D X DIquenza - Flexxen.mp3,2022,English,1,Boef x Numidia x Cristian D x Diquenza,1,0,"Electronic,Pop,Upbeat,All Weather,All Season,Youth/adult"
Ladada,Ladada (Mes derniers mots),Claude,"=""00:02:52""",Pop,118,Claude - Ladada (Mon Dernier Mot).mp3,2022,English,1,Claude,1,0,"Electronic,Indie,Energetic,All Weather,All Season,Youth/adult"
Still Champagne,Still Champagne,Davina Michelle,"=""00:03:49""",Pop,129,Davina Michelle - Still Champagne.mp3,2026,English,1,Davina Michelle,1,0,"Dance,Indie,Upbeat,All Weather,All Season,Youth/adult"
Arcade,Arcade,Duncan Laurence,"=""00:03:05""",Pop,144,Duncan Laurence - Arcade.mp3,2020,English,1,"Spark Records, Universal Music, Spark Records B.V., Spark Records B.V., Universal Music B.V.",1,0,"Rock,Electronic,Energetic,All Weather,All Season,Youth/adult"
100%,100%,Flemming & Mart Hoogkamer,"=""00:02:30""",Pop,144,Flemming & Mart Hoogkamer - 100%.mp3,2025,English,1,FLEMMING & Mart Hoogkamer,1,0,"Electronic,Energetic,All Weather,All Season,Youth/adult"
Amsterdam,Amsterdam,Flemming,"=""00:02:52""",Pop,85,Flemming - Amsterdam.mp3,2021,English,1,Flemming,1,0,"Electronic,Indie,Energetic,All Weather,All Season,Youth/adult"
Automatisch,Automatisch,Flemming,"=""00:03:28""",Pop,122,Flemming - Automatisch.mp3,2022,English,1,FLEMMING,1,0,"Dance,Upbeat,All Weather,All Season,Youth/adult"
Paracetamollen,Paracetamollen,Flemming,"=""00:03:03""",Pop,153,Flemming - Paracetamollen.mp3,2022,English,1,"Universal Music S.A., 8ball Music BV, 8ball Music BV",1,0,"Rock,Mainstream,All Weather,All Season,Youth/adult"
Van mij zijn,Van Mij Zijn,Katnuf,"=""00:02:48""",Hip Hop,105,Katnuf - Van mij zijn.mp3,2022,English,1,"Sony Music Entertainment, Sony Music Entertainment Netherlands B.V.",1,0,"Confident,All Weather,All Season,Youth/adult"
Ik Wil Dat Je Liegt,Ik Wil Dat Je Liegt,Hannah Mae & Maksim,"=""00:02:56""",Pop,107,Hannah Mae & Maksim - Ik Wil Dat Je Liegt.mp3,2024,English,1,"Spark Records B.V., Spark Records B.V., Universal International Music B.V.",1,0,"Dance,Upbeat,All Weather,All Season,Youth/adult"
Adrenaline,Qmusic Presents: Het Beste Uit de Top 40 2022 #3,Kris Kross Amsterdam x Ronnie Flex x Zoë Tauran,"=""00:02:29""",R&B,150,Kris Kross Amsterdam x Ronnie Flex x Zoë Tauran - Adrenaline.mp3,2022,Dutch,1,"Kris Kross Amsterdam, Ronnie Flex & Zoë Tauran",1,0,"Pop,Dance,Soul,Upbeat,All Weather,All Season,Youth/adult"
Stiekem,Leven,Maan ft. Goldband,"=""00:04:05""",Pop,128,Maan ft. Goldband - Stiekem.mp3,2022,English,1,Maan & Goldband,1,0,"Electronic,House,Upbeat,All Weather,All Season,Youth/adult"
Ik Spaar Geen Centen,Ik Spaar Geen Centen,Mart Hoogkamer,"=""00:02:46""",Pop,120,Mart Hoogkamer - Ik Spaar Geen Centen.mp3,2024,English,1,NRGY Music,1,0,"Dance,Electronic,Upbeat,All Weather,All Season,Youth/adult"
Dat heb jij gedaan,Dat Heb Jij Gedaan - Single,Meau,"=""00:03:33""",Pop,130,Meau - Dat heb jij gedaan.mp3,2021,English,1,Excited About Music,1,0,"Folk,Mainstream,All Weather,All Season,Youth/adult"
Stukje van mij,Stukje van mij,Meau,"=""00:04:10""",Pop,120,Meau - Stukje van mij.mp3,2024,English,1,Excited About Music,1,0,"Rock,Indie,Mainstream,All Weather,All Season,Youth/adult"
Más Más Más,Más Más Más,Rolf Sanchez,"=""00:02:33""",Pop,120,Rolf Sanchez - Más Más Más.mp3,2020,Dutch,1,Rolf Sanchez,1,0,"Dance,Upbeat,All Weather,All Season,Youth/adult"
Ga Dan!,Ga Dan!,Roxy Dekker,"=""00:02:45""",Pop,119,Roxy Dekker - Ga Dan!.mp3,2025,English,1,"WARNER Music Benelux, Roxy Dekker",1,0,"Electronic,House,Upbeat,All Weather,All Season,Youth/adult"
Gaan We Weg,Gaan We Weg?,Roxy Dekker,"=""00:02:22""",Pop,128,Roxy Dekker - Gaan We Weg.mp3,2024,English,1,"WARNER Music Benelux, Roxy Dekker",1,0,"House,Electronic,Upbeat,All Weather,All Season,Youth/adult"
Satisfyer,Satisfyer,Roxy Dekker,"=""00:02:00""",Pop,124,Roxy Dekker - Satisfyer.mp3,2023,English,1,"WARNER Music Benelux, Roxy Dekker",1,0,"Electronic,House,Upbeat,All Weather,All Season,Youth/adult"
Sugardaddy,Sugardaddy,Roxy Dekker,"=""00:02:27""",Pop,127,Roxy Dekker - Sugardaddy.mp3,2024,English,1,"WARNER Music Benelux, Roxy Dekker",1,0,"House,Electronic,Upbeat,All Weather,All Season,Youth/adult"
Halverwege,Halverwege,Suzan & Freek,"=""00:03:00""",Pop,120,Suzan & Freek - Halverwege.mp3,2026,English,1,"Suzan & Freek, Suzan & Freek",1,0,"Indie,Electronic,Energetic,All Weather,All Season,Youth/adult"
In De Schuur,Lars,Snelle feat. Ronnie Flex,"=""00:03:04""",Pop,140,Snelle feat. Ronnie Flex - In De Schuur.mp3,2020,English,1,Snelle,1,0,"Hip Hop,Electronic,Energetic,All Weather,All Season,Youth/adult"
Honderd Keer,Honderd Keer,Suzan & Freek,"=""00:03:15""",Pop,116,Suzan & Freek - Honderd Keer.mp3,2022,English,1,"Sony Music, Suzan & Freek, Sony Music Entertainment Netherlands B.V.",1,0,"Dance,Electronic,Upbeat,All Weather,All Season,Youth/adult"
Ken Je Dat Gevoel,Ken Je Dat Gevoel,Suzan & Freek,"=""00:02:52""",Pop,130,Suzan & Freek - Ken Je Dat Gevoel.mp3,2025,English,1,"Sony Music, Suzan & Freek, Sony Music Entertainment Netherlands B.V.",1,0,"Dance,Electronic,Upbeat,All Weather,All Season,Youth/adult"
Kwijt,Kwijt,Suzan & Freek,"=""00:03:22""",Pop,104,Suzan & Freek - Kwijt.mp3,2022,English,1,"Sony Music, Suzan & Freek, Sony Music Entertainment Netherlands B.V.",1,0,"Electronic,Energetic,All Weather,All Season,Youth/adult"
Niemand,Niemand,Suzan & Freek,"=""00:03:58""",Pop,164,Suzan & Freek - Niemand.mp3,2025,English,1,"Suzan & Freek, Suzan & Freek",1,0,"Indie,Rock,Mainstream,All Weather,All Season,Youth/adult"
Slapeloosheid,Slapeloosheid,Suzan & Freek,"=""00:02:58""",Pop,84,Suzan & Freek - Slapeloosheid.mp3,2023,English,1,"Sony Music, Suzan & Freek, Sony Music Entertainment Netherlands B.V.",1,0,"Dance,Upbeat,All Weather,All Season,Youth/adult"
Alleen Met Jou,Alleen Met Jou - Single,Yves Berendse & Emma Heesters,"=""00:03:13""",Pop,124,Yves Berendse & Emma Heesters - Alleen Met Jou.mp3,2024,English,1,"Dino Music, Dino Music",1,0,"Electronic,House,Upbeat,All Weather,All Season,Youth/adult"
Neem Op,Neem Op,Yxng Le,"=""00:03:08""",Hip Hop,85,Yxng Le - Neem Op.mp3,2022,English,1,Yxng Le,1,0,"R&B,Balanced,All Weather,All Season"
Therapie,Therapie,Zoë Tauran,"=""00:03:19""",R&B,178,Zoë Tauran - Therapie.mp3,2023,English,1,Zoe Tauran,0,1,"Soul,Pop,Mainstream,All Weather,All Season,Youth/adult"
CUANDO HABLES CON ÉL,CUARTO AZUL,Aitana,"=""00:03:23""",Pop,118,Aitana - Cuando hablas con el.mp3,2025,Spanish,1,Aitana,1,0,"Mainstream,All Weather,All Season,Youth/adult"
Gebruik Me,Hitzone: Best of 2022,Zoë Tauran ft. Frenna,"=""00:03:32""",Pop,95,Zoë Tauran ft. Frenna - Gebruik Me.mp3,2022,Dutch,1,Zoë Tauran feat. Frenna,1,0,"Soul,Mainstream,All Weather,All Season,Youth/adult"
El vino de tu boca,¿Y ahora qué?,Alejandro Sanz,"=""00:02:48""",Pop,151,Alejandro Sanz - El vino de tu boca.mp3,2025,Spanish,1,Alejandro Sanz,1,0,"Soul,Mainstream,All Weather,All Season,Youth/adult"
Little Demon,Little Demon,Anuel AA,"=""00:02:39""",Hip Hop,100,Anuel AA - Little Demon.mp3,2025,English,1,"Real Hasta La Muerte, Real Hasta La Muerte, LLC",1,0,"Electronic,Energetic,Sunny,Summer,Youth/adult"
Cómo sería,¿Y ahora qué +?,"Alejandro Sanz, Manuel Turizo","=""00:03:19""",Pop,106,"Alejandro Sanz, Manuel Turizo - Cómo sería.mp3",2025,Spanish,1,Alejandro Sanz,1,0,"Electronic,Energetic,All Weather,All Season,Youth/adult"
Algo de Mí,Lo mejor de lo mejor,Camilo Sesto,"=""00:04:03""",Latin,152,Camilo Sesto - Algo de Mí.mp3,1999,Spanish,1,Camilo Sesto,1,0,"Oldies,Rock,Mainstream,Sunny,Summer,Youth/adult"
Amor Mío,Amor Mío,Canelita,"=""00:03:23""",Electronic,102,Canelita - Amor mio.mp3,2025,Spanish,1,Canelita,1,0,"Dance,Pop,Hip Hop,Upbeat,All Weather,All Season,Youth/adult"
Amor De Manicomio,Amor De Manicomio,Cano,"=""00:02:43""",Pop,124,Cano - Amor De Manicomio.mp3,2026,English,1,Cano,1,0,"Indie,Mainstream,All Weather,All Season,Youth/adult"
Tamo Bien,Tamo Bien,Enrique Iglesias x Pitbull x IAmChino,"=""00:03:20""",Dance,126,Enrique Iglesias x Pitbull x IAmChino - Tamo Bien.mp3,2025,English,1,Enrique Iglesias x Pitbull x IAmChino,1,0,"Electronic,Pop,House,Upbeat,All Weather,All Season,Youth/adult"
Se Me Enamora el Alma,Soy como soy,Isabel Pantoja,"=""00:05:07""",Pop,113,Isabel Pantoja - Se Me Enamora el Alma.mp3,2003,English,1,Isabel Pantoja,1,0,"Electronic,Dance,Soul,Upbeat,All Weather,All Season,Youth/adult"
Con las cartas en la mesa,Con las Cartas en la Mesa,JAVI MEDINA,"=""00:02:36""",Pop,98,JAVI MEDINA - Con las cartas en la mesa.mp3,2025,English,1,Javi Medina,1,0,"Balanced,All Weather,All Season"
FLIPA,NACER DE NUEVO,JC Reyes & Dei V,"=""00:02:46""",Hip Hop,100,JC Reyes - Flipa FT.mp3,2025,English,1,JC Reyes & Dei V,1,0,"Electronic,Energetic,All Weather,All Season"
No way,VIVIR PA' QUEDARSE,JC Reyes,"=""00:02:45""",Hip Hop,140,JC Reyes - No way.mp3,2025,English,1,JC Reyes,1,0,"R&B,Electronic,Energetic,All Weather,All Season"
Remedio,NACER DE NUEVO,JC Reyes,"=""00:02:18""",Hip Hop,86,JC Reyes - Remedio.mp3,2025,English,1,JC Reyes,1,0,"R&B,Balanced,All Weather,All Season"
Tatami,TATAMI,JC Reyes,"=""00:02:07""",Electronic,114,JC Reyes - Tatami.mp3,2025,English,1,JC Reyes,1,0,"Pop,Dance,Upbeat,All Weather,All Season,Youth/adult"
Quiero Perderme Contigo,Secretos,José José,"=""00:05:07""",Pop,185,José José - Quiero Perderme Contigo.mp3,1983,Spanish,1,José José,1,0,"Soul,Mainstream,All Weather,All Season,Youth/adult"
Hey! (Hey!),Amor: The Best of Julio Iglesias,Julio Iglesias,"=""00:05:00""",Pop,103,Julio Iglesias - Hey.mp3,2011,English,1,Julio Iglesias,1,0,"Rock,Oldies,Mainstream,All Weather,All Season,Youth/adult"
Todo el Amor Que Te Hace Falta,Un Hombre Solo,Julio Iglesias,"=""00:05:18""",Latin,113,Julio Iglesias - Todo el Amor Que Te Hace Falta.mp3,1987,English,1,Julio Iglesias,1,0,"Soul,Mainstream,Sunny,Summer,Youth/adult"
Todos Estamos Bailando La Misma Canción,Todos Estamos Bailando La Misma Canción,La Oreja de Van Gogh,"=""00:04:02""",Pop,108,La Oreja de Van Gogh - Todos Estamos Bailando La Misma Canción.mp3,2025,Spanish,1,La Oreja de Van Gogh,1,0,"Dance,Upbeat,All Weather,All Season,Youth/adult"
"Te Quise, Te Quiero Y Te Querré",Los super éxitos de Manolo Galván,Manolo Galván,"=""00:03:39""",Latin,98,"Manolo Galván - Te Quise, Te Quiero Y Te Querré.mp3",1992,Spanish,1,Manolo Galván,1,0,"Pop,Mainstream,Sunny,Summer,Youth/adult"
Lamine,Reinsertado 2.0,Morad,"=""00:03:27""",Electronic,130,Morad - Lamine.mp3,2025,English,1,Morad,1,0,"Hip Hop,Energetic,All Weather,All Season"
Sentir,Reinsertado 2.0,Morad ft. Baby Gang,"=""00:03:21""",Electronic,125,Morad ft. Baby Gang - Sentir.mp3,2025,English,1,Morad & Baby Gang,1,0,"Electro,Dance,Electronica,Upbeat,All Weather,All Season,Youth/adult"
SOLEAO,SOLEAO,Myke Towers & Quevedo,"=""00:03:50""",Hip Hop,104,Myke Towers & Quevedo - Soleado.mp3,2025,English,1,Myke Towers & Quevedo,1,0,"Electronic,Indie,Energetic,All Weather,All Season"
Caminos de Guanajuato,De Jiménez a Jiménez,Natalia Jiménez,"=""00:03:41""",Latin,94,Natalia Jiménez - Caminos de Guanajuato.mp3,2024,Spanish,1,Natalia Jiménez,1,0,"Sunny,Summer"
Quién Fuera Tuyo,Quién Fuera Tuyo,Pablo de Juana,"=""00:02:51""",Dance,133,Pablo de Juana - Quien Fuera Tuyo.mp3,2025,Spanish,1,Pablo de Juana,1,0,"Electronic,Pop,Upbeat,All Weather,All Season,Youth/adult"
Amigos de qué,Amigos de Qué?,Pablo de Juana,"=""00:02:59""",Electronic,105,Pablo de Juana - Amigos de qué.mp3,2025,Portuguese,1,Pablo de Juana,1,0,"Dance,Pop,Upbeat,All Weather,All Season,Youth/adult"
Pica-Pica - BLANCANIEVES feat. Lero Lero (Videoclip Oficial) #videosparaniños,Pica-Pica - BLANCANIEVES feat. Lero Lero (Videoclip Oficial) #videosparaniños,[nature sounds],"=""00:04:49""",Pop,126,Pica-Pica - Blancanieves.mp3,2025,Spanish,1,[nature sounds],1,0,"Soul,Hip Hop,Mainstream,All Weather,All Season,Youth/adult"
La Canción De Los Sabores,Hola Caracola,Pica-Pica,"=""00:04:05""",Pop,120,Pica-Pica - La cancion de los sabores.mp3,2025,Spanish,1,Pica-Pica,1,0,"Electronic,Energetic,All Weather,All Season,Youth/adult"
Me saco un moco,Hola Caracola,Pica-Pica,"=""00:03:18""",Pop,172,Pica-Pica - Me saco un moco.mp3,2025,English,1,Pica-Pica,1,0,"Energetic,All Weather,All Season"
Te Regalo,nostalgia EP,"Rels B, J Abecia","=""00:02:27""",Pop,95,"Rels B, J Abecia - Te Regalo.mp3",2024,English,1,Rels B & J. Abecia,1,0,"Indie,Mainstream,All Weather,All Season,Youth/adult"
La Perla,LUX,Rosalia,"=""00:03:30""",Pop,147,Rosalia - La Perla.mp3,2025,Spanish,1,ROSALÍA,1,0,"Mainstream,All Weather,All Season,Youth/adult"
CIBELES,CIBELES,Sergio Ramos,"=""00:03:01""",Hip Hop,100,Sergio Ramos - Cibelles.mp3,2025,English,1,Sergio Ramos,1,0,"Electronic,Energetic,All Weather,All Season"
Quevedo,Los Nº1 de los 40 (2022),Tuchat,"=""00:03:49""",Electronic,98,Tuchat - Quevedo.mp3,2025,Spanish,1,Bizarrap & Quevedo,1,0,"Hip Hop,Energetic,All Weather,All Season"
Yapi - DONDE TE ESCONDES? 2.0 ft JC Reyes (Video Oficial),Yapi - DONDE TE ESCONDES? 2.0 ft JC Reyes (Video Oficial),Yapi,"=""00:02:52""",Hip Hop,94,Yapi - Donde te desconces.mp3,2025,English,1,Yapi,1,0,"Electronic,Energetic,All Weather,All Season"
Yo No He Llorado,Yo No He Llorado,Yenddi,"=""00:03:45""",Electronic,130,Yenddi - Yo No He Llorado.mp3,2025,English,1,Yenddi,1,0,"Pop,Dance,Upbeat,All Weather,All Season,Youth/adult"
Sisko ja sen veli,Sisko ja sen veli,AHTI,"=""00:03:08""",Electronic,138,AHTI - Sisko ja sen veli.mp3,2026,English,1,Ahti,1,0,"Pop,Dance,Upbeat,All Weather,All Season,Youth/adult"
Sydän on rikki,Sydän on rikki,Aliisa Syrjä,"=""00:03:07""",Pop,128,Aliisa Syrjä - Sydän on rikki.mp3,2025,Finnish,1,Aliisa Syrjä,1,0,"Dance,Electronic,Upbeat,All Weather,All Season,Youth/adult"
AAAA,AAAA,Arttu Wiskari,"=""00:03:48""",Pop,149,Arttu Wiskari - AAAA.mp3,2025,English,1,Arttu Wiskari,1,0,"Indie,Dance,Rock,Upbeat,All Weather,All Season,Youth/adult"
Sirpa,Sirpaleet,Arttu Wiskari,"=""00:03:25""",Pop,94,Arttu Wiskari - Sirpa.mp3,2014,English,1,Arttu Wiskari,1,0,"Indie,Rock,Mainstream,All Weather,All Season,Youth/adult"
Kaistaa,Kaistaa,"BESS, Käärijä","=""00:03:13""",Pop,144,"BESS, Käärijä - Kaistaa.mp3",2025,Finnish,1,"BESS, Käärijä",1,0,"Electronic,Energetic,All Weather,All Season,Youth/adult"
Kaiken arvoinen,Kaiken arvoinen - Single,Behm,"=""00:03:55""",Pop,150,Behm - Kaiken arvoinen.mp3,2025,English,1,"Warner Music Finland, Warner Music Finland, Behmin Bisnekset",1,0,"Electronic,Indie,Dance,Upbeat,All Weather,All Season,Youth/adult"
Viimeinen tanssi,Merkittävät erot,"Behm, Olavi Uusivirta","=""00:03:42""",Pop,133,"Behm, Olavi Uusivirta - Viimeinen tanssi.mp3",2023,Finnish,1,BEHM feat. Olavi Uusivirta,1,0,"Indie,Rock,Mainstream,All Weather,All Season,Youth/adult"
Kyyneleet sateessa,Kyyneleet sateessa,Bess,"=""00:02:49""",Pop,155,Bess - Kyyneleet sateessa.mp3,2024,English,1,BESS,1,0,"Electronic,Energetic,All Weather,All Season,Youth/adult"
Mun ihminen,Mun ihminen,ELLIMEI,"=""00:02:34""",Pop,122,ELLIMEI - Mun ihminen.mp3,2025,English,1,ELLIMEI,1,0,"Dance,Upbeat,All Weather,All Season,Youth/adult"
Tunnista tuntiin,Tunnista tuntiin,Ege Zulu & BEHM,"=""00:03:00""",Pop,120,Ege Zulu & BEHM - Tunnista tuntiin.mp3,2024,English,1,"PME Records, PME Records",1,0,"Electronic,Dance,R&B,Upbeat,All Weather,All Season,Youth/adult"
Meidän tässä kuuluisi rakastuu,Meidän tässä kuuluisi rakastuu,Elias Kaskinen,"=""00:03:09""",Pop,140,Elias Kaskinen - Meidän tässä kuuluisi rakastuu.mp3,2025,Finnish,1,Elias Kaskinen,1,0,"Dance,Upbeat,All Weather,All Season,Youth/adult"
Gardenia,Voiko enkelitkin eksyä,Haloo Helsinki!,"=""00:04:11""",Pop,125,Haloo Helsinki! - Gardenia.mp3,2025,Finnish,1,Haloo Helsinki!,1,0,"Dance,Electronic,Upbeat,All Weather,All Season,Youth/adult"
Voiko enkelitkin eksyä,Voiko enkelitkin eksyä,Haloo Helsinki!,"=""00:03:59""",Pop,85,Haloo Helsinki! - Voiko enkelitkin eksyä.mp3,2025,Finnish,1,"Vallila Music House, Sony Music Entertainment Finland Oy",1,0,"Mainstream,All Weather,All Season,Youth/adult"
Ehkä Se Siitä,Ehkä Se Siitä,Isac Elliot,"=""00:03:02""",Pop,150,Isac Elliot - Ehkä Se Siitä.mp3,2025,Finnish,1,Isac Elliot,1,0,"Dance,Upbeat,All Weather,All Season,Youth/adult"
Isac Elliot - Makso Mitä Makso feat. Sexmane ( Video) (Lyrics),Kävi miten kävi,Isac Elliot,"=""00:02:46""",Pop,130,Isac Elliot - Makso Mitä Makso feat. Sexmane.mp3,2022,Finnish,1,Isac Elliot,1,0,"Dance,Electro,Upbeat,All Weather,All Season,Youth/adult"
Vanhasta Uuteen,Vanhasta Uuteen,Isac Elliot,"=""00:02:49""",Pop,86,Isac Elliot - Vanhasta Uuteen.mp3,2025,English,1,Isac Elliot,1,0,"R&B,Mainstream,All Weather,All Season,Youth/adult"
Palamaan,Mansion Music,Isac Elliot x Mirella,"=""00:03:25""",Electronic,91,Isac Elliot x Mirella - Palamaan.mp3,2026,English,1,Isac Elliot & Mirella,1,0,"Pop,R&B,Energetic,All Weather,All Season,Youth/adult"
Missä muruseni on,Seili,Jenni Vartiainen,"=""00:03:44""",Pop,85,Jenni Vartiainen - Missä muruseni on.mp3,2010,Finnish,1,Jenni Vartiainen,1,0,"Mainstream,All Weather,All Season,Youth/adult"
10 000 tuntii,10 000 tuntii,KAUKUA,"=""00:02:16""",Pop,136,KAUKUA - 10 000 tuntii.mp3,2025,English,1,KAUKUA,1,0,"R&B,Dance,Upbeat,All Weather,All Season,Youth/adult"
Latu on auki,Latu on auki,"Kaija Koo, Isac Elliot","=""00:03:00""",Pop,131,"Kaija Koo, Isac Elliot - Latu on auki.mp3",2026,English,1,Kaija Koo,1,0,"Dance,Electro,Upbeat,All Weather,All Season,Youth/adult"
Timanttei,Timanttei,Mirella,"=""00:03:29""",Pop,130,Mirella - Timanttei.mp3,2024,English,1,"Universal Music Group, Universal Music Oy",1,0,"Dance,Upbeat,All Weather,All Season,Youth/adult"
Luotathan,Luotathan,"Mirella, Lauri Haav","=""00:03:21""",Pop,127,"Mirella, Lauri Haav - Luotathan.mp3",2024,English,1,"Universal Music Group, PME Records, Universal Music Oy, PME Records",1,0,"Dance,Upbeat,All Weather,All Season,Youth/adult"
Juhannusyö,Koko Suomi tanssii,Portion Boys & Kake Randelin,"=""00:03:23""",Pop,136,Portion Boys & Kake Randelin - Juhannusyö.mp3,2024,Finnish,1,Portion Boys & Kake Randelin,1,0,"Dance,Upbeat,All Weather,All Season,Youth/adult"
Villieläin,Villieläin,Ramses II,"=""00:03:40""",Pop,117,Ramses II - Villieläin.mp3,2021,Finnish,1,"Kaiku Recordings, Kaiku Recordings, Warner Music Nordic",1,0,"Dance,Upbeat,All Weather,All Season,Youth/adult"
Snow,"2012-09-27: Pepsi Center, Denver, CO, USA",Red Hot Chili Peppers,"=""00:05:35""",Alternative,106,Red Hot Chili Peppers - Snow (Hey Oh).mp3,2012,English,1,Red Hot Chili Peppers,1,0,"Rock,Pop,Mainstream,All Weather,All Season,Youth/adult"
Bad Habit,Gemini Rights,Steve Lacy,"=""00:03:52""",Bedroom Pop,167,Steve Lacy - Bad Habit.mp3,2022,English,1,Steve Lacy,1,0,"Electronic,Energetic,All Weather,All Season,Youth/adult"
Rikki mutta riittävä,Rikki mutta riittävä,Suvi Teräsniska,"=""00:03:01""",Pop,136,Suvi Teräsniska - Rikki mutta riittävä.mp3,2025,Finnish,1,Suvi Teräsniska,1,0,"Electronic,Dance,Upbeat,All Weather,All Season,Youth/adult"
Sitkeä sissi,Sitkeä sissi,Suvi Teräsniska,"=""00:03:01""",Pop,172,Suvi Teräsniska - Sitkeä sissi.mp3,2026,Finnish,1,Suvi Teräsniska,1,0,"Electronic,Dance,Upbeat,All Weather,All Season,Youth/adult"
A-O-K,Much Dance 2022,Tai Verdes,"=""00:02:54""",Pop,83,Tai Verdes - A-O-K.mp3,2021,English,1,Tai Verdes,1,0,"Upbeat,All Weather,All Season,Youth/adult"
Nothing On,Savage,Tank,"=""00:05:20""",R&B,96,Tank - Nothing On.mp3,2017,English,1,Tank,1,0,"Soul,Pop,Electronic,Energetic,All Weather,All Season,Youth/adult"
Sexy,Savage,Tank,"=""00:04:31""",Electronic,93,Tank - Sexy.mp3,2017,English,1,Tank,1,0,"R&B,Hip Hop,Energetic,All Weather,All Season"
La Bebe,"Afro House Pop, Vol.25",Yng Lvcas & Peso Pluma,"=""00:04:01""",Electronic,172,"Yng Lvcas, Peso Pluma - La Bebe (Remix).mp3",2024,English,1,Yng Lvcas & Peso Pluma,1,0,"Hip Hop,Pop,Upbeat,All Weather,All Season,Youth/adult"
Sisko,Sisko,emma & matilda,"=""00:03:30""",Pop,103,emma & matilda - Sisko.mp3,2025,English,1,emma & matilda,1,0,"Indie,Mainstream,All Weather,All Season,Youth/adult"
Around the World (video edit),The Summer Party Album,A Touch Of Class,"=""00:03:36""",Pop,131,A Touch Of Class - Around the World (La La La La La).mp3,2020,English,1,A Touch Of Class,1,0,"Electronic,Energetic,All Weather,All Season,Youth/adult"
Fever dream,Pop Bops 2026,Alex Warren,"=""00:04:10""",Pop,108,Alex Warren - Fever dream.mp3,2026,French,1,Alex Warren,1,0,"Mainstream,All Weather,All Season,Youth/adult"
Ordinary,Ordinary,Alex Warren,"=""00:03:07""",Pop,112,Alex Warren - Ordinary.mp3,2025,English,1,"Atlantic, Warner Music Group, Atlantic Recording Corporation, Atlantic Recording Corporation, Alex Warren, Publishing Designee, Adam Yaron Music, Songs With A Pure Tone, Warner-Tamerlane Publishing Corp., Down Harbor Creations, In Honor Of Alice Publishing, Music of Big Family, Hipgnosis Songs Group, LLC, Perfect Sounds Studios, Franklin Studios, Los Angeles, Ca, MixStar Studios, Sterling Sound Edgewater, NJ",1,0,"Indie,Rock,Mainstream,All Weather,All Season,Youth/adult"
i like the way you kiss me,i like the way you kiss me,Artemas,"=""00:02:35""",Electronic,152,Artemas - i like the way you kiss me.mp3,2024,English,1,"Not On Label (Artemas Self-released), 10K Projects, 10K Projects, Urban Outfitters",1,0,"Electro,Indie,Dance,Upbeat,All Weather,All Season,Youth/adult"
DtMF,DeBÍ TiRAR MáS FOToS,Bad Bunny,"=""00:04:00""",Latin,112,Bad Bunny - DtMF (Visualizer).mp3,2025,Spanish,1,Bad Bunny,1,0,"Electronic,Energetic,Sunny,Summer"
NuevayoL,DeBÍ TiRAR MáS FOToS,Bad Bunny,"=""00:03:43""",Dembow,118,Bad Bunny - NuevayoL.mp3,2025,French,1,Bad Bunny,1,0,"Hip Hop,Dance,Upbeat,All Weather,All Season,Youth/adult"
I Just Might,The Romantic,Bruno Mars,"=""00:03:33""",Pop,103,Bruno Mars - I Just Might.mp3,2026,English,1,Bruno Mars,1,0,"Dance,Soul,Electronic,Upbeat,All Weather,All Season,Youth/adult"
Risk It All,The Romantic,Bruno Mars,"=""00:03:31""",Pop,172,Bruno Mars - Risk It All.mp3,2026,English,1,Bruno Mars,1,0,"Mainstream,All Weather,All Season,Youth/adult"
Rebanav,Rebanav,Chily,"=""00:02:06""",Electronic,126,Chily - Rebanav.mp3,2025,English,1,Chily,1,0,"Chillout,Rainy,All Season"
Ninao,NINAO,Gims,"=""00:02:52""",Hip Hop,123,Gims - Ninao.mp3,2025,English,1,"Géante Rouge, Géante Rouge",1,0,"Dance,Upbeat,All Weather,All Season,Youth/adult"
Spa (Lyrics),SPA,Gims ft. Theodora,"=""00:03:03""",Electronic,127,Gims ft. Theodora - Spa (Lyrics).mp3,2026,English,1,GIMS & Theodora,1,0,"Dance,Pop,House,Upbeat,All Weather,All Season,Youth/adult"
Aperture,Aperture,Harry Styles,"=""00:05:51""",Pop,128,Harry Styles - Aperture.mp3,2026,English,1,"Columbia, Erskine Records Limited, Columbia Records, Sony Music Entertainment",1,0,"Electro,Electronica,Energetic,All Weather,All Season,Youth/adult"
jaloux fâché,jaloux fâché,kulturr,"=""00:02:57""",Hip Hop,122,Kulturr ft. @MrFranglishTV- Jaloux faché.mp3,2025,French,1,kulturr,1,0,"Electronic,Energetic,All Weather,All Season"
L.A.G (Love all girls) - Iron Hawk feat. Majestic (Offizielles Musikvideo),L.A.G (Love all girls) - Iron Hawk feat. Majestic (Offizielles Musikvideo),FAUX LAKE,"=""00:02:39""",Electronic,98,L.A.G (Love all girls) - Iron Hawk.mp3,2026,English,1,FAUX LAKE,1,0,"Hip Hop,Energetic,All Weather,All Season"
What You Want,What You Want,Angèle ft. Justice,"=""00:03:18""",Pop,113,Angèle ft. Justice - What You Want.mp3,2026,English,1,Henri Texier,1,0,"Electro,Dance,Electronica,Upbeat,Cold,All Season,Youth/adult"
Flammen der Liebe,Flammen der Liebe,Dr. Maibach,"=""00:03:45""",Dance,128,Dr. Maibach - Flammen der Liebe.mp3,2025,English,1,Dr. Maibach,1,0,"Electronic,House,Pop,Upbeat,All Weather,All Season,Youth/adult"
Elle veut du shatta,Elle veut du shatta,Lagess x Yanishi,"=""00:02:36""",Hip Hop,103,Lagess x Yanishi - Elle veut du shatta.mp3,2026,English,1,LAGESS X YANISHI,1,0,"Electronic,Energetic,All Weather,All Season"
Pilé,Pilé (Gospel),Mauvais DJO,"=""00:02:36""",Pop,130,Mauvais DJO - Pilé.mp3,2026,French,1,Z Agency,1,0,"Folk,World,& Country,Mainstream,All Weather,All Season,Youth/adult"
Man I Need,Man I Need,Olivia Dean,"=""00:03:22""",Pop,119,Olivia Dean - Man I Need.mp3,2025,English,1,"Capitol Records, Capitol Records UK, Polydor Label Group, Universal Music Operations Ltd., Universal Music Operations Ltd., Paramount Theater, Brooklyn, GZ Media",1,0,"Soul,R&B,Electronic,Energetic,All Weather,All Season,Youth/adult"
Where is my husband,Where Is My Husband!,Raye,"=""00:03:18""",Pop,117,Raye - Where is my husband.mp3,2025,English,1,"Human Re Sources, Sonic Wax Pressing",1,0,"Dance,Upbeat,All Weather,All Season,Youth/adult"
Berghain,Berghain,Rosaliaft. Björk & Yves Tumor,"=""00:03:27""",Electronic,125,Rosaliaft. Björk & Yves Tumor - Berghain.mp3,2025,English,1,SMC,1,0,"Pop,Energetic,All Weather,All Season,Youth/adult"
Sans Coeur,Pourvu qu'il pleuve,Shay ft. Niska,"=""00:03:22""",Hip Hop,163,Shay ft. Niska - Sans Coeur.mp3,2023,English,1,Shay feat. Niska,1,0,"R&B,Electronic,Pop,Energetic,All Weather,All Season,Youth/adult"
PinkPantheress - Stateside + Zara Larsson (Official Video),PinkPantheress - Stateside + Zara Larsson (Official Video),PinkPantheress,"=""00:03:13""",Electronic,123,Stateside + Zara Larsson - PinkPantheress -.mp3,2026,English,1,PinkPantheress,1,0,"Dance,Pop,House,Upbeat,All Weather,All Season,Youth/adult"
"Tame Impala, JENNIE - Dracula (JENNIE Remix - Official Video) (Lyrics)","Tame Impala, JENNIE - Dracula (JENNIE Remix - Official Lyric Video)",Tame Impala,"=""00:03:30""",Dance,115,Tame Impala - Jennie.mp3,2026,English,1,Tame Impala,1,0,"Electronic,Pop,R&B,Upbeat,All Weather,All Season,Youth/adult"
The Fate of Ophelia,The Life of a Showgirl,Taylor Swift,"=""00:03:58""",Pop,124,Taylor Swift - The Fate of Ophelia.mp3,2025,English,1,Taylor Swift,1,0,"Electronic,Energetic,All Weather,All Season,Youth/adult"
Comme Caroline,VERSATILE,Zaho ft. MC Solaar,"=""00:03:08""",Electronic,99,Zaho ft. MC Solaar - Comme Caroline.mp3,2026,English,1,Zaho,1,0,"Pop,Energetic,All Weather,All Season,Youth/adult"
Midnight Sun,Midnight Sun,Zara Larsson,"=""00:03:08""",Pop,151,Zara Larsson - Midnight Sun.mp3,2025,English,1,"Epic, Sommer House, Sony Music, Sommer House, Sommer House, Epic Records, Sony Music Entertainment, Sony Music Entertainment International Services GmbH",1,0,"Dance,R&B,Upbeat,All Weather,All Season,Youth/adult"
Beautiful Things,Beautiful Things,Benson Boone,"=""00:03:13""",Pop,104,Benson Boone - Beautiful Things.mp3,2024,English,1,"Night Street Records, Warner Records, Warner Music Group, Warner Records Inc., Warner Records Inc., Warner-Tamerlane Publishing Corp., Benson Boone Publishing Designee, Saint Sounds Great, Nobody's Pub Club, Position Music Copyrights, LLC, Mixed Metaphor Music, BBMH Music Publishing LLC, Songs Into Poems, Selector Songs",1,0,"Indie,Mainstream,All Weather,All Season,Youth/adult"
Mystical Magical,American Heart,Benson Boone,"=""00:02:46""",Indie Pop,120,Benson Boone - Mystical Magical.mp3,2025,English,1,Benson Boone,1,0,"Dance,Pop,Upbeat,All Weather,All Season,Youth/adult"
Sorry I'm Here For Someone Else,rock and alternative for late nights,Benson Boone,"=""00:02:36""",Pop,151,Benson Boone - Sorry I'm Here For Someone Else.mp3,2025,English,1,Benson Boone,1,0,"Indie,Rock,Dance,Upbeat,All Weather,All Season,Youth/adult"
Billie Eilish - BIRDS OF A FEATHER (Official Music Video),Billie Eilish - BIRDS OF A FEATHER (Official Music Video),Billie Eilish,"=""00:03:51""",Alternative,105,Billie Eilish - Birds of a featrher.mp3,2024,English,1,Billie Eilish,1,0,"Pop,Chillout,Rainy,All Season,Youth/adult"
Lunch,HIT ME HARD AND SOFT,Billie Eilish,"=""00:03:23""",Alternative,125,Billie Eilish - Lunch.mp3,2024,English,1,Billie Eilish,1,0,"Pop,Dance,Indie,Upbeat,All Weather,All Season,Youth/adult"
The Subway,The Subway,Chappell Roan,"=""00:04:31""",Pop,166,Chappell Roan - The Subway.mp3,2025,English,1,"Island Records, Amusement Records, KRA International Inc., KRA International Inc., Island Records, UMG Recordings, Inc., Universal International Music B.V., GZ Media",1,0,"Rock,Indie,Mainstream,All Weather,All Season,Youth/adult"
I Can’t Love You Anymore,I Can’t Love You Anymore,Ella Langley & Morgan Wallen,"=""00:03:49""",Billboard Hot 100,119,Ella Langley & Morgan Wallen - I Can’t Love You Anymore.mp3,2026,English,1,Ella Langley & Morgan Wallen,1,0,"Electronic,Indie,Energetic,All Weather,All Season"
Be Her,Dandelion,Ella Langley,"=""00:03:38""",Country,111,Ella Langley - Be Her.mp3,2026,English,1,Ella Langley,1,0,"Electronic,Dance,Upbeat,All Weather,All Season,Youth/adult"
Choosin' Texas,Now That’s What I Call Music! 123,Ella Langley,"=""00:03:51""",Country,112,Ella Langley - Choosin' Texas.mp3,2025,English,1,Ella Langley,1,0,"Electronic,Energetic,All Weather,All Season"
YOUR WAY'S BETTER,YOUR WAY'S BETTER,Forrest Frank,"=""00:03:18""",Christian,146,Forrest Frank - Your wa's better.mp3,2025,English,1,Forrest Frank,1,0,"Pop,R&B,Mainstream,All Weather,All Season,Youth/adult"
Too Sweet,Unheard,Hozier,"=""00:04:08""",Pop Soul,117,Hozier - Too Sweet.mp3,2024,English,1,Hozier,1,0,"Indie,Pop,Mainstream,All Weather,All Season,Youth/adult"
House Again,Texas Forever,Hudson Westbrook,"=""00:03:34""",Rock,127,Hudson Westbrook - House Again.mp3,2025,English,1,Hudson Westbrook,1,0,"Indie,Folk,Upbeat,All Weather,All Season"
Heavens To Betsy,Jackson Dean Live at the Ryman,Jackson Dean,"=""00:03:28""",Indie,144,Jackson Dean - Heavens To Betsy.mp3,2024,English,1,Jackson Dean,1,0,"Rock,Electronic,Alternative,Energetic,All Weather,All Season"
Bar None,Bar None,Jordan Davis,"=""00:03:01""",Billboard Hot 100,172,Jordan Davis - Bar None.mp3,2025,English,1,Jordan Davis,1,0,"Rock,Indie,Energetic,All Weather,All Season"
Daisies,SWAG,Justin Bieber,"=""00:02:56""",Pop,110,Justin Bieber - Daisies.mp3,2025,English,1,Justin Bieber,1,0,"Soul,Mainstream,All Weather,All Season,Youth/adult"
Speed demon,SWAG II,Justin Bieber,"=""00:03:31""",Pop,93,Justin Bieber - Speed demon.mp3,2025,English,1,Justin Bieber,1,0,"Hip Hop,Soul,Mainstream,All Weather,All Season,Youth/adult"
Golden,Golden,KPop Demon Hunters,"=""00:03:19""",Soundtrack,123,KPop Demon Hunters - Golden.mp3,2025,English,1,KPop Demon Hunters,1,0,"Pop,Electronic,Energetic,All Weather,All Season,Youth/adult"
Spaghetti,SPAGHETTI,Le Sserafim,"=""00:03:18""",Pop,111,Le Sserafim - Spaghetti.mp3,2025,English,1,Source Music,1,0,"Dance,Upbeat,All Weather,All Season,Youth/adult"
I Got Better,I’m The Problem,Morgan Wallen,"=""00:03:25""",Country,172,Morgan Wallen - I Got Better.mp3,2025,English,1,Morgan Wallen,1,0,"Pop,Indie,Electronic,Energetic,All Weather,All Season,Youth/adult"
Doors,The Great Divide,Noah Kahan,"=""00:03:51""",Alternative,164,Noah Kahan - Doors.mp3,2026,English,1,Noah Kahan,1,0,"Rock,Electronic,Indie Rock,Energetic,All Weather,All Season"
Nice To Each Other,Nice To Each Other,Olivia Dean,"=""00:03:44""",Pop,132,Olivia Dean - Nice To Each Other.mp3,2025,English,1,"Capitol Records, Capitol Records UK, Polydor Label Group, Universal Music Operations Ltd., Universal Music Operations Ltd., GZ Media, L'Olympia",1,0,"Indie,Mainstream,All Weather,All Season,Youth/adult"
drop dead,Drop Dead,Olivia Rodrigo,"=""00:03:52""",Pop,129,Olivia Rodrigo - drop dead (acoustic).mp3,2026,English,1,Olivia Rodrigo,1,0,"Folk,Mainstream,All Weather,All Season,Youth/adult"
What An Awesome God,What An Awesome God,Phil Wickham,"=""00:03:36""",Folk,148,Phil Wickham - What An Awesome God.mp3,2025,English,1,Fair Trade Services LLC,1,0,"Indie,Rock,Electronic,Energetic,All Weather,All Season"
I Had Some Help,I Had Some Help,Post Malone,"=""00:03:21""",Missing Isrc,128,Post Malone - I Had Some Help (feat. Morgan Wallen).mp3,2024,English,1,"Mercury, Republic Records, Mercury Records/Republic Records, Mercury Records/Republic Records, UMG Recordings, Inc., UMG Commercial Services, Posty Co LLC, Big Loud Mountain, Bo Wallace Publishing, Bell Ear Publishing, Universal Music Corp., Sony Songs Inc., Universal, Ern Dog Music, Sony Cross Keys Publishing, Master Of My Domain Music, Poppy's Picks, Sony/ATV Songs LLC, Warner-Tamerlane Publishing Corp., Ern's Cadillac Music, Electric Feel Studios, East Iris Studios, Big Loud Studios, Sterling Sound",1,0,"Pop,Indie,Rock,Dance,Upbeat,All Weather,All Season,Youth/adult"
APT.,NRJ Music Awards 2025 [Édition Collector],ROSÉ & Bruno Mars,"=""00:02:53""",Pop,149,ROSÉ & Bruno Mars - APT..mp3,2024,English,1,ROSÉ & Bruno Mars,1,0,"Electronic,Dance,Upbeat,All Weather,All Season,Youth/adult"
Let Down,OK Computer,Radiohead + Choir,"=""00:04:31""",Alternative,103,Radiohead + Choir - Let Down.mp3,1997,English,1,Radiohead,1,0,"Rock,Electronic,Energetic,All Weather,All Season"
Manchild,Manchild,Sabrina Carpenter,"=""00:03:34""",Pop,123,Sabrina Carpenter - Manchild.mp3,2025,English,1,"Island Records, Island Records, Island Records, UMG Recordings, Inc., Universal International Music B.V., GZ Media, Sterling Sound Nashville",1,0,"Electronic,Indie,Dance,Upbeat,All Weather,All Season,Youth/adult"
Never Getting Laid,Man’s Best Friend,Sabrina Carpenter,"=""00:03:28""",Pop,92,Sabrina Carpenter - Never Getting Laid.mp3,2025,English,1,Sabrina Carpenter,1,0,"Electronic,Energetic,All Weather,All Season,Youth/adult"
Tears,Man’s Best Friend,Sabrina Carpenter,"=""00:05:03""",Pop,113,Sabrina Carpenter - Tears.mp3,2025,English,1,Sabrina Carpenter,1,0,"Dance,Ambient,Upbeat,Rainy,All Season,Youth/adult"
Bottle Rockets,Once Upon a Bottle of Wine,Scotty McCreery ft. Hootie & The Blowfish,"=""00:03:57""",Billboard Hot 100,164,Scotty McCreery ft. Hootie & The Blowfish - Bottle Rockets.mp3,2025,English,1,Scotty McCreery feat. Hootie & The Blowfish,1,0,"Indie,Alternative,Energetic,All Weather,All Season"
A Bar Song (Tipsy),A Bar Song (Tipsy),Shaboozey,"=""00:02:53""",Hip Hop,163,Shaboozey - A Bar Song (Tipsy).mp3,2024,English,1,"American Dogwood, Empire, American Dogwood, Empire, American Dogwood, Empire, Urban Outfitters",1,0,"Indie,Electronic,Pop,Energetic,All Weather,All Season,Youth/adult"
Good News,Good News,Shaboozey,"=""00:03:19""",Folk,163,Shaboozey - Good News.mp3,2024,English,1,American Dogwood,1,0,"Rock,Pop,Alternative,Mainstream,All Weather,All Season,Youth/adult"
Amen,Amen,"Shaboozey, Jelly Roll","=""00:03:17""",Billboard Hot 100,85,"Shaboozey, Jelly Roll - Amen.mp3",2025,English,1,Shaboozey & Jelly Roll,1,0,"Pop,Electronic,Indie,Energetic,All Weather,All Season,Youth/adult"
Something To Lose,Is This Heaven?,Stella Lefty & Vincent Mason,"=""00:02:55""",Billboard Hot 100,143,Stella Lefty & Vincent Mason - Something To Lose.mp3,2026,English,1,STELLA LEFTY,1,0,"Indie,Folk,Fresh,All Weather,All Season"
"Stray Kids ""CEREMONY"" M/V","Stray Kids ""CEREMONY"" M/V",Stray Kids,"=""00:02:51""",Electronic,121,Stray Kids Ceremony.mp3,2025,English,1,Stray Kids,1,0,"Hip Hop,Electro,Dance,Upbeat,All Weather,All Season,Youth/adult"
Dracula,Dracula,Tame Impala,"=""00:03:53""",Alternative,116,Tame Impala - Dracula.mp3,2025,English,1,Tame Impala,1,0,"Dance,Upbeat,All Weather,All Season,Youth/adult"
Fortnight,"2024-08-02: PGE Narodowy, Warsaw, Poland",Taylor Swift,"=""00:04:09""",Pop,96,Taylor Swift - Fortnight (feat. Post Malone).mp3,2024,English,1,Taylor Swift,1,0,"Indie,Mainstream,All Weather,All Season,Youth/adult"
I Can Do It With A Broken Heart,THE TORTURED POETS DEPARTMENT,Taylor Swift,"=""00:03:42""",Pop,130,Taylor Swift - I Can Do It With A Broken Heart.mp3,2024,English,1,Taylor Swift,1,0,"Dance,Upbeat,All Weather,All Season,Youth/adult"
After All The Bars Are Closed,After All The Bars Are Closed (Last Call Version),Thomas Rhett,"=""00:03:22""",Country,105,Thomas Rhett - After All The Bars Are Closed.mp3,2024,English,1,Thomas Rhett,1,0,"Pop,Mainstream,All Weather,All Season,Youth/adult"
Water,Water,Tyla,"=""00:03:39""",R&B,117,Tyla - Water.mp3,2023,English,1,Tyla,1,0,"Soul,Pop,Electronic,Energetic,All Weather,All Season,Family"
12 to 12,12 to 12,sombr,"=""00:04:03""",Disco,124,sombr - 12 to 12.mp3,2025,English,1,sombr,1,0,"Dance,Electro,Upbeat,All Weather,All Season,Youth/adult"
Undressed,undressed - Single,sombr,"=""00:03:18""",Pop,116,sombr - Undressed.mp3,2025,English,1,"Warner Records, SMB Music LLC, SMB Music LLC, Warner Records, Sound City Studios, Sound City Studios, Apocalypse Sound, DMI Studio",1,0,"Indie,Mainstream,All Weather,All Season,Youth/adult"
Alok & Jennifer Lopez – Everything’s Fine (PM) (Official Video) (Lyrics),Alok & Jennifer Lopez – Everything’s Fine (PM) (Official Lyric Video),Alok & Jennifer Lopez,"=""00:02:47""",Dance,130,Alok & Jennifer Lopez – Everything’s Fine.mp3,2026,English,1,SMC,1,0,"Electronic,House,Pop,Upbeat,All Weather,All Season,Youth/adult"
Livsforladt,Livsforladt,Annika,"=""00:04:30""",Pop,112,Annika - Livsforladt.mp3,2026,English,1,Annika,1,0,"Electronic,Energetic,All Weather,All Season,Youth/adult"
Homay,Homay,Ay Yola,"=""00:04:33""",Pop,103,Ay Yola - Homay.mp3,2025,English,1,"МТС Лейбл, МТС Лейбл",1,0,"Dance,Electronica,Upbeat,All Weather,All Season,Youth/adult"
iloveitiloveitiloveit,iloveitiloveitiloveit,Bella Kay,"=""00:03:03""",Indie,143,Bella Kay - iloveitiloveitiloveit.mp3,2026,English,1,Bella Kay,1,0,"Pop,Folk,Rock,Mainstream,All Weather,All Season,Youth/adult"
Elsker Dig Så Meget,Dine venner,Blaest,"=""00:03:22""",Pop,162,Blaest - Elsker Dig Så Meget.mp3,2024,Norwegian,1,Blæst,1,0,"Electronic,Dance,Upbeat,All Weather,All Season,Youth/adult"
Skør,Skør,Bro,"=""00:03:14""",Pop,98,Bro - Skør.mp3,2019,Danish,1,"Universal Music, Universal Music (Denmark) A/S",1,0,"Electronic,Hip Hop,R&B,Energetic,All Weather,All Season,Youth/adult"
Led Me to You,A Beautiful Life (Music From the Netflix Film),Christopher,"=""00:03:20""",Pop,163,Christopher - Led Me To You (From the Netflix Film ‘A Beautiful Life`).mp3,2023,English,1,Christopher,1,0,"Rock,Indie,Mainstream,All Weather,All Season,Youth/adult"
Anxiety,Anxiety,Doechii,"=""00:04:09""",Pop Rap,129,Doechii - Anxiety.mp3,2025,English,1,"Capitol Records, Top Dawg Entertainment, LLC, Top Dawg Entertainment, LLC, Universal Music Publishing Group, TDE Publishing LLC, Unichappell Music, Inc., Universal - Polygram International Publishing, Inc., Op Shop Songs Pty Ltd., GZ Media, Precision Record Pressing, Top Dawg Entertainment",1,0,"Pop,Indie,Mainstream,All Weather,All Season,Youth/adult"
Babydoll,Apple Music Live: Dominic Fike,Dominic Fike,"=""00:01:38""",Alternative,166,Dominic Fike - Babydoll.mp3,2018,English,1,Dominic Fike,1,0,"Electronic,Rock,Hip Hop,Energetic,All Weather,All Season"
Azizam,Azizam,Ed Sheeran,"=""00:02:45""",Pop,128,Ed Sheeran - Azizam.mp3,2025,English,1,"Gingerbread Man Records, Atlantic, Atlantic Records UK, Ed Sheeran Limited, Ed Sheeran Limited, Warner Music UK Ltd., Optimal Media GmbH",1,0,"Electronic,Energetic,All Weather,All Season,Youth/adult"
Sapphire,Sapphire,Ed Sheeran,"=""00:03:03""",Pop,95,Ed Sheeran - Sapphire.mp3,2025,French,1,Gingerbread Man Records,1,0,"Electronic,R&B,Dance,Upbeat,All Weather,All Season,Youth/adult"
Dame Un Grrr,Sommerhits 2026,Fantomel x @KateLinnOfficial,"=""00:02:31""",Electronic,118,Fantomel x @KateLinnOfficial - Dame Un Grrr.mp3,2026,English,1,Fantomel & Kate Linn,1,0,"Dance,Pop,Upbeat,All Weather,All Season,Youth/adult"
Et Sted Herude,MELLEM HIMMEL & JORD,Gobs,"=""00:02:16""",Dance,134,Gobs - Et Sted Herude.mp3,2023,English,1,Gobs,1,0,"Electronic,Upbeat,All Weather,All Season,Youth/adult"
når verden vælter,"I DAG, I MORGEN, 4 EVIGT",Gobs,"=""00:03:03""",Pop,130,Gobs - når verden vælter.mp3,2025,Danish,1,Gobs,1,0,"Dance,Upbeat,All Weather,All Season,Youth/adult"
igen & igen,"I DAG, I MORGEN, 4 EVIGT",Gobs,"=""00:02:47""",Pop,94,Gobs - igen & igen.mp3,2025,English,1,Gobs & One Two,1,0,"Electronic,Dance,Rock,Upbeat,All Weather,All Season,Youth/adult"
Så længe jeg er sexy.,Så længe jeg er sexy.,Annika,"=""00:02:30""",Pop,155,Annika - Så længe jeg er sexy..mp3,2024,Danish,1,"Island Records, Universal Music (Denmark) A/S, Universal Music (Denmark) A/S, Island Records Denmark",1,0,"Soul,Mainstream,All Weather,All Season,Youth/adult"
Tag Mig Som Jeg Er,Tag Mig Som Jeg Er,Kalaset,"=""00:03:16""",Pop,130,Kalaset - Tag Mig Som Jeg Er.mp3,2023,English,1,Kalaset,1,0,"Rock,Dance,Indie,Upbeat,All Weather,All Season,Youth/adult"
Ham med guitaren,Ham Med Guitaren,Christopher,"=""00:03:16""",Rock,185,Christopher - Ham med guitaren.mp3,2026,English,1,Christopher,1,0,"Pop,Mainstream,All Weather,All Season,Youth/adult"
Tak For Sidst,MELLEM HIMMEL & JORD,Gobs,"=""00:02:34""",Pop,135,Gobs - Tak For Sidst.mp3,2023,English,1,Gobs,1,0,"Electronic,Energetic,All Weather,All Season,Youth/adult"
alt ved dig,alt ved dig,Gobs,"=""00:02:25""",Hip Hop,105,Gobs - alt ved dig.mp3,2024,English,1,Gobs,1,0,"Electronic,Pop,Energetic,All Weather,All Season,Youth/adult"
kendt mig en uge,kendt mig en uge,Mille,"=""00:03:07""",Pop,124,Mille - kendt mig en uge.mp3,2025,English,1,"Warner Music Denmark, Warner Music Denmark A/S, Warner Music Denmark A/S",1,0,"R&B,Electronic,Dance,Soul,Upbeat,All Weather,All Season,Youth/adult"
Klovne,Klovne,RH,"=""00:02:39""",Hip Hop,106,RH - Klovne.mp3,2020,English,1,RH,1,0,"Electronic,Energetic,All Weather,All Season"
Den Danske Sommer,Den Danske Sommer,Tobias Rahim & Birthe Kjær,"=""00:02:35""",Pop,84,Tobias Rahim & Birthe Kjær - Den Danske Sommer.mp3,2026,English,1,"Os Der Følger Floden, Os Der Følger Floden",1,0,"Indie,Mainstream,All Weather,All Season,Youth/adult"
Fortæl mig hvis du vil noget andet,Fortæl Mig Hvis Du Vil Noget Andet,Malte Ebert,"=""00:03:16""",Pop,104,Malte Ebert - Fortæl mig hvis du vil noget andet.mp3,2024,Danish,1,"Island Records, Universal Music (Denmark) A/S, Universal Music (Denmark) A/S, Island Records Denmark",1,0,"Electronic,Dance,Upbeat,All Weather,All Season,Youth/adult"
Olivia Dean,Olivia Dean,Man I Need,"=""00:03:04""",Pop,118,Man I Need - Olivia Dean.mp3,2025,English,1,Man I Need,1,0,"Soul,R&B,Electronic,Energetic,All Weather,All Season,Youth/adult"
Danser For Mig Selv,Danser For Mig Selv,Medina,"=""00:03:19""",Pop,134,Medina - Danser For Mig Selv.mp3,2023,English,1,"Labelmade, Labelmade, Labelmade",1,0,"Dance,Upbeat,All Weather,All Season,Youth/adult"
Vi To,Welcome to Medina,Medina,"=""00:04:07""",Pop,124,Medina - Vi To.mp3,2010,English,1,Medina,1,0,"Dance,Electronic,Upbeat,All Weather,All Season,Youth/adult"
Nice,Nice,Michael Hausted,"=""00:02:30""",Pop,80,Michael Hausted - Nice.mp3,2025,English,1,Michael Hausted,1,0,"Electronic,R&B,Energetic,All Weather,All Season,Youth/adult"
Mod Solnedgangen,More Music 4,Nik & Jay,"=""00:04:24""",Hip Hop,92,Nik & Jay - Mod Solnedgangen.mp3,2011,English,1,Nik & Jay,1,0,"Electronic,Energetic,All Weather,All Season"
Hele Vejen,Højt At Flyve Dybt At Falde,Omar,"=""00:02:58""",Pop,100,Omar - Hele Vejen.mp3,2026,Danish,1,Omar (feat. Mumle),1,0,"Electronic,Dance,Upbeat,All Weather,All Season,Youth/adult"
Illegal,Fancy That,PinkPantheress,"=""00:02:33""",Pop,142,PinkPantheress - Illegal.mp3,2025,English,1,PinkPantheress,1,0,"Dance,Upbeat,All Weather,All Season,Youth/adult"
Stateside,Fancy That,PinkPantheress,"=""00:02:57""",Pop,123,PinkPantheress - Stateside.mp3,2025,English,1,PinkPantheress,1,0,"Dance,Electro,R&B,Upbeat,All Weather,All Season,Youth/adult"
Love Me Not,Bird's Eye,Ravyn Lenae,"=""00:03:39""",Pop Soul,114,Ravyn Lenae - Love Me Not.mp3,2024,English,1,Ravyn Lenae,1,0,"Electronic,Soul,Energetic,All Weather,All Season,Youth/adult"
Skyklapper,Skyklapper,Rosa,"=""00:03:10""",Pop,135,Rosa - Skyklapper (Live).mp3,2025,English,1,Rosa,1,0,"Mainstream,All Weather,All Season,Youth/adult"
HVA NU HVIS,HVA NU HVIS,Sandra Hussein,"=""00:02:41""",R&B,86,Sandra Hussein - Hva niu hvis.mp3,2023,English,1,Sandra Hussein,1,0,"Pop,Soul,Hip Hop,Mainstream,All Weather,All Season,Youth/adult"
What A Life,What A Life,Scarlet Pleasure,"=""00:03:06""",Pop,114,Scarlet Pleasure - What A Life.mp3,2020,English,1,"Copenhagen Records, Universal Music (Denmark) A/S, Universal Music (Denmark) A/S",1,0,"Indie,Mainstream,All Weather,All Season,Youth/adult"
"""Soda Pop"" Official Video | KPop Demon Hunters | Sony Animation (Lyrics)","""Soda Pop"" Official Lyric Video | KPop Demon Hunters | Sony Animation",Soda Pop,"=""00:02:50""",Dance,126,Soda Pop - Hunters.mp3,2025,English,1,SMC,1,0,"Electronic,Pop,House,Upbeat,All Weather,All Season,Youth/adult"
Som Fluer,Infinity Action,The Minds Of 99,"=""00:03:46""",Electronic,74,The Minds Of 99 - Som Fluer.mp3,2022,English,1,The Minds Of 99,1,0,"Indie,Energetic,All Weather,All Season"
Show Me Love,Show Me Love,"WizTheMc, bees & honey","=""00:02:54""",Pop,107,"WizTheMc, bees & honey - Show Me Love.mp3",2025,English,1,Bamboo Artists,1,0,"Mainstream,All Weather,All Season,Youth/adult"
Hero,Hero,Alan Walker & Sasha Alex Sloan,"=""00:02:51""",Electronic,126,Alan Walker & Sasha Alex Sloan - Hero.mp3,2023,English,1,MER Recordings,1,0,"Pop,Dance,Upbeat,All Weather,All Season,Youth/adult"
Not Home,Not Home,"Alan Walker, Alessia Labate","=""00:02:00""",Electronic,94,"Alan Walker, Alessia Labate - Not Home.mp3",2026,English,1,Alan Walker & Alessia Labate,1,0,"Pop,R&B,Dance,Upbeat,All Weather,All Season,Youth/adult"
Heart over Mind,Walkerworld,"Alan Walker, Daya","=""00:03:59""",Dance,117,"Alan Walker, Daya - Heart over Mind.mp3",2023,English,1,Alan Walker,1,0,"Electronic,Pop,Upbeat,All Weather,All Season,Youth/adult"
Alok & DENNIS – Mimosa (Now And Forever) feat. Nyasia (Official Live Video),Alok & DENNIS – Mimosa (Now And Forever) feat. Nyasia (Official Live Video),Carol Emanuel,"=""00:01:57""",Electronic,128,Alok & DENNIS – Mimosa (Now And Forever).mp3,2025,English,1,Carol Emanuel,1,0,"Dance,Electro,House,Pop,Upbeat,All Weather,All Season,Youth/adult"
Mimosa,Lost Files,Blaq Jerzee,"=""00:01:57""",Electronic,128,Alok & Dennis ft. Nyasia – Mimosa (Now And Forever).mp3,2023,English,1,Blaq Jerzee,1,0,"Dance,Electro,House,Pop,Upbeat,All Weather,All Season,Youth/adult"
Summer's Back,Summer's Back,Alok & Jess Glynne,"=""00:02:28""",Electronic,126,Alok & Jess Glynne - Summer's Back.mp3,2024,English,1,"Columbia, B1 Recordings, Alok Music, B1 Recordings, Sony Music Entertainment",1,0,"House,Pop,Upbeat,All Weather,All Season,Youth/adult"
Dive Into Me,Dive Into Me,Alok & Khalid,"=""00:02:46""",Dance,126,Alok & Khalid - Dive Into Me.mp3,2026,English,1,"Columbia, B1 Recordings, Alok Music, B1 Recordings, Sony Music Entertainment",1,0,"House,Electro,Upbeat,All Weather,All Season,Youth/adult"
last night i dreamt i fell in love,last night i dreamt i fell in love,Alok & Kylie Minogue,"=""00:02:09""",Dance,130,Alok & Kylie Minogue - last night i dreamt i fell in love.mp3,2025,English,1,"Columbia, B1 Recordings",1,0,"House,Pop,Upbeat,All Weather,All Season,Youth/adult"
Bad Angel,Bad Angel,Anyma & LISA,"=""00:02:30""",Dance,128,"Anyma, LISA - Bad Angel (with LISA).mp3",2026,English,1,The End Of Genesys,1,0,"Electronic,Pop,House,Upbeat,All Weather,All Season,Youth/adult"
Beautiful,Beautiful,"Anyma, Joji","=""00:03:34""",Dance,127,"Anyma, Joji - Beautiful.mp3",2026,English,1,The End Of Genesys,1,0,"House,Pop,Upbeat,All Weather,All Season,Youth/adult"
Bad Angel,Bad Angel,"Anyma, LISA","=""00:02:30""",Dance,128,"Anyma, LISA - Bad Angel.mp3",2026,English,1,The End Of Genesys,1,0,"Electronic,Pop,House,Upbeat,All Weather,All Season,Youth/adult"
My Oh My,My Oh My,Ava Max,"=""00:02:34""",Pop,117,Ava Max - My Oh My.mp3,2024,English,1,"Atlantic, Atlantic Records Group LLC, Atlantic Records Group LLC",1,0,"Electronic,House,Upbeat,All Weather,All Season,Youth/adult"
Kisses,Kisses (Malugi extended remix),BL3SS x CamrinWatsin,"=""00:02:18""",Dance,142,BL3SS x CamrinWatsin - Kisses.mp3,2024,English,1,BL3SS x CamrinWatsin feat. bbyclose,1,0,"Electronic,Pop,Upbeat,All Weather,All Season,Youth/adult"
Sad Girls,DIRTY BLONDE,Bebe Rexha & David Guetta,"=""00:02:49""",Dance,128,Bebe Rexha & David Guetta - Sad Girls.mp3,2026,English,1,Bebe Rexha,1,0,"Electronic,House,Pop,Upbeat,All Weather,All Season,Youth/adult"
New Religion,New Religion,Bebe Rexha & Faithless,"=""00:02:53""",Electronic,128,Bebe Rexha & Faithless - New Religion.mp3,2026,English,1,"Empire, Bebe Rexha Music LLC, Empire, Bebe Rexha Music LLC, Empire",1,0,"Pop,House,Upbeat,All Weather,All Season,Youth/adult"
Hysteria,Dirty Blonde (Sad Girls Edition),Bebe Rexha,"=""00:02:23""",Electronic,145,Bebe Rexha - Hysteria.mp3,2026,English,1,Bebe Rexha,1,0,"Dance,Upbeat,All Weather,All Season,Youth/adult"
Outside Of Love,Outside Of Love,Becky Hill,"=""00:02:56""",Dance,126,Becky Hill - Outside Of Love.mp3,2024,English,1,"Polydor, Eko Records, Universal Music Operations Ltd., Universal Music Operations Ltd.",1,0,"Electronic,Pop,House,Upbeat,All Weather,All Season,Youth/adult"
Stumblin' In,Stumblin' In,CYRIL,"=""00:03:34""",Dance,126,CYRIL - Stumblin' In.mp3,2023,English,1,Spinnin' Records,1,0,"House,Pop,Upbeat,All Weather,All Season,Youth/adult"
Free,Free (Remixes),"Calvin Harris, Ellie Goulding","=""00:03:32""",Dance,138,"Calvin Harris, Ellie Goulding - Free.mp3",2024,English,1,"Calvin Harris, Ellie Goulding",1,0,"Electronic,House,Upbeat,All Weather,All Season,Youth/adult"
Blessings,2025 MegaMix,"Calvin Harris, Clementine Douglas","=""00:03:40""",Dance,130,"Calvin Harris, Clementine Douglas - Blessings.mp3",2025,English,1,"Calvin Harris, Clementine Douglas",1,0,"Electronic,House,Pop,Electro,Upbeat,All Weather,All Season,Youth/adult"
Miracle,Miracle,"Calvin Harris, Ellie Goulding","=""00:03:05""",Dance,143,"Calvin Harris, Ellie Goulding - Miracle.mp3",2023,English,1,"Columbia, Sony Music, Sony Music Entertainment UK Limited, Sony Music Entertainment UK Limited, Sony Music Entertainment, Sony Music Entertainment International Services GmbH, Sony Music UK, GZ Media, Abbey Road Studios",1,0,"Electronic,Pop,Upbeat,All Weather,All Season,Youth/adult"
Ocean,"Club Sounds: The Ultimate Club Dance Collection, Vol. 108","Calvin Harris, Jessie Reyez","=""00:03:37""",Dance,136,"Calvin Harris, Jessie Reyez - Ocean.mp3",2025,English,1,"Calvin Harris, Jessie Reyez & Emily Nash",1,0,"Electronic,House,Pop,Upbeat,All Weather,All Season,Youth/adult"
Guess,Brat and it’s the same but there’s three more songs so it’s not,Charli xcx,"=""00:02:41""",Electropop,130,Charli xcx - Guess.mp3,2024,English,1,Charli xcx,1,0,"Dance,Electro,House,Electronica,Upbeat,All Weather,All Season,Youth/adult"
Tell Me Where U Go,Tell Me Where U Go (Tiësto VIP mix),Clean Bandit x Tiësto x Leony,"=""00:02:59""",Dance,142,Clean Bandit x Tiësto x Leony - Tell Me Where U Go.mp3,2025,English,1,Clean Bandit & Tiësto feat. Leony,1,0,"Electronic,Pop,Upbeat,All Weather,All Season,Youth/adult"
Never Going Home Tonight,Never Going Home Tonight (KAAZE remix),David Guetta & Alesso,"=""00:02:44""",Dance,126,David Guetta & Alesso - Never Going Home Tonight.mp3,2024,English,1,David Guetta & Alesso feat. Madison Love,1,0,"Pop,House,Electro,Upbeat,All Weather,All Season,Youth/adult"
When We Were Young,When We Were Young (The Logical Song) (Seth Hills remix),David Guetta & Kim Petras,"=""00:02:45""",Dance,140,David Guetta & Kim Petras - When We Were Young (The Logical Song).mp3,2024,English,1,"Parlophone, What A DJ Ltd., What A DJ Ltd., Warner Music UK Ltd.",1,0,"Electronic,Pop,Upbeat,All Weather,All Season,Youth/adult"
I Don't Wanna Wait,Die ultimative Chartshow: Die erfolgreichsten Hits 2024,David Guetta & OneRepublic,"=""00:02:35""",Pop,130,David Guetta & OneRepublic - I Don't Wanna Wait.mp3,2024,English,1,David Guetta & OneRepublic,1,0,"Electronic,Energetic,All Weather,All Season,Youth/adult"
Beautiful People,Beautiful People,David Guetta & Sia,"=""00:03:24""",Dance,130,David Guetta & Sia - Beautiful People.mp3,2025,English,1,"Atlantic, What A DJ Ltd., What A DJ Ltd., Warner Music UK Ltd.",1,0,"Electronic,Pop,House,Upbeat,All Weather,All Season,Youth/adult"
Gone Gone Gone,Gone Gone Gone,"David Guetta, Teddy Swims, Tones and I","=""00:03:18""",Pop,131,"David Guetta, Teddy Swims, Tones and I - Gone Gone Gone.mp3",2025,English,1,"Atlantic, What A DJ Ltd., What A DJ Ltd., Warner Music UK Ltd.",1,0,"Electronic,Energetic,All Weather,All Season,Youth/adult"
Big FU,Big FU,"David Guetta, Ayra Starr & Lil Durk","=""00:02:42""",Dance,124,"David Guetta, Ayra Starr & Lil Durk - Big FU.mp3",2023,English,1,"Warner Music, What A DJ Ltd., What A DJ Ltd., Warner Music UK Ltd.",1,0,"Upbeat,All Weather,All Season,Youth/adult"
Thank You (Not So Bad),Thank You (Not So Bad) (Extended),Dimitri Vegas & Like Mike & Tiësto & Dido & W&W,"=""00:02:20""",Electronic,150,Dimitri Vegas & Like Mike & Tiësto & Dido & W&W - Thank You (Not So Bad).mp3,2023,English,1,Sony Music CG,1,0,"Energetic,All Weather,All Season,Youth/adult"
BDSM,BDSM,DeathbyRomy,"=""00:03:37""",Electronic,123,DeathbyRomy - BDSM.mp3,2026,English,1,Not On Label (DeathbyRomy Self-released),1,0,"Dance,Electro,Upbeat,All Weather,All Season,Youth/adult"
"Dimitri Vegas & Like Mike, Gabry Ponte, Banfy – Bam Bam (with Sheridan) Official Video (Lyrics)","Dimitri Vegas & Like Mike, Gabry Ponte, Banfy – Bam Bam (with Sheridan) Official Lyric Video","Dimitri Vegas & Like Mike, Gabry Ponte, Banfy","=""00:02:24""",Dance,155,"Dimitri Vegas & Like Mike, Gabry Ponte, Banfy – Bam Bam.mp3",2025,English,1,SMC,1,0,"Electronic,Upbeat,All Weather,All Season,Youth/adult"
Monster,Monster,Don Diablo & Felix Jaehn,"=""00:02:24""",Electronic,144,Don Diablo & Felix Jaehn - Monster.mp3,2024,English,1,HEXAGON,1,0,"Pop,Energetic,All Weather,All Season,Youth/adult"
"She’s Gone, Dance On","She's Gone, Dance On",Disclosure,"=""00:03:46""",Dance,134,"Disclosure - She’s Gone, Dance On.mp3",2024,English,1,"DisOrder Records, Capitol Records",1,0,"House,Upbeat,All Weather,All Season,Youth/adult"
Go Home With A Stranger,Go Home With A Stranger,"Don Diablo, Wiz Khalifa & Chri$tian Gate$","=""00:03:06""",Electronic,130,"Don Diablo, Wiz Khalifa & Chri$tian Gate$ - Go Home With A Stranger.mp3",2026,English,1,HEXAGON,1,0,"Dance,Electro,Upbeat,All Weather,All Season,Youth/adult"
Dance the Night,Dance The Night,Dua Lipa,"=""00:03:32""",Pop,110,Dua Lipa - Dance The Night (From Barbie The Album).mp3,2023,English,1,"Atlantic, Mattel, WaterTower Music, Atlantic 75, Atlantic Records, Warner Music Group, Atlantic Recording Corporation, Atlantic Recording Corporation, Warner Bros. Entertainment Inc., Warner Bros. Entertainment Inc., Mattel, Inc., Mattel, Inc., Songs Of Zelig, Concord Music Publishing, Andrew Wyatt Blakemore, Songs Of Kobalt Music Publishing, Universal PolyGram Int. Publishing, Inc., Universal Music Publishing Ltd., Sony/ATV Songs LLC, Warner-Barham Music LLC, Zelig Studios, MixStar Studios",1,0,"Electronic,Upbeat,All Weather,All Season,Youth/adult"
Illusion,Illusion,Dua Lipa,"=""00:03:07""",Pop,127,Dua Lipa - Illusion.mp3,2024,English,1,"Warner Records, Radical22 Limited, Radical22 Limited, Warner Records UK, Warner Music UK Ltd., Radical22 Publishing Limited, Universal Music Publishing, Sony Music Publishing, Universal Music Publishing Group, Viking Jamz Publishing, Sony/ATV Songs LLC, Songs of Universal, Inc., Optimal Media GmbH, Abbey Road Studios",1,0,"Electronic,House,Upbeat,All Weather,All Season,Youth/adult"
Body Moving,Body Moving,"Eliza Rose, Calvin Harris","=""00:02:34""",Electronic,128,"Eliza Rose, Calvin Harris - Body Moving.mp3",2023,English,1,"Ministry Of Sound, Ministry Of Sound Recordings Ltd.",1,0,"House,Pop,Upbeat,All Weather,All Season,Youth/adult"
I Adore You,I Adore You,HUGEL x Topic x Arash feat. Daecolm,"=""00:03:34""",Dance,120,HUGEL x Topic x Arash feat. Daecolm - I Adore You.mp3,2024,English,1,"Virgin, Hugel, Hugel, Universal Music GmbH, Virgin Records",1,0,"Pop,Upbeat,All Weather,All Season,Youth/adult"
Think Of Me,Think Of Me,"HUGEL, David Guetta, Kehlani, Daecolm","=""00:02:50""",Electronic,120,"HUGEL, David Guetta, Kehlani, Daecolm - Think Of Me.mp3",2025,English,1,"Virgin, Hugel, Hugel, Universal Music GmbH, Virgin Records",1,0,"Dance,Electro,Upbeat,All Weather,All Season,Youth/adult"
Die Living,Die Living,"ILLENIUM, David Guetta, Dustin Lynch","=""00:02:51""",Dance,128,"ILLENIUM, David Guetta, Dustin Lynch - Die Living.mp3",2026,English,1,"ILLENIUM, David Guetta & Dustin Lynch",1,0,"Pop,Rock,Upbeat,All Weather,All Season,Youth/adult"
Don't Want Your Love,Don't Want Your Love (Grey remix),"ILLENIUM, Ellie Goulding","=""00:03:12""",Dance,124,"ILLENIUM, Ellie Goulding - Don't Want Your Love.mp3",2026,English,1,ILLENIUM & Ellie Goulding,1,0,"Electro,Pop,House,Upbeat,All Weather,All Season,Youth/adult"
Die Living,Die Living,"Iillenium, David Guetta, Dustin Lynch","=""00:02:51""",Electronic,128,"Iillenium, David Guetta, Dustin Lynch - Die Living.mp3",2026,English,1,SMC,1,0,"Dance,Pop,Rock,Upbeat,All Weather,All Season,Youth/adult"
Beside You,Who We Used To Be (Deluxe),James Blunt,"=""00:03:04""",Pop,124,James Blunt - Beside You.mp3,2023,English,1,James Blunt,1,0,"Electronic,House,Upbeat,All Weather,All Season,Youth/adult"
Whistle,Whistle,"Jax Jones, Calum Scott","=""00:03:15""",Dance,124,"Jax Jones, Calum Scott - Whistle.mp3",2023,English,1,"Polydor, Universal Music Operations Ltd., Universal Music Operations Ltd., Polydor Records",1,0,"Electronic,House,Pop,Upbeat,All Weather,All Season,Youth/adult"
Jaxomy x Agatino Romero x Raffaella Carrà – Pedro (Official Video),Jaxomy x Agatino Romero x Raffaella Carrà – Pedro (Official Video),Jaxomy x Agatino Romero x Raffaella Carrà,"=""00:02:25""",Dance,151,Jaxomy x Agatino Romero x Raffaella Carrà – Pedro.mp3,2024,Italian,1,SMC,1,0,"Electronic,Upbeat,All Weather,All Season,Youth/adult"
Giving Me,Giving Me,Jazzy,"=""00:02:49""",Dance,128,Jazzy - Giving Me.mp3,2023,English,1,Chaos,1,0,"Electronic,House,Pop,Upbeat,All Weather,All Season,Youth/adult"
Make Up,Oh Jazzy,Jazzy,"=""00:02:29""",Dance,136,Jazzy - Make Up.mp3,2024,English,1,Jazzy,1,0,"Electronic,Pop,Upbeat,All Weather,All Season,Youth/adult"
Let's Go Back,Let's Go Back,Jungle,"=""00:03:29""",Funk / Soul,143,Jungle - Let's Go Back.mp3,2024,English,1,Caiola Records,1,0,"Warm,All Weather,All Season"
Turn The Lights Off,Turn The Lights Off,Kato feat. Jon,"=""00:02:59""",Electronic,132,Kato feat. Jon - Turn The Lights Off.mp3,2010,English,1,disco:wax,1,0,"Pop,House,Upbeat,All Weather,All Season,Youth/adult"
Turn The Lights Off (KATO remix),Turn The Lights Off (Remixes),KATO feat. Jon,"=""00:02:59""",Dance,132,Kato ft. Jon - Turn The Lights Off.mp3,2010,English,1,KATO feat. Jon,1,0,"Pop,Electronic,House,Upbeat,All Weather,All Season,Youth/adult"
Kris Kross Amsterdam x INNA – Queen Of My Castle,NRJ Music Awards 2024,Kris Kross Amsterdam,"=""00:02:37""",Dance,128,Kris Kross Amsterdam x INNA – Queen Of My Castle.mp3,2024,English,1,Kris Kross Amsterdam & INNA,1,0,"Electronic,Pop,House,Electro,Upbeat,All Weather,All Season,Youth/adult"
Whatever,Whatever,"Kygo, Ava Max","=""00:03:09""",Electronic,108,"Kygo, Ava Max - Whatever.mp3",2024,English,1,"Kygo, RCA, Kygo, RCA Records, Sony Music Entertainment",1,0,"Pop,Energetic,All Weather,All Season,Youth/adult"
That's When You Know,That's When You Know,"Kygo, Carter Faith","=""00:04:54""",Dance,124,"Kygo, Carter Faith - That's When You Know (Cinematic).mp3",2026,English,1,Kygo w/ Carter Faith,1,0,"Pop,Ambient,Upbeat,Rainy,All Season,Youth/adult"
Save My Love,Save My Love (acoustic version),"Kygo, Khalid, Gryffin","=""00:03:30""",Dance,126,"Kygo, Khalid, Gryffin - Save My Love.mp3",2026,English,1,Kygo w/ Khalid & Gryffin,1,0,"Upbeat,All Weather,All Season,Youth/adult"
For Life,Ultimix 326,"Kygo, Zak Abel","=""00:02:59""",Electronic,122,"Kygo, Zak Abel - For Life.mp3",2024,English,1,"Kygo, Zak Abel & Nile Rodgers",1,0,"Dance,House,Upbeat,All Weather,All Season,Youth/adult"
My Oh My,My Oh My,Kylie Minogue,"=""00:03:03""",Pop,125,Kylie Minogue - My Oh My (with Bebe Rexha & Tove Lo).mp3,2024,English,1,"BMG, BMG, BMG Rights Management (UK) Limited, Kylie Minogue, Darenote, Kylie Minogue, Darenote, Rokstone Music Ltd., Universal Music Publishing (UK) Ltd., Sony Music Publishing, Wolf Cousins, Warner Chappell Music Scandinavia, Rokstone Studios, Glenwood Place Studios, MXM Studios, Los Angeles",1,0,"Electronic,House,Upbeat,All Weather,All Season,Youth/adult"
Padam Padam,Padam Padam,Kylie Minogue,"=""00:02:46""",Pop,128,Kylie Minogue - Padam Padam.mp3,2023,English,1,BMG,1,0,"Dance,House,Electro,Upbeat,All Weather,All Season,Youth/adult"
Abracadabra,Abracadabra,Lady Gaga,"=""00:04:29""",Pop,126,Lady Gaga - Abracadabra.mp3,2025,English,1,"Interscope Records, Streamline Records",1,0,"Electronic,House,Upbeat,All Weather,All Season,Youth/adult"
Garden Of Eden,MAYHEM,Lady Gaga,"=""00:04:00""",Pop,124,Lady Gaga - Garden Of Eden.mp3,2025,English,1,Lady Gaga,1,0,"Dance,Upbeat,All Weather,All Season,Youth/adult"
The Dead Dance,The Dead Dance,Lady Gaga,"=""00:04:47""",Pop,123,Lady Gaga - The Dead Dance.mp3,2025,English,1,"Interscope Records, Interscope Records, Interscope Records",1,0,"Dance,House,Upbeat,All Weather,All Season,Youth/adult"
Runway,The Devil Wears Prada 2 (Music From The Motion Picture),"Lady Gaga, Doechii","=""00:02:51""",Pop,119,"Lady Gaga, Doechii - Runway.mp3",2026,English,1,Lady Gaga & Doechii,1,0,"Dance,Electro,House,Upbeat,All Weather,All Season,Youth/adult"
In My Bones,In My Bones,Lost Frequencies & David Kushner,"=""00:02:36""",Electronic,128,Lost Frequencies & David Kushner - In My Bones.mp3,2024,English,1,"Epic Amsterdam, Lost & Cie Music SPRL, Epic Amsterdam, Sony Music Entertainment Belgium NV/SA",1,0,"Dance,House,Pop,Upbeat,All Weather,All Season,Youth/adult"
Fire - Official UEFA EURO 2024 Song,Die ultimative Chartshow: Die erfolgreichsten Hits 2024,"MEDUZA, OneRepublic, Leony","=""00:02:51""",Dance,130,"MEDUZA, OneRepublic, Leony - Fire.mp3",2024,English,1,"MEDUZA, OneRepublic, Leony",1,0,"Pop,Upbeat,All Weather,All Season,Youth/adult"
Dior,MNM Big Hits - Best Of 2025,MK,"=""00:02:49""",Dance,128,MK - Dior.mp3,2025,English,1,MK,1,0,"Pop,Electronic,House,Upbeat,All Weather,All Season,Youth/adult"
Phoenix,Phoenix,Marshmello x Portugal. The Man,"=""00:02:25""",Dance,130,Marshmello x Portugal. The Man - Phoenix.mp3,2026,English,1,Marshmello & Portugal. The Man,1,0,"Electronic,Pop,House,Upbeat,All Weather,All Season,Youth/adult"
Miles On It,Miles On It,"Marshmello, Kane Brown","=""00:04:31""",Pop,130,"Marshmello, Kane Brown - Miles On It.mp3",2024,English,1,"RCA Records Label Nashville, Joytime Collective, Sony Music Entertainment",1,0,"Hip Hop,Dance,Upbeat,All Weather,All Season,Youth/adult"
MAD,MAD,Martin Garrix & Lauv,"=""00:03:25""",Dance,128,Martin Garrix & Lauv - MAD.mp3,2025,English,1,"Virgin, Casablanca, STMPD RCRDS B.V., STMPD RCRDS B.V., Universal Music GmbH, Virgin Records, Casablanca Records",1,0,"House,Pop,Upbeat,All Weather,All Season,Youth/adult"
Love Bites,Love Bites,"Nelly Furtado, Tove Lo, SG Lewis","=""00:02:50""",Pop,128,"Nelly Furtado, Tove Lo, SG Lewis - Love Bites.mp3",2024,English,1,"Nelstar, 21 Entertainment Group, Inc., Universal Music Canada Inc.",1,0,"Electronic,House,Electro,Upbeat,All Weather,All Season,Youth/adult"
Birds In The Sky,Birds In The Sky,NewEra,"=""00:02:24""",Dance,124,NewEra - Birds In The Sky.mp3,2023,English,1,"FFRR, Cali Cave Records, Cali Cave Records, Warner Records UK, Warner Music UK Ltd.",1,0,"House,Pop,Upbeat,All Weather,All Season,Youth/adult"
Overdrive,Bravo: The Hits 2024,Ofenbach,"=""00:02:36""",Dance,128,Ofenbach - Overdrive.mp3,2023,English,1,Sarah Toscano con Ofenbach,1,0,"Electronic,House,Pop,Upbeat,All Weather,All Season,Youth/adult"
Dizzy,Dizzy,Olly Alexander,"=""00:02:50""",Pop,126,Olly Alexander - Dizzy.mp3,2024,English,1,"Polydor, Polydor, Universal Music Operations Ltd., Universal Music Operations Ltd., Universal Music Publishing, Copyright Control, Sterling Sound",1,0,"Dance,R&B,House,Upbeat,All Weather,All Season,Youth/adult"
AEIOU,AEIOU,"PNAU, Empire Of The Sun","=""00:03:15""",Pop,132,"PNAU, Empire Of The Sun - AEIOU.mp3",2023,English,1,etcetc,1,0,"Electronic,House,Electro,Upbeat,All Weather,All Season,Youth/adult"
Peggy Gou - Find The Way | Coke Studio,Peggy Gou - Find The Way | Coke Studio,Peggy Gou,"=""00:03:05""",Dance,131,Peggy Gou - Find The Way Coke Studio.mp3,2024,English,1,SMC,1,0,"Electronic,House,Pop,Upbeat,All Weather,All Season,Youth/adult"
Find The Way,Find The Way,Peggy Gou,"=""00:03:05""",Electronic,131,Peggy Gou - Find The Way.mp3,2024,English,1,Gudu Records,1,0,"House,Pop,Upbeat,All Weather,All Season,Youth/adult"
Damn I Love Miami,Damn I Love Miami,Pitbull & Lil Jon,"=""00:03:03""",Hip Hop,124,Pitbull & Lil Jon - Damn I Love Miami.mp3,2025,English,1,"Mr. 305, Mr. 305, Inc.",1,0,"Dance,Electro,Upbeat,All Weather,All Season,Youth/adult"
Satalanaaa,Satalanaaa,Pitbull & Lil Jon,"=""00:02:21""",Electronic,128,Pitbull x Lil Jon - Satalanaaa (Party On The Island).mp3,2026,English,1,Pitbull & Lil Jon,1,0,"Dance,Hip Hop,Electro,Upbeat,All Weather,All Season,Youth/adult"
Honey Boy,Honey Boy,"Purple Disco Machine, Benjamin Ingrosso feat. Nile Rodgers & Shenseea","=""00:03:52""",Dance,120,"Purple Disco Machine, Benjamin Ingrosso feat. Nile Rodgers & Shenseea - Honey Boy.mp3",2024,English,1,Purple Disco Machine & Benjamin Ingrosso feat. Nile Rodgers & Shenseea,1,0,"Pop,Electronic,House,Upbeat,All Weather,All Season,Youth/adult"
Honey Boy,Honey Boy (The Sponges Remix),"Purple Disco Machine, Benjamin Ingrosso ft. Nile Rodgers & Shenseea","=""00:03:52""",Dance,120,"Purple Disco Machine, Benjamin Ingrosso ft. Nile Rodgers & Shenseea - Honey Boy.mp3",2024,English,1,Purple Disco Machine & Benjamin Ingrosso feat. Nile Rodgers & Shenseea,1,0,"Pop,Electronic,House,Upbeat,All Weather,All Season,Youth/adult"
Embers,Embers,Robin Schulz,"=""00:03:02""",Dance,130,Robin Schulz - Embers.mp3,2026,English,1,Robin Schulz,1,0,"House,Electro,Upbeat,All Weather,All Season,Youth/adult"
Sweet Goodbye,Sweet Goodbye,Robin Schulz,"=""00:02:38""",Dance,124,Robin Schulz - Sweet Goodbye.mp3,2023,English,1,"Warner Music Central Europe, Robin Schulz, Robin Schulz, Warner Music Group Germany Holding GmbH",1,0,"Electro,House,Upbeat,All Weather,All Season,Youth/adult"
Only Way Is Up,Pop Hits Central,Robin Schulz ft. Izzy Bizu,"=""00:02:30""",Dance,135,Robin Schulz ft. Izzy Bizu - Only Way Is Up.mp3,2024,English,1,Robin Schulz,1,0,"Electronic,Pop,House,Upbeat,All Weather,All Season,Youth/adult"
All I Know,All I Know,"Rudimental, Khalid","=""00:02:58""",Dance,89,"Rudimental, Khalid - All I Know.mp3",2025,English,1,Rudimental & Khalid,1,0,"Upbeat,All Weather,All Season,Youth/adult"
Espresso,Espresso,Sabrina Carpenter,"=""00:02:56""",Pop,104,Sabrina Carpenter - Espresso.mp3,2024,English,1,"Island Records, Island Records, Island Records, UMG Recordings, Inc., Sabalicious Songs, Music of Big Family, Dragon Bunny Music, Kenny + Betty Tunes, Steph Jones Who Music, Flow Studios, The Perch, TAKT, Takt Direct",1,0,"Electronic,R&B,Energetic,All Weather,All Season,Youth/adult"
Let It Talk To Me,Let It Talk To Me,Sean Paul x INNA,"=""00:02:35""",Pop,120,Sean Paul x INNA - Let It Talk To Me.mp3,2025,English,1,Global Records,1,0,"Electronic,Hip Hop,R&B,Energetic,All Weather,All Season,Youth/adult"
All This Time,All This Time,Sonny Fodera & Jazzy,"=""00:03:44""",Electronic,128,Sonny Fodera & Jazzy - All This Time.mp3,2025,English,1,Solotoko,1,0,"Pop,House,Upbeat,All Weather,All Season,Youth/adult"
A New Day,A New Day,Sebastian Ingrosso,"=""00:04:24""",Electronic,132,Sebastian Ingrosso - A New Day.mp3,2025,English,1,"Superhuman Music, Superhuman Music, Superhuman Music",1,0,"Dance,House,Electro,Upbeat,All Weather,All Season,Youth/adult"
I'm Still Standing,NRJ Music Awards 2025 [Édition Collector],Sound Of Legend,"=""00:02:24""",Dance,149,Sound Of Legend - I'm Still Standing.mp3,2025,English,1,Sound Of Legend,1,0,"Electronic,Upbeat,All Weather,All Season,Youth/adult"
Somedays,Somedays (extended mix),"Sonny Fodera, Jazzy, D.O.D","=""00:03:31""",Dance,128,"Sonny Fodera, Jazzy, D.O.D - Somedays.mp3",2024,English,1,"Sonny Fodera, Jazzy & D.O.D",1,0,"Electronic,House,Pop,Upbeat,All Weather,All Season,Youth/adult"
Wait So Long,Wait So Long,Swedish House Mafia,"=""00:03:20""",Dance,130,Swedish House Mafia - Wait So Long.mp3,2025,English,1,Superhuman Music,1,0,"House,Electro,Upbeat,All Weather,All Season,Youth/adult"
React,REACT,Switch Disco,"=""00:03:21""",Electronic,126,Switch Disco - React.mp3,2023,English,1,"Relentless Records, Sony Music, Relentless Records, Relentless Records, Sony Music Entertainment UK Limited, Sony Music Entertainment, Sony Music Entertainment International Services GmbH, Sony Music UK, Sony Music Publishing, Phrased Differently, Warner/Chappell, Sonopress",1,0,"Pop,Energetic,All Weather,All Season,Youth/adult"
REACT,So Fresh: The Hits Of Spring 2023,Switch Disco ft. Ella Henderson,"=""00:03:21""",Pop,126,Switch Disco ft. Ella Henderson - REACT.mp3,2023,English,1,Switch Disco & Ella Henderson,1,0,"Energetic,All Weather,All Season"
Edge Of Saturday Night,Godspeed,The Blessed Madonna & Kylie Minogue,"=""00:03:30""",Electronic,130,The Blessed Madonna & Kylie Minogue - Edge Of Saturday Night.mp3,2024,English,1,The Blessed Madonna,1,0,"House,Pop,Electro,Upbeat,All Weather,All Season,Youth/adult"
Happier,Today’s Hits: July 2024,The Blessed Madonna,"=""00:04:50""",Pop,126,The Blessed Madonna - Happier (feat. Clementine Douglas).mp3,2024,English,1,The Blessed Madonna,1,0,"Energetic,All Weather,All Season"
Smooth,Smooth,The Chainsmokers,"=""00:02:55""",Electronic,126,The Chainsmokers - Smooth.mp3,2025,English,1,"Disruptor Records, Columbia, Secondhand Happiness, Inc., Disruptor Records, Columbia Records, Sony Music Entertainment",1,0,"Dance,Indie,Rock,Upbeat,All Weather,All Season,Youth/adult"
Popular,Popular (The Remixes),"The Weeknd, Madonna, Playboi Carti","=""00:03:35""",Electronic,99,"The Weeknd, Madonna, Playboi Carti - Popular.mp3",2023,English,1,"Not On Label (The Weeknd), XO, Republic Records",1,0,"Pop,Hip Hop,Soul,Energetic,All Weather,All Season,Youth/adult"
OIIA OIIA (Spinning Cat),OIIA OIIA (Spinning Cat),W&W,"=""00:02:15""",Electronic,149,W&W - OIIA OIIA (Spinning Cat).mp3,2025,English,1,Rave Culture,1,0,"Dance,Electro,Upbeat,All Weather,All Season,Youth/adult"
Prada,Prada,"cassö, RAYE, D-Block Europe","=""00:02:14""",Electronic,142,"cassö, RAYE, D-Block Europe - Prada.mp3",2023,English,1,"Ministry Of Sound, Ministry Of Sound Recordings Ltd.",1,0,"Dance,Upbeat,All Weather,All Season,Youth/adult"
Mwaki,MWAKI: REFRESHED,Zerb ft. @Sofiya Nzau,"=""00:03:41""",Electronic,120,Zerb ft. @Sofiya Nzau - Mwaki.mp3,2024,English,1,Zerb & Sofiya Nzau,1,0,"Dance,Electro,Upbeat,All Weather,All Season,Youth/adult"
Cover Up My Face,Cover Up My Face - Single,southstar,"=""00:03:24""",Dance,155,southstar - Cover Up My Face.mp3,2023,English,1,southstar,1,0,"Electronic,Upbeat,All Weather,All Season,Youth/adult"
Passenger,WILDCHILD,Alex Warren,"=""00:02:40""",Pop,136,Alex Warren - Passenger.mp3,2026,English,1,Alex Warren,1,0,"Electronic,Rock,Indie Rock,Energetic,All Weather,All Season,Youth/adult"
we can't be friends,eternal sunshine,Ariana Grande,"=""00:04:43""",Pop,117,Ariana Grande - we can't be friends (wait for your love).mp3,2024,English,1,Ariana Grande,1,0,"Dance,Upbeat,All Weather,All Season,Youth/adult"
Cold,Cold,BigXthaPlug & Post Malone,"=""00:03:08""",Hip Hop,156,BigXthaPlug - Cold feat. Post Malone.mp3,2025,English,1,BigXthaPlug & Post Malone,1,0,"Electronic,Energetic,All Weather,All Season"
Wildflower,HIT ME HARD AND SOFT,Billie Eilish,"=""00:04:21""",Alternative,148,Billie Eilish - Wildflower.mp3,2024,English,1,Billie Eilish,1,0,"Folk,Indie,Fresh,All Weather,All Season"
Wagwan,ALL ROADS LEAD HOME,CENTRAL CEE,"=""00:03:03""",Rap,70,CENTRAL CEE - Wagwan.mp3,2026,English,1,Central Cee,1,0,"Calm,Rainy,All Season"
SS26,SS26,Charli xcx,"=""00:02:53""",Pop,135,Charli xcx - SS26.mp3,2026,English,1,"Atlantic, Atlantic Records, Warner Music Group, Charli XCX Inc., Charli XCX Inc., Atlantic Recording Corporation, WMIS Limited, Warner Music Group Germany Holding GmbH",1,0,"Indie,Rock,Mainstream,All Weather,All Season,Youth/adult"
Stereo Love,Stereo Love,Edward Maya & Vika Jigulina,"=""00:03:04""",Electronic,128,Edward Maya & Vika Jigulina - Stereo Love.mp3,2009,English,1,"Dance On The Beat, Dance On The Beat Records, Vinylbrokers",1,0,"Dance,House,Pop,Electro,Upbeat,All Weather,All Season,Youth/adult"
4 Raws Remix,4 Raws (remix),EsDeeKid ft. Timothée Chalamet,"=""00:01:39""",Hip Hop,144,EsDeeKid ft. Timothée Chalamet - 4 Raws Remix.mp3,2025,English,1,EsDeeKid ft. Timothée Chalamet,1,0,"Electronic,Energetic,All Weather,All Season"
scared,USB,Fred again.. & Young Thug,"=""00:03:28""",Electronic,126,Fred again.. & Young Thug - scared.mp3,2026,English,1,Fred again.. & Young Thug,1,0,"Dance,Upbeat,All Weather,All Season,Youth/adult"
Hit the Wall,Daughter from Hell,Gracie Abrams,"=""00:03:16""",Pop,120,Gracie Abrams - Hit the Wall.mp3,2026,English,1,Gracie Abrams,1,0,"Soul,Mainstream,All Weather,All Season,Youth/adult"
Dance No More,"Kiss All The Time. Disco, Occasionally.",Harry Styles,"=""00:03:21""",Pop,117,Harry Styles - Dance No More.mp3,2026,English,1,Harry Styles,1,0,"Dance,Upbeat,All Weather,All Season,Youth/adult"
Your Idol,Your Idol,KPop Demon Hunters,"=""00:02:00""",Pop,90,KPop Demon Hunters - Your Idol.mp3,2025,English,1,KPop Demon Hunters,1,0,"Electronic,Dance,Upbeat,All Weather,All Season,Youth/adult"
Boys in Skirts,American Teenage Prophecy - EP,Kid Sistr,"=""00:04:07""",Alternative,162,Kid Sistr - Boys in Skirts.mp3,2026,English,1,Kid Sistr,1,0,"Indie,Rock,Pop,Mainstream,All Weather,All Season,Youth/adult"
Earrings,Sweet Boy,Malcolm Todd,"=""00:02:32""",Alternative,162,Malcolm Todd - Earrings.mp3,2024,English,1,Malcolm Todd,1,0,"Indie,Fresh,All Weather,All Season"
Belong Together,Belong Together,Mark Ambor,"=""00:02:32""",Pop,91,Mark Ambor - Belong Together.mp3,2024,English,1,Mark Ambor,1,0,"Rock,Mainstream,All Weather,All Season,Youth/adult"
stupid song,you seem pretty sad for a girl so in love,Olivia Rodrigo,"=""00:03:37""",Pop,128,Olivia Rodrigo - stupid song.mp3,2026,English,1,Olivia Rodrigo,1,0,"Indie,Dance,Upbeat,All Weather,All Season,Youth/adult"
the cure,You Seem Pretty Sad for a Girl So in Love,Olivia Rodrigo,"=""00:05:14""",Pop,144,Olivia Rodrigo - the cure.mp3,2026,English,1,Olivia Rodrigo,1,0,"Electronic,Rock,Folk,Energetic,All Weather,All Season,Youth/adult"
Nanana,Apple Music Live: NYE 2024,Peggy Gou,"=""00:02:44""",Dance,130,Peggy Gou - (It Goes Like) Nanana.mp3,2023,English,1,Peggy Gou,1,0,"Electronic,House,Pop,Upbeat,All Weather,All Season,Youth/adult"
Girl Like Me,Fancy That,PinkPantheress,"=""00:02:37""",Pop,137,PinkPantheress - Girl Like Me.mp3,2025,English,1,"Warner Records, Warner Records UK, PinkPantheress, PinkPantheress, WMIS Limited, Warner Music Group Germany Holding GmbH",1,0,"Electronic,Energetic,All Weather,All Season,Youth/adult"
Escapism.,Escapism. / The Thrill Is Gone.,"RAYE, 070 Shake","=""00:04:33""",Pop,96,"RAYE, 070 Shake - Escapism..mp3",2022,English,1,"Human Re Sources, RAYE, RAYE, Human Re Sources, Sony / ATV Music Publishing, Warner-Tamerlane Publishing Corp., Justin's School For Girls, Warner Chappell Music Publishing, Brandon Skeie Publishing, Marquise Cut Publishing",1,0,"Electronic,R&B,Energetic,All Weather,All Season,Youth/adult"
Ride It,Ride It,Regard,"=""00:02:38""",Dance,118,Regard - Ride It.mp3,2019,English,1,"Ministry Of Sound, Ministry Of Sound Recordings Ltd.",1,0,"Upbeat,All Weather,All Season,Youth/adult"
Bushwick,Detour,Samara Cyn,"=""00:02:28""",Hip Hop,132,Samara Cyn - Bushwick.mp3,2026,English,1,Samara Cyn & Ovrkast.,1,0,"Electronic,Energetic,All Weather,All Season"
Walls,Walls,Sierra Spirit,"=""00:03:08""",Indie,103,Sierra Spirit - Walls.mp3,2026,English,1,Sierra Spirit,1,0,"Rock,Folk,Pop,Mainstream,All Weather,All Season,Youth/adult"
Family Matters,SE9 Part 1 & 2,Skye Newman,"=""00:02:58""",Pop,100,Skye Newman - Family Matters.mp3,2025,English,1,Skye Newman,1,0,"Jazz,Mainstream,Rainy,All Season,Youth/adult"
Tit for tat,TIT FOR TAT,Tate McRae,"=""00:02:56""",Pop,84,Tate McRae - Tit for tat.mp3,2025,English,1,"RCA, RCA Records, Sony Music Entertainment",1,0,"Hip Hop,Electronic,Dance,Upbeat,All Weather,All Season,Youth/adult"
The Life of a Showgirl,The Life Of A Showgirl,Taylor Swift,"=""00:04:06""",Pop,156,Taylor Swift - The Life of a Showgirl.mp3,2025,English,1,Taylor Swift,1,0,"Rock,Mainstream,All Weather,All Season,Youth/adult"
SHE DID IT AGAIN (feat. Zara Larsson),SHE DID IT AGAIN,Tyla,"=""00:03:35""",Pop,97,Tyla - She did it again.mp3,2026,English,1,Tyla,1,0,"R&B,Electronic,Dance,Soul,Upbeat,All Weather,All Season,Youth/adult"
Eurosummer,Midnight Sun,Zara Larsson,"=""00:02:54""",Pop,122,Zara Larsson - Eurosummer.mp3,2025,English,1,Zara Larsson,1,0,"Dance,Electronic,Upbeat,All Weather,All Season,Youth/adult"
Baltimore,orange,01099 x Trettmann,"=""00:03:29""",Electronic,97,01099 x Trettmann - Baltimore.mp3,2025,English,1,01099 f./ Trettmann,1,0,"Energetic,All Weather,All Season"
La alarma,La Alarma,Adexe & Nau,"=""00:02:13""",Pop,148,Adexe & Nau - La alarma.mp3,2025,English,1,Adexe & Nau,1,0,"Dance,Upbeat,All Weather,All Season,Youth/adult"
10 años Adexe & Nau V (Video Oficial),10 años Adexe & Nau V (Video Oficial),Adexe & Nau,"=""00:05:57""",Electronic,105,Adexe & Nau V - 10 Anos.mp3,2025,Spanish,1,Adexe & Nau,1,0,"Pop,Dance,Hip Hop,Upbeat,All Weather,All Season,Youth/adult"
Dire je t'aime,Nostalgia,Allan,"=""00:02:46""",Electronic,162,Allan - Dire je t'aime.mp3,2025,English,1,Allan,1,0,"Indie,Hip Hop,Energetic,All Weather,All Season"
Apágame,Apágame,Alvaro Soler,"=""00:03:06""",Electronic,142,Alvaro Soler - Apágame.mp3,2025,Spanish,1,Álvaro Soler,1,0,"Pop,Dance,Indie,Upbeat,All Weather,All Season,Youth/adult"
Distancia,El Camino,Alvaro Soler,"=""00:02:32""",Pop,120,Alvaro Soler - Distancia.mp3,2025,English,1,Alvaro Soler,1,0,"Dance,Upbeat,All Weather,All Season,Youth/adult"
Mut zur Liebe,Mut zur Liebe,AnNa R.,"=""00:03:43""",Pop,130,AnNa R. – Mut zur Liebe.mp3,2025,English,1,AnNa R.,1,0,"Rock,Indie,Mainstream,All Weather,All Season,Youth/adult"
Lárgate,Lárgate,Ana Mena,"=""00:03:17""",Pop,122,Ana Mena - Lárgate.mp3,2025,Spanish,1,"Sony Music, Sony Music Entertainment España, S.L.",1,0,"Electronic,Dance,Upbeat,All Weather,All Season,Youth/adult"
Thelma et Louise,Thelma et Louise,Anis,"=""00:02:40""",Electronic,85,Anis - Thelma et Louise.mp3,2025,English,1,Anis,1,0,"Pop,Chillout,Rainy,All Season,Youth/adult"
Esibizionista,Esibizionista,Annalisa,"=""00:03:27""",Pop,125,Annalisa - Esibizionista.mp3,2025,English,1,"Warner Music Italy, Warner Music Italy",1,0,"Electronic,House,Upbeat,All Weather,All Season,Youth/adult"
Luz,Luz,Antonio José,"=""00:03:44""",Pop,119,Antonio José - Luz.mp3,2025,Spanish,1,Antonio José,1,0,"Dance,Indie,Electro,Upbeat,All Weather,All Season,Youth/adult"
Désarmer,Destinée Supremacy,Aya Nakamura,"=""00:02:41""",R&B,93,Aya Nakamura - Désarmer.mp3,2025,French,1,Aya Nakamura,1,0,"Pop,Hip Hop,Soul,Electronic,Energetic,All Weather,All Season,Youth/adult"
Pretty Woman (All Around The World),Pretty Woman (All Around The World),Azteck & Pitbull with Gabry Ponte,"=""00:02:17""",Electronic,136,"Azteck, Pitbull with Gabry Ponte - Pretty Woman.mp3",2025,English,1,Azteck & Pitbull with Gabry Ponte,1,0,"Dance,Electro,Upbeat,All Weather,All Season,Youth/adult"
Quieres Autodestruirte Conmigo,INFANCIA MAL CALIBRADA,Barry B,"=""00:03:08""",Electronic,155,Barry B - Quieres Autodestruirte Conmigo.mp3,2025,English,1,Barry B,1,0,"Indie,Rock,Energetic,All Weather,All Season"
Elefantastisch,Elefantastisch,Basti Stein,"=""00:02:32""",Pop,103,Basti Stein - Elefantastisch.mp3,2025,English,1,Basti Stein,1,0,"Electronic,Energetic,All Weather,All Season,Youth/adult"
Bye Bye,Bye Bye,Bianca Costa x Merveille,"=""00:02:33""",R&B,130,Bianca Costa x Merveille - Bye Bye.mp3,2025,English,1,Bianca Costa x Merveille,1,0,"Pop,Electronic,Dance,Upbeat,All Weather,All Season,Youth/adult"
Theater,Theater 🎭,Bonez,"=""00:02:22""",Offizielle Charts,102,Bonez - Theater.mp3,2025,German,1,Bonez MC,1,0,"Hip Hop,Balanced,All Weather,All Season"
Printemps,Printemps,Bouss,"=""00:03:22""",Hip Hop,105,Bouss - Printemps.mp3,2025,English,1,Bouss,1,0,"Electronic,Energetic,All Weather,All Season"
N'Essa Rua,N’essa Rua,"Branko, Tainá","=""00:01:36""",Electronic,120,"Branko, Tainá - N'Essa Rua.mp3",2025,Finnish,1,Branko & Tainá,1,0,"Electronica,Chillout,Rainy,All Season"
Saber,Eu Vou Morrer de Amor ou Resistir,Carminho,"=""00:02:11""",Folk,126,Carminho - Saber.mp3,2025,English,1,Carminho & Laurie Anderson,1,0,"Pop,Indie,Mainstream,All Weather,All Season,Youth/adult"
Manteau chagrin,Manteau chagrin,Coline Rio,"=""00:04:13""",Pop,153,Coline Rio - Manteau chagrin.mp3,2025,English,1,Coline Rio,1,0,"Jazz,Mainstream,Rainy,All Season,Youth/adult"
More Mentors,About Time,Connor Price & Idris Elba,"=""00:03:54""",Hip Hop,164,Connor Price & Idris Elba - More Mentors.mp3,2025,English,1,Connor Price,1,0,"Energetic,All Weather,All Season"
ausnahmsweise,baby t,Dani Lia x yola,"=""00:02:33""",Electronic,172,Dani Lia x yola - ausnahmsweise.mp3,2025,English,1,Dani Lia & yola,1,0,"Pop,Indie,Energetic,All Weather,All Season,Youth/adult"
Problema,Underwater,Dei V,"=""00:03:23""",Hip Hop,98,Dei V - Problema (ft. Luar La L).mp3,2025,English,1,Dei V & Luar la L,1,0,"Electronic,Energetic,All Weather,All Season"
Por Ti,Futuros Imposibles,Dorian,"=""00:03:40""",Electronic,95,Dorian - Por Ti.mp3,2024,English,1,Dorian,1,0,"Pop,Dance,Upbeat,All Weather,All Season,Youth/adult"
Gangsterchick (LX Remix),Gangsterchick (LX Remix),"Driess, Lef & LX","=""00:02:57""",Electronic,122,Driess x LEF x LX - Gangsterchick.mp3,2025,English,1,"Driess, Lef & LX",1,0,"Dance,Pop,Hip Hop,Upbeat,All Weather,All Season,Youth/adult"
A Esto Le Llamas Amor,A Esto Le Llamas Amor,Dudi,"=""00:02:07""",Indie,110,Dudi - A Esto Le Llamas Amor.mp3,2025,English,1,Dudi,1,0,"Electronic,Pop,Rock,Energetic,All Weather,All Season,Youth/adult"
Reyerta,Reyerta,Dura Calá,"=""00:04:08""",Rock,110,Dura Calá - Reyerta.mp3,2025,Spanish,1,Dura Calá,1,0,"Metal,Energetic,All Weather,All Season"
Brutta storia,BRUTTA STORIA,"Emma, Juli","=""00:03:41""",Pop,94,"Emma, Juli - Brutta storia.mp3",2025,English,1,Emma & Juli,1,0,"Electronic,Indie,Energetic,All Weather,All Season,Youth/adult"
drop body,drop body,Erda,"=""00:02:33""",Electronic,108,Erda - drop body.mp3,2025,English,1,Erda & MENJU,1,0,"Dance,Pop,Hip Hop,Upbeat,All Weather,All Season,Youth/adult"
Certe Notti,Buon compleanno Elvis Covered,Francesco De Gregori,"=""00:03:45""",Rock,150,Francesco De Gregori - Certe Notti.mp3,2025,English,1,Francesco De Gregori,1,0,"Folk,Energetic,All Weather,All Season"
Niente di particolare,Calcinacci,Fulminacci,"=""00:02:54""",Pop,152,Fulminacci - Niente di particolare.mp3,2026,English,1,Fulminacci,1,0,"Indie,Rock,Mainstream,All Weather,All Season,Youth/adult"
Sentimental,SENTIMENTAL,GIMS,"=""00:03:37""",Electronic,123,GIMS - Sentimental.mp3,2025,English,1,GIMS,1,0,"Dance,Pop,House,Upbeat,All Weather,All Season,Youth/adult"
Invincibile,Invincibile,Gaia,"=""00:02:39""",Pop,134,Gaia - Invincibile.mp3,2024,English,1,Gaia,1,0,"Dance,Indie,Upbeat,All Weather,All Season,Youth/adult"
Monter à Paris,Boulevard de l’enfance,Gauvain Sers,"=""00:03:31""",Pop,94,Gauvain Sers - Monter à Paris.mp3,2026,French,1,Gauvain Sers,1,0,"Indie,Mainstream,All Weather,All Season,Youth/adult"
Das leben ist...,Vier Augen,HE RO,"=""00:03:00""",Electronic,152,HE RO - Das leben ist....mp3,2025,English,1,HE/RO,1,0,"Rock,Hip Hop,Indie,Energetic,All Weather,All Season"
Wacht Op Mij,Wacht Op Mij,Hannah Mae,"=""00:03:07""",Pop,120,Hannah Mae - Wacht Op Mij.mp3,2025,English,1,Hannah Mae,1,0,"Mainstream,All Weather,All Season,Youth/adult"
Kannst du mich lieben,Kannst du mich lieben?,Hava,"=""00:02:45""",Pop,96,Hava - Kannst du mich lieben.mp3,2025,English,1,Hava,1,0,"R&B,Electronic,Energetic,All Weather,All Season,Youth/adult"
Hors piste 5,Hors piste 5,Jarod,"=""00:01:24""",Electronic,137,Jarod - Hors piste 5.mp3,2025,English,1,Jarod,1,0,"Dance,Electro,Hip Hop,Upbeat,All Weather,All Season,Youth/adult"
ROSE CHROMÉ,G-POP CLASSIKS .01,Jey Brownie,"=""00:02:26""",Electronic,154,Jey Brownie - Rose chrome.mp3,2025,English,1,Jey Brownie,1,0,"Hip Hop,Pop,Energetic,All Weather,All Season,Youth/adult"
Ah bon,AH BON,Jyeuhair,"=""00:03:50""",Electronic,98,Jyeuhair - Ah bon.mp3,2025,English,1,JYEUHAIR,1,0,"Hip Hop,Ambient,Energetic,Rainy,All Season"
Benz,Benz,Kaffkiez,"=""00:02:36""",Electronic,150,Kaffkiez - Benz.mp3,2025,English,1,KAFFKIEZ,1,0,"Indie,Electro,Rock,Energetic,All Weather,All Season"
Ich hoff,Ich hoff,Kauta,"=""00:02:26""",Electronic,130,Kauta - Ich hoff (prod. by Niko Avgerinos).mp3,2025,English,1,Kauta,1,0,"R&B,Pop,Dance,Upbeat,All Weather,All Season,Youth/adult"
Nie Wieder,Tagebuch,Kauta,"=""00:02:41""",Electronic,116,Kauta - Nie Wieder.mp3,2025,English,1,Kauta,1,0,"Pop,Dance,Upbeat,All Weather,All Season,Youth/adult"
Sonne Geht Auf,Sonne Geht Auf,"Klangkuenstler, Ski Aggu","=""00:00:52""",Electronic,156,"Klangkuenstler, Ski Aggu - Sonne Geht Auf.mp3",2025,German,1,Outworld,1,0,"Electro,Dance,Upbeat,All Weather,All Season,Youth/adult"
Super 8,Super 8,LUNA,"=""00:02:22""",Pop,105,LUNA - Super 8.mp3,2025,English,1,LUNA,1,0,"Electronic,R&B,Jazz,Chillout,Rainy,All Season,Youth/adult"
Hasta que me quede sin voz,Hasta que me quede sin voz,Leiva,"=""00:04:54""",Rock,117,Leiva - Hasta que me quede sin voz.mp3,2025,English,1,Leiva,1,0,"Indie,Folk,Pop,Mainstream,All Weather,All Season,Youth/adult"
En La Cuerda Floja,En La Cuerda Floja,"Lia Kali, Toni Anzis","=""00:02:17""",Hip Hop,88,"Lia Kali, Toni Anzis - En La Cuerda Floja.mp3",2025,English,1,"Lia Kali, Toni Anzis",1,0,"R&B,Electronic,Pop,Energetic,All Weather,All Season,Youth/adult"
Ce monde,Ce monde,Lou Deleuze,"=""00:02:46""",Pop,96,Lou Deleuze - Ce monde.mp3,2025,English,1,Jo & Co,1,0,"Children's,Mainstream,All Weather,All Season,Youth/adult"
Desde el Reservao,Desde el Reservao,Lérica,"=""00:03:16""",Electronic,128,Lérica - Desde el Reservao.mp3,2025,Spanish,1,Lérica,1,0,"Dance,Electro,House,Upbeat,All Weather,All Season,Youth/adult"
Coupé Sport,MINUTE,Marwa Loud,"=""00:02:27""",Electronic,120,Marwa Loud - Coupé Sport.mp3,2020,French,1,Araujo,1,0,"Dance,Electro,Pop,Upbeat,All Weather,All Season,Youth/adult"
Pa Celebrar - Masha Palazzo x Lenier x Alex Duvall,Pa Celebrar - Masha Palazzo x Lenier x Alex Duvall,Masha Palazzo x Lenier x Alex Duvall,"=""00:02:42""",Dance,128,Masha Palazzo x Lenier x Alex Duvall - Pa Celebrar.mp3,2025,English,1,SMC,1,0,"Electronic,Pop,House,Upbeat,All Weather,All Season,Youth/adult"
M'en Aller,M'en Aller,Maud Elka,"=""00:02:29""",Pop,88,Maud Elka - M'en Aller ft. Léa Churros.mp3,2025,English,1,Maud Elka,1,0,"R&B,Soul,Mainstream,All Weather,All Season,Youth/adult"
Mrs Toxic,All In,Mero,"=""00:02:27""",Hip Hop,100,Mero - Mrs Toxic.mp3,2025,English,1,MERO,1,0,"R&B,Electronic,Energetic,All Weather,All Season"
Santa,Santa,Mimicat,"=""00:02:38""",Pop,130,Mimicat - Santa.mp3,2025,English,1,Mimicat,1,0,"Dance,Upbeat,All Weather,All Season,Youth/adult"
Che serata stupida,Supernova,Mobrici,"=""00:03:30""",Pop,108,Mobrici - Che serata stupida.mp3,2025,English,1,"Epic, Epic, Maciste Dischi, Sony Music Entertainment Italy S.p.A.",1,0,"Indie,Rock,Mainstream,All Weather,All Season,Youth/adult"
Viel zu viel,Viel zu viel,Momo Chahine,"=""00:02:21""",Pop,122,Momo Chahine - Viel zu viel.mp3,2025,English,1,Momo Chahine,1,0,"Indie,Electronic,Energetic,All Weather,All Season,Youth/adult"
Prends l'air,Les Festivités,Nayra,"=""00:03:15""",Electronic,130,Nayra - Prends l'air.mp3,2025,French,1,Kova Réa,1,0,"Pop,Dance,Upbeat,All Weather,All Season,Youth/adult"
Appelle les pompiers,Appelle les pompiers,Naza,"=""00:02:18""",Electronic,118,Naza - Appelle les pompiers.mp3,2025,English,1,Naza,1,0,"Hip Hop,Energetic,All Weather,All Season"
Cristalline,Masta Dégât,Naza,"=""00:02:55""",Electronic,131,Naza - Cristalline.mp3,2025,French,1,Naza,1,0,"Pop,Energetic,All Weather,All Season,Youth/adult"
Alexander,Alexander,Niska,"=""00:02:40""",Hip Hop,140,Niska - Alexander.mp3,2025,English,1,Niska,1,0,"Electronic,Energetic,All Weather,All Season"
Buon trasloco,Buon trasloco,"Olly, Juli","=""00:04:20""",Pop,95,"Olly, Juli - Buon trasloco.mp3",2025,English,1,"Olly, Juli",1,0,"Mainstream,All Weather,All Season,Youth/adult"
Toi jamais,Toi jamais,Oria,"=""00:02:52""",Pop,115,Oria - Toi jamais.mp3,2025,English,1,Oria,1,0,"Soul,R&B,Mainstream,All Weather,All Season,Youth/adult"
Mis 36,Mis 36,Pablo Alborán,"=""00:04:04""",Pop,147,Pablo Alborán - Mis 36.mp3,2025,Spanish,1,Pablo Alborán,1,0,"Rock,Mainstream,All Weather,All Season,Youth/adult"
Amaro,Hello World,Pinguini Tattici Nucleari,"=""00:03:38""",Pop,135,Pinguini Tattici Nucleari - Amaro.mp3,2025,English,1,Pinguini Tattici Nucleari,1,0,"Indie,Electronic,Energetic,All Weather,All Season,Youth/adult"
Pub Irlandés,Punto cero,"Pole., Funzo","=""00:03:00""",Rock,111,"Pole., Funzo - Pub Irlandés.mp3",2026,Spanish,1,Pole. & Funzo,1,0,"Punk,Electronic,Energetic,All Weather,All Season"
Volar Sin Ti,Volar Sin Ti,Rubén Galán,"=""00:03:12""",Electronic,144,Rubén Galán - Flycare - Volar Sin Ti.mp3,2025,English,1,SMC,1,0,"Energetic,All Weather,All Season"
Quero Essa Mulher,Quero Essa Mulher,Rui Bandeira,"=""00:03:45""",Pop,104,Rui Bandeira - Quero Essa Mulher.mp3,2025,English,1,Rui Bandeira,1,0,"Electronic,Energetic,All Weather,All Season,Youth/adult"
"SAINT - Cok Deli (Prod. by GIVANO, SAINT) [Official Video]","SAINT - Cok Deli (Prod. by GIVANO, SAINT) [Official Video]",Saint,"=""00:02:27""",R&B,147,Saint - Cok Deli.mp3,2025,English,1,SMC,1,0,"Pop,Electronic,Soul,Energetic,All Weather,All Season,Youth/adult"
Dansen Met De Duivel,Dansen Met De Duivel,Samuel Welten,"=""00:02:39""",Pop,124,Samuel Welten - Dansen Met De Duivel.mp3,2025,English,1,Samuel Welten,1,0,"Dance,Electronic,Upbeat,All Weather,All Season,Youth/adult"
Sauvignon Blanc,Sauvignon Blanc,Savvy,"=""00:02:49""",Electronic,127,Savvy - Sauvignon Blanc.mp3,2025,English,1,Savvy,1,0,"Electro,Dance,Upbeat,All Weather,All Season,Youth/adult"
Herzensmensch,Analog,Seer,"=""00:02:40""",Pop,88,Seer - Herzensmensch.mp3,2019,English,1,Seer,1,0,"Rock,Indie,Mainstream,All Weather,All Season,Youth/adult"
astrologia,In fiore,"Sethu, Jiz","=""00:02:43""",Pop,120,"Sethu, Jiz - astrologia.mp3",2025,English,1,Sethu & Jiz,1,0,"Indie,Dance,Rock,Upbeat,All Weather,All Season,Youth/adult"
Rubinrot,Meine Liebe ist Gift (Black Edition),Sotiria,"=""00:02:57""",Rock,110,Sotiria - Rubinrot.mp3,2025,English,1,Sotiria,1,0,"Pop,Electronic,Energetic,All Weather,All Season,Youth/adult"
Eu Quero é Festa,Eu Quero é Festa,Tiago Marques,"=""00:04:36""",Pop,102,Tiago Marques - Eu Quero é Festa.mp3,2025,Portuguese,1,Tiago Marques,1,0,"Electronic,Dance,Upbeat,All Weather,All Season,Youth/adult"
Maldita Mudanza,Maldita Mudanza,"Vanesa Martín, Camilo","=""00:03:12""",Pop,144,"Vanesa Martín, Camilo - Maldita Mudanza.mp3",2025,Spanish,1,"Vanesa Martín, Camilo",1,0,"Mainstream,All Weather,All Season,Youth/adult"
Küss mich wach,Küss mich wach,Vanessa Mai,"=""00:02:59""",Dance,133,Vanessa Mai - Küss mich wach.mp3,2025,German,1,Vanessa Mai,1,0,"Pop,Electronic,Upbeat,All Weather,All Season,Youth/adult"
Traumfabrik,Traumfabrik,Vanessa Mai,"=""00:02:52""",Pop,128,Vanessa Mai - Traumfabrik.mp3,2025,English,1,Warner Music Group Germany Holding GmbH,1,0,"Electronic,House,Upbeat,All Weather,All Season,Youth/adult"
Mala Prensa,Hecho en tiempos de paz,Viva Suecia,"=""00:03:26""",Rock,83,Viva Suecia - Mala Prensa.mp3,2025,English,1,Viva Suecia,1,0,"Indie,Electro,Indie Rock,Energetic,All Weather,All Season"
Casar É pra Esquecer,Casar É pra Esquecer,Vizinhos,"=""00:02:58""",Pop,142,Vizinhos - Casar.mp3,2025,Portuguese,1,Vizinhos,1,0,"Electronic,Energetic,All Weather,All Season,Youth/adult"
Hey Buurvrouw,Hey Buurvrouw,Wesley Klein ft. Bolle Tito,"=""00:02:17""",Pop,130,Wesley Klein ft. Bolle Tito - Hey Buurvrouw.mp3,2025,English,1,SMC,1,0,"Dance,Electronic,Upbeat,All Weather,All Season,Youth/adult"
Uff Yaa,Uff Yaa,Zah1de,"=""00:02:10""",Rap,103,Zah1de - Uff Yaa.mp3,2025,English,1,ZAH1DE,1,0,"Electronic,R&B,Energetic,All Weather,All Season"
2 Little 2 Late,2 Little 2 Late,"Levi, Mario","=""00:02:51""",Electronic,110,01 2 Little 2 Late.mp3,2025,English,1,"Levi, Mario",1,0,"Pop,Dance,R&B,Upbeat,All Weather,All Season,Youth/adult"
3 Sum,3 Sum,Mark Dohner,"=""00:01:50""",Electronic,110,01 3 Sum.mp3,2020,English,1,Mark Dohner,1,0,"Pop,Dance,Upbeat,All Weather,All Season,Youth/adult"
3AM,3AM,DRAMA,"=""00:03:45""",Electronic,103,01 3AM.mp3,2022,English,1,DRAMA,1,0,"Energetic,All Weather,All Season"
501,501,"Bilal Wahib, Ronnie Flex","=""00:02:08""",Hip Hop,93,01 501.mp3,2021,English,1,Bilal Wahib,1,0,"R&B,Pop,Dance,Electronic,Upbeat,All Weather,All Season,Youth/adult"
5am,5am,Michael Schulte,"=""00:02:57""",Pop,120,01 5am.mp3,2026,English,1,Michael Schulte,1,0,"Dance,Upbeat,All Weather,All Season,Youth/adult"
6 PM,Somewhere Else,Sandgold,"=""00:02:13""",Electronic,88,01 6 PM.mp3,2022,English,1,Sandgold,0,1,"Ambient,Electronica,Chillout,Rainy,All Season"
6am,6am,Channel Tres,"=""00:03:42""",Electronic,123,01 6am.mp3,2023,English,1,Channel Tres,1,0,"Dance,House,Electro,Pop,Upbeat,All Weather,All Season,Youth/adult"
A Little More (feat. Dana Williams),A Little More,"Marra, Dana Williams","=""00:03:25""",Electronic,110,01 A Little More (feat. Dana Williams).mp3,2023,English,1,Marra,1,0,"R&B,Chillout,Rainy,All Season"
A Little More,A Little More,Ed Sheeran,"=""00:03:13""",Pop,113,01 A Little More(1).mp3,2025,English,1,Ed Sheeran,1,0,"Mainstream,All Weather,All Season,Youth/adult"
ALL I EVER DO,ALL I EVER DO,Adrien Nunez,"=""00:02:52""",Rock,98,01 ALL I EVER DO.mp3,2025,English,1,Adrien Nunez,1,0,"Indie,Alternative,Pop,Mainstream,All Weather,All Season,Youth/adult"
AMARILLO MI CORAZÓN,AMARILLO MI CORAZÓN,SIMONA,"=""00:03:07""",Electronic,123,01 AMARILLO MI CORAZÓN.mp3,2022,Spanish,1,SIMONA,1,0,"Pop,Dance,Upbeat,All Weather,All Season,Youth/adult"
Adder,Adder,"Fokke Simons, Antoon","=""00:02:38""",Pop,123,01 Adder.mp3,2021,English,1,Fokke Simons,1,0,"Dance,Electro,House,Upbeat,All Weather,All Season,Youth/adult"
Adderall (Corvette Corvette),Adderall (Corvette Corvette),Popp Hunna,"=""00:02:16""",Hip Hop,141,01 Adderall (Corvette Corvette).mp3,2020,English,1,Popp Hunna,1,0,"Electronic,Pop,R&B,Energetic,All Weather,All Season,Youth/adult"
"Adem In, Adem Uit","Adem In, Adem Uit",jet van der steen,"=""00:03:14""",Electronic,102,"01 Adem In, Adem Uit.mp3",2024,English,1,Jet van der Steen,1,0,"Dance,Pop,Upbeat,All Weather,All Season,Youth/adult"
Adem Je In - Remix,Adem Je In (Remix),"S10, Frenna, Kevin","=""00:03:43""",Hip Hop,84,01 Adem Je In - Remix.mp3,2021,English,1,"S10, Frenna, Kevin",1,0,"R&B,Balanced,All Weather,All Season"
Adrenaline,Adrenaline,"Kris Kross Amsterdam, Ronnie Flex, Zoë Tauran","=""00:02:29""",Pop,150,01 Adrenaline.mp3,2022,Dutch,1,"Kris Kross Amsterdam, Ronnie Flex & Zoë Tauran",1,0,"Dance,Soul,Upbeat,All Weather,All Season,Youth/adult"
Adriatic Ambiance,Adriatic Ambiance,Wavesome,"=""00:01:37""",Ambient,90,01 Adriatic Ambiance.mp3,2023,English,1,Wavesome,0,1,"Electronic,Chillout,Rainy,All Season"
Afraid Of The Dark,Afraid Of The Dark,Chef'Special,"=""00:03:09""",Pop,120,01 Afraid Of The Dark.mp3,2021,English,1,Chef'Special,1,0,"Indie,Dance,Rock,Upbeat,All Weather,All Season,Youth/adult"
Afraid To Feel,Afraid To Feel,LF SYSTEM,"=""00:02:58""",Dance,128,01 Afraid To Feel.mp3,2022,English,1,LF SYSTEM,1,0,"Pop,Electronic,House,Soul,Upbeat,All Weather,All Season,Youth/adult"
Afterglow,Afterglow,Ed Sheeran,"=""00:03:06""",Pop,111,01 Afterglow.mp3,2020,English,1,Ed Sheeran,1,0,"Folk,Rock,Alternative,Mainstream,All Weather,All Season,Youth/adult"
Aigua Blava,Aigua Blava,Viva Verde,"=""00:01:50""",Ambient,162,01 Aigua Blava.mp3,2023,English,1,Viva Verde,1,0,"Electronic,Chillout,Rainy,All Season"
Al Ritmo del Verano,Al Ritmo del Verano,Vacatia,"=""00:01:59""",Ambient,164,01 Al Ritmo del Verano.mp3,2023,English,1,Vacatia,0,1,"Electronic,Chillout,Rainy,All Season"
All I Ever,All I Ever EP,Snakehips,"=""00:02:53""",Dance,124,01 All I Ever.mp3,2023,English,1,Snakehips,1,0,"House,Electronic,Pop,Upbeat,All Weather,All Season,Youth/adult"
All Falls Down (feat. Juliander),All Falls Down (feat. Juliander),"Alan Walker, Noah Cyrus, Digital Farm Animals, Juliander","=""00:03:19""",Dance,98,01 All Falls Down (feat. Juliander).mp3,2017,English,1,"Alan Walker, Noah Cyrus & Digital Farm Animals feat. Juliander",1,0,"Electronic,Pop,Upbeat,All Weather,All Season,Youth/adult"
All I Want - From 'High School Musical- The Musical- The Series',All I Want (From 'High School Musical- The Musical- The Series'),"Olivia Rodrigo, Disney","=""00:02:57""",Pop,156,01 All I Want - From 'High School Musical- The Musical- The Series'.mp3,2019,English,1,"Olivia Rodrigo, Disney",1,0,"Rock,Mainstream,All Weather,All Season,Youth/adult"
All In,All In,"Kartell, Che Lingo","=""00:04:00""",Hip Hop,110,01 All In.mp3,2020,English,1,Kartell,1,0,"Electronic,Energetic,All Weather,All Season"
All On Me,All On Me,Armin van Buuren,"=""00:02:58""",Dance,129,01 All On Me.mp3,2020,English,1,Armin van Buuren,1,0,"Electronic,House,Electro,Pop,Upbeat,All Weather,All Season,Youth/adult"
All We Got,DMC DJ Promo 261,Robin Schulz feat. KIDDO,"=""00:03:10""",Dance,92,01 All We Got (feat. KIDDO).mp3,2020,English,1,Warner Music Group Germany,1,0,"Pop,Upbeat,All Weather,All Season,Youth/adult"
Alleen Omhoog,Berge Verzet,Thomas Berge,"=""00:03:28""",Pop,172,01 Alleen Omhoog.mp3,2014,English,1,Thomas Berge,1,0,"Dance,Upbeat,All Weather,All Season,Youth/adult"
Allerlaatste Keer,Allerlaatste Keer,"FLEMMING, Broederliefde","=""00:02:20""",Pop,90,01 Allerlaatste Keer.mp3,2025,English,1,FLEMMING & Broederliefde,1,0,"Electronic,Energetic,All Weather,All Season,Youth/adult"
Alles Komt Goed,Alles Komt Goed,Jaap Reesema,"=""00:03:04""",Pop,131,01 Alles Komt Goed.mp3,2021,English,1,Jaap Reesema,1,0,"Indie,Electronic,Rock,Energetic,All Weather,All Season,Youth/adult"
Alles Op Gevoel,Alles Op Gevoel,"FLEMMING, Zoë Tauran, Ronnie Flex","=""00:02:50""",Pop,135,01 Alles Op Gevoel.mp3,2024,Dutch,1,"FLEMMING, Zoë Tauran & Ronnie Flex",1,0,"Dance,Electronic,Upbeat,All Weather,All Season,Youth/adult"
Alles Wat Ik Mis,Alles Wat Ik Mis,"Ronnie Flex, Emma Heesters, Kris Kross Amsterdam","=""00:02:31""",Electronic,105,01 Alles Wat Ik Mis.mp3,2021,English,1,"Ronnie Flex, Emma Heesters & Kris Kross Amsterdam",1,0,"Pop,R&B,Dance,Upbeat,All Weather,All Season,Youth/adult"
Als Het Donker Wordt,Als Het Donker Wordt,Pip Lieke Lucas,"=""00:02:13""",Pop,90,01 Als Het Donker Wordt.mp3,2025,English,1,Pip Lieke Lucas,1,0,"Dance,Upbeat,All Weather,All Season,Youth/adult"
Als Ik Je Weer Zie,Als Ik Je Weer Zie,"Thomas Acda, Paul de Munnik, Maan, Typhoon","=""00:03:28""",Pop,102,01 Als Ik Je Weer Zie.mp3,2021,English,1,"Thomas Acda, Paul de Munnik, Maan, Typhoon",1,0,"R&B,Mainstream,All Weather,All Season,Youth/adult"
Als Je Bij Me Blijft,Als Je Bij Me Blijft,"hirak, Cristian D, Boef, Bilal Wahib, Ronnie Flex","=""00:02:46""",Dance,130,01 Als Je Bij Me Blijft.mp3,2022,English,1,"hirak, Cristian D, Boef, Bilal Wahib, Ronnie Flex",1,0,"Electronic,Pop,House,Upbeat,All Weather,All Season,Youth/adult"
Als Jij Langsloopt,Als Jij Langsloopt (feat. BOEF),"Gers Pardoel, Boef","=""00:04:06""",Pop,110,01 Als Jij Langsloopt.mp3,2016,English,1,Gers Pardoel,1,0,"Electronic,Energetic,All Weather,All Season,Youth/adult"
Als Jij Maar Bij Me Bent,Als Jij Maar Bij Me Bent,MEAU,"=""00:02:41""",Pop,135,01 Als Jij Maar Bij Me Bent.mp3,2022,English,1,MEAU,1,0,"Mainstream,All Weather,All Season,Youth/adult"
Amalfi Aura,Amalfi Aura,Tidevibes,"=""00:01:40""",Ambient,88,01 Amalfi Aura.mp3,2023,English,1,Tidevibes,0,1,"Electronic,Jazz,Chillout,Rainy,All Season"
Americano,Americano,"Chillski, finton, cloudkut","=""00:01:31""",Jazz,79,01 Americano.mp3,2022,English,1,"Chillski, finton, cloudkut",0,1,"Ambient,Chillout,Rainy,All Season"
Amsterdam,MNM Big Hits Summer Edition 2022,"Cristian D, hirak, Brysa, Ashafar","=""00:02:54""",Electronic,134,01 Amsterdam(1).mp3,2022,English,1,"Cristian D, Jack $hirak & Ashafar",1,0,"Hip Hop,Pop,R&B,Dance,Upbeat,All Weather,All Season,Youth/adult"
Animals - Radio Edit,Animals,Martin Garrix,"=""00:02:56""",Electronic,128,01 Animals - Radio Edit.mp3,2013,English,1,Martin Garrix,1,0,"Electro,Dance,Electronica,House,Upbeat,All Weather,All Season,Youth/adult"
Angel Face,Angel Face,Oscar and the Wolf,"=""00:03:32""",Pop,94,01 Angel Face.mp3,2024,English,1,Oscar and the Wolf,1,0,"Mainstream,All Weather,All Season,Youth/adult"
Another Dawn,Another Dawn,Baked Moon,"=""00:02:29""",Dance,120,01 Another Dawn.mp3,2026,English,1,Baked Moon,1,0,"Electronica,Upbeat,All Weather,All Season,Youth/adult"
Another Life (feat. Alida),Another Life (feat. Alida),"Lucas & Steve, Alida","=""00:03:33""",Dance,124,01 Another Life (feat. Alida).mp3,2020,English,1,"Lucas & Steve, Alida",1,0,"Pop,Upbeat,All Weather,All Season,Youth/adult"
Anxiety,Anxiety,Doechii,"=""00:04:09""",Pop Rap,129,01 Anxiety.mp3,2025,English,1,Doechii,1,0,"Pop,Indie,Energetic,All Weather,All Season,Youth/adult"
Another Love - Zwette Edit,Another Love (Zwette Edit),"Tom Odell, Zwette","=""00:06:35""",Electronic,124,01 Another Love - Zwette Edit.mp3,2013,English,1,"Tom Odell, Zwette",1,0,"Pop,Energetic,All Weather,All Season,Youth/adult"
Anyone For You (Tiger Lily),Gold Rush Kid,George Ezra,"=""00:03:08""",Pop,103,01 Anyone For You (Tiger Lily).mp3,2022,English,1,George Ezra,1,0,"Electronic,Indie,Dance,Upbeat,All Weather,All Season,Youth/adult"
Anyone,Anyone,Justin Bieber,"=""00:03:11""",Pop,117,01 Anyone.mp3,2021,English,1,Justin Bieber,1,0,"Indie,Mainstream,All Weather,All Season,Youth/adult"
Anytime feat. Khyra,Anytime (feat. Khyra),"Rosbeh, Khyra","=""00:03:43""",Electronic,125,01 Anytime feat. Khyra.mp3,2021,English,1,Rosbeh,1,0,"Dance,House,Electro,Electronica,Upbeat,All Weather,All Season,Youth/adult"
Anywhere You Go,Anywhere You Go,Pastel,"=""00:03:01""",Dance,125,01 Anywhere You Go.mp3,2026,English,1,Pastel,1,0,"House,Electro,Upbeat,All Weather,All Season,Youth/adult"
Anywhere,Anywhere,"Rolipso, Hobes, Cozy Sky","=""00:02:46""",Electronic,102,01 Anywhere.mp3,2026,English,1,"Rolipso, Hobes, Cozy Sky",1,0,"Dance,Upbeat,All Weather,All Season,Youth/adult"
Aquadrift,Aquadrift,Aleva,"=""00:02:05""",Electronic,92,01 Aquadrift.mp3,2024,English,1,Aleva,0,1,"Ambient,Electronica,Chillout,Rainy,All Season"
Are You Sorry Now,Are You Sorry Now,SERA,"=""00:02:51""",Pop,107,01 Are You Sorry Now .mp3,2025,English,1,SERA,1,0,"Rock,Mainstream,All Weather,All Season,Youth/adult"
Arms Around You (feat. Maluma & Swae Lee),Arms Around You (feat. Maluma & Swae Lee),"XXXTENTACION, Lil Pump, Swae Lee, Maluma","=""00:03:19""",Electronic,105,01 Arms Around You (feat. Maluma & Swae Lee).mp3,2018,English,1,"XXXTENTACION, Lil Pump, Swae Lee, Maluma",1,0,"Dance,Pop,Upbeat,All Weather,All Season,Youth/adult"
As It Was - Chill Edit,As It Was (Chill Edit),"Twan Ray, Solar State","=""00:02:15""",Pop,98,01 As It Was - Chill Edit.mp3,2024,English,1,"Twan Ray, Solar State",1,0,"Electronic,Dance,Indie,Upbeat,All Weather,All Season,Youth/adult"
As It Was,As It Was,Harry Styles,"=""00:02:47""",Pop,87,01 As It Was.mp3,2022,English,1,Harry Styles,1,0,"Electronic,Indie Rock,Alternative,Rock,Energetic,All Weather,All Season,Youth/adult"
Astronaut In The Ocean,Astronaut In The Ocean,Masked Wolf,"=""00:02:13""",Hip Hop,150,01 Astronaut In The Ocean.mp3,2019,English,1,Masked Wolf,1,0,"Electronic,Energetic,All Weather,All Season"
Ask Me,Ask Me / Mesmerize,"Duck Sauce, A-Trak, Armand Van Helden","=""00:03:14""",Electronic,124,01 Ask Me.mp3,2021,English,1,Fool's Gold Records,1,0,"Dance,House,Electro,Upbeat,All Weather,All Season,Youth/adult"
At Least I Had Fun,At Least I Had Fun,"Martin Jensen, RANI","=""00:02:51""",Dance,117,01 At Least I Had Fun.mp3,2020,English,1,"Martin Jensen, RANI",1,0,"Pop,Electronic,Upbeat,All Weather,All Season,Youth/adult"
Avaya,Avaya,Letricit,"=""00:01:43""",Ambient,85,01 Avaya.mp3,2024,English,1,Letricit,0,1,"Electronic,Jazz,Chillout,Rainy,All Season"
Avond,Avond (from the Amazon Original Series MODERN LOVE),MEAU,"=""00:03:52""",Pop,97,01 Avond.mp3,2022,English,1,MEAU,1,0,"Rock,Mainstream,All Weather,All Season,Youth/adult"
Azizam,Azizam,Ed Sheeran,"=""00:02:42""",Pop,128,01 Azizam.mp3,2025,English,1,Ed Sheeran,1,0,"Electronic,R&B,Energetic,All Weather,All Season,Youth/adult"
Azure Afternoons,Azure Afternoons,Vacatia,"=""00:01:46""",Ambient,92,01 Azure Afternoons.mp3,2023,English,1,Vacatia,0,1,"Electronic,Chillout,Rainy,All Season"
Azure Lagoon,Azure Lagoon,Viva Verde,"=""00:02:05""",Ambient,140,01 Azure Lagoon.mp3,2024,English,1,Viva Verde,0,1,"Electronic,Jazz,Chillout,Rainy,All Season"
BED,BED,"Joel Corry, RAYE, David Guetta","=""00:02:58""",Dance,124,01 BED.mp3,2021,English,1,"Joel Corry, RAYE, David Guetta",1,0,"Electronic,Pop,House,Upbeat,All Weather,All Season,Youth/adult"
BLUE,BLUE,"Tiësto, Stevie Appleton","=""00:02:48""",Pop,118,01 BLUE.mp3,2019,English,1,Tiësto,1,0,"Dance,House,Upbeat,All Weather,All Season,Youth/adult"
BREAK MY SOUL,BREAK MY SOUL,Beyoncé,"=""00:04:38""",Pop,116,01 BREAK MY SOUL.mp3,2022,English,1,Beyoncé,1,0,"Electronic,R&B,Energetic,All Weather,All Season,Youth/adult"
Baby,My World 2.0,"Justin Bieber, Ludacris","=""00:03:34""",Pop,130,01 Baby.mp3,2010,English,1,"Justin Bieber, Ludacris",1,0,"Hip Hop,Dance,Upbeat,All Weather,All Season,Youth/adult"
Back To Her,Back To Her,"Calm Springs, Mallou","=""00:02:41""",Dance,112,01 Back To Her.mp3,2026,English,1,"Calm Springs, Mallou",1,0,"Pop,House,Upbeat,All Weather,All Season,Youth/adult"
Bad Habits,Bad Habits,Ed Sheeran,"=""00:03:51""",Pop,126,01 Bad Habits.mp3,2021,English,1,Ed Sheeran,1,0,"Electronic,House,Upbeat,All Weather,All Season,Youth/adult"
Baddie,Baddie,Nobu,"=""00:02:27""",Electronic,92,01 Baddie.mp3,2021,English,1,Nobu,1,0,"Pop,Energetic,All Weather,All Season,Youth/adult"
Balearic Beat,Balearic Beat,Tidevibes,"=""00:01:57""",Ambient,82,01 Balearic Beat.mp3,2023,English,1,Tidevibes,1,0,"Electronic,Chillout,Rainy,All Season"
Balearic Breeze,Balearic Breeze,Tidevibes,"=""00:01:50""",Ambient,80,01 Balearic Breeze.mp3,2023,English,1,Tidevibes,1,0,"Electronic,Chillout,Rainy,All Season"
Barcelona,Barcelona,Yanoso,"=""00:02:04""",Ambient,140,01 Barcelona.mp3,2023,English,1,Yanoso,1,0,"Electronic,Chillout,Rainy,All Season"
Be Life,Be Life,Pol Fickley,"=""00:02:10""",Electronic,164,01 Be Life.mp3,2025,English,1,Pol Fickley,1,0,"Jazz,Chillout,Rainy,All Season"
Be Your Girl,Be Your Girl (Kaytranada Edition),"Teedra Moses, KAYTRANADA","=""00:04:28""",Pop,115,01 Be Your Girl (Kaytranada Edition).mp3,2018,English,1,Not On Label (Kaytranada Self-released),1,0,"R&B,Dance,Soul,Hip Hop,Upbeat,All Weather,All Season,Youth/adult"
Be the One,Ground Control,"Rudimental, MORGAN, Digga, TIKE","=""00:03:06""",Dance,132,"01 Be the One (feat. MORGAN, Digga & TIKE).mp3",2021,English,1,Rudimental,1,0,"R&B,Hip Hop,Pop,Upbeat,All Weather,All Season,Youth/adult"
Beach Boy,Lychee,BENEE,"=""00:03:13""",Alternative,111,01 Beach Boy.mp3,2022,English,1,BENEE,1,0,"Pop,Indie,Dance,Upbeat,All Weather,All Season,Youth/adult"
Beach Coma,Beach Coma,Solbeats,"=""00:02:05""",Ambient,140,01 Beach Coma.mp3,2023,English,1,Solbeats,0,1,"Electronic,Chillout,Rainy,All Season"
Beach Vibe,Beach Vibe,Billy Dans,"=""00:02:50""",Pop,123,01 Beach Vibe.mp3,2020,English,1,Billy Dans,1,0,"Dance,House,Electro,Upbeat,All Weather,All Season,Youth/adult"
Beautiful People,Beautiful People,"David Guetta, Sia","=""00:03:07""",Dance,127,01 Beautiful People.mp3,2025,English,1,"David Guetta, Sia",1,0,"Electronic,Pop,House,Upbeat,All Weather,All Season,Youth/adult"
Because You Move Me,Because You Move Me,"Tinlicker, Helsloot","=""00:03:16""",Dance,123,01 Because You Move Me(1).mp3,2017,English,1,"Tinlicker, Helsloot",1,0,"Electro,House,Electronica,Upbeat,All Weather,All Season,Youth/adult"
Beetje Van Mij,Beetje Van Mij,Antoon,"=""00:02:31""",Pop,145,01 Beetje Van Mij.mp3,2025,English,1,Antoon,1,0,"Dance,Electro,House,Upbeat,All Weather,All Season,Youth/adult"
Before I Go,Before I Go,Mimi Webb,"=""00:03:08""",Pop,151,01 Before I Go.mp3,2020,English,1,Mimi Webb,1,0,"R&B,Mainstream,All Weather,All Season,Youth/adult"
Before You Leave Me,Before You Leave Me,Alex Warren,"=""00:02:56""",Pop,120,01 Before You Leave Me.mp3,2024,English,1,Alex Warren,1,0,"Indie,Rock,Mainstream,All Weather,All Season,Youth/adult"
Before You,Before You,Benson Boone,"=""00:03:08""",Pop,102,01 Before You.mp3,2022,English,1,Benson Boone,1,0,"Rock,Mainstream,All Weather,All Season,Youth/adult"
Beggin,So Dark The Con Of Man,Madcon,"=""00:03:36""",Hip Hop,129,01 Beggin (original version).mp3,2008,English,1,"Bonnier Amigo Music Norway AS, Sony BMG Music Entertainment, Bonnier Amigo Music Norway AS, Sony BMG Music Entertainment (Netherlands) BV, Sony BMG Music Entertainment",1,0,"Electronic,Energetic,All Weather,All Season,Youth/adult"
Ben Je Morgen Vrij?,Ben Je Morgen Vrij?,Bankzitters & Ronnie Flex,"=""00:02:34""",Pop,128,01 Ben Je Morgen Vrij .mp3,2025,English,1,Bankzitters & Ronnie Flex,1,0,"Electronic,House,Upbeat,All Weather,All Season,Youth/adult"
Beside You,Beside You,"Matoma, Captain Cuts, Georgia Ku","=""00:02:57""",Dance,123,01 Beside You (feat. Georgia Ku).mp3,2020,English,1,Matoma,1,0,"Pop,Electronic,House,R&B,Upbeat,All Weather,All Season,Youth/adult"
Best I Ever Had,Make A Move,Gavin DeGraw,"=""00:03:46""",Pop,135,01 Best I Ever Had.mp3,2013,English,1,Gavin DeGraw,1,0,"Dance,Electro,Upbeat,All Weather,All Season,Youth/adult"
Best Wel Een Ding,Crane III,Kraantje Pappie,"=""00:02:50""",Hip Hop,145,01 Best Wel Een Ding.mp3,2016,English,1,Kraantje Pappie,1,0,"Electronic,Energetic,All Weather,All Season"
Better Days,Better Days,"NEIKED, Mae Muller, Polo G","=""00:02:41""",Pop,110,01 Better Days (NEIKED x Mae Muller x Polo G).mp3,2021,English,1,"NEIKED, Mae Muller, Polo G & J Balvin",1,0,"Electronic,Energetic,All Weather,All Season,Youth/adult"
Better,Better,ZAYN,"=""00:02:55""",Pop,85,01 Better.mp3,2020,English,1,ZAYN,1,0,"Soul,Hip Hop,Mainstream,All Weather,All Season,Youth/adult"
Bieber Van De Kroeg,Bieber Van De Kroeg,"Donnie, Mart Hoogkamer","=""00:03:06""",Pop,110,01 Bieber Van De Kroeg.mp3,2022,English,1,Donnie & Mart Hoogkamer,1,0,"Dance,Hip Hop,Upbeat,All Weather,All Season,Youth/adult"
Big Bad Mood,Big Bad Mood,"Jordan Stephens, Miraa May","=""00:03:49""",Electronic,121,01 Big Bad Mood (feat. Miraa May).mp3,2022,English,1,Jordan Stephens feat. Miraa May,1,0,"Dance,House,Electro,Upbeat,All Weather,All Season,Youth/adult"
Black & Blue,Black & Blue,"HUGEL, Benjamin Ingrosso","=""00:02:29""",Dance,120,01 Black & Blue.mp3,2022,English,1,HUGEL & Benjamin Ingrosso,1,0,"Pop,Upbeat,All Weather,All Season,Youth/adult"
Black Friday (pretty like the sun),Black Friday (pretty like the sun),"Lost Frequencies, Tom Odell","=""00:02:26""",Dance,124,01 Black Friday (pretty like the sun).mp3,2024,French,1,Lost Frequencies & Tom Odell,1,0,"Upbeat,All Weather,All Season,Youth/adult"
Blindelings,Blindelings,Antoon,"=""00:02:41""",Pop,93,01 Blindelings.mp3,2024,English,1,Antoon,1,0,"Electronic,Indie,Rock,Energetic,All Weather,All Season,Youth/adult"
Blink Twice,Blink Twice,"Shaboozey, Myles Smith","=""00:02:37""",Electronic,110,01 Blink Twice.mp3,2025,English,1,Shaboozey,1,0,"Indie,Rock,Energetic,All Weather,All Season"
Bloodline,Bloodline,"Alex Warren, Jelly Roll","=""00:03:02""",Pop,128,01 Bloodline.mp3,2025,English,1,Alex Warren with Jelly Roll,1,0,"Electronic,Rock,Energetic,All Weather,All Season,Youth/adult"
Bloom,Bloom,Le Jardin Secret,"=""00:02:16""",Dance,119,01 Bloom.mp3,2026,English,1,Le Jardin Secret,1,0,"Ambient,Upbeat,Rainy,All Season,Youth/adult"
Blue Horizon,Blue Horizon,Tidevibes,"=""00:02:10""",Electronic,120,01 Blue Horizon.mp3,2023,English,1,Tidevibes,0,1,"Ambient,Chillout,Rainy,All Season"
Blue Oasis,Blue Oasis,Viva Verde,"=""00:02:03""",Ambient,144,01 Blue Oasis.mp3,2023,English,1,Viva Verde,1,0,"Electronic,Chillout,Rainy,All Season"
Blue Sky,Late Night Drive,"Jamania, c l a v a, Timos","=""00:02:03""",Electronic,80,01 Blue Sky.mp3,2021,English,1,"Jamania, c l a v a, Timos",0,1,"Ambient,Jazz,Chillout,Rainy,All Season"
Blurhythm,Blurhythm,SEAVO,"=""00:01:39""",Electronic,90,01 Blurhythm.mp3,2024,English,1,SEAVO,0,1,"Ambient,Electronica,Chillout,Rainy,All Season"
Blurred,Blurred,Yanoso,"=""00:01:41""",Ambient,86,01 Blurred.mp3,2024,English,1,Yanoso,0,1,"Electronic,Chillout,Rainy,All Season"
Boat Ride,Boat Ride,Jam'addict,"=""00:02:21""",Jazz,90,01 Boat Ride.mp3,2024,English,1,Jam'addict,1,0,"Chillout,Rainy,All Season"
Bon Gepakt,Bon Gepakt,"Donnie, Rene Froger","=""00:02:53""",Pop,120,01 Bon Gepakt.mp3,2021,English,1,Donnie,1,0,"Hip Hop,Dance,Indie,Upbeat,All Weather,All Season,Youth/adult"
Bootje,Bootje,"Antoon, Paul Sinha","=""00:02:06""",Pop,117,01 Bootje.mp3,2021,English,1,Antoon & Paul Sinha,1,0,"Dance,Upbeat,All Weather,All Season,Youth/adult"
Bora Bora,Bora Bora,Salt and Sand,"=""00:01:39""",Electronic,90,01 Bora Bora.mp3,2024,English,1,Salt and Sand,0,1,"Jazz,Ambient,Chillout,Rainy,All Season"
Born With a Broken Heart,Born With a Broken Heart,Damiano David,"=""00:03:29""",Pop,172,01 Born With a Broken Heart.mp3,2024,English,1,Damiano David,1,0,"Indie,Rock,Alternative,Mainstream,All Weather,All Season,Youth/adult"
Boss It Up,Boss It Up,d.w.h,"=""00:02:11""",Electronic,152,01 Boss It Up.mp3,2025,English,1,d.w.h,1,0,"Jazz,Chillout,Rainy,All Season"
Both Of Us - Edit,Both Of Us,Jayda G,"=""00:03:49""",Electronic,124,01 Both Of Us - Edit.mp3,2020,English,1,Jayda G,1,0,"Dance,House,Electronica,Upbeat,All Weather,All Season,Youth/adult"
Boxes,Boxes,Gavin James,"=""00:02:48""",Pop,105,01 Boxes.mp3,2020,English,1,Gavin James,1,0,"Electronic,Energetic,All Weather,All Season,Youth/adult"
"Breathe, Be Happy","Breathe, Be Happy",Tep No,"=""00:02:40""",Dance,100,"01 Breathe, Be Happy(1).mp3",2020,English,1,Tep No,1,0,"Upbeat,All Weather,All Season,Youth/adult"
Breezy Squeeze,Breezy Squeeze,Arlos,"=""00:02:30""",Electronic,122,01 Breezy Squeeze.mp3,2025,English,1,Arlos,0,1,"Jazz,Chillout,Rainy,All Season"
Breathless,Breathless (with Alina Baraz),"Austin Millz, Alina Baraz","=""00:02:48""",Dance,117,01 Breathless (with Alina Baraz).mp3,2023,English,1,Austin Millz feat. Alina Baraz,1,0,"House,Electro,Upbeat,All Weather,All Season,Youth/adult"
Bright Eyes,Bright Eyes,RONDÉ,"=""00:02:51""",Pop,124,01 Bright Eyes.mp3,2022,English,1,RONDÉ,1,0,"Dance,Upbeat,All Weather,All Season,Youth/adult"
Bright Water,Bright Water,Letricit,"=""00:01:33""",Ambient,94,01 Bright Water.mp3,2024,English,1,Letricit,0,1,"Electronic,Chillout,Rainy,All Season"
Build a Bitch,Build a Bitch,Bella Poarch,"=""00:02:03""",Pop,103,01 Build a Bitch.mp3,2021,English,1,Bella Poarch,1,0,"Electronic,Dance,Upbeat,All Weather,All Season,Youth/adult"
Burn Down This Room,Burn Down This Room,Ruben,"=""00:03:32""",Pop,140,01 Burn Down This Room.mp3,2020,English,1,Ruben,1,0,"Rock,Mainstream,All Weather,All Season,Youth/adult"
Burning Down,"You'll Be Alright, Kid (Chapter 1)",Alex Warren,"=""00:02:59""",Pop,86,01 Burning Down.mp3,2024,English,1,Alex Warren,1,0,"Indie,Rock,Dance,Upbeat,All Weather,All Season,Youth/adult"
Buut Vrij,Buut Vrij,S10,"=""00:02:39""",Pop,153,01 Buut Vrij.mp3,2025,English,1,S10,1,0,"Mainstream,All Weather,All Season,Youth/adult"
By The Pool,By The Pool,Aleva,"=""00:01:55""",Electronic,91,01 By The Pool.mp3,2024,English,1,Aleva,0,1,"Ambient,Chillout,Rainy,All Season"
By Your Side (feat. Tom Grennan),By Your Side (feat. Tom Grennan),"Calvin Harris, Tom Grennan","=""00:03:10""",Dance,124,01 By Your Side (feat. Tom Grennan).mp3,2021,English,1,Calvin Harris,1,0,"Electronic,House,Pop,Electro,Upbeat,All Weather,All Season,Youth/adult"
C O O L - Radio Edit,C O O L,Le Youth,"=""00:03:34""",Electronic,110,01 C O O L - Radio Edit.mp3,2013,English,1,Le Youth,1,0,"Dance,Pop,Upbeat,All Weather,All Season,Youth/adult"
Cala Torta,Cala Torta,Viva Verde,"=""00:01:47""",Ambient,90,01 Cala Torta.mp3,2023,English,1,Viva Verde,1,0,"Electronic,Chillout,Rainy,All Season"
Cala d'Or Chill,Cala d'Or Chill,Letricit,"=""00:01:50""",Ambient,80,01 Cala d'Or Chill.mp3,2023,English,1,Letricit,1,0,"Electronic,Chillout,Rainy,All Season"
Cali Sunsets,Cali Sunsets,Rudy Raw,"=""00:02:02""",Electronic,85,01 Cali Sunsets.mp3,2025,English,1,Rudy Raw,1,0,"Hip Hop,Chillout,Rainy,All Season"
California Dreaming,California Dreaming,"loonight, c l a v a, Kazuna","=""00:01:05""",Jazz,81,01 California Dreaming.mp3,2022,English,1,"loonight, c l a v a, Kazuna",0,1,"Electronic,Chillout,Rainy,All Season"
Call It Love,Call It Love,"Felix Jaehn, Ray Dalton","=""00:02:35""",Dance,110,01 Call It Love.mp3,2022,English,1,"Felix Jaehn, Ray Dalton",1,0,"Electro,Upbeat,All Weather,All Season,Youth/adult"
California Girls - NoMBe VS Sonny Alven,California Girls (NoMBe VS Sonny Alven),"NoMBe, Sonny Alven","=""00:03:06""",Electronic,98,01 California Girls - NoMBe VS Sonny Alven.mp3,2016,English,1,"NoMBe, Sonny Alven",1,0,"Energetic,All Weather,All Season"
Call Me Out (feat. Sarah Close),Call Me Out (feat. Sarah Close),"Alex Hobson, Sarah Close","=""00:03:07""",Pop,124,01 Call Me Out (feat. Sarah Close).mp3,2022,English,1,Alex Hobson,1,0,"Electronic,House,Upbeat,All Weather,All Season,Youth/adult"
Calm After The Storm,The Common Linnets,"The Common Linnets, Ilse DeLange, Waylon","=""00:03:33""",Pop,116,01 Calm After The Storm.mp3,2014,English,1,The Common Linnets & Ilse DeLange,1,0,"Electronic,Rock,Alternative,Energetic,All Weather,All Season,Youth/adult"
Calm Coast,Calm Coast,SEAVO,"=""00:01:57""",Electronic,89,01 Calm Coast.mp3,2023,English,1,SEAVO,1,0,"Ambient,Chillout,Rainy,All Season"
Came Here for Love,Came Here for Love,"Sigala, Ella Eyre","=""00:03:23""",House,125,01 Came Here for Love.mp3,2017,English,1,Sigala & Ella Eyre,1,0,"Electronic,Pop,Upbeat,All Weather,All Season,Youth/adult"
Campanella,Campanella,Solbeats,"=""00:02:01""",Ambient,80,01 Campanella.mp3,2024,English,1,Solbeats,0,1,"Electronic,Jazz,Chillout,Rainy,All Season"
Can't Love Myself,Can't Love Myself,"HUGEL, Mishaal Tamer, LPW","=""00:02:37""",Electronic,118,01 Can't Love Myself (feat. Mishaal & LPW).mp3,2020,English,1,"Spinnin' Records, SpinninRecords.com, SpinninRecords.com, Warner Music Group Germany Holding GmbH",1,0,"Dance,Pop,House,Upbeat,All Weather,All Season,Youth/adult"
Can't Pin Me Down,Can't Pin Me Down,HOUSE OF SAY,"=""00:03:09""",Dance,124,01 Can't Pin Me Down.mp3,2021,English,1,HOUSE OF SAY,1,0,"House,Electro,Upbeat,All Weather,All Season,Youth/adult"
Capri Coastline,Capri Coastline,Letricit,"=""00:02:26""",Ambient,120,01 Capri Coastline.mp3,2023,English,1,Letricit,1,0,"Electronic,Chillout,Rainy,All Season"
Carry On,"Carry On (From The Original Motion Picture ""POKÉMON Detective Pikachu"")","Kygo, Rita Ora","=""00:03:35""",Electronic,122,01 Carry On (from the Original Motion Picture 'POKÉMON Detective Pikachu').mp3,2019,English,1,"Palm Tree Records, RCA, RCA Records, Sony Music Entertainment",1,0,"Dance,Pop,House,Upbeat,All Weather,All Season,Youth/adult"
Cash Machine,Cash Machine,"Josylvio, Yssi SB","=""00:02:42""",Hip Hop,89,01 Cash Machine.mp3,2021,English,1,Josylvio feat. Yssi SB,1,0,"R&B,Balanced,All Weather,All Season"
Catch & Release - Deepend Remix,Catch & Release (Deluxe Edition),"Matt Simons, Deepend","=""00:03:16""",Electronic,105,01 Catch & Release - Deepend Remix.mp3,2016,English,1,"Matt Simons, Deepend",1,0,"Energetic,All Weather,All Season"
Catching Eyes,Catching Eyes,49th & Main,"=""00:04:10""",Electronic,126,01 Catching Eyes.mp3,2020,English,1,49th & Main,1,0,"Dance,Upbeat,All Weather,All Season,Youth/adult"
Caught In The Rain,Caught In The Rain,"Ferreck Dawn, Guz, L.I.T","=""00:02:23""",Electronic,124,01 Caught In The Rain.mp3,2021,English,1,"Ferreck Dawn, Guz, L.I.T",1,0,"Dance,House,Pop,Upbeat,All Weather,All Season,Youth/adult"
Caves (feat. Fant),Caves (feat. Fant),"Leu Leu Land, Fant","=""00:03:05""",Pop,115,01 Caves (feat. Fant).mp3,2020,English,1,Leu Leu Land,1,0,"Dance,Upbeat,All Weather,All Season,Youth/adult"
Cerebral Hemispheres,Gatekeepers Between The Spinal,Left spectrum of the brain,"=""00:02:00""",Electronic,96,01 Cerebral Hemispheres.mp3,2023,English,1,Left spectrum of the brain,0,1,"Ambient,Jazz,Chillout,Rainy,All Season"
Chandelier,1000 Forms of Fear,Sia,"=""00:03:36""",Pop,87,01 Chandelier.mp3,2014,English,1,Sia,1,0,"Dance,Upbeat,All Weather,All Season,Youth/adult"
Changes (feat. Cal1),Changes,"Jake Neumar, blue my mind, l'essay, Cal1","=""00:02:37""",Dance,122,01 Changes (feat. Cal1).mp3,2025,English,1,"Jake Neumar, blue my mind, l'essay, Cal1",1,0,"Pop,Chillout,Rainy,All Season,Youth/adult"
Charisma,Charisma,Letricit,"=""00:02:13""",Ambient,130,01 Charisma.mp3,2024,English,1,Letricit,1,0,"Electronic,Chillout,Rainy,All Season"
Cheers,Cheers,New Rules,"=""00:02:30""",Pop,112,01 Cheers.mp3,2021,English,1,New Rules,1,0,"Rock,Indie,Mainstream,All Weather,All Season,Youth/adult"
Chemical,Chemical,Post Malone,"=""00:03:03""",Pop,85,01 Chemical.mp3,2023,English,1,Post Malone,1,0,"Indie,Rock,Mainstream,All Weather,All Season,Youth/adult"
Chemicals (feat. Thomas Troelsen),Chemicals (feat. Thomas Troelsen),"Tiësto, Don Diablo, Thomas Troelsen","=""00:03:42""",Electronic,126,01 Chemicals (feat. Thomas Troelsen).mp3,2015,English,1,Tiësto & Don Diablo feat. Thomas Troelsen,1,0,"Dance,Electro,House,Upbeat,All Weather,All Season,Youth/adult"
Chemicals,Chemicals,"Lonely in the Rain, Oaks","=""00:02:36""",Electronic,118,01 Chemicals.mp3,2023,English,1,Lonely in the Rain & Oaks,1,0,"Dance,Upbeat,All Weather,All Season,Youth/adult"
Cherry Vanilli,Cherry Vanilli,Béla,"=""00:02:28""",Dance,130,01 Cherry Vanilli.mp3,2025,Dutch,1,Béla,1,0,"Electronic,House,Pop,Upbeat,All Weather,All Season,Youth/adult"
Chill Avenue,Chill Avenue,Limejack,"=""00:02:05""",Ambient,94,01 Chill Avenue.mp3,2023,English,1,Limejack,0,1,"Electronic,Electronica,Chillout,Rainy,All Season"
Chilldays,Chilldays,Bequem,"=""00:02:08""",Jazz,90,01 Chilldays.mp3,2025,English,1,Bequem,1,0,"Chillout,Rainy,All Season"
Chillout Beach,Chillout Beach,Vacatia,"=""00:02:40""",Ambient,85,01 Chillout Beach.mp3,2023,English,1,Vacatia,1,0,"Electronic,Chillout,Rainy,All Season"
Choreography,Neo1,"kryptogram, Sydney Jay","=""00:04:33""",Electronic,123,01 Choreography.mp3,2018,English,1,"kryptogram, Sydney Jay",1,0,"Dance,House,Pop,Chillout,Rainy,All Season,Youth/adult"
Citrus Sunsets,Citrus Sunsets,Viva Verde,"=""00:01:43""",Ambient,86,01 Citrus Sunsets.mp3,2023,English,1,Viva Verde,0,1,"Electronic,Chillout,Rainy,All Season"
Close Your Eyes,Close Your Eyes,"felix jaehn, VIZE, Miss Li","=""00:02:41""",Dance,129,01 Close Your Eyes.mp3,2019,English,1,Felix Jaehn & VIZE feat. Miss Li,1,0,"Pop,House,Electro,Upbeat,All Weather,All Season,Youth/adult"
Coastal Whisper,Coastal Whisper,Vacatia,"=""00:02:03""",Ambient,144,01 Coastal Whisper.mp3,2023,English,1,Vacatia,0,1,"Electronic,Chillout,Rainy,All Season"
Coastlines,Coastlines,Letricit,"=""00:01:42""",Ambient,86,01 Coastlines.mp3,2024,English,1,Letricit,0,1,"Electronic,Jazz,Chillout,Rainy,All Season"
Coastline,Coastline,"James Stefano, outset island","=""00:02:34""",Dance,107,01 Coastline.mp3,2026,English,1,"James Stefano, outset island",1,0,"Electronic,Upbeat,All Weather,All Season,Youth/adult"
Coconut,Coconut,Letricit,"=""00:01:48""",Ambient,82,01 Coconut.mp3,2023,English,1,Letricit,0,1,"Electronic,Chillout,Rainy,All Season"
Coffee Cake,PULSE,Benson Boone,"=""00:03:07""",Pop,162,01 Coffee Cake.mp3,2023,English,1,Benson Boone,1,0,"Dance,Indie,Upbeat,All Weather,All Season,Youth/adult"
Colourblind,Colourblind,"Seeb, St. Lundi","=""00:02:39""",Dance,103,01 Colourblind.mp3,2020,English,1,SeeB & St. Lundi,1,0,"Upbeat,All Weather,All Season,Youth/adult"
Colourblind,Current Blues,"Joe Hertz, Collard","=""00:04:26""",Electronic,116,01 Colourblind(1).mp3,2020,English,1,Joe Hertz,1,0,"Soul,Chillout,Rainy,All Season"
Come Over (feat. Anne-Marie & Tion Wayne),Come Over (feat. Anne-Marie & Tion Wayne),"Rudimental, Anne-Marie, Tion Wayne","=""00:03:27""",Dance,132,01 Come Over (feat. Anne-Marie & Tion Wayne).mp3,2020,English,1,Rudimental,1,0,"Upbeat,All Weather,All Season,Youth/adult"
Come and Gone,Come and Gone,Arial Ten,"=""00:02:53""",Dance,120,01 Come and Gone.mp3,2026,English,1,Arial Ten,1,0,"R&B,Electronic,Soul,Upbeat,All Weather,All Season,Youth/adult"
Compact (Wish You Could See),Compact (Wish You Could See),HOLOW,"=""00:02:59""",Dance,115,01 Compact (Wish You Could See).mp3,2022,English,1,HOLOW,1,0,"Pop,Upbeat,All Weather,All Season,Youth/adult"
Competition - Snakehips Remix,Competition (Snakehips Remix),"Amber Mark, Snakehips","=""00:02:47""",Dance,110,01 Competition - Snakehips Remix.mp3,2021,English,1,"Amber Mark, Snakehips",1,0,"Electronic,Pop,Upbeat,All Weather,All Season,Youth/adult"
Complicated,Complicated,Miss Li,"=""00:02:40""",Pop,116,01 Complicated.mp3,2020,English,1,Miss Li,1,0,"Electronic,Energetic,All Weather,All Season,Youth/adult"
Coral,Coral,Mwuah,"=""00:02:34""",Electronic,85,01 Coral.mp3,2020,English,1,Mwuah,0,1,"Ambient,Chillout,Rainy,All Season"
Control,Control,"Moods, Two Another","=""00:03:07""",Electronic,118,01 Control.mp3,2020,English,1,Moods & Two Another,1,0,"Dance,R&B,Soul,Pop,Upbeat,All Weather,All Season,Youth/adult"
Cotton Eye Joe,Sex & Violins,Rednex,"=""00:03:13""",Dance,132,01 Cotton Eye Joe.mp3,1994,English,1,Rednex,1,0,"Electronic,House,Upbeat,All Weather,All Season,Youth/adult"
Cover Me In Sunshine,Cover Me In Sunshine,"P!nk, Willow Sage Hart","=""00:02:21""",Pop,162,01 Cover Me In Sunshine.mp3,2021,English,1,P!nk & Willow Sage Hart,1,0,"Soul,Mainstream,All Weather,All Season,Youth/adult"
Could Have Been So Good,Could Have Been So Good,"Rules, Bandit","=""00:03:26""",Dance,124,01 Could Have Been So Good.mp3,2025,English,1,Rules & Bandit,1,0,"Electronic,House,Pop,Upbeat,All Weather,All Season,Youth/adult"
Coño,Coño,"Puri, Jhorrmountain, Adje","=""00:02:18""",Dance,100,01 Coño.mp3,2017,Dutch,1,Puri XJhorrmountain XAdje,1,0,"Electronic,Upbeat,All Weather,All Season,Youth/adult"
Cowgirl,Cowgirl,"Alyzée, Vard","=""00:02:26""",Electronic,137,01 Cowgirl.mp3,2024,English,1,"Alyzée, Vard",1,0,"Dance,House,Upbeat,All Weather,All Season,Youth/adult"
Crazy,Crazy,PLÜM,"=""00:03:40""",Pop,105,01 Crazy.mp3,2022,English,1,PLÜM,1,0,"Balanced,All Weather,All Season"
Crashin,Crashin,"SAINT WKND, DiRTY RADiO","=""00:03:31""",Pop,110,01 Crashin.mp3,2019,English,1,SAINT WKND & DiRTY RADiO,1,0,"Balanced,All Weather,All Season"
Crown Heights,Crown Heights,Valentina Porter,"=""00:01:55""",Ambient,156,01 Crown Heights.mp3,2025,English,1,Valentina Porter,1,0,"Electronic,Chillout,Rainy,All Season"
Create Your Groove,Create Your Groove - Single,mellomoon,"=""00:02:31""",Jazz,90,01 Create Your Groove.mp3,2025,English,1,mellomoon,0,1,"Electronic,Chillout,Rainy,All Season"
Cruel Summer (Marcus Layton Edit),Cruel Summer (Marcus Layton Edit),"LAUWE, Marcus Layton","=""00:02:24""",Electronic,118,01 Cruel Summer (Marcus Layton Edit).mp3,2022,English,1,"LAUWE, Marcus Layton",1,0,"Dance,Pop,Upbeat,All Weather,All Season,Youth/adult"
Cruisin',Cruisin',"Showyou, Noflik, Dontcry","=""00:02:19""",Jazz,111,01 Cruisin'.mp3,2024,English,1,"Showyou, Noflik & Dontcry",0,1,"Chillout,Rainy,All Season"
Cry,Internet Dance Hits,"Gryffin, John Martin","=""00:03:38""",Dance,145,01 Cry (with John Martin).mp3,2020,English,1,"Gryffin, John Martin",1,0,"Pop,Indie,Rock,Upbeat,All Weather,All Season,Youth/adult"
Cry Baby,Cry Baby,"Clean Bandit, Anne-Marie, David Guetta","=""00:02:37""",Pop,118,01 Cry Baby.mp3,2024,English,1,"Clean Bandit, Anne‐Marie & David Guetta",1,0,"Electronic,Dance,Upbeat,All Weather,All Season,Youth/adult"
Cuddles,LA Days,"Riinholm, Strria, menda","=""00:01:11""",Electronic,85,01 Cuddles.mp3,2020,English,1,Riinholm,1,0,"Ambient,Electronica,Chillout,Rainy,All Season"
Cynic,Cynic,STELLA LEFTY,"=""00:02:50""",Pop,145,01 Cynic.mp3,2025,English,1,STELLA LEFTY,1,0,"Electronic,Indie,Rock,Energetic,All Weather,All Season,Youth/adult"
Cyprus,Cyprus,SEAVO,"=""00:01:54""",Electronic,102,01 Cyprus.mp3,2025,English,1,SEAVO,1,0,"Ambient,Electronica,Chillout,Rainy,All Season"
"Dance For Me (1, 2, 3) - Stutter Techno","Dance For Me (1, 2, 3)","Sonny Wern, Lyente, Quinten Circle, ZANA","=""00:02:28""",Electronic,155,"01 Dance For Me (1, 2, 3) - Stutter Techno.mp3",2023,English,1,"Sonny Wern, Lyente, Quinten Circle, ZANA",1,0,"Dance,Upbeat,All Weather,All Season,Youth/adult"
Dance In The Dark,Dance In The Dark,"Calm Springs, Baked Moon","=""00:03:18""",Dance,120,01 Dance In The Dark.mp3,2025,English,1,"Calm Springs, Baked Moon",1,0,"Chillout,Rainy,All Season,Youth/adult"
Dancing On Dangerous (feat. Sofía Reyes),Dancing On Dangerous (feat. Sofía Reyes),"Imanbek, Sean Paul, Sofía Reyes","=""00:02:03""",Dance,105,01 Dancing On Dangerous (feat. Sofía Reyes).mp3,2021,English,1,"Imanbek, Sean Paul, Sofía Reyes",1,0,"Pop,Electronic,Upbeat,All Weather,All Season,Youth/adult"
Dancing With Your Ghost,Dancing With Your Ghost,Sasha Alex Sloan,"=""00:03:18""",Pop,75,01 Dancing With Your Ghost.mp3,2019,English,1,Sasha Alex Sloan,1,0,"Indie,Mainstream,All Weather,All Season,Youth/adult"
Day in The Sun,Day in The Sun,Wavesome,"=""00:02:03""",Ambient,80,01 Day in The Sun.mp3,2023,English,1,Wavesome,0,1,"Electronic,Chillout,Rainy,All Season"
Daydreams,Daydreams,"Calm Springs, Donna Senders, Cal1","=""00:02:57""",Dance,107,01 Daydreams.mp3,2024,English,1,"Calm Springs, Donna Senders, Cal1",1,0,"Electronic,Soul,Upbeat,All Weather,All Season,Youth/adult"
De Diepte,De Diepte,S10,"=""00:02:57""",Pop,90,01 De Diepte.mp3,2022,English,1,S10,1,0,"Indie,Rock,Folk,Mainstream,All Weather,All Season,Youth/adult"
De Overkant,De Overkant,"Suzan & Freek, Snelle","=""00:02:48""",Pop,79,01 De Overkant.mp3,2020,English,1,Suzan & Freek & Snelle,1,0,"Indie,Electronic,Energetic,All Weather,All Season,Youth/adult"
Decade of Love,Off the Hook,"Jamania, knoodle, Lars Narvike","=""00:01:48""",Jazz,90,01 Decade of Love.mp3,2020,English,1,Jamania,1,0,"Electronic,Chillout,Rainy,All Season"
Deep Chill,Deep Chill,Zoraz,"=""00:01:55""",Electronic,90,01 Deep Chill.mp3,2024,English,1,Zoraz,0,1,"Ambient,Chillout,Rainy,All Season"
Deja Vu,Deja Vu,"Oliver Heldens, Anabel Englund","=""00:03:19""",Electronic,123,01 Deja Vu(1).mp3,2021,English,1,Oliver Heldens × Anabel Englund,1,0,"Pop,Dance,House,Upbeat,All Weather,All Season,Youth/adult"
Deja Vu,Deja Vu,Solbeats,"=""00:01:49""",Ambient,90,01 Deja Vu(2).mp3,2024,English,1,Solbeats,1,0,"Electronic,Chillout,Rainy,All Season"
Desire,Desire,"Calvin Harris, Sam Smith","=""00:02:59""",Dance,139,01 Desire (with Sam Smith).mp3,2023,English,1,"Columbia, Sony Music",1,0,"Electronic,Upbeat,All Weather,All Season,Youth/adult"
Diamonds - Joel Corry Remix,Diamonds (Joel Corry Remix),01 Diamonds,"=""00:03:16""",Dance,124,01 Diamonds - Joel Corry Remix.mp3,2020,English,1,"Sam Smith, Joel Corry",1,0,"Electronic,Pop,House,Upbeat,All Weather,All Season,Youth/adult"
Dim the Lights,Dim the Lights,"Jamania, menda, knoodle","=""00:01:19""",Jazz,88,01 Dim the Lights.mp3,2022,English,1,"Jamania, menda, knoodle",0,1,"Electronic,Ambient,Chillout,Rainy,All Season"
Dimples,Dimples,Le Pug,"=""00:01:55""",Electronic,85,01 Dimples.mp3,2021,English,1,Le Pug,1,0,"Electronica,Ambient,Chillout,Rainy,All Season"
Dirty Cash (Money Talks),Dirty Cash (Money Talks),"PAWSA, The Adventures Of Stevie V","=""00:03:41""",Dance,132,01 Dirty Cash (Money Talks).mp3,2024,English,1,PAWSA & Adventures of Stevie V,1,0,"Electronic,Pop,House,Electro,Upbeat,All Weather,All Season,Youth/adult"
Dive,Dive,"Hot Shade, Mike Perry, Chris James","=""00:02:45""",Pop,124,01 Dive.mp3,2019,English,1,Hot Shade & Mike Perry feat. Chris James,1,0,"Dance,Indie,Electro,Upbeat,All Weather,All Season,Youth/adult"
Dizzy,Dizzy,"Miriam Cooper, outset island","=""00:02:34""",Dance,110,01 Dizzy.mp3,2025,English,1,"Miriam Cooper, outset island",1,0,"Electronic,Upbeat,All Weather,All Season,Youth/adult"
Do We Learn (From Broken Dreams),Do We Learn (From Broken Dreams),"Æj, Josh Brown","=""00:02:59""",Dance,120,01 Do We Learn (From Broken Dreams).mp3,2026,English,1,"Æj, Josh Brown",1,0,"Pop,House,Upbeat,All Weather,All Season,Youth/adult"
Doe Me Dansje,Doe Me Dansje,"La Fuente, Ronnie Flex, Kraantje Pappie","=""00:02:41""",Dance,128,01 Doe Me Dansje.mp3,2023,English,1,"La Fuente, Ronnie Flex & Kraantje Pappie",1,0,"Electronic,House,Electro,Upbeat,All Weather,All Season,Youth/adult"
Don't Be Afraid,Don't Be Afraid,"outset island, Haisten","=""00:02:16""",Dance,125,01 Don't Be Afraid.mp3,2025,English,1,"outset island, Haisten",1,0,"Pop,Upbeat,All Weather,All Season,Youth/adult"
Don't Hate Me,Don’t Hate Me,Lola Young,"=""00:02:42""",Electronic,96,01 Don't Hate Me.mp3,2023,English,1,Lola Young,1,0,"Hip Hop,Energetic,All Weather,All Season"
Don't Let Me Fall,Don't Let Me Fall,PLVTO,"=""00:02:33""",Electronic,132,01 Don't Let Me Fall.mp3,2026,English,1,PLVTO,1,0,"Dance,House,Electro,Upbeat,All Weather,All Season,Youth/adult"
Don't Need You,Don't Need You,MENTIS,"=""00:02:44""",Dance,124,01 Don't Need You.mp3,2022,English,1,MENTIS,1,0,"Electronic,Pop,House,Upbeat,All Weather,All Season,Youth/adult"
Don't You Worry Child - Radio Edit,Don't You Worry Child,"Swedish House Mafia, John Martin","=""00:03:33""",Electronic,129,01 Don't You Worry Child - Radio Edit.mp3,2012,English,1,"Swedish House Mafia, John Martin",1,0,"Dance,Electro,Upbeat,All Weather,All Season,Youth/adult"
Donderdag,Donderdag,"Kris Kross Amsterdam, Bilal Wahib, Emma Heesters","=""00:02:36""",Pop,95,01 Donderdag.mp3,2020,English,1,Kris Kross Amsterdam,1,0,"R&B,Dance,Upbeat,All Weather,All Season,Youth/adult"
Done To Me,Done To Me,Amés,"=""00:02:26""",Electronic,122,01 Done To Me.mp3,2021,English,1,Amés,1,0,"Dance,House,Pop,Electro,Upbeat,All Weather,All Season,Youth/adult"
Donkere Dagen,Trobi On The Beat,"Trobi, Lijpe, Emms","=""00:03:35""",Hip Hop,95,01 Donkere Dagen.mp3,2022,English,1,Trobi,1,0,"Balanced,All Weather,All Season"
Don’t Need Love (with GRACEY) - Majestic Remix,Don’t Need Love (with GRACEY) [Majestic Remix],"220 KID, GRACEY, Majestic","=""00:04:31""",Electronic,130,01 Don’t Need Love (with GRACEY) - Majestic Remix.mp3,2020,English,1,"220 KID, GRACEY, Majestic",1,0,"Dance,House,Pop,Upbeat,All Weather,All Season,Youth/adult"
Down By The Sea,Down By The Sea,"Sainte Barbe, Jan Aygün","=""00:02:32""",Dance,111,01 Down By The Sea.mp3,2026,English,1,"Sainte Barbe, Jan Aygün",1,0,"Upbeat,All Weather,All Season,Youth/adult"
Dream Of Me,Dream Of Me,"Saco, Roeland Beelen","=""00:02:56""",Pop,144,01 Dream Of Me.mp3,2023,English,1,Saco,1,0,"Indie,Mainstream,All Weather,All Season,Youth/adult"
Dreaming Together,Dreaming Together,Anlou,"=""00:02:36""",Jazz,136,01 Dreaming Together.mp3,2025,English,1,Anlou,0,1,"Chillout,Rainy,All Season"
Dreamtide,Dreamtide,Zoraz,"=""00:01:53""",Electronic,90,01 Dreamtide.mp3,2025,English,1,Zoraz,0,1,"Ambient,Chillout,Rainy,All Season"
Drifting,Drifting,Birdsey,"=""00:02:24""",Electronic,125,01 Drifting.mp3,2025,English,1,Birdsey,1,0,"Electronica,House,Dance,Chillout,Rainy,All Season,Youth/adult"
Drive Safe,Drive Safe,"Myles Smith, Niall Horan","=""00:03:21""",Electronic,118,01 Drive Safe.mp3,2026,English,1,Myles Smith + Niall Horan,1,0,"Dance,Pop,Upbeat,All Weather,All Season,Youth/adult"
Dromen Zijn Bedrog,Marco,Marco Borsato,"=""00:04:03""",Pop,132,01 Dromen Zijn Bedrog.mp3,1994,English,1,Marco Borsato,1,0,"Electronic,Energetic,All Weather,All Season,Youth/adult"
Dromen,Dromen,Antoon,"=""00:02:18""",Pop,92,01 Dromen.mp3,2021,English,1,Antoon,1,0,"Hip Hop,Mainstream,All Weather,All Season,Youth/adult"
Drowning - HYPAUX & Spijk Remix,Drowning (HYPAUX & Spijk Remix),"Open Rim, HYPAUX, Spijk, LU","=""00:02:46""",Electronic,95,01 Drowning - HYPAUX & Spijk Remix.mp3,2023,English,1,"Open Rim, HYPAUX, Spijk, LU",1,0,"Energetic,All Weather,All Season"
Drunk,Drunk,Ameli Dot,"=""00:03:14""",Pop,112,01 Drunk.mp3,2022,English,1,Ameli Dot,1,0,"Electronic,Indie,Energetic,All Weather,All Season,Youth/adult"
Dry Martini,Dry Martini,Solbeats,"=""00:01:42""",Ambient,86,01 Dry Martini.mp3,2024,English,1,Solbeats,0,1,"Electronic,Energetic,Rainy,All Season"
Dunes,Dunes,Yanoso,"=""00:01:50""",Jazz,88,01 Dunes.mp3,2024,English,1,Yanoso,1,0,"Ambient,Electronic,Chillout,Rainy,All Season"
Dyscalculie,Dyscalculie,Max Bolhuis,"=""00:01:34""",Pop,95,01 Dyscalculie.mp3,2023,English,1,Max Bolhuis,1,0,"Electronic,Energetic,All Weather,All Season,Youth/adult"
EXCEPTIONAL,EXCEPTIONAL,"veggi, DijahSB","=""00:02:18""",Hip Hop,115,01 EXCEPTIONAL.mp3,2021,English,1,Veggi & DijahSB,1,0,"Electronic,Energetic,All Weather,All Season"
Early In The Morning,Early In The Morning,"Kris Kross Amsterdam, Shaggy, Conor Maynard","=""00:02:52""",Dance,105,01 Early In The Morning.mp3,2021,English,1,"Kris Kross Amsterdam, Shaggy & Conor Maynard",1,0,"Pop,Upbeat,All Weather,All Season,Youth/adult"
Easy On Me,30,Adele,"=""00:03:45""",Pop,142,01 Easy On Me.mp3,2021,English,1,Adele,1,0,"Jazz,Mainstream,Rainy,All Season,Youth/adult"
Easy,Easy,"John Skyfield, ODBLU","=""00:02:47""",Electronic,118,01 Easy.mp3,2023,English,1,John Skyfield & ODBLU,1,0,"Pop,Energetic,All Weather,All Season,Youth/adult"
Easygoing,Easygoing,"loonight, Riinholm, chiro17","=""00:01:25""",Electronic,79,01 Easygoing.mp3,2022,English,1,"loonight, Riinholm, chiro17",0,1,"Jazz,Ambient,Chillout,Rainy,All Season"
Eb & Vloed,Eb & Vloed,Claude,"=""00:02:42""",Pop,162,01 Eb & Vloed.mp3,2026,English,1,Claude,1,0,"Electronic,Rock,Energetic,All Weather,All Season,Youth/adult"
Een Beetje Zon,Een Beetje Zon,Frans Pollux,"=""00:03:37""",Pop,96,01 Een Beetje Zon.mp3,2020,English,1,Frans Pollux,1,0,"Indie,Alternative,Mainstream,All Weather,All Season,Youth/adult"
Een Nacht Als Deze,Een Nacht Als Deze,MEAU,"=""00:03:01""",Pop,162,01 Een Nacht Als Deze.mp3,2025,English,1,MEAU,1,0,"Electronic,Dance,Indie,Upbeat,All Weather,All Season,Youth/adult"
Eigen Weg,Eigen Weg,MEAU,"=""00:03:06""",Pop,162,01 Eigen Weg.mp3,2023,English,1,MEAU,1,0,"Rock,Indie,Mainstream,All Weather,All Season,Youth/adult"
Eivissa Sundowner,Eivissa Sundowner,Solbeats,"=""00:01:47""",Ambient,90,01 Eivissa Sundowner.mp3,2023,English,1,Solbeats,0,1,"Electronic,Chillout,Rainy,All Season"
El Tiburon,El Tiburon,SEAVO,"=""00:02:05""",Electronic,154,01 El Tiburon.mp3,2023,English,1,SEAVO,0,1,"Ambient,Jazz,Electronica,Chillout,Rainy,All Season"
Embrace,Embrace,Atmosun,"=""00:02:32""",Electronic,112,01 Embrace.mp3,2024,English,1,Atmosun,0,1,"Ambient,Electronica,Chillout,Rainy,All Season"
End Of Me,End Of Me,"Eloi El, Lucien, Zen Waves","=""00:02:24""",Dance,119,01 End Of Me.mp3,2024,English,1,"Eloi El, Lucien, Zen Waves",1,0,"Upbeat,All Weather,All Season,Youth/adult"
Endless Summer,Endless Summer,Yanoso,"=""00:01:46""",Electronic,150,01 Endless Summer.mp3,2023,English,1,Yanoso,0,1,"Ambient,Chillout,Rainy,All Season"
Enjoying the View,Enjoying the View,Harpoon,"=""00:02:59""",Electronic,119,01 Enjoying the View.mp3,2020,English,1,Harpoon,1,0,"Dance,House,Upbeat,All Weather,All Season,Youth/adult"
Espresso - Mark Ronson x FNZ Working Late Remix,Espresso (Working Late Remixes),"Sabrina Carpenter, Mark Ronson, FNZ","=""00:03:04""",Electronic,112,01 Espresso - Mark Ronson x FNZ Working Late Remix.mp3,2024,English,1,"Sabrina Carpenter, Mark Ronson, FNZ",1,0,"Dance,Pop,House,Upbeat,All Weather,All Season,Youth/adult"
Euphoria,Euphoria,Aleva,"=""00:01:56""",Electronic,89,01 Euphoria.mp3,2024,English,1,Aleva,0,1,"Ambient,Electronica,Chillout,Rainy,All Season"
Evening Cool,Evening Cool,Timothy Infinite,"=""00:03:01""",Hip Hop,93,01 Evening Cool.mp3,2024,English,1,Timothy Infinite,1,0,"Electronic,Chillout,Rainy,All Season"
Every Second,Every Second,Mina Okabe,"=""00:03:02""",Pop,130,01 Every Second.mp3,2021,English,1,Mina Okabe,1,0,"Electronic,Indie,Energetic,All Weather,All Season,Youth/adult"
Every Night,Every Night,"Macy Gray, The California Jet Club, Maino","=""00:02:58""",Pop,96,01 Every Night.mp3,2022,English,1,"Macy Gray, The California Jet Club, Maino",1,0,"Hip Hop,Mainstream,All Weather,All Season,Youth/adult"
Everybody's Free (To Feel Good),Everybody's Free (To Feel Good),DE SOFFER,"=""00:02:46""",Dance,123,01 Everybody's Free (To Feel Good).mp3,2025,English,1,DE SOFFER,1,0,"House,Upbeat,All Weather,All Season,Youth/adult"
EveryTime I Cry,EveryTime I Cry,Ava Max,"=""00:02:58""",Pop,128,01 EveryTime I Cry.mp3,2021,English,1,Ava Max,1,0,"Electronic,House,Upbeat,All Weather,All Season,Youth/adult"
Excuseer,Excuseer,Boef,"=""00:02:33""",Hip Hop,96,01 Excuseer.mp3,2022,English,1,Boef,1,0,"R&B,Balanced,All Weather,All Season"
Eyes Blue Like The Atlantic,Eyes Blue Like the Atlantic,"Sista Prod, Subvrbs","=""00:02:35""",Pop,152,01 Eyes Blue Like The Atlantic.mp3,2020,English,1,Sista Prod,1,0,"R&B,Soul,Mainstream,All Weather,All Season,Youth/adult"
FEVER DREAM,FEVER DREAM,Alex Warren,"=""00:02:33""",Pop,108,01 FEVER DREAM.mp3,2026,English,1,Alex Warren,1,0,"R&B,Soul,Hip Hop,Electronic,Energetic,All Weather,All Season,Youth/adult"
Fake ID (Coke & Rum Remix),Fake ID (Coke & Rum Remix),"Riton, Kah-Lo, GEE LEE","=""00:02:07""",Electronic,125,01 Fake ID (Coke & Rum Remix).mp3,2022,English,1,"Riton, Kah‐Lo, & GEE LEE",1,0,"Dance,Pop,R&B,Upbeat,All Weather,All Season,Youth/adult"
False Confidence,Busyhead,Noah Kahan,"=""00:03:43""",Alternative,109,01 False Confidence.mp3,2019,English,1,Noah Kahan,1,0,"Indie,Rock,Pop,Mainstream,All Weather,All Season,Youth/adult"
Far Away From Home (feat. Leony),Far Away From Home (feat. Leony),"Sam Feldt, VIZE, Leony","=""00:02:43""",Dance,100,01 Far Away From Home (feat. Leony).mp3,2020,English,1,"Sam Feldt, VIZE & Leony",1,0,"Pop,Electronic,Upbeat,All Weather,All Season,Youth/adult"
Feel Alive,Feel Alive,KAMRAD,"=""00:02:28""",Pop,118,01 Feel Alive.mp3,2023,English,1,KAMRAD,1,0,"Dance,Electronic,Upbeat,All Weather,All Season,Youth/adult"
Feel The Rush,Feel The Rush,"The kid in blue, Alberto Ciccarini","=""00:02:21""",Dance,125,01 Feel The Rush.mp3,2025,English,1,"The kid in blue, Alberto Ciccarini",1,0,"House,Electro,Electronica,Chillout,Rainy,All Season,Youth/adult"
Feel You,Feel You,"Calm Springs, Vitaly Gray","=""00:02:53""",Dance,115,01 Feel You.mp3,2025,English,1,Calm Springs & Vitaly Gray,1,0,"Pop,Upbeat,All Weather,All Season,Youth/adult"
Feel The Vibe - Keanu Silva Remix,Feel The Vibe (Keanu Silva Remix),"DJ Kuba, Neitan, Keanu Silva","=""00:02:38""",Electronic,124,01 Feel The Vibe - Keanu Silva Remix.mp3,2020,English,1,"DJ Kuba, Neitan, Keanu Silva",1,0,"Electro,Dance,House,Electronica,Upbeat,All Weather,All Season,Youth/adult"
Feel the Heat,Feel the Heat,Solbeats,"=""00:01:58""",Ambient,150,01 Feel the Heat.mp3,2023,English,1,Solbeats,1,0,"Electronic,Jazz,Chillout,Rainy,All Season"
Feeling Now,Feeling Now,"Deun, Joel Stewart","=""00:02:41""",Electronic,110,01 Feeling Now.mp3,2022,English,1,"Deun, Joel Stewart",1,0,"Indie,Energetic,All Weather,All Season"
Feels Like Home,Smooth Breeze,Oceanly,"=""00:02:13""",Electronic,88,01 Feels Like Home.mp3,2022,English,1,Oceanly,0,1,"Ambient,Electronica,Chillout,Rainy,All Season"
Feels Right,Feels Right,Biig Piig,"=""00:03:19""",Alternative,121,01 Feels Right.mp3,2020,English,1,Biig Piig,1,0,"Dance,Pop,Upbeat,All Weather,All Season,Youth/adult"
Fell For You,Fell For You,"Donner, outset island","=""00:02:03""",Electronic,119,01 Fell For You.mp3,2024,English,1,"Donner, outset island",1,0,"Rock,Pop,Indie,Energetic,All Weather,All Season,Youth/adult"
Feral Youth,Feral Youth,Gigamesh,"=""00:03:39""",Electronic,116,01 Feral Youth.mp3,2019,English,1,Gigamesh,1,0,"House,Dance,Electro,Electronica,Chillout,Rainy,All Season,Youth/adult"
Fet House Mode,Fet House Mode,Rebecca & Fiona,"=""00:03:33""",Electronic,122,01 Fet House Mode.mp3,2020,English,1,Rebecca & Fiona,1,0,"Dance,House,Electro,Upbeat,All Weather,All Season,Youth/adult"
Fever,Fever,"heylucas, Nina Carr","=""00:02:53""",Pop,107,01 Fever.mp3,2021,English,1,"heylucas, Nina Carr",1,0,"Electronic,Dance,Upbeat,All Weather,All Season,Youth/adult"
Fiji,Fiji,Solbeats,"=""00:01:58""",Ambient,164,01 Fiji.mp3,2024,English,1,Solbeats,0,1,"Electronic,Chillout,Rainy,All Season"
Fingers Crossed,Fingers Crossed,Lauren Spencer Smith,"=""00:02:55""",Pop,110,01 Fingers Crossed.mp3,2022,English,1,Lauren Spencer Smith,1,0,"R&B,Soul,Mainstream,All Weather,All Season,Youth/adult"
Fireworks (feat. Moss Kena & The Knocks),Fireworks (feat. Moss Kena & The Knocks),"Purple Disco Machine, Moss Kena, The Knocks","=""00:03:20""",Dance,118,01 Fireworks (feat. Moss Kena & The Knocks).mp3,2021,English,1,Purple Disco Machine,1,0,"Electronic,Pop,House,Upbeat,All Weather,All Season,Youth/adult"
Firm Foundation (He Won’t),Firm Foundation (He Won't),Cody Carnes,"=""00:06:22""",Rock,150,01 Firm Foundation (He Won’t).mp3,2021,English,1,Cody Carnes,1,0,"Pop,Electronic,Indie,Energetic,All Weather,All Season,Youth/adult"
First Song,First Song,Salt and Sand,"=""00:01:57""",Electronic,90,01 First Song.mp3,2024,English,1,Salt and Sand,0,1,"Ambient,Jazz,Chillout,Rainy,All Season"
Five Stars,Five Stars,Tidevibes,"=""00:02:04""",Ambient,140,01 Five Stars.mp3,2024,English,1,Tidevibes,1,0,"Electronic,Chillout,Rainy,All Season"
Float,Pleasure Principle,"Dugong Jr, Rromarin","=""00:04:18""",Electronic,107,01 Float.mp3,2020,English,1,Dugong Jr feat. Rromarin,1,0,"Chillout,Rainy,All Season"
Floating Through Space,Floating Through Space,"Sia, David Guetta","=""00:02:58""",Pop,105,01 Floating Through Space.mp3,2021,English,1,Sia,1,0,"Dance,Upbeat,All Weather,All Season,Youth/adult"
Flowers - Sunship Edit,In Person,Sweet Female Attitude,"=""00:03:50""",Dance,132,01 Flowers - Sunship Edit.mp3,2001,English,1,Sweet Female Attitude,1,0,"Pop,Electronic,R&B,Upbeat,All Weather,All Season,Youth/adult"
Fluister - Live,Fluister (Live),Hannah Mae,"=""00:03:11""",Rock,162,01 Fluister - Live.mp3,2025,English,1,Hannah Mae,1,0,"Pop,Indie,Alternative,Mainstream,All Weather,All Season,Youth/adult"
Fly me to the Moon,GOLD,"Sainte Barbe, Shiloh Dynasty","=""00:03:12""",Electronic,120,01 Fly me to the Moon.mp3,2025,English,1,"Sainte Barbe, Shiloh Dynasty",1,0,"Dance,House,Upbeat,All Weather,All Season,Youth/adult"
Follow The Sun,Follow The Sun,"Lost In Pacific, Noah Kulaga","=""00:02:57""",Electronic,120,01 Follow The Sun.mp3,2024,English,1,Lost In Pacific,1,0,"Energetic,All Weather,All Season"
Follow You,Follow You,Cheat Codes,"=""00:02:59""",Electronic,112,01 Follow You(1).mp3,2015,English,1,Cheat Codes,1,0,"Dance,Indie,Upbeat,All Weather,All Season,Youth/adult"
Follow You,Follow You / Cutthroat,Imagine Dragons,"=""00:02:56""",Alternative,125,01 Follow You.mp3,2021,English,1,"Interscope Records, KIDinaKORNER, KIDinaKORNER, Golden Age Studios, L.A., Ragged Insomnia Studio, The Clubhouse, Los Angeles, Shangri-La, Malibu, CA, MixStar Studios, Sterling Sound, Sterling Sound, MPO",1,0,"Dance,Upbeat,All Weather,All Season,Youth/adult"
Following the Sun - Speed Version,Following the Sun (Speed Version),"Sped-O, SUPER-Hi, NEEKA","=""00:02:51""",Electronic,152,01 Following the Sun - Speed Version.mp3,2022,English,1,"Sped-O, SUPER-Hi, NEEKA",1,0,"Indie,Electro,Pop,Energetic,All Weather,All Season,Youth/adult"
For A Fool,For A Fool,Storm Queen,"=""00:03:01""",Dance,123,01 For A Fool.mp3,2021,English,1,Storm Queen,1,0,"Electronic,Pop,House,R&B,Upbeat,All Weather,All Season,Youth/adult"
For You,For You,Fahlberg,"=""00:07:35""",Electronic,120,01 For You.mp3,2022,English,1,Fahlberg,1,0,"Electro,Electronica,Energetic,All Weather,All Season"
Forever In My Mind,Forever In My Mind,"Madism, LPW","=""00:02:33""",Dance,118,01 Forever In My Mind.mp3,2022,English,1,"Madism, LPW",1,0,"Pop,Electro,Upbeat,All Weather,All Season,Youth/adult"
Formentera Feelings,Formentera Feelings,Wavesome,"=""00:01:38""",Ambient,90,01 Formentera Feelings.mp3,2023,English,1,Wavesome,0,1,"Electronic,Chillout,Rainy,All Season"
Forgive Me Friend - Acoustic Version,Forgive Me Friend (Acoustic Version),Smith & Thell,"=""00:03:48""",Pop,120,01 Forgive Me Friend - Acoustic Version.mp3,2019,English,1,Smith & Thell,1,0,"Indie,Electronic,Energetic,All Weather,All Season,Youth/adult"
Formentera Lady,Formentera Lady,Tidevibes,"=""00:01:55""",Ambient,136,01 Formentera Lady.mp3,2023,English,1,Tidevibes,0,1,"Electronic,Chillout,Rainy,All Season"
Found,Found,Zach Webb,"=""00:05:11""",Folk,89,01 Found.mp3,2022,English,1,Zach Webb,1,0,"Indie,Rock,Energetic,All Weather,All Season"
FourFiveSeconds,FourFiveSeconds,"Rihanna, Kanye West, Paul McCartney","=""00:03:08""",Pop,103,01 FourFiveSeconds.mp3,2015,English,1,"Rihanna, Kanye West, Paul McCartney",1,0,"Folk,Mainstream,All Weather,All Season,Youth/adult"
Fragrant Waves,Fragrant Waves,Wavesome,"=""00:02:05""",Ambient,140,01 Fragrant Waves.mp3,2024,English,1,Wavesome,1,0,"Electronic,Jazz,Chillout,Rainy,All Season"
Freaks,Freaks,Surf Curse,"=""00:02:27""",Alternative,90,01 Freaks.mp3,2021,English,1,Surf Curse,1,0,"Indie,Rock,Indie Rock,Energetic,All Weather,All Season"
Freefall,hope u like my mixtape,POOLCLVB feat. Doolie,"=""00:03:33""",Electronic,118,01 Freefall.mp3,2020,English,1,POOLCLVB feat. Doolie,1,0,"Dance,House,Electro,Upbeat,All Weather,All Season,Youth/adult"
Freeway (with Estelle),Freeway (with Estelle),Austin Millz & Estelle,"=""00:03:22""",Dance,119,01 Freeway (with Estelle).mp3,2023,English,1,Austin Millz & Estelle,1,0,"R&B,Pop,Soul,Upbeat,All Weather,All Season,Youth/adult"
Friday (feat. Mufasa & Hypeman) - Dopamine Re-Edit,Friday (feat. Mufasa & Hypeman) [Dopamine Re-Edit],"Riton, Nightcrawlers, Mufasa & Hypeman, Mufasa, Dopamine","=""00:02:49""",Dance,123,01 Friday (feat. Mufasa & Hypeman) - Dopamine Re-Edit.mp3,2021,English,1,"Riton, Nightcrawlers, Mufasa & Hypeman, Mufasa, Dopamine",1,0,"Electronic,Pop,House,Electro,Upbeat,All Weather,All Season,Youth/adult"
Frisch,Dachfenster,"Gustav, 01099","=""00:02:38""",Electronic,128,01 Frisch.mp3,2021,English,1,01099 & Gustav,1,0,"Dance,House,Upbeat,All Weather,All Season,Youth/adult"
Fruit Punch,Fruit Punch,Jay Faded,"=""00:02:50""",Electronic,127,01 Fruit Punch.mp3,2021,English,1,Jay Faded,1,0,"Dance,House,Electro,Upbeat,All Weather,All Season,Youth/adult"
Funny,Funny,Douwe Bob,"=""00:02:28""",Pop,167,01 Funny.mp3,2025,English,1,Douwe Bob,1,0,"Indie,Mainstream,All Weather,All Season,Youth/adult"
Gaan We Weg?,Gaan We Weg?,Roxy Dekker & Ronnie Flex,"=""00:02:22""",Pop,128,01 Gaan We Weg .mp3,2024,English,1,"WARNER Music Benelux, Roxy Dekker",1,0,"House,Electronic,Upbeat,All Weather,All Season,Youth/adult"
Gabber,Gabber,"Tino Martin, Lil Kleine","=""00:02:55""",Pop,118,01 Gabber.mp3,2021,English,1,"Tino Martin, Lil Kleine",1,0,"Electronic,Dance,Upbeat,All Weather,All Season,Youth/adult"
Galapagos,Galapagos,Tidevibes,"=""00:02:05""",Ambient,140,01 Galapagos.mp3,2024,English,1,Tidevibes,1,0,"Electronic,Jazz,Chillout,Rainy,All Season"
Geen Hype,Geen Hype,"JoeyAK, Lil Kleine, Kevin","=""00:03:09""",Hip Hop,142,01 Geen Hype.mp3,2021,Dutch,1,"JoeyAK, Lil’ Kleine & Kevin",1,0,"Electronic,Energetic,All Weather,All Season"
Geldwolf,Geldwolf,"Matthy, Robbie, FCRoelie, Bassistent","=""00:02:43""",Hip Hop,100,01 Geldwolf.mp3,2020,English,1,"Matthy, Robbie, FCRoelie, Bassistent",1,0,"Pop,Mainstream,All Weather,All Season,Youth/adult"
Geronimo,Bombs Away,Sheppard,"=""00:03:38""",Pop,143,01 Geronimo.mp3,2014,English,1,Sheppard,1,0,"Dance,Indie,Upbeat,All Weather,All Season,Youth/adult"
Get To Know You,Get To Know You,Samantha Harvey,"=""00:03:22""",Pop,118,01 Get To Know You.mp3,2019,English,1,Samantha Harvey,1,0,"Electronic,Energetic,All Weather,All Season,Youth/adult"
Ghetto Strut,Ghetto Strut,Hans Glader,"=""00:05:30""",Electronic,132,01 Ghetto Strut.mp3,2020,English,1,Hans Glader,1,0,"Dance,House,Electro,Upbeat,All Weather,All Season,Youth/adult"
Ghost Town,Ghost Town,Benson Boone,"=""00:03:14""",Pop,116,01 Ghost Town(1).mp3,2021,English,1,Benson Boone,1,0,"Rock,Mainstream,All Weather,All Season,Youth/adult"
Giants,Without Fear,Dermot Kennedy,"=""00:02:57""",Pop,156,01 Giants.mp3,2019,English,1,Dermot Kennedy,1,0,"Indie,Mainstream,All Weather,All Season,Youth/adult"
Ghost Town,The Original High,Adam Lambert,"=""00:03:28""",Pop,120,01 Ghost Town.mp3,2015,English,1,Warner Bros. Records,1,0,"Dance,Upbeat,All Weather,All Season,Youth/adult"
Gimme Love - Channel Tres Remix,Gimme Love (Channel Tres Remix),"Joji, Channel Tres","=""00:03:16""",Pop,118,01 Gimme Love - Channel Tres Remix.mp3,2020,English,1,"Joji, Channel Tres",1,0,"Balanced,All Weather,All Season"
Give Love to Get Some,Give Love to Get Some,"Brothers Macklovitch, A-Trak, Leven Kali","=""00:03:42""",Pop,121,01 Give Love to Get Some (feat. Leven Kali).mp3,2020,English,1,The Brothers Macklovitch feat. Leven Kali,1,0,"Balanced,All Weather,All Season"
Glorie aan Jezus,Glorie aan Jezus,Mathijs Fitters,"=""00:03:19""",Pop,100,01 Glorie aan Jezus.mp3,2024,English,1,Mathijs Fitters,1,0,"Balanced,All Weather,All Season"
Glide,Glide,Channel Tres,"=""00:04:26""",Pop,119,01 Glide.mp3,2018,English,1,Channel Tres,1,0,"Balanced,All Weather,All Season"
Glorious,Glorious,Ella Henderson,"=""00:03:05""",Pop,108,01 Glorious.mp3,2019,English,1,Ella Henderson,1,0,"Soul,Mainstream,All Weather,All Season,Youth/adult"
Glowing Water,Glowing Water,Wavesome,"=""00:02:05""",Ambient,139,01 Glowing Water.mp3,2024,English,1,Wavesome,0,1,"Electronic,Jazz,Chillout,Rainy,All Season"
Gold,Gold,Britt Nicole,"=""00:02:59""",Pop,96,01 Gold.mp3,2012,English,1,Britt Nicole,1,0,"Electronic,Energetic,All Weather,All Season,Youth/adult"
Gold,Gold,"Austin Millz, Aluna","=""00:02:55""",Dance,117,01 Gold(1).mp3,2021,English,1,"Austin Millz, Aluna",1,0,"Electronic,Pop,House,R&B,Upbeat,All Weather,All Season,Youth/adult"
Golden Sunset,Golden Sunset,Lavern,"=""00:02:22""",Electronic,112,01 Golden Sunset.mp3,2021,English,1,Lavern,1,0,"Pop,Energetic,All Weather,All Season,Youth/adult"
Golden Sands,Golden Sands,Viva Verde,"=""00:02:10""",Ambient,83,01 Golden Sands.mp3,2023,English,1,Viva Verde,0,1,"Electronic,Chillout,Rainy,All Season"
Goliath,Goliath,Smith & Thell,"=""00:03:25""",Alternative,128,01 Goliath.mp3,2020,English,1,Smith & Thell,1,0,"Dance,Pop,Upbeat,All Weather,All Season,Youth/adult"
Good Day Bad Day - Snakehips Remix,Good Day Bad Day (Snakehips Remix),"Elohim, Snakehips","=""00:03:45""",Electronic,118,01 Good Day Bad Day - Snakehips Remix.mp3,2020,English,1,"Elohim, Snakehips",1,0,"Dance,House,Electro,Upbeat,All Weather,All Season,Youth/adult"
Good Life,Good Life (VIP mix),"goodlife, Elderbrook","=""00:02:47""",Dance,112,01 Good Life (feat. Elderbrook).mp3,2023,English,1,GOODLIFE feat. Elderbrook,1,0,"Upbeat,All Weather,All Season,Youth/adult"
Good Days,Good Days,SZA,"=""00:04:39""",Pop,121,01 Good Days.mp3,2020,English,1,SZA,1,0,"Electronic,R&B,Energetic,All Weather,All Season,Youth/adult"
Good Life,Good Life,"knoodle, Creason, snaate","=""00:01:22""",Electronic,163,01 Good Life.mp3,2022,English,1,"knoodle, Creason, snaate",0,1,"Ambient,Chillout,Rainy,All Season"
Good Look For You (Gigamesh Remix),Good Look For You (Gigamesh Remix),Gavin Turek,"=""00:04:03""",Dance,118,01 Good Look For You (Gigamesh Remix).mp3,2018,English,1,Gavin Turek,1,0,"House,Electro,Pop,Upbeat,All Weather,All Season,Youth/adult"
Good Time,Steppin Up,Golden Lambo,"=""00:03:59""",Electronic,130,01 Good Time.mp3,2022,English,1,Golden Lambo,1,0,"Dance,House,Electro,Upbeat,All Weather,All Season,Youth/adult"
Good To Be,Good To Be,Mark Ambor,"=""00:02:27""",Pop,94,01 Good To Be.mp3,2024,English,1,Mark Ambor,1,0,"Rock,Electronic,Folk,Energetic,All Weather,All Season,Youth/adult"
Good Without,Good Without,Mimi Webb,"=""00:03:02""",Pop,90,01 Good Without.mp3,2021,English,1,Mimi Webb,1,0,"Mainstream,All Weather,All Season,Youth/adult"
Goosebumps,Goosebumps,HVME,"=""00:02:43""",Dance,125,01 Goosebumps.mp3,2020,English,1,HVME,1,0,"Electro,Upbeat,All Weather,All Season,Youth/adult"
Grace Kelly,Life In Cartoon Motion,MIKA,"=""00:03:08""",Pop,122,01 Grace Kelly.mp3,2007,English,1,MIKA,1,0,"Indie,Electronic,Alternative,Energetic,All Weather,All Season,Youth/adult"
Grace,Divinely Uninspired To A Hellish Extent,Lewis Capaldi,"=""00:03:06""",Alternative,104,01 Grace.mp3,2019,English,1,Lewis Capaldi,1,0,"Pop,Indie,Rock,Mainstream,All Weather,All Season,Youth/adult"
Gravity,Gravity,"The kid in blue, Alberto Ciccarini","=""00:02:21""",Dance,120,01 Gravity.mp3,2026,English,1,"The kid in blue, Alberto Ciccarini",1,0,"House,Pop,Upbeat,All Weather,All Season,Youth/adult"
Greedy,Greedy,"Bleu Azur, Queen D","=""00:02:23""",Pop,105,01 Greedy(1).mp3,2023,English,1,"Bleu Azur, Queen D",1,0,"Electronic,Dance,Upbeat,All Weather,All Season,Youth/adult"
Greek Isle Groove,Greek Isle Groove,Yanoso,"=""00:01:46""",Ambient,82,01 Greek Isle Groove.mp3,2023,English,1,Yanoso,0,1,"Electronic,Chillout,Rainy,All Season"
Groovy Berta,Groovy Berta,Kasby,"=""00:03:14""",Electronic,124,01 Groovy Berta.mp3,2021,English,1,Kasby,1,0,"Dance,House,Electro,Upbeat,All Weather,All Season,Youth/adult"
Guilty Pleasures,Guilty Pleasures,Wake the Wild,"=""00:04:17""",Electronic,92,01 Guilty Pleasures.mp3,2020,English,1,Wake the Wild,1,0,"Pop,Energetic,All Weather,All Season,Youth/adult"
Gunko,Gunko,Koby 808,"=""00:01:51""",Electronic,164,01 Gunko.mp3,2025,English,1,Koby 808,0,1,"Ambient,Electronica,Chillout,Rainy,All Season"
Hablame,Hablame,Wavesome,"=""00:02:16""",Ambient,130,01 Hablame.mp3,2024,English,1,Wavesome,1,0,"Electronic,Chillout,Rainy,All Season"
Hallo,Hallo,Antoon,"=""00:02:12""",Pop,120,01 Hallo.mp3,2022,English,1,Antoon,1,0,"Dance,Indie,Upbeat,All Weather,All Season,Youth/adult"
Happy Now,Happy Now,"Zedd, Elley Duhé","=""00:03:27""",Dance,108,01 Happy Now.mp3,2018,English,1,"Zedd, Elley Duhé & Arkadi",1,0,"R&B,Upbeat,All Weather,All Season,Youth/adult"
Hart Beat,Hart Beat,"Rein van Duivenboden, Vajen van den Bosch","=""00:03:25""",Pop,163,01 Hart Beat.mp3,2016,English,1,Rein van Duivenboden & Vajen van den Bosch,1,0,"Rock,Electronic,Energetic,All Weather,All Season,Youth/adult"
Hart In Brand,Frok en Stien,"Froukje, S10","=""00:02:26""",Pop,125,01 Hart In Brand.mp3,2025,English,1,Froukje & S10,1,0,"Electronic,House,Electro,Upbeat,All Weather,All Season,Youth/adult"
Hart vol lof,Hart vol lof,"InSalvation, Eline Bakker","=""00:04:00""",Pop,152,01 Hart vol lof.mp3,2022,English,1,"InSalvation, Eline Bakker",1,0,"Rock,Indie,Alternative,Electronic,Energetic,All Weather,All Season,Youth/adult"
Hazes,Hazes,Billy Dans,"=""00:02:53""",Pop,117,01 Hazes.mp3,2022,English,1,Billy Dans,1,0,"Dance,Indie,Upbeat,All Weather,All Season,Youth/adult"
Head Down,Head Down,"Lost Frequencies, Bastille","=""00:02:54""",Electronic,124,01 Head Down.mp3,2023,English,1,"Lost Frequencies, Bastille & Used",1,0,"Dance,Electro,Indie,Upbeat,All Weather,All Season,Youth/adult"
Head Held High,Head Held High,SERA,"=""00:03:16""",Pop,95,01 Head Held High.mp3,2022,English,1,SERA,1,0,"Electronic,Dance,Upbeat,All Weather,All Season,Youth/adult"
Head Shoulders Knees & Toes (feat. Norma Jean Martine),Head Shoulders Knees & Toes (feat. Norma Jean Martine),"Ofenbach, Quarterhead, Norma Jean Martine","=""00:02:37""",Electronic,125,01 Head Shoulders Knees & Toes (feat. Norma Jean Martine).mp3,2020,English,1,"Ofenbach, Quarterhead, Norma Jean Martine",1,0,"House,Pop,Electro,Upbeat,All Weather,All Season,Youth/adult"
Headlights (feat. Ilsey),Sugar,"Robin Schulz, Ilsey","=""00:03:29""",Dance,122,01 Headlights (feat. Ilsey).mp3,2015,English,1,Robin Schulz,1,0,"Pop,Electro,House,Upbeat,All Weather,All Season,Youth/adult"
Heal Me - Biscits Remix,Heal Me,"FARR, Biscits","=""00:02:57""",Electronic,126,01 Heal Me - Biscits Remix.mp3,2020,English,1,"FARR, Biscits",1,0,"Dance,House,Electro,Upbeat,All Weather,All Season,Youth/adult"
Heart Break Fantasy,Heart Break Fantasy,DiRTY RADiO,"=""00:04:01""",Electronic,120,01 Heart Break Fantasy.mp3,2015,English,1,DiRTY RADiO,1,0,"Dance,Electro,House,Upbeat,All Weather,All Season,Youth/adult"
Heartbreak Or Two,Heartbreak Or Two,"Fex, Motik, Spijk","=""00:02:58""",Dance,123,01 Heartbreak Or Two.mp3,2026,English,1,"Fex, Motik, Spijk",1,0,"House,Upbeat,All Weather,All Season,Youth/adult"
Hearts Will Bleed,Hearts Will Bleed,Janice,"=""00:02:47""",Dance,96,01 Hearts Will Bleed.mp3,2019,English,1,Janice,1,0,"Electronic,Pop,Upbeat,All Weather,All Season,Youth/adult"
Heaven,Heaven,Niall Horan,"=""00:03:06""",Pop,92,01 Heaven.mp3,2023,English,1,Niall Horan,1,0,"Indie,Mainstream,All Weather,All Season,Youth/adult"
Heliotrope,Heliotrope,Yanoso,"=""00:01:50""",Ambient,80,01 Heliotrope.mp3,2024,English,1,Yanoso,1,0,"Electronic,Chillout,Rainy,Christmas"
Hell N Back,Hell N Back,Bakar,"=""00:03:34""",Hip Hop,105,01 Hell N Back.mp3,2019,English,1,Bakar,1,0,"Soul,Warm,All Weather,All Season"
Here Comes The Sun,Here Comes The Sun,TEEMID,"=""00:02:25""",Electronic,124,01 Here Comes The Sun.mp3,2023,English,1,TEEMID,1,0,"Dance,Pop,Upbeat,All Weather,All Season,Youth/adult"
Herinnering,Herinnering,"Boef, Lil Kleine, hirak","=""00:02:35""",Hip Hop,124,01 Herinnering.mp3,2023,Dutch,1,Boef feat. Lil’ Kleine & $hirak,1,0,"Electronic,Energetic,All Weather,All Season"
Het Spijt Me Niet,Hallo Met Mij,Tabitha,"=""00:02:22""",Pop,83,01 Het Spijt Me Niet.mp3,2019,English,1,Tabitha,1,0,"Dance,Electronic,R&B,Upbeat,All Weather,All Season,Youth/adult"
Het Voelt Zo Goed,Het Voelt Zo Goed,"Quincy Wilson, Delany","=""00:03:22""",Electronic,95,01 Het Voelt Zo Goed.mp3,2018,English,1,Quincy Wilson,1,0,"Pop,Dance,Upbeat,All Weather,All Season,Youth/adult"
Het Zit Er Nog Steeds,Het Zit Er Nog Steeds,BENR,"=""00:02:36""",Pop,132,01 Het Zit Er Nog Steeds.mp3,2025,English,1,BENR,1,0,"Indie,Rock,Mainstream,All Weather,All Season,Youth/adult"
Hey Ya!,Hey Ya!,"PLÜM, Trinix","=""00:02:49""",Electronic,118,01 Hey Ya!.mp3,2024,English,1,"PLÜM, Trinix",1,0,"Dance,Upbeat,All Weather,All Season,Youth/adult"
Hey,Your Eyes,Small Town Kid,"=""00:01:47""",Electronic,128,01 Hey(1).mp3,2026,English,1,Small Town Kid,1,0,"Dance,House,Pop,Upbeat,All Weather,All Season,Youth/adult"
Hey,Hey,"FÄIS, AFROJACK","=""00:03:36""",Dance,128,01 Hey.mp3,2016,English,1,FÄIS,1,0,"Pop,Upbeat,All Weather,All Season,Youth/adult"
Hideaway,Sound of a Woman,Kiesza,"=""00:04:12""",Dance,123,01 Hideaway.mp3,2014,English,1,Kiesza,1,0,"Electronic,Pop,House,Upbeat,All Weather,All Season,Youth/adult"
Hier,Hier,"Pjotr, Kenny B","=""00:02:35""",Hip Hop,104,01 Hier.mp3,2024,English,1,"Pjotr, Kenny B",1,0,"R&B,Balanced,All Weather,All Season"
Higher (feat. iann dior),Higher (feat. iann dior),"Clean Bandit, iann dior","=""00:03:24""",Electronic,104,01 Higher (feat. iann dior).mp3,2021,English,1,Clean Bandit,1,0,"Pop,Indie,Dance,Upbeat,All Weather,All Season,Youth/adult"
Highly Functioning,Highly Functioning,"Panta Ray, Leonel P, Anna-Sophia Henry","=""00:03:40""",Electronic,112,01 Highly Functioning.mp3,2022,English,1,"Panta Ray, Leonel P, Anna-Sophia Henry",1,0,"Dance,Upbeat,All Weather,All Season,Youth/adult"
Highway,Highway,"Osrin, WILHELM","=""00:02:46""",Electronic,118,01 Highway.mp3,2021,English,1,"Osrin, WILHELM",1,0,"Dance,House,Electro,Upbeat,All Weather,All Season,Youth/adult"
Him And I (TikTok Sped Edit) - Remix,Him And I (TikTok Sped Edit) [Remix],Music Factory,"=""00:03:35""",Electronic,109,01 Him And I (TikTok Sped Edit) - Remix.mp3,2023,English,1,Music Factory,1,0,"Hip Hop,Energetic,All Weather,All Season"
Hippies (feat. Two Another),Hippies (feat. Two Another),"The Magician, Two Another","=""00:02:56""",Dance,121,01 Hippies (feat. Two Another).mp3,2021,English,1,The Magician,1,0,"Electronic,House,Pop,Electro,Upbeat,All Weather,All Season,Youth/adult"
Hoe Het Is,Hoe Het Is,"Roxy Dekker, Idaly, Ronnie Flex","=""00:02:32""",Pop,128,01 Hoe Het Is.mp3,2025,English,1,Roxy Dekker,1,0,"Electronic,House,Electro,Upbeat,All Weather,All Season,Youth/adult"
Hold Me Close,Hold Me Close,Nofsky,"=""00:02:30""",Dance,118,01 Hold Me Close.mp3,2026,English,1,Nofsky,1,0,"Pop,Upbeat,All Weather,All Season,Youth/adult"
Hold On,Hold On,Trinix,"=""00:02:58""",Electronic,111,01 Hold On.mp3,2022,English,1,Trinix,1,0,"Pop,Soul,Energetic,All Weather,All Season,Youth/adult"
Hold U,Hold U,Lenno feat. James Tone,"=""00:03:28""",Electronic,122,01 Hold U (feat. James Tone).mp3,2022,English,1,"OH2 Records, OH2 Records, OH2 Records",1,0,"Dance,House,Electro,Pop,Upbeat,All Weather,All Season,Youth/adult"
Holding On,Holding On,"Rules, Gregory Porter","=""00:03:51""",Dance,127,01 Holding On.mp3,2026,English,1,Rules & Gregory Porter,1,0,"House,Upbeat,All Weather,All Season,Youth/adult"
Holy,Holy,"Justin Bieber, Chance the Rapper","=""00:03:32""",Pop,87,01 Holy (feat. Chance The Rapper).mp3,2020,English,1,"Def Jam Recordings, Def Jam Recordings, Def Jam Recordings",1,0,"R&B,Soul,Mainstream,All Weather,All Season,Youth/adult"
Holy,Holy,"Zita, Jonah Baker","=""00:02:42""",Alternative,87,01 Holy.mp3,2020,English,1,Zita,1,0,"Pop,Soul,Mainstream,All Weather,All Season,Youth/adult"
Home,Home,Headhunterz,"=""00:03:54""",Electronic,150,01 Home.mp3,2019,English,1,Headhunterz,1,0,"Dance,Upbeat,All Weather,All Season,Youth/adult"
Hometown Glory,Hometown Glory,Adele,"=""00:03:39""",Pop,123,01 Hometown Glory.mp3,2007,English,1,Adele,1,0,"Indie,Mainstream,All Weather,All Season,Youth/adult"
Hot Since 94,Hot Since 94,"forgetmenot, farfetch'd","=""00:03:21""",Dance,123,01 Hot Since 94.mp3,2022,English,1,"forgetmenot, farfetch'd",1,0,"House,Electro,Electronica,Upbeat,All Weather,All Season,Youth/adult"
Hotel,Hotel,"Russo, Matthy","=""00:02:50""",Pop,123,01 Hotel.mp3,2025,English,1,Russo & Matthy,1,0,"Electronic,House,Upbeat,All Weather,All Season,Youth/adult"
Houden Van Haten,Houden Van Haten,"Mart Hoogkamer, Miss Montreal","=""00:03:12""",Pop,122,01 Houden Van Haten.mp3,2025,English,1,Mart Hoogkamer & Miss Montreal,1,0,"Dance,Rock,Upbeat,All Weather,All Season,Youth/adult"
Houdini - Adam Port Mix,Houdini (Adam Port Mix),"Dua Lipa, Adam Port","=""00:03:22""",Electronic,119,01 Houdini - Adam Port Mix.mp3,2023,English,1,"Dua Lipa, Adam Port",1,0,"Dance,Pop,Electronica,Chillout,Rainy,All Season,Youth/adult"
How Deep Is Your Love,How Deep Is Your Love,TIVON,"=""00:02:16""",Dance,122,01 How Deep Is Your Love(1).mp3,2021,English,1,TIVON,1,0,"Electronic,House,Pop,R&B,Upbeat,All Weather,All Season,Youth/adult"
How Deep Is Your Love,How Deep Is Your Love,"Calvin Harris, Disciples","=""00:03:33""",Dance,122,01 How Deep Is Your Love.mp3,2015,English,1,"Calvin Harris, Disciples",1,0,"Electronic,Pop,House,Upbeat,All Weather,All Season,Youth/adult"
Huisfeestje,Huisfeestje,"Bankzitters, Roxy Dekker","=""00:02:30""",Pop,126,01 Huisfeestje.mp3,2024,English,1,Bankzitters,1,0,"Electronic,House,Electro,Upbeat,All Weather,All Season,Youth/adult"
Huisje Aan De Zee,Huisje Aan De Zee,Zoë Livay,"=""00:02:47""",Pop,100,01 Huisje Aan De Zee.mp3,2025,Dutch,1,Zoë Livay,1,0,"Indie,Mainstream,All Weather,All Season,Youth/adult"
Hyperspace,Prelude EP,"Bleu Clair, Teza Sumendra","=""00:03:24""",Electronic,124,01 Hyperspace (feat. Teza Sumendra).mp3,2021,English,1,Bleu Clair feat. Teza Sumendra,1,0,"Electro,Dance,House,Upbeat,All Weather,All Season,Youth/adult"
Hypnotized,Hypnotized,"Purple Disco Machine, Sophie and the Giants","=""00:03:16""",Dance,108,01 Hypnotized.mp3,2020,English,1,"Purple Disco Machine, Sophie and the Giants",1,0,"Electronic,Upbeat,All Weather,All Season,Youth/adult"
I Don't Know Why,I Don't Know Why,"NOTD, Astrid S","=""00:03:28""",Pop,120,01 I Don't Know Why.mp3,2020,English,1,NOTD & Astrid S,1,0,"Dance,Upbeat,All Weather,All Season,Youth/adult"
I Don't Wanna Know,I Don't Wanna Know,"SOMMA, Brenda Mullen","=""00:02:31""",Dance,120,01 I Don't Wanna Know.mp3,2020,English,1,SOMMA & Brenda Mullen,1,0,"Electronic,House,Pop,Upbeat,All Weather,All Season,Youth/adult"
I Feel Good,I Feel Good,Pink Sweat$,"=""00:02:16""",Funk / Soul,106,01 I Feel Good.mp3,2021,English,1,"Atlantic, Atlantic Recording Corporation",1,0,"Pop,Dance,Upbeat,All Weather,All Season,Youth/adult"
I Found You,I Found You,"Cash Cash, Andy Grammer","=""00:02:47""",Dance,130,01 I Found You.mp3,2020,English,1,"Cash Cash, Andy Grammer",1,0,"Electro,House,Pop,Upbeat,All Weather,All Season,Youth/adult"
I Got U,I Got U,"Duke Dumont, Jax Jones","=""00:04:46""",Dance,122,01 I Got U.mp3,2014,English,1,"Duke Dumont, Jax Jones",1,0,"Pop,Upbeat,All Weather,All Season,Youth/adult"
I Love You Always Forever (Nora's Version),I Love You Always Forever (Nora's Version),"Donna Lewis, Nora En Pure","=""00:03:16""",Dance,122,01 I Love You Always Forever (Nora's Version).mp3,2023,English,1,Donna LewisNora en Pure,1,0,"Electro,Upbeat,All Weather,All Season,Youth/adult"
I Love Your Smile (feat. Gunnva),I Love Your Smile (feat. Gunnva),"BOILERS, Gunnva","=""00:02:46""",Dance,100,01 I Love Your Smile (feat. Gunnva).mp3,2021,English,1,BOILERS,1,0,"Electronic,Upbeat,All Weather,All Season,Youth/adult"
I Miss You,I Miss You,"BOILERS, CALVIN","=""00:02:52""",Electronic,107,01 I Miss You.mp3,2022,English,1,"BOILERS, CALVIN",1,0,"Pop,Indie,Energetic,All Weather,All Season,Youth/adult"
I Should Go (feat. Kenny Beats) - Nic Fanciulli Remix,I Should Go (feat. Kenny Beats) [Nic Fanciulli Remix],"James Vincent McMorrow, Kenny Beats, Nic Fanciulli","=""00:03:17""",Dance,128,01 I Should Go (feat. Kenny Beats) - Nic Fanciulli Remix.mp3,2020,English,1,"James Vincent McMorrow, Kenny Beats, Nic Fanciulli",1,0,"Electronic,House,Pop,Upbeat,All Weather,All Season,Youth/adult"
I Still See Your Face,I Still See Your Face,San Holo,"=""00:03:38""",Electronic,126,01 I Still See Your Face.mp3,2017,English,1,San Holo,1,0,"Dance,Pop,Upbeat,All Weather,All Season,Youth/adult"
I Want It All,I Want It All,"Sainte Barbe, Léa Vlaeminck","=""00:03:14""",Electronic,120,01 I Want It All.mp3,2025,English,1,"Sainte Barbe, Léa Vlaeminck",1,0,"Dance,Pop,Upbeat,All Weather,All Season,Youth/adult"
I Want You To Know,I Want You To Know,"Zedd, Selena Gomez","=""00:04:00""",Dance,130,01 I Want You To Know.mp3,2015,English,1,"Zedd, Selena Gomez",1,0,"Electronic,Pop,Electro,House,Upbeat,All Weather,All Season,Youth/adult"
I Was Wrong,I Was Wrong,"Cal1, l'essay","=""00:02:51""",Electronic,114,01 I Was Wrong.mp3,2023,English,1,"Cal1, l'essay",1,0,"Pop,Energetic,All Weather,Christmas,Youth/adult"
I Won't Let You Go,I Won't Let You Go,"Switchfoot, Lauren Daigle","=""00:04:07""",Alternative,138,01 I Won't Let You Go.mp3,2017,English,1,Switchfoot,1,0,"Rock,Pop,Electronic,Energetic,All Weather,All Season,Youth/adult"
I Won’t Need You,I Won’t Need You,"Tep No, Noak Hellsing","=""00:02:59""",Dance,98,01 I Won’t Need You.mp3,2022,English,1,Tep No & Noak Hellsing,1,0,"Upbeat,All Weather,All Season,Youth/adult"
I'll Be Alright,I'll Be Alright,DJ Licious,"=""00:03:20""",Dance,119,01 I'll Be Alright.mp3,2018,English,1,DJ Licious,1,0,"Electronica,Chillout,Rainy,All Season,Youth/adult"
I want you (edit),I want you (edit),Sarge Malone,"=""00:04:51""",Electronic,127,01 I want you (edit).mp3,2022,English,1,Sarge Malone,1,0,"House,Dance,Electronica,Chillout,Rainy,All Season,Youth/adult"
I'll Break My Heart Again,I'll Break My Heart Again,Mimi Webb,"=""00:03:36""",Pop,118,01 I'll Break My Heart Again.mp3,2020,English,1,Mimi Webb,1,0,"Mainstream,All Weather,All Season,Youth/adult"
I'll Wait,I'll Wait,"Kygo, Sasha Alex Sloan","=""00:03:35""",Pop,123,01 I'll Wait.mp3,2020,English,1,"Kygo, Sasha Alex Sloan",1,0,"Balanced,All Weather,All Season"
I'm Not So Tough,World of Hurt,Ilse DeLange,"=""00:04:25""",Pop,117,01 I'm Not so Tough.mp3,1998,English,1,Ilse DeLange,1,0,"Mainstream,All Weather,All Season,Youth/adult"
IYKYK,IYKYK,"BLANCE, Levi From Space, coolage","=""00:02:35""",Dance,128,01 IYKYK.mp3,2026,English,1,"BLANCE, Levi From Space, coolage",1,0,"House,Electro,Upbeat,All Weather,All Season,Youth/adult"
IOU,IOU,"EMBRZ, Lizzy Land","=""00:03:33""",Electronic,119,01 IOU.mp3,2023,English,1,EMBRZ & Lizzy Land,1,0,"Dance,Pop,Chillout,Rainy,All Season,Youth/adult"
Ibiza Dreaming,Ibiza Dreaming,Zoraz,"=""00:02:04""",Electronic,85,01 Ibiza Dreaming.mp3,2023,English,1,Zoraz,1,0,"Ambient,Electronica,Chillout,Rainy,All Season"
Ibiza Waves,Ibiza Waves,Solbeats,"=""00:02:17""",Ambient,130,01 Ibiza Waves.mp3,2023,English,1,Solbeats,1,0,"Electronic,Jazz,Chillout,Rainy,All Season"
If You Love Her - Sped Up Version,If You Love Her (Forest Blakk) [Sped Up Version],"sped up nightcore, Forest Blakk","=""00:02:35""",Pop,73,01 If You Love Her - Sped Up Version.mp3,2022,English,1,"sped up nightcore, Forest Blakk",1,0,"Indie,Rock,Folk,Mainstream,All Weather,All Season,Youth/adult"
Ik Bouw Een Huis,Ik Bouw Een Huis,jet van der steen,"=""00:02:28""",Pop,88,01 Ik Bouw Een Huis.mp3,2024,English,1,jet van der steen,1,0,"Mainstream,All Weather,All Season,Youth/adult"
Ik Haat Hem Voor Jou,Ik Haat Hem Voor Jou,"Froukje, S10","=""00:02:35""",Pop,143,01 Ik Haat Hem Voor Jou.mp3,2024,English,1,"Froukje, S10 & LAMMER",1,0,"Dance,Electro,Upbeat,All Weather,All Season,Youth/adult"
Ik Wil Dat Je Liegt,Ik Wil Dat Je Liegt,"Hannah Mae, MAKSIM","=""00:02:55""",Pop,107,01 Ik Wil Dat Je Liegt.mp3,2024,English,1,Hannah Mae & Maksim,1,0,"Dance,Upbeat,All Weather,All Season,Youth/adult"
Ik Wil Dansen,Ik Wil Dansen - Single,Froukje,"=""00:03:15""",Pop,105,01 Ik Wil Dansen.mp3,2020,English,1,Froukje,1,0,"Dance,Upbeat,All Weather,All Season,Youth/adult"
Ik Zing (feat. Snelle),Ik Zing (feat. Snelle),"Zoë Livay, Snelle","=""00:02:54""",Pop,97,01 Ik Zing (feat. Snelle).mp3,2025,Dutch,1,Zoë Livay,1,0,"Mainstream,All Weather,All Season,Youth/adult"
In De Schuur,In De Schuur,"Snelle, Ronnie Flex","=""00:03:02""",Pop,140,01 In De Schuur.mp3,2020,English,1,"Snelle, Ronnie Flex, Ronnie Flex",1,0,"Mainstream,All Weather,All Season,Youth/adult"
In M'n Bloed,In M'n Bloed,Snelle,"=""00:02:43""",Pop,105,01 In M'n Bloed.mp3,2021,English,1,Snelle,1,0,"Mainstream,All Weather,All Season,Youth/adult"
In The Headlights,In The Headlights,"Baked Moon, Mallou","=""00:02:18""",Pop,107,01 In The Headlights.mp3,2026,English,1,"Baked Moon, Mallou",1,0,"Chillout,Rainy,All Season,Youth/adult"
In The Stars,In The Stars,Benson Boone,"=""00:03:36""",Pop,154,01 In The Stars.mp3,2022,English,1,Benson Boone,1,0,"Rock,Electronic,Energetic,All Weather,All Season,Youth/adult"
In my Room,In my Room,"Kowhaii, Ouflen","=""00:01:52""",Jazz,86,01 In my Room.mp3,2025,English,1,"Kowhaii, Ouflen",1,0,"Chillout,Rainy,All Season"
Inferno,Inferno,"Vertile, Dual Damage","=""00:03:33""",Dance,162,01 Inferno.mp3,2025,English,1,Vertile & Dual Damage,1,0,"Electro,Upbeat,All Weather,All Season,Youth/adult"
Inhale - Exhale (with Sabrina Claudio),Inhale - Exhale (with Sabrina Claudio),"Austin Millz, Sabrina Claudio","=""00:02:49""",Electronic,108,01 Inhale - Exhale (with Sabrina Claudio).mp3,2023,English,1,"Austin Millz, Sabrina Claudio",1,0,"Chillout,Rainy,All Season"
Into You - 3LAU Remix,Into You (3LAU Remix),"Ariana Grande, 3LAU","=""00:03:17""",Dance,126,01 Into You - 3LAU Remix.mp3,2016,English,1,"Ariana Grande, 3LAU",1,0,"Electronic,Pop,House,Upbeat,All Weather,All Season,Youth/adult"
Into You,Into You,BOILERS,"=""00:02:59""",Electronic,110,01 Into You.mp3,2022,English,1,BOILERS,1,0,"Dance,Electronica,Upbeat,All Weather,All Season,Youth/adult"
Into Your Arms (feat. Ava Max),Into Your Arms (feat. Ava Max),"Witt Lowry, Ava Max","=""00:03:06""",Pop,85,01 Into Your Arms (feat. Ava Max).mp3,2018,English,1,Witt Lowry,1,0,"Electronic,Energetic,All Weather,All Season,Youth/adult"
Into the Wild,Into the Wild,"Bristic, snaate, Riinholm","=""00:01:50""",Electronic,140,01 Into the Wild.mp3,2022,English,1,"Bristic, snaate, Riinholm",0,1,"Ambient,Electronica,Chillout,Rainy,All Season"
Is Dat Nou Echt?,Is Dat Nou Echt?,Bankzitters,"=""00:02:29""",Pop,87,01 Is Dat Nou Echt .mp3,2022,English,1,Bankzitters,1,0,"Electronic,Energetic,All Weather,All Season,Youth/adult"
Island Life,Island Life,Yanoso,"=""00:01:38""",House,90,01 Island Life.mp3,2024,English,1,Yanoso,0,1,"Electronic,Jazz,Chillout,Rainy,All Season"
Island Paradise,Island Paradise,Letricit,"=""00:02:08""",Ambient,140,01 Island Paradise.mp3,2023,English,1,Letricit,0,1,"Electronic,Chillout,Rainy,All Season"
It Takes Two,It Takes Two,Fiji Blue,"=""00:02:39""",Pop,102,01 It Takes Two.mp3,2021,English,1,Fiji Blue,1,0,"Mainstream,All Weather,All Season,Youth/adult"
It'll Be Okay,It'll Be Okay,Shawn Mendes,"=""00:03:43""",Pop,78,01 It'll Be Okay.mp3,2021,English,1,Shawn Mendes,1,0,"Electronic,Indie,Energetic,All Weather,All Season,Youth/adult"
It's Been Too Long,It's Been Too Long,SEAVO,"=""00:01:55""",Electronic,92,01 It's Been Too Long.mp3,2024,English,1,SEAVO,0,1,"Ambient,Electronica,Chillout,Rainy,All Season"
It's Only A Heartbreak,Strangers / Lovers,Dagny,"=""00:02:40""",Pop,83,01 It's Only A Heartbreak.mp3,2020,English,1,Dagny,1,0,"Electronic,R&B,Dance,Upbeat,All Weather,All Season,Youth/adult"
JUMP,JUMP,BLACKPINK,"=""00:02:45""",Dance,145,01 JUMP.mp3,2025,English,1,BLACKPINK,1,0,"Electronic,Pop,Upbeat,All Weather,All Season,Youth/adult"
Jaded,Close to You,"Indigo Eyes, Georgie O'Brien","=""00:03:00""",Electronic,108,01 Jaded.mp3,2020,English,1,Indigo Eyes & Georgie O'Brien,1,0,"Pop,Dance,Upbeat,All Weather,All Season,Youth/adult"
Je Blik Richting Mij,Je Blik Richting Mij,Bankzitters,"=""00:02:26""",Hip Hop,162,01 Je Blik Richting Mij.mp3,2022,English,1,Bankzitters,1,0,"Electronic,Pop,Energetic,All Weather,All Season,Youth/adult"
Jongen Van Bodem,Jongen Van Bodem,Esko,"=""00:03:04""",Hip Hop,90,01 Jongen Van Bodem.mp3,2021,English,1,Esko,1,0,"Electronic,Energetic,All Weather,All Season"
Jungle,Jungle,"Alok, The Chainsmokers, Mae Stephens","=""00:02:56""",Dance,140,01 Jungle.mp3,2023,English,1,"Alok, The Chainsmokers & Mae Stephens",1,0,"Pop,Upbeat,All Weather,All Season,Youth/adult"
Just Don't Know It Yet,Just Don't Know It Yet,"MOTi, BullySongs","=""00:02:51""",Dance,126,01 Just Don't Know It Yet.mp3,2018,English,1,MOTi,1,0,"Electro,House,Upbeat,All Weather,All Season,Youth/adult"
Just Enough,Just Enough,Arial Ten,"=""00:02:43""",Dance,114,01 Just Enough.mp3,2025,English,1,Arial Ten,1,0,"Electronic,Upbeat,All Weather,All Season,Youth/adult"
Just Friends,Just Friends,"Hayden James, Boy Matthews","=""00:03:59""",Dance,110,01 Just Friends.mp3,2018,English,1,"Hayden James, Boy Matthews",1,0,"Electronic,Pop,Upbeat,All Weather,All Season,Youth/adult"
Just My Type,Night & Day (Day Edition),The Vamps,"=""00:03:31""",Pop,125,01 Just My Type.mp3,2018,English,1,The Vamps,1,0,"Dance,Upbeat,All Weather,All Season,Youth/adult"
Just Say,Just Say,"Coco & Breezy, Tara Carosielli","=""00:02:46""",R&B,120,01 Just Say.mp3,2022,English,1,Coco & Breezy & Tara Carosielli,1,0,"Electronic,Dance,Pop,Soul,Upbeat,All Weather,All Season,Youth/adult"
Just You and I,Just You and I,Tom Walker,"=""00:03:18""",Indie,86,01 Just You and I.mp3,2016,English,1,Tom Walker,1,0,"Rock,Energetic,All Weather,All Season"
Just the Two of Us,Just the Two of Us,Bleu Azur,"=""00:02:16""",Soul,97,01 Just the Two of Us.mp3,2024,English,1,Bleu Azur,1,0,"Pop,R&B,Mainstream,All Weather,All Season,Youth/adult"
Kalabancoro,Kalabancoro,"Ginton, Richard Bona, Salif Keita","=""00:03:06""",Electronic,120,01 Kalabancoro.mp3,2025,English,1,"Ginton, Richard Bona & Salif Keita",1,0,"Electro,Electronica,Energetic,All Weather,All Season"
Kan Je Me Zien,Kan Je Me Zien,"Bente, Beste Zangers","=""00:03:28""",Pop,129,01 Kan Je Me Zien.mp3,2025,English,1,Bente & Beste Zangers,1,0,"Mainstream,All Weather,All Season,Youth/adult"
Katy - Rosbeh Remix,Katy (Rosbeh Remix),"BUFFALA, Rosbeh","=""00:03:30""",Electronic,118,01 Katy - Rosbeh Remix.mp3,2021,English,1,"BUFFALA, Rosbeh",1,0,"Electro,Electronica,Dance,House,Upbeat,All Weather,All Season,Youth/adult"
Keep Ya Head Up (feat. Mica Franco),Keep Ya Head Up,"Cal1, l'essay, Mica Franco","=""00:03:06""",Pop,107,01 Keep Ya Head Up.mp3,2022,English,1,"Cal1, l'essay, Mica Franco",1,0,"Dance,Chillout,Rainy,All Season,Youth/adult"
Keep You Around,Keep You Around,Arial Ten,"=""00:02:51""",Electronic,112,01 Keep You Around.mp3,2025,English,1,Arial Ten,1,0,"Dance,Pop,Upbeat,All Weather,All Season,Youth/adult"
Kiss Me More (feat. SZA),Kiss Me More (feat. SZA),"Doja Cat, SZA","=""00:03:29""",Pop,111,01 Kiss Me More (feat. SZA).mp3,2021,English,1,Doja Cat,1,0,"R&B,Dance,Soul,Electronic,Upbeat,All Weather,All Season,Youth/adult"
Kiss Me,Kiss Me,BOILERS,"=""00:02:51""",Electronic,108,01 Kiss Me.mp3,2020,English,1,BOILERS,1,0,"Pop,Dance,Upbeat,All Weather,All Season,Family"
Kiss Somebody,Kiss Somebody,"Julie Bergan, Seeb","=""00:02:18""",Pop,105,01 Kiss Somebody.mp3,2020,English,1,Julie Bergan & Seeb,1,0,"Dance,Electronic,Upbeat,All Weather,All Season,Youth/adult"
Klaar Om Te Rennen,Klaar Om Te Rennen,Jasmijn Torrico,"=""00:02:46""",Electronic,130,01 Klaar Om Te Rennen.mp3,2025,English,1,Jasmijn Torrico,1,0,"Pop,Dance,Upbeat,All Weather,All Season,Youth/adult"
Know Your Worth,Know Your Worth,"Khalid, Disclosure","=""00:03:01""",Electronic,103,01 Know Your Worth.mp3,2020,English,1,"Khalid, Disclosure",1,0,"Dance,Pop,Upbeat,All Weather,All Season,Youth/adult"
Kofferbak,Kofferbak,"Boef, Chivv","=""00:02:43""",Hip Hop,156,01 Kofferbak.mp3,2019,English,1,"Boef, Chivv",1,0,"Electronic,Energetic,All Weather,All Season"
Kom Je Me Halen,Kom Je Me Halen,"BENR, Miss Montreal","=""00:03:11""",Pop,140,01 Kom Je Me Halen.mp3,2025,English,1,BENR & Miss Montreal,1,0,"Electronic,Dance,Upbeat,All Weather,All Season,Youth/adult"
LIES,LIES,"Lil Kleine, Yade Lauren","=""00:03:20""",Pop,95,01 LIES.mp3,2025,English,1,Lil Kleine & Yade Lauren,1,0,"Balanced,All Weather,All Season"
LMK,LMK,Lil Xxel,"=""00:03:08""",Pop,123,01 LMK.mp3,2020,English,1,Lil Xxel,1,0,"Balanced,All Weather,All Season"
La Brisa,La Brisa,Aleva,"=""00:01:55""",Electronic,90,01 La Brisa.mp3,2023,English,1,Aleva,0,1,"Ambient,Jazz,Electronica,Chillout,Rainy,All Season"
LOW ROAD (feat. Avery Anna),LOW ROAD (feat. Avery Anna),"Adrien Nunez, Avery Anna","=""00:02:58""",Indie,95,01 LOW ROAD (feat. Avery Anna).mp3,2024,English,1,Adrien Nunez,1,0,"Rock,Folk,Alternative,Pop,Mainstream,All Weather,All Season,Youth/adult"
La kiffance,La kiffance,Naps,"=""00:02:59""",Electronic,140,01 La kiffance.mp3,2021,English,1,Naps,1,0,"Hip Hop,Dance,Pop,Upbeat,All Weather,All Season,Youth/adult"
Laguna,Laguna,low&slow,"=""00:02:16""",Jazz,120,01 Laguna.mp3,2025,English,1,low&slow,0,1,"Chillout,Rainy,All Season"
Laidback Lights,Laidback Lights,Solbeats,"=""00:02:00""",Ambient,80,01 Laidback Lights.mp3,2024,English,1,Solbeats,0,1,"Jazz,Electronic,Chillout,Rainy,All Season"
Laidback Vibe,Laidback Vibe,Oceanly,"=""00:02:15""",Electronic,87,01 Laidback Vibe.mp3,2023,English,1,Oceanly,0,1,"Ambient,Electronica,Chillout,Rainy,All Season"
Laidback,Laidback,SEAVO,"=""00:01:54""",Electronic,93,01 Laidback.mp3,2023,English,1,SEAVO,0,1,"Ambient,Chillout,Rainy,All Season"
Lake Kivu,Lake Kivu,SEAVO,"=""00:01:43""",Electronic,89,01 Lake Kivu.mp3,2024,English,1,SEAVO,0,1,"Ambient,Jazz,Electronica,Chillout,Rainy,All Season"
Lasting Lover,Lasting Lover,"Sigala, James Arthur","=""00:03:38""",Dance,126,01 Lasting Lover.mp3,2020,English,1,"Sigala, James Arthur",1,0,"Electronic,Pop,House,Upbeat,All Weather,All Season,Youth/adult"
Lately,Lately,"july, Chilled Virus","=""00:02:26""",Dance,122,01 Lately.mp3,2025,English,1,"july, Chilled Virus",1,0,"Pop,Upbeat,All Weather,All Season,Youth/adult"
Later Bitches,Later Bitches,The Prince Karma,"=""00:04:08""",Electronic,121,01 Later Bitches.mp3,2018,English,1,The Prince Karma,1,0,"Dance,House,Upbeat,All Weather,All Season,Youth/adult"
Lean On Me,Lean On Me,Sandro Cavazza,"=""00:03:03""",Pop,156,01 Lean On Me.mp3,2020,English,1,Sandro Cavazza,1,0,"Electronic,Energetic,All Weather,All Season,Youth/adult"
Learning To Fly,Learning To Fly,Sheppard,"=""00:03:12""",Pop,127,01 Learning To Fly.mp3,2020,English,1,Sheppard,1,0,"Rock,Dance,Indie,Upbeat,All Weather,All Season,Youth/adult"
Leap Of Faith,Leap Of Faith,Christopher,"=""00:03:38""",Pop,128,01 Leap Of Faith.mp3,2020,English,1,Christopher,1,0,"Indie,Electronic,Rock,Energetic,All Weather,All Season,Youth/adult"
Leave A Little Love,Leave A Little Love,"Alesso, Armin van Buuren","=""00:03:07""",Electronic,118,01 Leave A Little Love.mp3,2021,English,1,"Alesso, Armin van Buuren",1,0,"Dance,Electro,House,Upbeat,All Weather,All Season,Youth/adult"
Leave Before You Love Me,Leave Before You Love Me,"Marshmello, Jonas Brothers","=""00:02:35""",Pop,120,01 Leave Before You Love Me (with Jonas Brothers).mp3,2021,English,1,"Republic Records, Joytime Collective, Joytime Collective, UMG Recordings, Inc.",1,0,"Dance,Indie,Electro,Upbeat,All Weather,All Season,Youth/adult"
Leave The Door Open,Leave The Door Open,"Bruno Mars, Anderson .Paak, Silk Sonic","=""00:04:02""",Pop,148,01 Leave The Door Open.mp3,2021,English,1,"Bruno Mars, Anderson .Paak, Silk Sonic",1,0,"Soul,Electronic,Energetic,All Weather,All Season,Youth/adult"
Left and Right,Left and Right (Feat. Jung Kook of BTS),"Charlie Puth, Jung Kook, BTS","=""00:02:35""",Pop,101,01 Left and Right (Feat. Jung Kook of BTS).mp3,2022,English,1,"Atlantic, Atlantic Records Group LLC, Atlantic Records Group LLC",1,0,"Indie,Electronic,Energetic,All Weather,All Season,Youth/adult"
Legend,Legend,"French Braids, Brandyn Burnette","=""00:02:44""",Electronic,113,01 Legend.mp3,2020,English,1,"French Braids, Brandyn Burnette",1,0,"Hip Hop,Energetic,All Weather,All Season"
Leidseplein,Leidseplein,"Sigourney K, KATNUF","=""00:02:42""",Pop,117,01 Leidseplein.mp3,2023,English,1,Sigourney K & KATNUF,1,0,"Dance,Electronic,R&B,Upbeat,All Weather,All Season,Youth/adult"
Lemon Fizz,Lemon Fizz,Yanoso,"=""00:02:13""",Ambient,104,01 Lemon Fizz.mp3,2023,English,1,Yanoso,0,1,"Electronic,Chillout,Rainy,All Season"
Let Go,Let Go,"DAZZ, Tim Riehm","=""00:02:53""",Dance,122,01 Let Go.mp3,2020,English,1,"DAZZ, Tim Riehm",1,0,"Electronic,House,Pop,Electro,Upbeat,All Weather,All Season,Youth/adult"
Let It Lie,Let It Lie,"Arial Ten, Ramya Pothuri","=""00:02:49""",Pop,118,01 Let It Lie.mp3,2025,English,1,"Arial Ten, Ramya Pothuri",1,0,"Electronic,Energetic,All Weather,All Season,Youth/adult"
Let Me Love U,Let Me Love U,Baauer,"=""00:03:10""",Dance,124,01 Let Me Love U.mp3,2022,English,1,Baauer,1,0,"Electronic,House,Pop,Upbeat,All Weather,All Season,Youth/adult"
Let You Know - Summer Edit,Let You Know (Summer Edit),Y.V.E. 48,"=""00:02:29""",Electronic,100,01 Let You Know - Summer Edit.mp3,2021,English,1,Y.V.E. 48,1,0,"Energetic,All Weather,All Season"
Levante,Levante,Yanoso,"=""00:01:50""",Ambient,80,01 Levante.mp3,2024,English,1,Yanoso,1,0,"Electronic,Jazz,Chillout,Rainy,All Season"
Levelen Up,Levelen Up,"Fatah, Lijpe, Henkie T, KA","=""00:03:24""",Hip Hop,92,01 Levelen Up.mp3,2021,English,1,"Fatah, Lijpe, Henkie T, KA",1,0,"Balanced,All Weather,All Season"
Leven,Leven,Maan,"=""00:02:14""",Pop,149,01 Leven.mp3,2021,English,1,Maan,1,0,"R&B,Soul,Electronic,Energetic,All Weather,All Season,Youth/adult"
Lido,Lido,Solbeats,"=""00:01:57""",Ambient,150,01 Lido.mp3,2024,English,1,Solbeats,1,0,"Electronic,Jazz,Chillout,Rainy,All Season"
Lied To,Lied To,"Curbi, Jess Ball","=""00:02:41""",Dance,128,01 Lied To.mp3,2020,English,1,"Curbi, Jess Ball",1,0,"Pop,Upbeat,All Weather,All Season,Youth/adult"
Liefde Maakt Blind,Liefde Maakt Blind,Danique,"=""00:02:46""",Pop,87,01 Liefde Maakt Blind.mp3,2025,English,1,Danique,1,0,"Mainstream,All Weather,All Season,Youth/adult"
Liefste,Liefste,LUNA,"=""00:02:35""",Pop,144,01 Liefste.mp3,2025,English,1,LUNA,1,0,"Electronic,Dance,Upbeat,All Weather,All Season,Youth/adult"
Lifetime,Lifetime,"Swedish House Mafia, Ty Dolla ign, 070 Shake","=""00:03:07""",Electronic,100,01 Lifetime (with Ty Dolla ign & 070 Shake).mp3,2021,English,1,"Republic Records, SSA Recording, LLP, SSA Recording, LLP, Republic Records, UMG Recordings, Inc.",1,0,"Dance,Electro,Upbeat,All Weather,All Season,Youth/adult"
Lift Me Up - From Black Panther- Wakanda Forever - Music From and Inspired By,Lift Me Up (From Black Panther- Wakanda Forever - Music From and Inspired By),Rihanna,"=""00:03:17""",Pop,178,01 Lift Me Up - From Black Panther- Wakanda Forever - Music From and Inspired By.mp3,2022,English,1,Rihanna,1,0,"Mainstream,All Weather,All Season,Youth/adult"
Lightwave,Lightwave,Zoraz,"=""00:01:40""",Electronic,92,01 Lightwave.mp3,2024,English,1,Zoraz,0,1,"Jazz,Ambient,Chillout,Rainy,All Season"
Like It Is,Like It Is,"Kygo, Zara Larsson, Tyga","=""00:03:03""",Electronic,105,01 Like It Is.mp3,2020,English,1,"Kygo, Zara Larsson, Tyga",1,0,"Dance,Pop,Upbeat,All Weather,All Season,Youth/adult"
Like a Waterfall,Like a Waterfall,"Æj, Helenez","=""00:02:20""",Dance,124,01 Like a Waterfall.mp3,2026,Norwegian,1,"Æj, Helenez",1,0,"Electronic,House,Pop,Upbeat,All Weather,All Season,Youth/adult"
Lil Boo Thang,Lil Boo Thang,Paul Russell,"=""00:01:54""",Hip Hop,113,01 Lil Boo Thang.mp3,2023,English,1,Paul Russell,1,0,"Electronic,Electro,Energetic,All Weather,All Season"
Limestone,Limestone,Letricit,"=""00:02:24""",Ambient,109,01 Limestone.mp3,2023,English,1,Letricit,1,0,"Electronic,Chillout,Rainy,All Season"
Liquid Sky,Liquid Sky,BLANCE,"=""00:02:41""",Dance,124,01 Liquid Sky.mp3,2025,English,1,BLANCE,1,0,"Pop,Upbeat,All Weather,All Season,Youth/adult"
Little Bit Of Love,Little Bit Of Love,JP Cooper,"=""00:03:15""",Electronic,106,01 Little Bit Of Love.mp3,2020,English,1,JP Cooper,1,0,"Dance,Pop,Upbeat,All Weather,All Season,Youth/adult"
Little Bit of Love,Little Bit of Love: Strings,Tom Grennan,"=""00:03:46""",Alternative,106,01 Little Bit of Love(1).mp3,2021,English,1,Tom Grennan,1,0,"Electronic,Dance,Upbeat,All Weather,All Season,Youth/adult"
Live a Lie,Live a Lie,"Thunder, ODBLU","=""00:02:15""",Electronic,120,01 Live a Lie.mp3,2023,English,1,thenewno2,1,0,"Electro,Dance,Upbeat,All Weather,All Season,Youth/adult"
Living,Serious Beats 85,"Bakermat, Alex Clare","=""00:03:16""",Dance,122,01 Living (feat. Alex Clare).mp3,2016,English,1,Bakermat feat. Alex Clare,1,0,"Electronic,House,Pop,Upbeat,All Weather,All Season,Youth/adult"
Locksmith,Locksmith,Sadie Jean,"=""00:02:44""",Pop,99,01 Locksmith.mp3,2022,English,1,Sadie Jean,1,0,"Indie,Rock,Mainstream,All Weather,All Season,Youth/adult"
Lonely,Lonely,Arctic Lake,"=""00:03:07""",R&B,110,01 Lonely.mp3,2021,English,1,Arctic Lake,1,0,"Electronic,Dance,Pop,Soul,Upbeat,All Weather,All Season,Youth/adult"
Long Lost Sunday Morning,Long Lost Sunday Morning,Tep No,"=""00:02:32""",Dance,103,01 Long Lost Sunday Morning.mp3,2019,English,1,Tep No,1,0,"Pop,Upbeat,All Weather,All Season,Youth/adult"
Look Right Through - MK Vocal Edit,Look Right Through (MK Vocal Edit),"Storm Queen, MK","=""00:02:28""",Dance,120,01 Look Right Through - MK Vocal Edit.mp3,2013,French,1,"Storm Queen, MK",1,0,"Electronic,House,Pop,Upbeat,All Weather,All Season,Youth/adult"
Loose (feat. KSI) - Nathan Dawe Remix,Loose (feat. KSI) [Nathan Dawe Remix],"S1mba, KSI, Nathan Dawe","=""00:02:35""",Electronic,129,01 Loose (feat. KSI) - Nathan Dawe Remix.mp3,2020,English,1,"S1mba, KSI, Nathan Dawe",1,0,"Dance,House,Electro,Hip Hop,Upbeat,All Weather,All Season,Youth/adult"
Losing It,Losing It,FISHER,"=""00:04:08""",Dance,124,01 Losing It.mp3,2018,English,1,FISHER,1,0,"House,Electro,Electronica,Upbeat,All Weather,All Season,Youth/adult"
Lost Sparks,Lost Sparks,Canyon City,"=""00:03:46""",Indie,136,01 Lost Sparks.mp3,2018,English,1,Canyon City,1,0,"Rock,Folk,Alternative,Energetic,All Weather,All Season"
Lotje - Lil Kleine Remix,Lotje (Lil Kleine Remix),"Roeland Beelen, Lil Kleine","=""00:02:27""",Dance,126,01 Lotje - Lil Kleine Remix.mp3,2025,English,1,"Roeland Beelen, Lil Kleine",1,0,"Electronic,Electro,House,Pop,Upbeat,All Weather,All Season,Youth/adult"
Lotje,Lotje,"Lustrum U.V.S.V.-N.V.V.S.U., ANNO ONS, Jopke, Roeland Beelen","=""00:02:48""",Electronic,123,01 Lotje.mp3,2024,English,1,"Lustrum U.V.S.V./N.V.V.S.U., ANNO ONS, Jopke van Dobbenburgh & Roeland Beelen",1,0,"Dance,House,Electro,Pop,Upbeat,All Weather,All Season,Youth/adult"
Love Like That,~how i'm feeling~ (the extras),LAUV,"=""00:03:05""",Pop,80,01 Love Like That.mp3,2019,English,1,Lauv,1,0,"Indie,Electronic,Energetic,All Weather,All Season,Youth/adult"
Love Me Less,Love Me Less,Bellah Mae,"=""00:03:12""",Pop,90,01 Love Me Less.mp3,2026,English,1,Bellah Mae,1,0,"Electronic,R&B,Dance,Upbeat,All Weather,All Season,Youth/adult"
Love Myself,Love Myself,RONDÉ,"=""00:02:59""",Pop,172,01 Love Myself(1).mp3,2022,English,1,RONDÉ,1,0,"Electronic,Dance,Indie,Upbeat,All Weather,All Season,Youth/adult"
Love Myself,Haiz,Hailee Steinfeld,"=""00:03:39""",Pop,123,01 Love Myself.mp3,2016,English,1,Hailee Steinfeld,1,0,"Dance,Upbeat,All Weather,All Season,Youth/adult"
Love Of My Life,Love Of My Life,RONDÉ,"=""00:03:36""",Electronic,142,01 Love Of My Life.mp3,2024,English,1,RONDÉ,1,0,"Dance,Pop,Upbeat,All Weather,All Season,Youth/adult"
Love Song,Love Song,"Trobi, Ronnie Flex, Bilal Wahib","=""00:03:02""",Electronic,123,01 Love Song.mp3,2022,English,1,"Trobi, Ronnie Flex & Bilal Wahib",1,0,"Dance,Upbeat,All Weather,All Season,Youth/adult"
Lover,Lover,"Spijk, Tide Lane","=""00:02:14""",Dance,120,01 Lover.mp3,2026,English,1,"Spijk, Tide Lane",1,0,"Pop,House,Upbeat,All Weather,All Season,Youth/adult"
Love Trap,Love Trap - Single,Nolon,"=""00:05:30""",Electronic,129,01 Love Trap.mp3,2022,English,1,Nolon,1,0,"Dance,House,Electro,Upbeat,All Weather,All Season,Youth/adult"
Lucid Dreams,Lucid Dreams,Harrison,"=""00:03:05""",Electronic,126,01 Lucid Dreams.mp3,2020,English,1,Harrison,1,0,"Dance,Electro,House,Upbeat,All Weather,All Season,Youth/adult"
Lucky Dice,Lucky Dice,East Lassitude,"=""00:02:24""",Electronic,90,01 Lucky Dice.mp3,2025,English,1,East Lassitude,0,1,"Hip Hop,Chillout,Rainy,All Season"
L’enfer,L’enfer,Stromae,"=""00:03:10""",Pop,89,01 L’enfer.mp3,2022,French,1,Stromae,1,0,"Mainstream,All Weather,All Season,Youth/adult"
Lullaby,Lullaby,"Sigala, Paloma Faith","=""00:03:24""",Dance,120,01 Lullaby.mp3,2018,English,1,Sigala & Paloma Faith,1,0,"Upbeat,All Weather,All Season,Youth/adult"
MONTERO (Call Me By Your Name),MONTERO (Call Me By Your Name),Lil Nas X,"=""00:02:18""",Pop,89,01 MONTERO (Call Me By Your Name).mp3,2021,English,1,Lil Nas X,1,0,"Hip Hop,Mainstream,All Weather,All Season,Youth/adult"
M to the B,M to the B,Millie B,"=""00:02:18""",Dance,140,01 M to the B.mp3,2020,English,1,Millie B,1,0,"Pop,Upbeat,All Weather,All Season,Youth/adult"
Make Me (Cry),Make Me (Cry),"Noah Cyrus, Labrinth","=""00:04:02""",Pop,153,01 Make Me (Cry).mp3,2016,English,1,Noah Cyrus,1,0,"Mainstream,All Weather,All Season,Youth/adult"
Make Your Move (feat. Bertie Scott),Make Your Move (feat. Bertie Scott),"farfetch'd, Bertie Scott","=""00:03:36""",Dance,117,01 Make Your Move (feat. Bertie Scott).mp3,2022,English,1,"farfetch'd, Bertie Scott",1,0,"Upbeat,All Weather,All Season,Youth/adult"
Maldives,Maldives,Viva Verde,"=""00:02:10""",Ambient,148,01 Maldives.mp3,2024,English,1,Viva Verde,0,1,"Electronic,Jazz,Chillout,Rainy,All Season"
Malibu Nights,Malibu Nights,Tidevibes,"=""00:01:40""",Ambient,88,01 Malibu Nights.mp3,2024,English,1,Tidevibes,0,1,"Electronic,Jazz,Chillout,Rainy,All Season"
Mallorca Melodies,Mallorca Melodies,Wavesome,"=""00:01:38""",Ambient,90,01 Mallorca Melodies.mp3,2023,English,1,Wavesome,1,0,"Electronic,Chillout,Rainy,All Season"
Man on Fire,Man on Fire (farfetch'd Remix),"Thutmose, Pink Sweat, farfetch'd","=""00:02:28""",Electronic,118,01 Man on Fire (farfetch'd Remix).mp3,2021,English,1,Thutmose feat. Pink Sweat$,1,0,"Dance,Electro,Upbeat,All Weather,All Season,Youth/adult"
Manifest,Manifest,Crystal Fighters,"=""00:02:27""",Alternative,135,01 Manifest.mp3,2023,English,1,Crystal Fighters,1,0,"Indie,Rock,Pop,Mainstream,All Weather,All Season,Youth/adult"
Maps,V,Maroon 5,"=""00:03:10""",Pop,120,01 Maps.mp3,2014,English,1,Maroon 5,1,0,"Dance,Upbeat,All Weather,All Season,Youth/adult"
Marbella Moments,Marbella Moments,Solbeats,"=""00:01:50""",Ambient,80,01 Marbella Moments.mp3,2023,English,1,Solbeats,1,0,"Electronic,Chillout,Rainy,All Season"
Marea (We’ve Lost Dancing),NYE 2022,Fred again.. & The Blessed Madonna,"=""00:04:45""",Electronic,123,01 Marea (we’ve lost dancing).mp3,2021,English,1,Fred again.. & The Blessed Madonna,1,0,"Dance,House,Electronica,Upbeat,All Weather,All Season,Youth/adult"
Marina,Marina,Wavesome,"=""00:01:50""",Ambient,80,01 Marina.mp3,2024,English,1,Wavesome,0,1,"Electronic,Chillout,Rainy,All Season"
Marque,Marque,Wavesome,"=""00:01:56""",Ambient,100,01 Marque.mp3,2024,English,1,Wavesome,0,1,"Electronic,Chillout,Rainy,All Season"
Mayday,Mayday,Van Ivy,"=""00:02:26""",Jazz,80,01 Mayday.mp3,2025,English,1,Van Ivy,1,0,"Soul,Chillout,Rainy,All Season"
Me Gusta,Me Gusta,"Quincy Wilson, Merdan D, Dylan Dos Santos, Brooklyn","=""00:02:22""",Hip Hop,95,01 Me Gusta.mp3,2018,English,1,"Quincy Wilson, Merdan D, Dylan Dos Santos, Brooklyn",1,0,"Electronic,Pop,Energetic,All Weather,All Season,Youth/adult"
Mediterranean Moods,Mediterranean Moods,Viva Verde,"=""00:01:47""",Ambient,90,01 Mediterranean Moods.mp3,2023,English,1,Viva Verde,0,1,"Electronic,Chillout,Rainy,All Season"
Memories - Sped Up,Memories (Sped Up),"DJ Tec, sped up nightcore","=""00:03:36""",Pop,127,01 Memories - Sped Up.mp3,2023,English,1,"DJ Tec, sped up nightcore",1,0,"Rock,Indie,Mainstream,All Weather,All Season,Youth/adult"
Menorca Moonlight,Menorca Moonlight,Tidevibes,"=""00:01:35""",Ambient,92,01 Menorca Moonlight.mp3,2023,English,1,Tidevibes,1,0,"Electronic,Chillout,Rainy,All Season"
Miami,Miami,Lola Audrey's & Nile Rodgers,"=""00:02:57""",Dance,124,01 Miami (Majestic Remix) [feat. Nile Rodgers].mp3,2022,English,1,Lola Audrey's & Nile Rodgers,1,0,"House,Electronic,Pop,Upbeat,All Weather,All Season,Youth/adult"
Mij Niet Eens Gezien,Mij Niet Eens Gezien,"Kris Kross Amsterdam, Lil Kleine, Yade Lauren","=""00:03:07""",Dance,94,01 Mij Niet Eens Gezien.mp3,2020,Dutch,1,Kris Kross Amsterdam ft. Lil’ Kleine & Yade Lauren,1,0,"Pop,Upbeat,All Weather,All Season,Youth/adult"
Mind Is Blown,Breaking The Rules,Mainstreet,"=""00:03:11""",Pop,120,01 Mind Is Blown.mp3,2013,English,1,Mainstreet,1,0,"Dance,Rock,Upbeat,All Weather,All Season,Youth/adult"
Mirage,Mirage,"Calm Springs, Mallou","=""00:03:01""",Dance,120,01 Mirage.mp3,2026,English,1,"Calm Springs, Mallou",1,0,"House,Pop,Upbeat,All Weather,All Season,Youth/adult"
Miss You,Miss You,"Oliver Tree, Robin Schulz","=""00:03:26""",Electronic,144,01 Miss You(1).mp3,2022,English,1,"Oliver Tree, Robin Schulz & TWISTED",1,0,"Dance,Upbeat,All Weather,All Season,Youth/adult"
Miss You,Miss You,"Tungevaag, Sick Individuals, MARF","=""00:02:41""",Dance,125,01 Miss You.mp3,2020,English,1,"Tungevaag, Sick Individuals, MARF",1,0,"Pop,Upbeat,All Weather,All Season,Youth/adult"
Missing You - Le Jardin Secret Remix,Missing You (Le Jardin Secret Remix),"Samuel Miller, LO, Le Jardin Secret","=""00:02:43""",Electronic,122,01 Missing You - Le Jardin Secret Remix.mp3,2026,English,1,"Samuel Miller, LO, Le Jardin Secret",1,0,"Dance,House,Upbeat,All Weather,All Season,Youth/adult"
Mixer - Preditah Remix,Mixer (Preditah Remix),"Amber Mark, Preditah","=""00:04:12""",Electronic,125,01 Mixer - Preditah Remix.mp3,2019,English,1,"Amber Mark, Preditah",1,0,"Dance,House,Pop,Upbeat,All Weather,All Season,Youth/adult"
Mixtape (On Repeat),Mixtape (On Repeat),Bloome,"=""00:03:04""",Pop,96,01 Mixtape (On Repeat).mp3,2020,English,1,Bloome,1,0,"Dance,Upbeat,All Weather,All Season,Youth/adult"
Mon Soleil - from 'Emily in Paris Season 3' Soundtrack - Les Gordon Remix,Emily In Paris Season 3 (Soundtrack from the Netflix Series),"Ashley Park, Les Gordon","=""00:03:17""",Pop,110,01 Mon Soleil - from 'Emily in Paris Season 3' Soundtrack - Les Gordon Remix.mp3,2022,English,1,"Ashley Park, Les Gordon",1,0,"Dance,Electronic,Upbeat,All Weather,All Season,Youth/adult"
Monster,Monster,"Shawn Mendes, Justin Bieber","=""00:02:59""",Pop,146,01 Monster (Shawn Mendes & Justin Bieber).mp3,2020,English,1,"Island Records, Island Def Jam Music Group, Island Def Jam Music Group, UMG Commercial Services, Island Records",1,0,"Electronic,Soul,Energetic,All Weather,All Season,Youth/adult"
Monster,Monster,Zoë Tauran,"=""00:02:55""",R&B,62,01 Monster.mp3,2023,Dutch,1,Zoë Tauran,1,0,"Soul,Pop,Mainstream,All Weather,All Season,Youth/adult"
Mood (feat. iann dior),El Dorado,"24kGoldn, iann dior","=""00:02:21""",Electronic,91,01 Mood (feat. iann dior).mp3,2021,English,1,"Justin Bieber, 24kGoldn, iann dior & J Balvin",1,0,"Hip Hop,Pop,Indie,Energetic,All Weather,All Season,Youth/adult"
Moonlit Floor,Moonlit Floor (Kiss Me),LISA,"=""00:02:36""",Electronic,110,01 Moonlit Floor (Kiss Me).mp3,2024,English,1,"LLOUD Co., RCA, RCA Records, LLOUD Co.",1,0,"Pop,Energetic,All Weather,All Season,Youth/adult"
Moonlit,Moonlit,BlueBay,"=""00:01:39""",Electronic,90,01 Moonlit.mp3,2023,English,1,BlueBay,0,1,"Ambient,Electronica,Chillout,Rainy,All Season"
Morning Coffee,Morning Coffee,"Jamania, Chillski, Strria","=""00:01:28""",Ambient,87,01 Morning Coffee.mp3,2022,English,1,"Jamania, Chillski, Strria",0,1,"Electronic,Jazz,Chillout,Rainy,All Season"
Morning Glory,Morning Glory,Aleva,"=""00:01:35""",Electronic,91,01 Morning Glory(1).mp3,2024,English,1,Aleva,0,1,"Ambient,Electronica,Chillout,Rainy,All Season"
Motion - Snakehips Remix,Motion (Snakehips Remix),"Ty Dolla ign, Snakehips","=""00:02:44""",Electronic,121,01 Motion - Snakehips Remix.mp3,2023,English,1,"Ty Dolla ign, Snakehips",1,0,"Dance,House,Electro,Upbeat,All Weather,All Season,Youth/adult"
Mourning,Colors,MAGNUS,"=""00:02:33""",Pop,120,01 Mourning.mp3,2020,English,1,MAGNUS,1,0,"Dance,Upbeat,All Weather,All Season,Youth/adult"
Move Up (Lost Gravity),Move Up (Lost Gravity),Mr. Polska,"=""00:03:04""",Dance,120,01 Move Up (Lost Gravity).mp3,2016,English,1,Mr. Polska,1,0,"Electronica,Upbeat,All Weather,All Season,Youth/adult"
Move,Move,"Adam Port, Stryv, Keinemusik, Orso, Malachiii","=""00:02:58""",Electronic,120,01 Move.mp3,2024,English,1,"Orso, Adam Port, Keinemusik, STRYV & Malachiii",1,0,"Electronica,Dance,Chillout,Rainy,All Season,Youth/adult"
Mr Rock & Roll,This Is the Life,Amy Macdonald,"=""00:03:35""",Pop,111,01 Mr Rock & Roll.mp3,2007,English,1,Amy Macdonald,1,0,"Rock,Indie,Mainstream,All Weather,All Season,Youth/adult"
Murder On The Dancefloor - PNAU Remix,Murder On The Dancefloor (PNAU Remix),"Sophie Ellis-Bextor, PNAU","=""00:04:20""",Dance,116,01 Murder On The Dancefloor - PNAU Remix.mp3,2024,English,1,"Sophie Ellis-Bextor, PNAU",1,0,"Electronic,Pop,House,Upbeat,All Weather,All Season,Youth/adult"
Murder On The Dancefloor,Murder On The Dancefloor,Blu DeTiger,"=""00:02:40""",Pop,108,01 Murder On The Dancefloor.mp3,2024,English,1,Blu DeTiger,1,0,"Dance,Upbeat,All Weather,All Season,Youth/adult"
Music Sounds Better With You,Music Sounds Better With You,"Calm Springs, Donna Senders","=""00:02:45""",Dance,116,01 Music Sounds Better With You.mp3,2025,English,1,"Calm Springs, Donna Senders",1,0,"Electronic,House,Pop,Upbeat,All Weather,All Season,Youth/adult"
My Blood,My Blood,DI-RECT,"=""00:03:42""",Pop,155,01 My Blood.mp3,2024,English,1,DI-RECT,1,0,"Indie,Electronic,Alternative,Energetic,All Weather,All Season,Youth/adult"
My Head is a Jungle,My Head is a Jungle,"DÏVÄG, Justine Valès","=""00:02:28""",Electronic,118,01 My Head is a Jungle.mp3,2025,English,1,DÏVÄG,1,0,"Dance,House,Pop,Upbeat,All Weather,All Season,Youth/adult"
My Life Would Suck Without You,All I Ever Wanted,Kelly Clarkson,"=""00:03:32""",Pop,145,01 My Life Would Suck Without You.mp3,2009,English,1,Kelly Clarkson,1,0,"Indie,Dance,Electro,Upbeat,All Weather,All Season,Youth/adult"
My Love,My Love,Route 94 feat. Jess Glynne,"=""00:04:20""",Electronic,120,01 My Love (feat. Jess Glynne)(1).mp3,2014,English,1,"Rinse, Virgin EMI Records, Universal Music Group, Ammunition, Sony/ATV Music Publishing (UK) Ltd., Soundtrap Mastering, Metropolis Mastering, Ammunition Promotions Ltd., Ammunition Promotions Ltd., Universal Music Operations Ltd., EDC, Germany",1,0,"Dance,House,Pop,Upbeat,All Weather,All Season,Youth/adult"
My Love,My Love,Baked Moon,"=""00:02:09""",Dance,108,01 My Love.mp3,2025,English,1,Baked Moon,1,0,"Upbeat,All Weather,All Season,Youth/adult"
My Silver Lining,Stay Gold,First Aid Kit,"=""00:03:36""",Alternative,102,01 My Silver Lining.mp3,2014,English,1,First Aid Kit,1,0,"Pop,Electronic,Energetic,All Weather,All Season,Youth/adult"
My Stupid Heart,My Stupid Heart,Walk off the Earth,"=""00:02:41""",Pop,115,01 My Stupid Heart.mp3,2023,English,1,Walk off the Earth,1,0,"Dance,Upbeat,All Weather,All Season,Youth/adult"
NASA - NOA Remix,NASA (NOA Remix),"Frenna, NOA","=""00:02:58""",Electronic,120,01 NASA - NOA Remix.mp3,2024,English,1,"Frenna, NOA",1,0,"Electro,Dance,Electronica,Upbeat,All Weather,All Season,Youth/adult"
NYWTF feat. Mikhail Beltran - Edit,NYWTF,"Chloé Caillet, Mikhail Beltran","=""00:03:05""",Electronic,126,01 NYWTF feat. Mikhail Beltran - Edit.mp3,2022,English,1,"Chloé Caillet, Mikhail Beltran",1,0,"Dance,Electro,House,Electronica,Upbeat,All Weather,All Season,Youth/adult"
Naakt Zien,Life After Daddy,Kraantje Pappie,"=""00:03:13""",Electronic,135,01 Naakt Zien.mp3,2024,English,1,Kraantje Pappie,1,0,"Dance,Pop,Upbeat,All Weather,All Season,Youth/adult"
Naar De Maan,Naar De Maan,"Maan, De Jeugd Van Tegenwoordig","=""00:03:09""",Pop,114,01 Naar De Maan.mp3,2022,English,1,"Maan, De Jeugd Van Tegenwoordig",1,0,"Dance,Electronic,Upbeat,All Weather,All Season,Youth/adult"
Narcotic - Radio Edit,Narcotic,Liquido,"=""00:03:56""",Rock,102,01 Narcotic - Radio Edit.mp3,1998,English,1,Liquido,1,0,"Indie,Alternative,Punk,Energetic,All Weather,All Season"
Natural High,Natural High,"Calm Springs, Brynja","=""00:03:02""",Dance,116,01 Natural High.mp3,2025,English,1,"Calm Springs, Brynja",1,0,"Pop,House,Upbeat,All Weather,All Season,Youth/adult"
Nergens Liever,Nergens Liever,MEAU,"=""00:03:16""",Pop,108,01 Nergens Liever.mp3,2024,English,1,MEAU,1,0,"Mainstream,All Weather,All Season,Youth/adult"
Never Be the Same,Camila,Camila Cabello,"=""00:03:47""",Pop,130,01 Never Be the Same.mp3,2018,English,1,Camila Cabello,1,0,"Electronic,Dance,Upbeat,All Weather,All Season,Youth/adult"
Never Enough (Dylan C. Greene Remix),Never Enough (Dylan C. Greene Remix),"Disclosure, Dylan C. Greene","=""00:04:43""",Electronic,128,01 Never Enough (Dylan C. Greene Remix).mp3,2021,English,1,Disclosure,1,0,"Dance,House,Electro,Upbeat,All Weather,All Season,Youth/adult"
Never Ever Ever,Never Ever Ever,"Girls of the Internet, shiv","=""00:03:09""",Electronic,125,01 Never Ever Ever (feat. shiv).mp3,2024,English,1,"Girls of the Internet, shiv",1,0,"Dance,Pop,House,Upbeat,All Weather,All Season,Youth/adult"
Never Forget You,Never Forget You,"Fex, Motik","=""00:03:03""",Dance,125,01 Never Forget You(1).mp3,2026,English,1,"Fex, Motik",1,0,"House,Electro,Upbeat,All Weather,All Season,Youth/adult"
Never Forget You,Never Forget You,AFROJACK,"=""00:03:04""",Dance,130,01 Never Forget You.mp3,2025,English,1,Afrojack,1,0,"Electronic,Pop,House,Upbeat,All Weather,All Season,Youth/adult"
Never Gonna Give You Up,Never Gonna Give You Up,Addal,"=""00:02:28""",Pop,108,01 Never Gonna Give You Up.mp3,2026,English,1,Addal,1,0,"Electronic,Dance,Upbeat,All Weather,All Season,Youth/adult"
Nevermind,Nevermind,Dennis Lloyd,"=""00:02:37""",Pop,100,01 Nevermind.mp3,2016,English,1,Dennis Lloyd,1,0,"Hip Hop,Mainstream,All Weather,All Season,Youth/adult"
New Day,New Day,Lavender Shore,"=""00:02:30""",Dance,107,01 New Day.mp3,2024,English,1,Lavender Shore,1,0,"Upbeat,All Weather,All Season,Youth/adult"
New Light,New Light,John Mayer,"=""00:03:37""",Pop,124,01 New Light.mp3,2018,English,1,John Mayer,1,0,"Indie,Electro,Energetic,All Weather,All Season,Youth/adult"
Next to Me,Next To Me,Otto Knows,"=""00:03:22""",Dance,127,01 Next to Me.mp3,2015,English,1,Otto Knows,1,0,"Indie,Pop,Upbeat,All Weather,All Season,Youth/adult"
Nice To Each Other,Nice To Each Other,Olivia Dean,"=""00:03:29""",Pop,132,01 Nice To Each Other.mp3,2025,English,1,Olivia Dean,1,0,"Mainstream,All Weather,All Season,Youth/adult"
Nickel For Goodbye,Nickel For Goodbye,Racoon,"=""00:03:52""",Pop,117,01 Nickel For Goodbye.mp3,2023,English,1,Racoon,1,0,"Mainstream,All Weather,All Season,Youth/adult"
Night Shades,Night Shades,Yanoso,"=""00:01:49""",Pop,90,01 Night Shades.mp3,2023,English,1,Yanoso,1,0,"Balanced,All Weather,All Season"
Nicosia,Nicosia,Showyou,"=""00:01:55""",Pop,142,01 Nicosia.mp3,2024,English,1,Showyou,1,0,"Energetic,All Weather,All Season"
No Broke Boys,No Broke Boys,"Disco Lines, Tinashe","=""00:02:44""",Dance,131,01 No Broke Boys.mp3,2025,English,1,"Disco Lines, Tinashe & Lee Foss",1,0,"Electronic,Pop,House,Upbeat,All Weather,All Season,Youth/adult"
Nightlight,R2D2,"mashiii, Strria, Tim Stone","=""00:01:19""",Electronic,162,01 Nightlight.mp3,2020,English,1,mashiii,1,0,"Ambient,Chillout,Rainy,All Season"
No Other Love,No Other Love,"Geoff Duncan, Cal1, l'essay","=""00:02:10""",Dance,107,01 No Other Love.mp3,2024,English,1,"Geoff Duncan, Cal1, l'essay",1,0,"Upbeat,All Weather,All Season,Youth/adult"
No One Even Knows My Name,No One Even Knows My Name,"Lucas Nord, Husky","=""00:03:41""",Dance,114,01 No One Even Knows My Name.mp3,2020,English,1,Lucas Nord,1,0,"Upbeat,All Weather,All Season,Youth/adult"
Nobody Else - A-Trak Remix,Nobody Else,Axwell,"=""00:03:10""",Pop,123,01 Nobody Else - A-Trak Remix.mp3,2019,English,1,Axwell,1,0,"Balanced,All Weather,All Season"
Nog Even Blijven,Nog Even Blijven,"Douwe Bob, MEAU","=""00:02:51""",Pop,142,01 Nog Even Blijven.mp3,2025,English,1,Douwe Bob & MEAU,1,0,"Mainstream,All Weather,All Season,Youth/adult"
Not Your Barbie Girl,Not Your Barbie Girl,Ava Max,"=""00:03:07""",Pop,118,01 Not Your Barbie Girl.mp3,2018,English,1,Ava Max,1,0,"Dance,R&B,Electronic,Upbeat,All Weather,All Season,Youth/adult"
Nooit Thuis,Allemaal Een Droom,"Boef, Ashafar","=""00:02:41""",Electronic,121,01 Nooit Thuis.mp3,2020,English,1,Boef & Ashafar,1,0,"Hip Hop,Electro,Dance,Upbeat,All Weather,All Season,Youth/adult"
Nothing To Lose,Nothing To Lose,Douwe Bob,"=""00:03:04""",Pop,135,01 Nothing To Lose.mp3,2024,English,1,Douwe Bob,1,0,"Mainstream,All Weather,All Season,Youth/adult"
Nu Wij Niet Meer Praten,Nu Wij Niet Meer Praten,"Jaap Reesema, Pommelien Thijs","=""00:03:12""",Pop,106,01 Nu Wij Niet Meer Praten.mp3,2020,English,1,"Jaap Reesema, Pommelien Thijs & Jay Bombay",1,0,"Mainstream,All Weather,All Season,Youth/adult"
Oasis,Oasis,Salt and Sand,"=""00:02:00""",Pop,80,01 Oasis.mp3,2023,English,1,Salt and Sand,0,1,"Calm,Rainy,All Season"
Oatmeal,Oatmeal,"knoodle, Kazuna, c l a v a","=""00:01:25""",Pop,80,01 Oatmeal.mp3,2020,English,1,knoodle,0,1,"Calm,Rainy,All Season"
Obsessed,Obsessed,Lavender Shore,"=""00:02:50""",Dance,123,01 Obsessed.mp3,2025,English,1,Lavender Shore,1,0,"Upbeat,All Weather,All Season,Youth/adult"
Oblivious,Oblivious,PLVTO,"=""00:02:36""",Dance,128,01 Oblivious.mp3,2026,English,1,PLVTO,1,0,"Upbeat,All Weather,All Season,Youth/adult"
Ocean Drive,Ocean Drive,"l'essay, Cal1","=""00:02:52""",Dance,115,01 Ocean Drive.mp3,2025,English,1,"l'essay, Cal1",1,0,"Upbeat,All Weather,All Season,Youth/adult"
Ocean Drive,Ocean Drive,Tidevibes,"=""00:01:50""",Pop,80,01 Ocean Drive(1).mp3,2023,English,1,Tidevibes,1,0,"Calm,Rainy,All Season"
Ocean View,Ocean View,Tidevibes,"=""00:02:42""",Pop,85,01 Ocean View.mp3,2023,English,1,Tidevibes,0,1,"Balanced,All Weather,All Season"
Oceans Away,Oceans Away,A R I Z O N A,"=""00:03:14""",Alternative,106,01 Oceans Away.mp3,2017,English,1,A R I Z O N A,1,0,"Balanced,All Weather,All Season"
Off Limits,Off Limits,"Welcome2hills, Calm Springs, BABY TITA","=""00:03:03""",Dance,108,01 Off Limits.mp3,2024,English,1,"Welcome2hills, Calm Springs, BABY TITA",1,0,"Upbeat,All Weather,All Season,Youth/adult"
Off Day,Off Day,Solbeats,"=""00:01:49""",Pop,90,01 Off Day.mp3,2023,English,1,Solbeats,1,0,"Balanced,All Weather,All Season"
Ogen Op De Troon,De Nacht Is Van Ons,Antoon,"=""00:02:30""",Hip Hop,100,01 Ogen Op De Troon.mp3,2020,English,1,Antoon,1,0,"Electronic,Energetic,All Weather,All Season"
Off My Mind,Off My Mind,Coco & Breezy & Sam White,"=""00:02:48""",Dance,122,01 Off My Mind.mp3,2023,English,1,Coco & Breezy & Sam White,1,0,"House,Upbeat,All Weather,All Season,Youth/adult"
Okee Shordy,Okee Shordy,"Trobi, Ronnie Flex, Chivv, ADF Samski","=""00:02:31""",Electronic,126,01 Okee Shordy.mp3,2022,English,1,"Trobi, Ronnie Flex, Chivv & ADF Samski",1,0,"Dance,Electro,House,Hip Hop,Upbeat,All Weather,All Season,Youth/adult"
Olivia,Olivia,Antoon,"=""00:02:28""",Pop,80,01 Olivia.mp3,2022,English,1,Antoon,1,0,"Electronic,R&B,Energetic,All Weather,All Season,Youth/adult"
Omen,DJ Omen Prezentuje Green Light Party 2011,01 Omen,"=""00:03:17""",Electronic,106,01 Omen - Radio Edit.mp3,2011,English,1,"Not On Label, FeelDii Studio, FeelDii Studio, www.digipresgroup.com, Digi Pres",1,0,"Energetic,All Weather,All Season"
Omen,Omen,"Phillip Reichmann, outset island","=""00:02:52""",Dance,106,01 Omen.mp3,2023,English,1,"Phillip Reichmann, outset island",1,0,"Upbeat,All Weather,All Season,Youth/adult"
On My Balcony,On My Balcony,"loonight, Riinholm, chiro17","=""00:01:29""",Ambient,86,01 On My Balcony.mp3,2022,English,1,"loonight, Riinholm, chiro17",1,0,"Electronic,Chillout,Rainy,All Season"
On My Mind,On My Mind,"Diplo, SIDEPIECE","=""00:03:09""",Dance,123,01 On My Mind.mp3,2020,English,1,"Diplo, SIDEPIECE",1,0,"Electronic,House,Pop,Electro,Upbeat,All Weather,All Season,Youth/adult"
On The Bay,On The Bay,"Arial Ten, Giselle Lily","=""00:02:59""",Pop,117,01 On The Bay.mp3,2026,English,1,"Arial Ten, Giselle Lily",1,0,"R&B,Dance,Electronic,Soul,Upbeat,All Weather,All Season,Youth/adult"
On se connaît,On se connaît,Youssoupha,"=""00:04:34""",Hip Hop,96,01 On se connaît.mp3,2012,French,1,Youssoupha,1,0,"Electronic,Pop,Energetic,All Weather,All Season,Youth/adult"
One Like You,One Like You,David Taylor,"=""00:02:52""",Pop,89,01 One Like You.mp3,2020,English,1,David Taylor,1,0,"Folk,Rock,Mainstream,All Weather,All Season,Youth/adult"
One More I Love You,One More I Love You,Alex Warren,"=""00:03:37""",Pop,93,01 One More I Love You.mp3,2021,English,1,Alex Warren,1,0,"Indie,Mainstream,All Weather,All Season,Youth/adult"
One More Night,One More Night,"Miriam Cooper, outset island","=""00:02:21""",Pop,126,01 One More Night.mp3,2025,English,1,"Miriam Cooper, outset island",1,0,"Dance,Electronic,Indie,Upbeat,All Weather,All Season,Youth/adult"
One Night Stand (feat. Sevn Alias),LOS,"B-Brave, Sevn Alias","=""00:03:15""",Pop,140,01 One Night Stand (feat. Sevn Alias).mp3,2016,English,1,B-Brave,1,0,"Dance,Upbeat,All Weather,All Season,Youth/adult"
One for Bubs,One for Bubs,"Jasada, Alfreð Jóhann, Jökull Logi","=""00:02:54""",Electronic,136,01 One for Bubs.mp3,2024,English,1,"Jasada, Alfreð Jóhann, Jökull Logi",1,0,"Indie,Chillout,Rainy,All Season"
Only Love,Only Love,Deepend,"=""00:02:52""",Dance,108,01 Only Love.mp3,2018,English,1,Deepend,1,0,"Upbeat,All Weather,All Season,Youth/adult"
Onweer,Onweer,Antoon,"=""00:02:39""",Pop,140,01 Onweer.mp3,2021,English,1,Antoon,1,0,"Electronic,Rock,Indie,Energetic,All Weather,All Season,Youth/adult"
Original Sin,Original Sin,Sofi Tukker,"=""00:02:52""",Electronic,124,01 Original Sin.mp3,2022,English,1,Sofi Tukker,1,0,"Dance,Electro,House,Upbeat,All Weather,All Season,Youth/adult"
Our Song,Our Song,"Anne-Marie, Niall Horan","=""00:02:44""",Pop,81,01 Our Song.mp3,2021,English,1,"Anne-Marie, Niall Horan",1,0,"Electronic,Dance,Upbeat,All Weather,All Season,Youth/adult"
Outline (feat. Julie Bergan),Outline (feat. Julie Bergan),"Crazy Cousinz, Julie Bergan","=""00:03:24""",Dance,125,01 Outline (feat. Julie Bergan).mp3,2020,English,1,Crazy Cousinz,1,0,"Pop,Electronic,House,R&B,Upbeat,All Weather,All Season,Youth/adult"
Over & Over,Over & Over,daawyd,"=""00:02:06""",Electronic,94,01 Over & Over.mp3,2026,English,1,daawyd,1,0,"Indie,Pop,Energetic,All Weather,All Season,Youth/adult"
Over,Over,"Calm Springs, Cal1, l'essay","=""00:02:36""",Dance,116,01 Over(1).mp3,2025,English,1,"Calm Springs, Cal1, l'essay",1,0,"Pop,Upbeat,All Weather,All Season,Youth/adult"
Over,Over,"Limoblaze, Elle Limebear","=""00:02:48""",Electronic,120,01 Over.mp3,2023,English,1,Limoblaze & Elle Limebear,1,0,"Pop,Dance,Upbeat,All Weather,All Season,Youth/adult"
Overdosis,Overdosis,Bilal Wahib,"=""00:02:30""",Pop,132,01 Overdosis.mp3,2025,English,1,Bilal Wahib,1,0,"Electronic,House,Upbeat,All Weather,All Season,Youth/adult"
Overdrive (feat. Norma Jean Martine),Overdrive (feat. Norma Jean Martine),"Ofenbach, Norma Jean Martine","=""00:02:36""",Dance,128,01 Overdrive (feat. Norma Jean Martine).mp3,2023,English,1,Ofenbach,1,0,"Electronic,House,Pop,Upbeat,All Weather,All Season,Youth/adult"
Pacifico,Pacifico,Vacatia,"=""00:01:37""",Ambient,100,01 Pacifico.mp3,2024,English,1,Vacatia,0,1,"Jazz,Electronic,Chillout,Rainy,All Season"
Padellen,Padellen,Turfy Gang & LA$$A,"=""00:02:08""",Pop,129,01 Padellen.mp3,2023,English,1,Turfy Gang & LA$$A,1,0,"Electronic,House,Upbeat,All Weather,All Season,Youth/adult"
Palace Hotel Tokyo,Palace Hotel Tokyo,"Lost Neko, Tolan","=""00:02:03""",Jazz,84,01 Palace Hotel Tokyo.mp3,2025,English,1,"Lost Neko, Tolan",0,1,"Electronic,Chillout,Rainy,All Season"
Palazzo,Palazzo,Tidevibes,"=""00:01:33""",Ambient,95,01 Palazzo.mp3,2024,English,1,Tidevibes,1,0,"Electronic,Chillout,Rainy,All Season"
Paperchase,Paperchase,Boef,"=""00:03:00""",Hip Hop,88,01 Paperchase.mp3,2016,English,1,Boef,1,0,"Electronic,Energetic,All Weather,All Season"
Papercuts,Papercuts,"whinn, Dan Ross, Meghna","=""00:02:51""",Dance,112,01 Papercuts.mp3,2025,English,1,"whinn, Dan Ross, Meghna",1,0,"House,Upbeat,All Weather,All Season,Youth/adult"
Paradis,Rideau tiré sur un ciel bleu - EP,Gesleir,"=""00:03:49""",Electronic,122,01 Paradis.mp3,2020,French,1,Gesleir,1,0,"Dance,House,Electronica,Upbeat,All Weather,All Season,Youth/adult"
Paradise,Paradise,"MEDUZA, Dermot Kennedy","=""00:02:48""",Dance,124,01 Paradise (feat. Dermot Kennedy).mp3,2020,English,1,"Island Records, The Cross Records, Secondo Piano SRL, Universal Music Operations Ltd.",1,0,"Electronic,Pop,Upbeat,All Weather,All Season,Youth/adult"
Paradise (with Sam Feldt),Paradise (with Sam Feldt),"Stevie Appleton, Sam Feldt","=""00:02:40""",Dance,123,01 Paradise (with Sam Feldt).mp3,2020,English,1,Stevie Appleton,1,0,"Pop,Upbeat,All Weather,All Season,Youth/adult"
Paraglide,Paraglide,Parelo,"=""00:02:17""",Electronic,72,01 Paraglide.mp3,2025,English,1,Parelo,1,0,"Chillout,Rainy,All Season"
Paris In The Rain,Paris In The Rain,"PLVTO, Natasha Ghosh","=""00:02:43""",Dance,123,01 Paris In The Rain.mp3,2024,English,1,"PLVTO, Natasha Ghosh",1,0,"Chillout,Rainy,All Season,Youth/adult"
Party Girl,Party Girl,StaySolidRocky,"=""00:02:28""",Electronic,129,01 Party Girl.mp3,2024,English,1,StaySolidRocky,1,0,"Hip Hop,Energetic,All Weather,All Season"
"Patadas de Ahogado - LATÍN MAFIA, HUMBE - Rework","Patadas de Ahogado - LATÍN MAFIA, HUMBE (Rework)",HUGEL,"=""00:03:06""",Electronic,123,"01 Patadas de Ahogado - LATÍN MAFIA, HUMBE - Rework.mp3",2024,Spanish,1,HUGEL,1,0,"Electronica,Electro,Chillout,Rainy,All Season"
Patronen,Vrouw Van De Wereld,Zoë Livay,"=""00:02:53""",Pop,93,01 Patronen.mp3,2024,Dutch,1,Zoë Livay,1,0,"R&B,Mainstream,All Weather,All Season,Youth/adult"
Pauze,Pauze,LUNA,"=""00:02:32""",Pop,103,01 Pauze.mp3,2025,English,1,LUNA,1,0,"Dance,Electronic,Upbeat,All Weather,All Season,Youth/adult"
Peach - Golf Clap Remix,Peach (Golf Clap Remix),"BROODS, Golf Clap","=""00:05:20""",Electronic,123,01 Peach - Golf Clap Remix.mp3,2018,English,1,"BROODS, Golf Clap",1,0,"Dance,House,Upbeat,All Weather,All Season,Youth/adult"
Peach Pit (Louis La Roche Remix),Peach Pit (Louis La Roche Remix),"Dance Yourself Clean, Louis La Roche","=""00:03:38""",Electronic,122,01 Peach Pit (Louis La Roche Remix).mp3,2024,English,1,Dance Yourself Clean,1,0,"Dance,Electro,House,Pop,Upbeat,All Weather,All Season,Youth/adult"
Pearls,Pearls,Tidevibes,"=""00:01:42""",Jazz,85,01 Pearls.mp3,2024,English,1,Tidevibes,0,1,"Ambient,Electronic,Chillout,Rainy,All Season"
Perfect To Me,Perfect To Me,Michael Sanzone,"=""00:02:40""",Folk,105,01 Perfect To Me.mp3,2025,English,1,Michael Sanzone,1,0,"Pop,Mainstream,All Weather,All Season,Youth/adult"
Perfectly Imperfect,Perfectly Imperfect,Declan J Donovan,"=""00:03:24""",Pop,105,01 Perfectly Imperfect.mp3,2020,English,1,Declan J Donovan,1,0,"Rock,Mainstream,All Weather,All Season,Youth/adult"
Peter,Peter,Leblanco,"=""00:02:28""",Hip Hop,104,01 Peter.mp3,2025,English,1,Leblanco,1,0,"Balanced,All Weather,All Season"
Picture in my mind,Picture in my mind,"PinkPantheress, Sam Gellaitry","=""00:02:57""",Pop,129,01 Picture in My Mind.mp3,2022,English,1,PinkPantheress & Sam Gellaitry,1,0,"Dance,Electro,Upbeat,All Weather,All Season,Youth/adult"
Places,Places,"Haisten, outset island","=""00:02:14""",Dance,126,01 Places.mp3,2026,English,1,"Haisten, outset island",1,0,"Electronic,Pop,R&B,House,Upbeat,All Weather,All Season,Youth/adult"
Play,Palo Santo (Deluxe),"Jax Jones, Olly Alexander","=""00:03:06""",Dance,124,01 Play.mp3,2018,English,1,"Jax Jones, Olly Alexander (Years & Years)",1,0,"Electronic,Pop,House,Upbeat,All Weather,All Season,Youth/adult"
Playa D'en Bossa,Playa D'en Bossa,Aleva,"=""00:01:59""",Electronic,172,01 Playa D'en Bossa.mp3,2023,English,1,Aleva,0,1,"Ambient,Jazz,Chillout,Rainy,All Season"
Playa Dreams,Playa Dreams,Letricit,"=""00:01:41""",Ambient,85,01 Playa Dreams.mp3,2023,English,1,Letricit,0,1,"Electronic,Jazz,Chillout,Rainy,All Season"
Playa de Rodas,Playa de Rodas,Tidevibes,"=""00:01:44""",Ambient,85,01 Playa de Rodas.mp3,2023,English,1,Tidevibes,0,1,"Electronic,Jazz,Chillout,Rainy,All Season"
Popular (with Playboi Carti & Madonna) - From The Idol Vol. 1 (Music from the HBO Original Series),Popular (Music from the HBO Original Series),"The Weeknd, Playboi Carti, Madonna","=""00:03:36""",R&B,99,01 Popular (with Playboi Carti & Madonna) - From The Idol Vol. 1 (Music from the HBO Original Series).mp3,2023,English,1,"The Weeknd, Playboi Carti, Madonna",1,0,"Pop,Hip Hop,Soul,Mainstream,All Weather,All Season,Youth/adult"
Port de Sollér,Port de Sollér,Vacatia,"=""00:02:05""",Ambient,140,01 Port de Sollér.mp3,2024,French,1,Vacatia,1,0,"Electronic,Jazz,Chillout,Rainy,All Season"
Praise The Lord (Da Shine) (feat. Skepta) - Durdenhauer Edit,Praise The Lord (Da Shine) (feat. Skepta) [Durdenhauer Edit],"Durdenhauer, AAP Rocky, Skepta","=""00:02:44""",Electronic,150,01 Praise The Lord (Da Shine) (feat. Skepta) - Durdenhauer Edit.mp3,2022,English,1,"Durdenhauer, AAP Rocky, Skepta",1,0,"Dance,Electronica,Upbeat,All Weather,All Season,Youth/adult"
Praise You,Praise You,GAMPER & DADONI,"=""00:02:57""",Dance,125,01 Praise You.mp3,2019,English,1,GAMPER & DADONI,1,0,"House,Pop,Upbeat,All Weather,All Season,Youth/adult"
Prayer in C - Robin Schulz Radio Edit,Prayer in C,"Lilly Wood and The Prick, Robin Schulz","=""00:03:09""",Pop,123,01 Prayer in C - Robin Schulz Radio Edit.mp3,2014,English,1,"Lilly Wood and The Prick, Robin Schulz",1,0,"Balanced,All Weather,All Season"
Probleem,Probleem,"Boef, Cristian D, hirak","=""00:02:16""",Pop,130,01 Probleem.mp3,2023,English,1,Boef feat. Cristian D & $hirak,1,0,"Energetic,All Weather,All Season"
Promise (Fireflies),Promise (Fireflies),"outset island, Isa Luna","=""00:02:24""",Dance,106,01 Promise (Fireflies).mp3,2025,English,1,"outset island, Isa Luna",1,0,"Upbeat,All Weather,All Season,Youth/adult"
Promises,Promises,"Calvin Harris, Sam Smith, Jessie Reyez","=""00:03:33""",Electronic,123,01 Promises (with Sam Smith).mp3,2018,English,1,"Columbia, Sony Music Entertainment UK Limited, Sony Music Entertainment UK Limited, EMI Music Publishing, Sony ATV, Stellar Songs, FMLY, BMG Gold Songs, Sony Music Entertainment, GZ Media, The Exchange Mike Marsh Mastering, The Exchange Mike Marsh Mastering, God's Eyes Studios, God's Eyes Studios",1,0,"Energetic,All Weather,All Season"
Proost,Proost,Kalvijn,"=""00:02:42""",Pop,140,01 Proost.mp3,2022,English,1,Kalvijn,1,0,"Mainstream,All Weather,All Season,Youth/adult"
"Purple, Yellow & Red","Purple, Yellow & Red",Goldbird,"=""00:03:02""",Pop,118,"01 Purple, Yellow & Red.mp3",2020,English,1,Goldbird,1,0,"Balanced,All Weather,All Season"
Put On Repeat - KC Lights Remix,Put On Repeat (KC Lights Remix),"Sabrina Claudio, KC Lights","=""00:03:11""",Pop,126,01 Put On Repeat - KC Lights Remix.mp3,2022,English,1,"Sabrina Claudio, KC Lights",1,0,"Energetic,All Weather,All Season"
Put Your Records On,Put Your Records On,Ritt Momney,"=""00:03:31""",Pop,185,01 Put Your Records On.mp3,2020,English,1,Ritt Momney,1,0,"Mainstream,All Weather,All Season,Youth/adult"
Puta,Puta (feat. 3robi),"ChildsPlay, AfroTura, 3robi","=""00:02:37""",Electronic,115,01 Puta (feat. 3robi).mp3,2017,English,1,"ChildsPlay, AfroTura, 3robi",1,0,"Hip Hop,Electro,Energetic,All Weather,All Season"
Pyramids,Pyramids,"Otto Knows, Alex Aris","=""00:03:53""",Dance,123,01 Pyramids.mp3,2022,English,1,Otto Knows & Alex Aris,1,0,"House,Electro,Upbeat,All Weather,All Season,Youth/adult"
REGRESO - warner case Remix,REGRESO (warner case Remix),"MATVEÏ, warner case","=""00:03:15""",Pop,122,01 REGRESO - warner case Remix.mp3,2021,English,1,"MATVEÏ, warner case",1,0,"Balanced,All Weather,All Season"
Quite Miss Home - Madism Remix,Quite Miss Home (Madism Remix),"James Arthur, Madism","=""00:03:28""",Pop,128,01 Quite Miss Home - Madism Remix.mp3,2020,English,1,"James Arthur, Madism",1,0,"Energetic,All Weather,All Season"
ROOM FOR 2,ROOM FOR 2,Benson Boone,"=""00:02:32""",Pop,80,01 ROOM FOR 2.mp3,2022,English,1,Benson Boone,1,0,"Mainstream,All Weather,All Season,Youth/adult"
RIP To Us,RIP To Us,"Kelland, Willa","=""00:02:35""",Pop,114,01 RIP To Us.mp3,2022,English,1,"Kelland, Willa",1,0,"Balanced,All Weather,All Season"
RUNAWAY,RUNAWAY,OneRepublic,"=""00:02:23""",Pop,163,01 RUNAWAY.mp3,2023,English,1,OneRepublic,1,0,"Mainstream,All Weather,All Season,Youth/adult"
Radioactive Rain,Acoustic in Isby,Smith & Thell,"=""00:03:32""",Pop,132,01 Radioactive Rain.mp3,2021,English,1,Smith & Thell,1,0,"Mainstream,All Weather,All Season,Youth/adult"
Rainbows (Zikomo Remix),Rainbows (Zikomo Remix),"LION BABE, Zikomo","=""00:02:57""",Dance,115,01 Rainbows (Zikomo Remix).mp3,2021,English,1,LION BABE,1,0,"Soul,R&B,Pop,Upbeat,All Weather,All Season,Youth/adult"
Raise Your Glass,Raise Your Glass,P!nk,"=""00:03:23""",Pop,122,01 Raise Your Glass.mp3,2010,English,1,P!nk,1,0,"Electronic,Electro,Energetic,All Weather,All Season,Youth/adult"
Ready For Your Love,Ready For Your Love,"Thom Merlin, Raphael DeLove","=""00:02:22""",Dance,118,01 Ready For Your Love.mp3,2023,English,1,"Thom Merlin, Raphael DeLove",1,0,"Upbeat,All Weather,All Season,Youth/adult"
Rasputin,Rasputin,"Majestic, Boney M","=""00:03:06""",Pop,129,01 Rasputin.mp3,2021,English,1,"Majestic, Boney M",1,0,"Energetic,All Weather,All Season"
Recap,Blossom,"Kito, VanJess, Channel Tres","=""00:02:58""",Pop,115,01 Recap (with VanJess & Channel Tres).mp3,2021,English,1,Kito feat. Vanjess & Channel Tres,1,0,"Balanced,All Weather,All Season"
Remember That Night,Remember That Night?,Sara Kays,"=""00:03:47""",Rock,124,01 Remember That Night .mp3,2020,English,1,Atlantic Recording Corporation,1,0,"Energetic,All Weather,All Season"
Remember,Remember,"Becky Hill, David Guetta","=""00:02:41""",Dance,124,01 Remember.mp3,2021,English,1,"Becky Hill, David Guetta & TCTS",1,0,"Electronic,Pop,House,Upbeat,All Weather,All Season,Youth/adult"
Remember,Remember,Danny Snowden,"=""00:05:49""",Electronic,128,01 Remember(1).mp3,2022,English,1,Danny Snowden,1,0,"Dance,House,Electro,Upbeat,All Weather,All Season,Youth/adult"
Remind Me,Remind Me,Tom Grennan,"=""00:03:31""",Alternative,132,01 Remind Me.mp3,2022,English,1,Tom Grennan,1,0,"Dance,Electro,Upbeat,All Weather,All Season,Youth/adult"
Reminiscence,Sunset Vibes,"c l a v a, Magnoshi Kato, Kazuna","=""00:01:25""",Electronic,155,01 Reminiscence.mp3,2021,English,1,"c l a v a, Magnoshi Kato, Kazuna",0,1,"Ambient,Chillout,Rainy,All Season"
Replay,Replay,"Trinix, Moze","=""00:02:33""",R&B,94,01 Replay.mp3,2020,English,1,Trinix,1,0,"Pop,Soul,Electronic,Energetic,All Weather,All Season,Youth/adult"
Rest on Us (feat. Brandon Lake & Eniola Abioye),Move Your Heart,"Maverick City Music, UPPERROOM, Brandon Lake, Eniola Abioye","=""00:05:37""",Rock,144,01 Rest on Us (feat. Brandon Lake & Eniola Abioye).mp3,2021,English,1,Maverick City Music & UPPERROOM feat. Brandon Lake & Eniola Abioye,1,0,"Electronic,Pop,Indie,Energetic,All Weather,All Season,Youth/adult"
Right Here,Right Here,"The Kount, Noam","=""00:03:17""",R&B,110,01 Right Here.mp3,2020,English,1,The Kount & Noam,0,1,"Soul,Hip Hop,Warm,All Weather,All Season"
Riptide,Riptide,Viva Verde,"=""00:01:49""",Ambient,80,01 Riptide(1).mp3,2024,English,1,Viva Verde,1,0,"Electronic,Jazz,Chillout,Rainy,All Season"
Riptide,Riptide,"PLÜM, FRENCHGRL","=""00:02:36""",Electronic,114,01 Riptide.mp3,2026,English,1,"PLÜM, FRENCHGRL",1,0,"Pop,Energetic,All Weather,All Season,Youth/adult"
Rise,Rise,Lost Frequencies,"=""00:03:13""",Electronic,122,01 Rise.mp3,2021,English,1,Lost Frequencies,1,0,"Pop,Dance,Upbeat,All Weather,All Season,Youth/adult"
Risk It All,Risk It All,"Ella Henderson, House Gospel Choir, Just Kiddin","=""00:02:58""",Pop,124,01 Risk It All.mp3,2021,English,1,"Ella Henderson, House Gospel Choir & Just Kiddin",1,0,"Electronic,House,Upbeat,All Weather,All Season,Youth/adult"
Rivers - Sam Feldt & De Hofnar Remix,Rivers (Remixes),"Thomas Jack, Sam Feldt & De Hofnar","=""00:04:12""",Electronic,124,01 Rivers - Sam Feldt & De Hofnar Remix.mp3,2015,English,1,"Thomas Jack, Sam Feldt & De Hofnar",1,0,"Dance,House,Pop,Upbeat,All Weather,All Season,Youth/adult"
Roar,PRISM (Deluxe),Katy Perry,"=""00:03:44""",Pop,90,01 Roar.mp3,2013,English,1,Katy Perry,1,0,"Electronic,Dance,Upbeat,All Weather,All Season,Youth/adult"
Roches blanches,Roches blanches,Mizmo,"=""00:02:36""",Electronic,117,01 Roches blanches.mp3,2021,English,1,Mizmo,1,0,"Indie,Pop,Energetic,All Weather,All Season,Youth/adult"
Room 825,Room 825.,Edward Rogers,"=""00:02:46""",Electronic,105,01 Room 825.mp3,2023,English,1,Edward Rogers,1,0,"Pop,Energetic,All Weather,All Season,Youth/adult"
Room,Room,"WISEKIDS, CARLA","=""00:03:20""",Pop,108,01 Room.mp3,2022,English,1,"WISEKIDS, CARLA",1,0,"R&B,Electronic,Soul,Dance,Upbeat,All Weather,All Season,Youth/adult"
Roped In,Roped In,Gorgon City,"=""00:04:10""",Dance,124,01 Roped In.mp3,2019,English,1,Gorgon City,1,0,"Electro,Electronica,Upbeat,All Weather,All Season,Youth/adult"
Rover (feat. DTG),Rover (feat. DTG),"S1mba, DTG","=""00:02:48""",Hip Hop,108,01 Rover (feat. DTG).mp3,2020,English,1,S1mba,1,0,"Electronic,R&B,Energetic,All Weather,All Season"
Rule The World,Rule The World,"GAMPER & DADONI, ILIRA","=""00:02:51""",Dance,126,01 Rule The World (feat. ILIRA).mp3,2020,English,1,Big Top Amsterdam,1,0,"Electronic,Pop,House,Upbeat,All Weather,All Season,Youth/adult"
Rule The World,Rule The World,"Calm Springs, Donna Senders, l'essay","=""00:03:16""",Dance,108,01 Rule The World.mp3,2024,English,1,"Calm Springs, Donna Senders & l'essay",1,0,"Electronic,Upbeat,All Weather,All Season,Youth/adult"
Running Low,Running Low,forgetmenot,"=""00:03:17""",Pop,118,01 Running Low.mp3,2022,English,1,forgetmenot,1,0,"Balanced,All Weather,All Season"
Rush,Something To Give Each Other,Troye Sivan,"=""00:02:36""",Pop,126,01 Rush.mp3,2023,English,1,Troye Sivan,1,0,"Mainstream,All Weather,All Season,Youth/adult"
SEASONS - SE1EP1- Lijpe,SEASONS - SE1EP1- Lijpe,Lijpe,"=""00:02:34""",Hip Hop,98,01 SEASONS - SE1EP1- Lijpe.mp3,2020,English,1,Lijpe,1,0,"Balanced,All Weather,All Season"
SNAP - High and Fast,SNAP (High and Fast),Rosa Linn,"=""00:02:16""",Pop,112,01 SNAP - High and Fast.mp3,2022,English,1,Rosa Linn,1,0,"Indie,Rock,Mainstream,All Weather,All Season,Youth/adult"
SNAP,SNAP,Rosa Linn,"=""00:03:00""",Pop,85,01 SNAP.mp3,2022,English,1,Rosa Linn,1,0,"Balanced,All Weather,All Season"
SPACEBAE,SPACEBAE,Qlas & Blacka,"=""00:02:24""",Pop,122,01 SPACEBAE.mp3,2021,English,1,Qlas & Blacka,1,0,"Balanced,All Weather,All Season"
Stay Up,Stay Up / Sweet,Stevedreez,"=""00:03:50""",Pop,110,01 STAY UP.mp3,2021,English,1,Stevedreez,1,0,"R&B,Dance,Upbeat,All Weather,All Season,Youth/adult"
Sailor Song,Sailor Song,"C3DRIC, Angie Robba, Holly","=""00:02:26""",Dance,124,01 Sailor Song.mp3,2025,English,1,"C3DRIC, Angie Robba, Holly",1,0,"Electronic,Pop,House,Upbeat,All Weather,All Season,Youth/adult"
Salt,Salt,Ava Max,"=""00:03:00""",Pop,129,01 Salt.mp3,2019,English,1,Ava Max,1,0,"Electronic,House,Upbeat,All Weather,All Season,Youth/adult"
Saltwater,Saltwater,Zoraz,"=""00:01:46""",Electronic,91,01 Saltwater.mp3,2024,English,1,Zoraz,0,1,"Ambient,Jazz,Chillout,Rainy,All Season"
Salty Air,Salty Air,Aleva,"=""00:01:56""",Electronic,84,01 Salty Air.mp3,2023,English,1,Aleva,0,1,"Ambient,Chillout,Rainy,All Season"
Salty Water,Salty Water,Solbeats,"=""00:02:22""",Ambient,123,01 Salty Water.mp3,2024,English,1,Solbeats,1,0,"Electronic,Jazz,Chillout,Rainy,All Season"
Samen,Kids Top 100 2017,Mr. Polska & Teske,"=""00:03:56""",Electronic,105,01 Samen.mp3,2017,English,1,Mr. Polska & Teske,1,0,"Dance,Pop,Upbeat,All Weather,All Season,Youth/adult"
Sand & Silk,Sand & Silk,Salt and Sand,"=""00:02:01""",Electronic,87,01 Sand & Silk.mp3,2024,English,1,Salt and Sand,0,1,"Ambient,Electronica,Chillout,Rainy,All Season"
Santorini Sunset,Santorini Sunset,Yanoso,"=""00:01:58""",Ambient,74,01 Santorini Sunset.mp3,2023,English,1,Yanoso,1,0,"Electronic,Chillout,Rainy,All Season"
Santorini,Santorini,Letricit,"=""00:01:42""",Ambient,96,01 Santorini.mp3,2024,English,1,Letricit,0,1,"Electronic,Chillout,Rainy,All Season"
Sardinian Symphony,Sardinian Symphony,Vacatia,"=""00:01:37""",Ambient,90,01 Sardinian Symphony.mp3,2023,English,1,Vacatia,1,0,"Electronic,Chillout,Rainy,All Season"
Satellite,Satellite,"Birdsey, Rachel Birdsey","=""00:03:09""",Dance,131,01 Satellite.mp3,2025,English,1,"Birdsey, Rachel Birdsey",1,0,"Pop,House,Electro,Upbeat,All Weather,All Season,Youth/adult"
Saturday Love,Saturday Love,"Zimmer, Pallace","=""00:03:30""",Electronic,122,01 Saturday Love.mp3,2015,English,1,Zimmer x Pallace,1,0,"Dance,House,Upbeat,All Weather,All Season,Youth/adult"
Saturday-Sunday,Saturday/Sunday,"Jason Derulo, David Guetta","=""00:02:47""",Pop,124,01 Saturday-Sunday.mp3,2023,English,1,"Atlantic, Derulo, Inc., Derulo, Inc., Atlantic",1,0,"Electronic,House,Upbeat,All Weather,All Season,Youth/adult"
Say It (feat. LP Giobbi & Blush'ko),Say It,"Choomba, Blush'ko, LP Giobbi","=""00:03:05""",Dance,124,01 Say It (feat. LP Giobbi & Blush'ko).mp3,2021,English,1,"Spinnin' Deep, SpinninRecords.com, SpinninRecords.com",1,0,"House,Electro,Upbeat,All Weather,All Season,Youth/adult"
Say It Right,Say It Right,2Icons,"=""00:02:31""",Dance,116,01 Say It Right.mp3,2021,English,1,2Icons,1,0,"Upbeat,All Weather,All Season,Youth/adult"
Say It,Say It,Lavender Shore,"=""00:02:09""",Dance,122,01 Say It.mp3,2025,English,1,Lavender Shore,1,0,"House,Chillout,Rainy,All Season,Youth/adult"
Say My Name - Remix,Say My Name (Remix),"Morgan Seatree, Florence + The Machine","=""00:02:48""",Dance,140,01 Say My Name - Remix.mp3,2024,English,1,"Morgan Seatree, Florence + The Machine",1,0,"Electronic,Upbeat,All Weather,All Season,Youth/adult"
Say My Name,Say My Name,"Matvey Emerson, NEVRMIND","=""00:03:33""",Dance,120,01 Say My Name.mp3,2020,English,1,Matvey Emerson x NEVRMIND,1,0,"Electronic,House,Pop,Upbeat,All Weather,All Season,Youth/adult"
Say Something - Zac Samuel Remix,Say Something,01 Say Something,"=""00:03:33""",Dance,120,01 Say Something - Zac Samuel Remix.mp3,2014,English,1,"Karen Harding, Zac Samuel",1,0,"Pop,Electronic,R&B,House,Upbeat,All Weather,All Season,Youth/adult"
Say What You Want,Hyperreal,Fourth Daughter,"=""00:03:35""",Dance,125,01 Say What You Want.mp3,2023,English,1,Fourth Daughter,1,0,"Electro,Upbeat,All Weather,All Season,Youth/adult"
Say Yes,Say Yes,"TOKiMONSTA, VanJess","=""00:03:54""",Electronic,122,01 Say Yes.mp3,2021,English,1,TOKiMONSTA feat. VanJess,1,0,"Dance,Pop,Upbeat,All Weather,All Season,Youth/adult"
Scared To Start,Scared To Start,Michael Marcagi,"=""00:02:40""",Alternative,148,01 Scared To Start.mp3,2024,English,1,Michael Marcagi,1,0,"Rock,Energetic,All Weather,All Season"
Science,Science,"Anna-Sophia Henry, outset island","=""00:02:44""",Dance,110,01 Science.mp3,2025,English,1,"Anna-Sophia Henry, outset island",1,0,"Electronic,Indie,Upbeat,All Weather,All Season,Youth/adult"
Sea Breeze,Sea Breeze,Viva Verde,"=""00:02:33""",Ambient,140,01 Sea Breeze.mp3,2023,English,1,Viva Verde,1,0,"Electronic,Chillout,Rainy,All Season"
Sea Salt Serenade,Sea Salt Serenade,Letricit,"=""00:01:57""",Ambient,75,01 Sea Salt Serenade.mp3,2023,English,1,Letricit,1,0,"Electronic,Chillout,Rainy,All Season"
Sea Shore,Sea Shore,Wavesome,"=""00:02:04""",Ambient,140,01 Sea Shore.mp3,2024,English,1,Wavesome,1,0,"Jazz,Electronic,Chillout,Rainy,All Season"
Seattle,Seattle,"knoodle, Creason, snaate","=""00:01:32""",Jazz,84,01 Seattle.mp3,2022,English,1,"knoodle, Creason, snaate",0,1,"Ambient,Electronic,Chillout,Rainy,All Season"
Selecta,Moments,ACT ON,"=""00:05:18""",Electronic,128,01 Selecta.mp3,2020,English,1,ACT ON,1,0,"Dance,House,Electro,Upbeat,All Weather,All Season,Youth/adult"
Serotonin Moonbeams,Serotonin Moonbeams,"The Blessed Madonna, Uffie","=""00:04:47""",Electronic,131,01 Serotonin Moonbeams.mp3,2022,English,1,The Blessed Madonna,1,0,"Dance,House,Upbeat,All Weather,All Season,Youth/adult"
Sexual Healing - Kygo Remix,Sexual Healing (Kygo Remix),"Marvin Gaye, Kygo","=""00:06:08""",Electronic,101,01 Sexual Healing - Kygo Remix.mp3,2015,English,1,"Marvin Gaye, Kygo",1,0,"Chillout,Rainy,All Season"
Shady,Shady,"French Braids, Dom McAllister","=""00:03:24""",Electronic,118,01 Shady.mp3,2021,English,1,"French Braids, Dom McAllister",1,0,"Dance,Pop,Upbeat,All Weather,All Season,Youth/adult"
She Said (Big Jet Plane),She Said (Big Jet Plane),"Trinix, Queen D","=""00:02:54""",Electronic,108,01 She Said (Big Jet Plane).mp3,2021,English,1,Trinix & Queen D,1,0,"Pop,Chillout,Rainy,All Season,Youth/adult"
Shine A Light,Shine A Light,"Hardwell, Wildstylez, KiFi","=""00:03:16""",Dance,148,01 Shine A Light.mp3,2018,English,1,"Hardwell, Wildstylez, KiFi",1,0,"Pop,Upbeat,All Weather,All Season,Youth/adult"
Shining For You,Shining For You,NOAM,"=""00:02:36""",Dance,125,01 Shining For You.mp3,2025,English,1,NOAM,1,0,"House,Electronica,Chillout,Rainy,All Season,Youth/adult"
Shinjuku,Shinjuku,"Lost Neko, Tolan","=""00:01:47""",Hip Hop,164,01 Shinjuku.mp3,2025,English,1,"Lost Neko, Tolan",0,1,"Soul,Chillout,Rainy,All Season"
Shiver,Shiver,"Atlantix, IONA SKY","=""00:02:52""",Dance,116,01 Shiver.mp3,2026,English,1,Atlantix & IONA SKY,1,0,"Upbeat,All Weather,All Season,Youth/adult"
Shooting Stars,Shooting Stars,"POOLCLVB, MARSHES","=""00:03:24""",Dance,120,01 Shooting Stars.mp3,2020,English,1,POOLCLVB,1,0,"House,Pop,Electro,Upbeat,All Weather,All Season,Youth/adult"
Show Me,Kiwi Boost (The Next Wave),Douvelle19,"=""00:04:29""",Electronic,130,01 Show Me.mp3,2021,English,1,Douvelle19,1,0,"Electro,Dance,Electronica,House,Upbeat,All Weather,All Season,Youth/adult"
Si No Estás,Si No Estás,Íñigo Quintero,"=""00:03:04""",Pop,98,01 Si No Estás.mp3,2022,Spanish,1,Íñigo Quintero,1,0,"Rock,Folk,Alternative,Mainstream,All Weather,All Season,Youth/adult"
Sicily,Sicily,Letricit,"=""00:01:35""",Ambient,102,01 Sicily.mp3,2024,English,1,Letricit,0,1,"Electronic,Chillout,Rainy,All Season"
Siesta in the Sun,Siesta in the Sun,Solbeats,"=""00:02:15""",Ambient,130,01 Siesta in the Sun.mp3,2023,English,1,Solbeats,1,0,"Electronic,Chillout,Rainy,All Season"
Silhouette,Silhouette,Rivaro,"=""00:02:18""",Dance,112,01 Silhouette.mp3,2026,English,1,Rivaro,1,0,"Electronic,House,Soul,Pop,Chillout,Rainy,All Season,Youth/adult"
Silver and Gold,Silver and Gold,Letricit,"=""00:01:48""",Ambient,164,01 Silver and Gold.mp3,2024,English,1,Letricit,0,1,"Chillout,Rainy,All Season"
Skyfall,Skyfall,Adele,"=""00:04:47""",Pop,151,01 Skyfall.mp3,2012,English,1,Adele,1,0,"Indie,Electronic,Energetic,All Weather,All Season,Youth/adult"
Slide (feat. Frank Ocean & Migos),Funk Wav Bounces Vol.1,"Calvin Harris, Frank Ocean, Migos, Funk Wav","=""00:03:51""",Electronic,104,01 Slide (feat. Frank Ocean & Migos)(1).mp3,2017,English,1,"Calvin Harris, Frank Ocean, Migos, Funk Wav",1,0,"Indie,Hip Hop,Energetic,All Weather,All Season"
Slide (feat. Frank Ocean & Migos),Slide (feat. Frank Ocean & Migos),"Calvin Harris, Frank Ocean, Migos","=""00:03:51""",Electronic,104,01 Slide (feat. Frank Ocean & Migos).mp3,2017,English,1,Calvin Harris,1,0,"Indie,Hip Hop,Energetic,All Weather,All Season"
Slow It Down,Pleasure Principle,"Dugong Jr, Jordan Dennis","=""00:03:18""",Electronic,110,01 Slow It Down (feat. Jordan Dennis).mp3,2020,English,1,Dugong Jr feat. Jordan Dennis,1,0,"Hip Hop,Energetic,All Weather,All Season"
Sluit Me In Je Armen,Sluit Me In Je Armen,Zoë Livay,"=""00:02:44""",Pop,86,01 Sluit Me In Je Armen.mp3,2026,Dutch,1,Zoë Livay,1,0,"Mainstream,All Weather,All Season,Youth/adult"
Smell The Roses,Smell The Roses,"Survol, outset island, Gavriel","=""00:02:43""",Dance,124,01 Smell The Roses.mp3,2024,English,1,"Survol, outset island, Gavriel",1,0,"Pop,Indie,Electro,Upbeat,All Weather,All Season,Youth/adult"
Smile,Smile,Benjamin Ingrosso,"=""00:03:13""",Pop,127,01 Smile.mp3,2021,English,1,Benjamin Ingrosso,1,0,"Dance,Upbeat,All Weather,All Season,Youth/adult"
Smooth Operator,Smooth Operator,"EC Twins, Mina Tobias","=""00:03:56""",Dance,118,01 Smooth Operator.mp3,2019,English,1,"EC Twins, Mina Tobias",1,0,"Pop,Upbeat,All Weather,All Season,Youth/adult"
So Right (feat. Yuna),So Right (feat. Yuna),"SHAUN, Yuna","=""00:03:09""",Dance,110,01 So Right (feat. Yuna).mp3,2022,English,1,숀 (SHAUN)Feat. Yuna,1,0,"Pop,Upbeat,All Weather,All Season,Youth/adult"
So What,Funhouse,P!nk,"=""00:03:35""",Rock,126,01 So What.mp3,2008,English,1,P!nk,1,0,"Dance,Pop,Indie,Upbeat,All Weather,All Season,Youth/adult"
SoFtly - Killing Me Softly With His Song - TikTok Remix,SoFtly - Killing Me Softly With His Song (TikTok Remix),"Eduardo Luzquiños, Speernorman","=""00:02:56""",Electronic,128,01 SoFtly - Killing Me Softly With His Song - TikTok Remix.mp3,2020,English,1,"Eduardo Luzquiños, Speernorman",1,0,"Dance,Electro,House,Pop,Upbeat,All Weather,All Season,Youth/adult"
Soak Up The Sun,Soak Up The Sun,Birdsey,"=""00:03:03""",Electronic,118,01 Soak Up The Sun.mp3,2025,English,1,Birdsey,1,0,"Electronica,Electro,Energetic,All Weather,All Season"
Soluna,Soluna,BlueBay,"=""00:01:47""",Electronic,89,01 Soluna.mp3,2025,English,1,BlueBay,0,1,"Ambient,Electronica,Chillout,Rainy,All Season"
Some Say - Felix Jaehn Remix,Some Say (Felix Jaehn Remix),"Nea, felix jaehn","=""00:03:07""",Dance,120,01 Some Say - Felix Jaehn Remix.mp3,2020,English,1,"Nea, felix jaehn",1,0,"Pop,Electronic,Upbeat,All Weather,All Season,Youth/adult"
Someone That You Love,Someone That You Love,"Jarreau Vandal, Olivia Nelson","=""00:02:57""",R&B,105,01 Someone That You Love.mp3,2017,English,1,"Jarreau Vandal, Olivia Nelson",1,0,"Soul,Pop,Mainstream,All Weather,All Season,Youth/adult"
Someone,Strawtown,Jubël,"=""00:03:01""",Pop,103,01 Someone.mp3,2020,English,1,Jubël,1,0,"Dance,Upbeat,All Weather,All Season,Youth/adult"
Something About You (with Rudimental) - Chill Mix,Something About You (with Rudimental) [Alternate Versions],"Elderbrook, Rudimental","=""00:02:47""",Electronic,106,01 Something About You (with Rudimental) - Chill Mix.mp3,2019,English,1,"Elderbrook, Rudimental",1,0,"Energetic,All Weather,All Season"
Something About You,Something About You,Hayden James,"=""00:03:45""",Electronic,115,01 Something About You.mp3,2015,English,1,Hayden James,1,0,"Dance,Electro,House,Upbeat,All Weather,All Season,Youth/adult"
Somewhere Only We Know,Hopes And Fears,Keane,"=""00:03:57""",Pop,86,01 Somewhere Only We Know.mp3,2004,English,1,Keane,1,0,"Rock,Electronic,Alternative,Energetic,All Weather,All Season,Youth/adult"
Soul Tied,Soul Tied,Ashley Singh,"=""00:03:38""",Pop,164,01 Soul Tied.mp3,2024,English,1,Ashley Singh,1,0,"Indie,Mainstream,All Weather,All Season,Youth/adult"
Space 2 Breathe - Radio Edit,Space 2 Breathe,Nico Besso,"=""00:02:32""",Electronic,124,01 Space 2 Breathe - Radio Edit.mp3,2024,English,1,Nico Besso,1,0,"Electro,Dance,House,Electronica,Upbeat,All Weather,All Season,Youth/adult"
Space,Space,Miles Wesley,"=""00:03:56""",Alternative,150,01 Space.mp3,2024,English,1,Miles Wesley,1,0,"Rock,Indie Rock,Energetic,All Weather,All Season"
Spicy (with Diplo & Charli XCX) - Majestic Remix,Spicy (with Diplo & Charli XCX) - Remixes,"Herve Pagez, Diplo, Charli xcx, Majestic","=""00:04:16""",Electronic,122,01 Spicy (with Diplo & Charli XCX) - Majestic Remix.mp3,2019,English,1,"Herve Pagez, Diplo, Charli xcx, Majestic",1,0,"Dance,House,Electro,Pop,Upbeat,All Weather,All Season,Youth/adult"
Spring Embers,Spring Embers,Nora En Pure,"=""00:03:32""",Electronic,122,01 Spring Embers.mp3,2023,English,1,Nora En Pure,1,0,"Ambient,Electronica,Electro,Chillout,Rainy,All Season"
"St. Louis, Missouri","St Louis, Missouri",Joshua Golden,"=""00:03:22""",Indie,100,"01 St. Louis, Missouri.mp3",2024,English,1,Joshua Golden,1,0,"Folk,Rock,Energetic,All Weather,All Season"
Stargazing,Stargazing,Myles Smith,"=""00:02:53""",Electronic,124,01 Stargazing.mp3,2024,English,1,Myles Smith,1,0,"Indie,Rock,Energetic,All Weather,All Season"
Start Again,STILL UNKNOWN,"Zerb, Mabel South","=""00:02:53""",Electronic,113,01 Start Again.mp3,2021,English,1,Zerb feat. Mabel South,1,0,"Pop,Dance,Upbeat,All Weather,All Season,Youth/adult"
Start Today,Start Today,"Baked Moon, outset island","=""00:02:21""",Electronic,114,01 Start Today.mp3,2026,English,1,"Baked Moon, outset island",1,0,"Dance,Pop,Upbeat,All Weather,All Season,Youth/adult"
Starveil,Starveil,Aleva,"=""00:02:05""",Electronic,92,01 Starveil.mp3,2025,English,1,Aleva,0,1,"Ambient,Jazz,Chillout,Rainy,All Season"
Stay (If You Wanna Dance),Stay (If You Wanna Dance),Myles Smith,"=""00:03:06""",Pop,135,01 Stay (If You Wanna Dance).mp3,2025,English,1,Myles Smith,1,0,"Dance,Electro,Indie,Upbeat,All Weather,All Season,Youth/adult"
Still Into You,Still Into You,"CYRIL, maryjo","=""00:02:32""",Dance,128,01 Still Into You.mp3,2024,English,1,CYRIL & maryjo,1,0,"Pop,House,Electronic,Upbeat,All Weather,All Season,Youth/adult"
Straight From the Heart,Ground Control,"Rudimental, Nørskov","=""00:03:29""",Dance,124,01 Straight From the Heart (feat. Nørskov).mp3,2021,English,1,Rudimental,1,0,"Pop,Electronic,Upbeat,All Weather,All Season,Youth/adult"
Strangers,Strangers,Kenya Grace,"=""00:02:53""",Dance,85,01 Strangers.mp3,2023,English,1,Kenya Grace,1,0,"Pop,Chillout,Rainy,All Season,Youth/adult"
Streets - Disclosure Remix,Streets (Remixes),"Doja Cat, Disclosure","=""00:04:14""",Electronic,118,01 Streets - Disclosure Remix.mp3,2021,English,1,"Doja Cat, Disclosure",1,0,"Dance,House,Upbeat,All Weather,All Season,Youth/adult"
Stuck with U,Stuck with U,"Ariana Grande, Justin Bieber","=""00:03:49""",Pop,90,01 Stuck with U (with Justin Bieber).mp3,2020,English,1,"Republic Records, Silent Records Ventures, LLC, Silent Records Ventures, LLC, Def Jam Recordings, Def Jam Recordings, UMG Recordings, Inc., Republic Records, Republic Records, UMG Commercial Services",1,0,"Soul,Mainstream,All Weather,All Season,Youth/adult"
Stuk,Stuk,"Metejoor, LUNA","=""00:03:07""",Pop,127,01 Stuk.mp3,2025,English,1,Metejoor & LUNA,1,0,"Rock,Electronic,Dance,Indie,Upbeat,All Weather,All Season,Youth/adult"
Stunnin',Pity Party,"Curtis Waters, Harm Franklin","=""00:02:24""",Alternative,100,01 Stunnin' (feat. Harm Franklin).mp3,2020,English,1,Curtis Waters,1,0,"Electronic,Energetic,All Weather,All Season"
Such a Whore,Such a Whore,JVLA,"=""00:02:28""",Pop,166,01 Such a Whore (Stellular Version).mp3,2020,English,1,JVLA,1,0,"Electronica,Electro,Energetic,All Weather,All Season,Youth/adult"
Summer Fever,Summer Fever,Zoraz,"=""00:02:02""",Electronic,87,01 Summer Fever.mp3,2024,English,1,Zoraz,0,1,"Ambient,Jazz,Chillout,Rainy,All Season"
Summer Sound,Summer Sound,"outset island, Donner","=""00:02:34""",Dance,111,01 Summer Sound.mp3,2025,English,1,"outset island, Donner",1,0,"Electronic,Upbeat,All Weather,All Season,Youth/adult"
Summer Vacays,Summer Vacays,Tymez.2,"=""00:02:06""",Electronic,84,01 Summer Vacays.mp3,2025,English,1,Tymez.2,0,1,"Chillout,Rainy,All Season"
Summer's Not Ready (feat. INNA and Timmy Trumpet),Summer's Not Ready (feat. INNA and Timmy Trumpet),"Flo Rida, INNA, Timmy Trumpet","=""00:02:32""",Pop,112,01 Summer's Not Ready (feat. INNA and Timmy Trumpet).mp3,2021,English,1,Flo Rida,1,0,"Hip Hop,Dance,Electro,Upbeat,All Weather,All Season,Youth/adult"
Summer,Motion,Calvin Harris,"=""00:03:43""",Dance,129,01 Summer.mp3,2014,English,1,Calvin Harris,1,0,"Electro,House,Upbeat,All Weather,All Season,Youth/adult"
Summertime,Summertime,Viva Verde,"=""00:02:28""",Ambient,130,01 Summertime.mp3,2023,English,1,Viva Verde,0,1,"Electronic,Chillout,Rainy,All Season"
Sun Falls,Sun Falls,"Nico Besso, Miriam Cooper","=""00:02:46""",Dance,119,01 Sun Falls.mp3,2024,English,1,"Nico Besso, Miriam Cooper",1,0,"Chillout,Rainy,All Season,Youth/adult"
Sun Soaked,Sun Soaked,Letricit,"=""00:01:52""",Ambient,80,01 Sun Soaked.mp3,2023,English,1,Letricit,1,0,"Electronic,Chillout,Rainy,All Season"
Sunflow,Sunflow,pipetiger,"=""00:02:00""",Hip Hop,162,01 Sunflow.mp3,2025,English,1,pipetiger,0,1,"Chillout,Rainy,All Season"
Sun,Sun,Ferdinand Weber,"=""00:03:10""",Electronic,124,01 Sun.mp3,2017,English,1,Ferdinand Weber,1,0,"Dance,House,Electro,Upbeat,All Weather,All Season,Youth/adult"
Sunny Daydreams,Sunny Daydreams,Letricit,"=""00:02:20""",Ambient,140,01 Sunny Daydreams.mp3,2023,English,1,Letricit,0,1,"Electronic,Chillout,Rainy,All Season"
Sunny Days,Sunny Days,"Armin van Buuren, Josh Cumbee","=""00:03:30""",Dance,115,01 Sunny Days.mp3,2017,English,1,Armin van Buuren,1,0,"Upbeat,All Weather,All Season,Youth/adult"
Sunrise Never Fades,Sunrise Never Fades,"Chris Ruo, Spijk, Donner","=""00:02:21""",Dance,120,01 Sunrise Never Fades.mp3,2025,English,1,"Chris Ruo, Spijk, Donner",1,0,"Pop,Upbeat,All Weather,All Season,Youth/adult"
Sunrise Symphony,Sunrise Symphony,Vacatia,"=""00:02:43""",Ambient,107,01 Sunrise Symphony.mp3,2023,English,1,Vacatia,1,0,"Electronic,Chillout,Rainy,All Season"
Sunset Boulevard,Sunset Boulevard,Purplaya,"=""00:02:13""",Electronic,88,01 Sunset Boulevard.mp3,2022,English,1,Purplaya,0,1,"Ambient,Electronica,Chillout,Rainy,All Season"
Sunroof,Sunroof (Remixes),"Nicky Youre, hey daisy","=""00:02:43""",Pop,130,01 Sunroof.mp3,2021,English,1,Nicky Youre,1,0,"Dance,Indie,Upbeat,All Weather,All Season,Youth/adult"
Sunset Groove,Sunset Groove,Yanoso,"=""00:02:19""",Pop,128,01 Sunset Groove.mp3,2023,English,1,Yanoso,1,0,"Energetic,All Weather,All Season"
Sunset Drive,Sunset Drive,Sofi Tones,"=""00:02:18""",Pop,84,01 Sunset Drive.mp3,2025,English,1,Sofi Tones,1,0,"Balanced,All Weather,All Season"
Sunset Soiree,Sunset Soiree,BlueBay,"=""00:01:47""",Electronic,90,01 Sunset Soiree.mp3,2023,English,1,BlueBay,1,0,"Ambient,Chillout,Rainy,All Season"
Sunset in My Mind,Sunset in My Mind,Viva Verde,"=""00:01:37""",Ambient,90,01 Sunset in My Mind.mp3,2024,English,1,Viva Verde,1,0,"Electronic,Chillout,Rainy,All Season"
Sunshine Lounge,Sunshine Lounge,Zoraz,"=""00:01:53""",Ambient,85,01 Sunshine Lounge.mp3,2023,English,1,Zoraz,0,1,"Electronic,Jazz,Chillout,Rainy,All Season"
Sunset,Sunset,Tobias Bergson,"=""00:02:48""",Electronic,120,01 Sunset.mp3,2020,English,1,Tobias Bergson,0,1,"Ambient,Chillout,Rainy,All Season"
Sunshine in My Heart,Golden Hour,"finton, Chillski, Lars Navike","=""00:01:48""",Electronic,80,01 Sunshine in My Heart.mp3,2021,English,1,"finton, Chillski, Lars Navike",0,1,"Jazz,Ambient,Chillout,Rainy,All Season"
Sunshine,Sunshine,OneRepublic,"=""00:02:44""",Pop,140,01 Sunshine(1).mp3,2021,English,1,OneRepublic,1,0,"Dance,Indie,Upbeat,All Weather,All Season,Youth/adult"
Sunshine,Sunshine,"Lance & Linton, NC Carson","=""00:03:23""",Pop,128,01 Sunshine.mp3,2019,English,1,"Lance & Linton, NC Carson",1,0,"Indie,Dance,Upbeat,All Weather,All Season,Youth/adult"
Surfside,Surfside,Wavesome,"=""00:01:55""",Ambient,85,01 Surfside.mp3,2023,English,1,Wavesome,0,1,"Electronic,Jazz,Chillout,Rainy,All Season"
Sway,Sway,Salt and Sand,"=""00:01:46""",Ambient,92,01 Sway.mp3,2023,English,1,Salt and Sand,0,1,"Electronic,Electronica,Chillout,Rainy,All Season"
Survive,Survive,Lewis Capaldi,"=""00:03:45""",Alternative,99,01 Survive.mp3,2025,English,1,Lewis Capaldi,1,0,"Indie,Rock,Pop,Mainstream,All Weather,All Season,Youth/adult"
Swaying Palms,Swaying Palms,Wavesome,"=""00:02:03""",Electronic,90,01 Swaying Palms.mp3,2023,English,1,Wavesome,1,0,"Ambient,Jazz,Chillout,Rainy,All Season"
Sweet Water,Sweet Water,Davina Michelle,"=""00:03:22""",Pop,84,01 Sweet Water.mp3,2021,English,1,Davina Michelle,1,0,"Electronic,R&B,Energetic,All Weather,All Season,Youth/adult"
Symphony (feat. Zara Larsson),Symphony (feat. Zara Larsson),"Clean Bandit, Zara Larsson","=""00:03:33""",Dance,123,01 Symphony (feat. Zara Larsson).mp3,2017,English,1,Clean Bandit,1,0,"Pop,Electronic,Upbeat,All Weather,All Season,Youth/adult"
Systeem,Systeem (feat. Young Ellens),"The Partysquad, Antoon, Young Ellens","=""00:02:44""",Electronic,130,01 Systeem (feat. Young Ellens).mp3,2021,English,1,The Partysquad & Antoon ft. Young Ellens,1,0,"Hip Hop,Dance,Upbeat,All Weather,All Season,Youth/adult"
THIS YEAR (Blessings),THIS YEAR (Blessings),"Victor Thompson, Ehis 'D' Greatest","=""00:02:06""",R&B,132,01 THIS YEAR (Blessings).mp3,2023,English,1,Victor Thompson & Ehis ’D’ Greatest,1,0,"Soul,Pop,Mainstream,All Weather,All Season,Youth/adult"
Tainted Love,Tainted Love,"Trinix, Queen D","=""00:03:04""",Electronic,90,01 Tainted Love.mp3,2023,English,1,Trinix feat. Queen D,1,0,"Pop,Energetic,All Weather,All Season,Youth/adult"
Take Care of You,Take Care of You,Ella Henderson,"=""00:03:14""",Pop,115,01 Take Care of You.mp3,2020,English,1,Ella Henderson,1,0,"Electronic,Energetic,All Weather,All Season,Youth/adult"
Take Me Home,Take Me Home,"Booshle G., ZUBIN, Paul Timitch","=""00:02:20""",Pop,136,01 Take Me Home.mp3,2024,English,1,"Booshle G., Zubin & Paul Timitch",1,0,"Indie,Mainstream,All Weather,All Season,Youth/adult"
Take My Mind,Take My Mind,"WizTheMc, bees & honey","=""00:02:51""",Pop,114,01 Take My Mind.mp3,2025,English,1,WizTheMc & bees & honey,1,0,"Mainstream,All Weather,All Season,Youth/adult"
Take Your Time (Do It Right),Take Your Time (Do It Right),"Tensnake, Teira","=""00:04:02""",Dance,120,01 Take Your Time (Do It Right).mp3,2023,English,1,Tensnake,1,0,"House,Pop,Upbeat,All Weather,All Season,Youth/adult"
Take Your Time,Take Your Time,Joseph O'Brien,"=""00:03:19""",Electronic,133,01 Take Your Time.mp3,2022,English,1,Joseph O'Brien,1,0,"Pop,Dance,Indie,Electro,Upbeat,All Weather,All Season,Youth/adult"
Taking My Time,Taking My Time,"Atlantix, beinghonest","=""00:02:56""",Dance,115,01 Taking My Time.mp3,2025,English,1,"Atlantix, beinghonest",1,0,"Electronica,Electro,Upbeat,All Weather,All Season,Youth/adult"
"Talk to Me (feat. Tyla, Nile Rodgers)","Talk to Me (feat. Tyla, Nile Rodgers)","Damiano David, Tyla, Nile Rodgers","=""00:03:14""",Pop,107,"01 Talk to Me (feat. Tyla, Nile Rodgers).mp3",2025,English,1,Damiano David,1,0,"Indie,Dance,Upbeat,All Weather,All Season,Youth/adult"
Tangerine - Channel Tres Remix,Tangerine (Channel Tres Remix),"Aaron Childs, Channel Tres","=""00:04:55""",Electronic,115,01 Tangerine - Channel Tres Remix.mp3,2018,English,1,"Aaron Childs, Channel Tres",1,0,"Chillout,Rainy,All Season"
Tangerine Skies,Tangerine Skies,Declan J Donovan,"=""00:03:11""",Electronic,120,01 Tangerine Skies.mp3,2020,English,1,Declan J Donovan,1,0,"Pop,Dance,Upbeat,All Weather,All Season,Youth/adult"
Tarifa,Tarifa,Vacatia,"=""00:01:39""",Ambient,90,01 Tarifa.mp3,2023,English,1,Vacatia,1,0,"Electronic,Chillout,Rainy,All Season"
Teardrops,Teardrops,"Sainte Barbe, Léa Vlaeminck","=""00:02:49""",Dance,128,01 Teardrops.mp3,2025,English,1,"Sainte Barbe, Léa Vlaeminck",1,0,"Electronic,House,Pop,Upbeat,All Weather,All Season,Youth/adult"
Tears Dry Tonight,Tears Dry Tonight,"CYRIL, James Blunt","=""00:02:47""",Dance,125,01 Tears Dry Tonight.mp3,2025,English,1,CYRIL & James Blunt,1,0,"House,Upbeat,All Weather,All Season,Youth/adult"
Teen Scene (ft. Buddy) - Wax Motif Remix,Habits (Remixes),"Maeta, Buddy, Wax Motif","=""00:04:32""",Electronic,124,01 Teen Scene (ft. Buddy) - Wax Motif Remix.mp3,2021,English,1,"Maeta, Buddy, Wax Motif",1,0,"Electro,Dance,Upbeat,All Weather,All Season,Youth/adult"
Tell me Somethin',Tell Me Somethin',Toomas,"=""00:03:47""",Dance,127,01 Tell me Somethin'.mp3,2021,English,1,Toomas,1,0,"Electronic,House,Pop,Upbeat,All Weather,All Season,Youth/adult"
Ten Feet Tall,Forget The World (Deluxe),"AFROJACK, WRABEL","=""00:03:49""",Dance,127,01 Ten Feet Tall.mp3,2014,English,1,"AFROJACK, WRABEL",1,0,"Electro,Pop,Upbeat,All Weather,All Season,Youth/adult"
Terrace Views,Terrace Views,Viva Verde,"=""00:01:43""",Ambient,85,01 Terrace Views.mp3,2024,English,1,Viva Verde,0,1,"Electronic,Jazz,Chillout,Rainy,All Season"
Terug In De Tijd,Terug In De Tijd,Yves Berendse,"=""00:03:07""",Pop,123,01 Terug In De Tijd.mp3,2023,English,1,Yves Berendse,1,0,"Mainstream,All Weather,All Season,Youth/adult"
Thalassa,Thalassa,Salt and Sand,"=""00:02:02""",Electronic,102,01 Thalassa.mp3,2025,English,1,Salt and Sand,1,0,"Ambient,Electronica,Chillout,Rainy,All Season"
The A Team,+,Ed Sheeran,"=""00:04:18""",Pop,85,01 The A Team.mp3,2011,English,1,Ed Sheeran,1,0,"Rock,Folk,Mainstream,All Weather,All Season,Youth/adult"
The Answer Is,The Answer Is,LISSY,"=""00:02:16""",Pop,94,01 The Answer Is.mp3,2026,English,1,LISSY,1,0,"R&B,Soul,Electronic,Chillout,Rainy,All Season,Youth/adult"
The Best Days (feat. Tabitha),The Best Days (feat. Tabitha),"Sam Feldt, Karma Child, Tabitha","=""00:02:42""",Dance,108,01 The Best Days (feat. Tabitha).mp3,2020,English,1,Sam Feldt & Karma Child feat. Tabitha,1,0,"Pop,Upbeat,All Weather,All Season,Youth/adult"
The Bones - with Hozier,The Bones (with Hozier),"Maren Morris, Hozier","=""00:03:17""",Pop,154,01 The Bones - with Hozier.mp3,2019,English,1,"Maren Morris, Hozier",1,0,"Mainstream,All Weather,All Season,Youth/adult"
The Business,The Business,Tiësto,"=""00:02:44""",Electronic,120,01 The Business.mp3,2020,English,1,Tiësto,1,0,"Electro,Energetic,All Weather,All Season"
The Code,The Code,Nemo,"=""00:03:00""",Pop,162,01 The Code.mp3,2024,English,1,Nemo,1,0,"Dance,Upbeat,All Weather,All Season,Youth/adult"
The Emptiness Machine,The Emptiness Machine,Linkin Park,"=""00:03:10""",Alternative,92,01 The Emptiness Machine.mp3,2024,English,1,Linkin Park,1,0,"Electronic,Indie,Pop,Energetic,All Weather,All Season,Youth/adult"
The Girl Is Mine,The Girl Is Mine featuring Destiny's Child & Brandy (Remixes) - EP,99 Souls,"=""00:03:37""",Dance,118,01 The Girl Is Mine.mp3,2016,English,1,99 Souls,1,0,"Electronic,Pop,House,Upbeat,All Weather,All Season,Youth/adult"
The Kahoot Rap (Kahoot Star),The Kahoot Rap (Kahoot Star),Kyle Exum,"=""00:02:05""",Hip Hop,112,01 The Kahoot Rap (Kahoot Star).mp3,2020,English,1,Kyle Exum,1,0,"Electronic,Energetic,All Weather,All Season"
The Luxury Lounge,The Luxury Lounge,BlueBay,"=""00:01:57""",Electronic,90,01 The Luxury Lounge.mp3,2024,English,1,BlueBay,0,1,"Ambient,Jazz,Chillout,Rainy,All Season"
The Middle,The Middle,"Zedd, Maren Morris, Grey","=""00:03:05""",Dance,107,01 The Middle.mp3,2018,English,1,"Zedd, Maren Morris, Grey",1,0,"R&B,Upbeat,All Weather,All Season,Youth/adult"
The Sailor's Warning,The Sailor's Warning,Faela,"=""00:02:07""",Pop,89,01 The Sailor's Warning.mp3,2021,English,1,Faela,1,0,"Mainstream,All Weather,All Season,Youth/adult"
The Spectre,The Spectre,Alan Walker,"=""00:03:14""",Alternative Rock,128,01 The Spectre.mp3,2017,English,1,Alan Walker,1,0,"Dance,House,Pop,Upbeat,All Weather,All Season,Youth/adult"
The Thrill,The Thrill,"Wiz Khalifa, Empire Of The Sun","=""00:03:54""",Electronic,127,01 The Thrill.mp3,2020,English,1,"Wiz Khalifa, Empire Of The Sun",1,0,"Dance,Pop,Hip Hop,Upbeat,All Weather,All Season,Youth/adult"
The Truth,Once Upon a Mind,James Blunt,"=""00:03:42""",Pop,122,01 The Truth.mp3,2019,English,1,James Blunt,1,0,"Dance,Upbeat,All Weather,All Season,Youth/adult"
The View,The View,Andi,"=""00:02:45""",Pop,118,01 The View.mp3,2025,English,1,Andi,1,0,"Mainstream,All Weather,All Season,Youth/adult"
There For You,There For You,Y.V.E. 48,"=""00:02:46""",Electronic,112,01 There For You.mp3,2022,English,1,Y.V.E. 48,1,0,"Ambient,Chillout,Rainy,All Season"
Therefore I Am,Happier Than Ever,Billie Eilish,"=""00:02:54""",Alternative,94,01 Therefore I Am.mp3,2021,English,1,Billie Eilish,1,0,"Hip Hop,R&B,Balanced,All Weather,All Season"
Thief In The Night - Max Chapman Remix,Thief In The Night (Edit) [Max Chapman Remixx],"George Mensah, Max Chapman","=""00:03:34""",Electronic,127,01 Thief In The Night - Max Chapman Remix.mp3,2020,English,1,"George Mensah, Max Chapman",1,0,"Dance,House,Electro,Upbeat,All Weather,All Season,Youth/adult"
This City,This City,Sam Fischer,"=""00:03:15""",Pop,74,01 This City.mp3,2019,English,1,Sam Fischer,1,0,"Mainstream,All Weather,All Season,Youth/adult"
This Feeling,Sick Boy,"The Chainsmokers, Kelsea Ballerini","=""00:03:18""",Dance,105,01 This Feeling.mp3,2018,English,1,The Chainsmokers,1,0,"Electronic,Upbeat,All Weather,All Season,Youth/adult"
This One's for You (feat. Zara Larsson) (Official Song UEFA EURO 2016),This One's for You (feat. Zara Larsson) [Official Song UEFA EURO 2016],"David Guetta, Zara Larsson","=""00:03:27""",Dance,110,01 This One's for You (feat. Zara Larsson) (Official Song UEFA EURO 2016).mp3,2016,English,1,David Guetta,1,0,"Pop,Upbeat,All Weather,All Season,Youth/adult"
Thoughts,Thoughts,"Tentendo, Vetta Borne","=""00:03:00""",R&B,113,01 Thoughts.mp3,2020,English,1,"Tentendo, Vetta Borne",1,0,"Soul,Pop,Electronic,Energetic,All Weather,All Season,Youth/adult"
Through The Looking Glass,Through The Looking Glass,DI-RECT,"=""00:03:50""",Rock,83,01 Through The Looking Glass.mp3,2022,English,1,DI-RECT,1,0,"Indie,Pop,Alternative,Mainstream,All Weather,All Season,Youth/adult"
Tigers,Tigers,Bilal Wahib,"=""00:02:11""",Electronic,112,01 Tigers.mp3,2020,English,1,Bilal Wahib,1,0,"Pop,Dance,Upbeat,All Weather,All Season,Youth/adult"
Till The Sun Comes Up,Till The Sun Comes Up,Miss Montreal,"=""00:02:54""",Pop,119,01 Till The Sun Comes Up.mp3,2018,English,1,Miss Montreal,1,0,"Rock,Indie,Electronic,Energetic,All Weather,All Season,Youth/adult"
Today's The Day - From 'The Ellen DeGeneres Show',Today's The Day (From 'The Ellen DeGeneres Show'),P!nk,"=""00:03:45""",Electronic,124,01 Today's The Day - From 'The Ellen DeGeneres Show'.mp3,2015,English,1,P!nk,1,0,"Dance,Pop,Upbeat,All Weather,All Season,Youth/adult"
Together,Together,Sia,"=""00:03:25""",Pop,90,01 Together.mp3,2020,English,1,Sia,1,0,"Electronic,Dance,Upbeat,All Weather,All Season,Youth/adult"
Told You So,Told You So,SUPER-Hi,"=""00:03:05""",Electronic,120,01 Told You So(1).mp3,2022,English,1,SUPER-Hi,1,0,"Indie,Pop,Dance,Upbeat,All Weather,All Season,Youth/adult"
Told You So,Told You So,"Martin Garrix, Jex","=""00:03:07""",Dance,128,01 Told You So.mp3,2024,English,1,Martin Garrix x Jex,1,0,"Electronic,Pop,House,Upbeat,All Weather,All Season,Youth/adult"
Tonight,Tonight,"Calm Springs, Donna Senders","=""00:03:00""",Electronic,108,01 Tonight.mp3,2025,English,1,"Calm Springs, Donna Senders",1,0,"Pop,Ambient,Dance,Chillout,Rainy,All Season,Youth/adult"
Too Sweet,Too Sweet,"Trinix, The Macarons Project","=""00:02:44""",Pop,112,01 Too Sweet.mp3,2025,English,1,Trinix & The Macarons Project,1,0,"Electronic,Soul,Energetic,All Weather,All Season,Youth/adult"
Tourquoise Bay,Tourquoise Bay,BlueBay,"=""00:01:40""",Jazz,92,01 Tourquoise Bay.mp3,2023,English,1,BlueBay,1,0,"Electronic,Ambient,Chillout,Rainy,All Season"
Tranquil Tides,Tranquil Tides,Solbeats,"=""00:01:48""",Ambient,92,01 Tranquil Tides.mp3,2023,English,1,Solbeats,0,1,"Electronic,Chillout,Rainy,All Season"
Trap Beldi,Trap Beldi,ISSAM,"=""00:02:56""",Hip Hop,164,01 Trap Beldi.mp3,2018,English,1,ISSAM,1,0,"R&B,Energetic,All Weather,All Season"
Treinstation,Treinstation,Boef,"=""00:02:50""",Hip Hop,98,01 Treinstation.mp3,2020,English,1,Boef,1,0,"Electronic,Energetic,All Weather,All Season"
Trompetisto,Trompetisto,Sjaak,"=""00:02:20""",Electronic,124,01 Trompetisto.mp3,2021,English,1,Sjaak,1,0,"Dance,Electro,House,Upbeat,All Weather,All Season,Youth/adult"
Tropical Breeze,Tropical Breeze,Solbeats,"=""00:01:59""",Ambient,84,01 Tropical Breeze.mp3,2023,English,1,Solbeats,1,0,"Electronic,Jazz,Chillout,Rainy,Christmas"
True,From Down Under,"CYRIL, Kita Alexander","=""00:02:06""",Dance,123,01 True.mp3,2024,English,1,CYRIL & Kita Alexander,1,0,"Pop,House,Upbeat,All Weather,All Season,Youth/adult"
Try 2 Luv,Try 2 Luv,Never Dull,"=""00:03:30""",Dance,124,01 Try 2 Luv.mp3,2022,English,1,Never Dull,1,0,"House,Electronic,Pop,Upbeat,All Weather,All Season,Youth/adult"
Turnarounds,Turnarounds,HLY WUD,"=""00:01:57""",Jazz,80,01 Turnarounds.mp3,2023,English,1,HLY WUD,0,1,"Electronic,Ambient,Chillout,Rainy,All Season"
Turtles in The Ocean,Turtles in The Ocean,Vacatia,"=""00:01:50""",Ambient,80,01 Turtles in The Ocean.mp3,2024,English,1,Vacatia,0,1,"Electronic,Jazz,Chillout,Rainy,All Season"
UHUH,UHUH,"hirak, Ronnie Flex, Yssi SB, Lil Kleine","=""00:02:55""",Electronic,132,01 UHUH.mp3,2021,English,1,"$hirak In Collaboration With Ronnie Flex, Yssi SB & Lil Kleine",1,0,"Dance,Pop,Electro,House,Upbeat,All Weather,All Season,Youth/adult"
UNBOUND - Austin Millz Remix,UNBOUND (Austin Millz Remix),"MICHELLE, Austin Millz","=""00:02:40""",Dance,110,01 UNBOUND - Austin Millz Remix.mp3,2020,English,1,"MICHELLE, Austin Millz",1,0,"Pop,Electronic,R&B,House,Upbeat,All Weather,All Season,Youth/adult"
UNFORGETTABLE,UNFORGETTABLE,Duke Voss,"=""00:02:10""",Electronic,115,01 UNFORGETTABLE.mp3,2026,English,1,Duke Voss,1,0,"Pop,Chillout,Rainy,All Season,Youth/adult"
Unbelievable,Unbelievable,Why Don't We,"=""00:03:09""",Pop,130,01 Unbelievable.mp3,2019,English,1,Why Don't We,1,0,"Dance,Upbeat,All Weather,All Season,Youth/adult"
Umbrella,Good Girl Gone Bad: Reloaded,"Rihanna, JAŸ-Z","=""00:04:36""",Pop,87,01 Umbrella.mp3,2008,English,1,"Def Jam Recordings, SRP Records, Island Def Jam Music Group, Island Def Jam Music Group, UMG Recordings, Inc., EDC, Germany, Sterling Sound, Triangle Sound Studios, Chalice Recording Studios, Pacifique Studios, Westlake Studios, Sunwatch, St. James, Barbaros, The Loft Recording Studios, Battery Studios, New York, Lethal Studios, Pressure Studios, Chicago Recording Company, Record Plant, Los Angeles, Roc The Mic Studios, Rocky Mountain Recorders, Parr Street Studios, Conway Studios, Glenwood Place Studios, Phantom Studios, House Of Blues Studios",1,0,"R&B,Hip Hop,Electronic,Energetic,All Weather,All Season,Youth/adult"
Undecided,Undecided,RONDÉ,"=""00:02:40""",Pop,125,01 Undecided.mp3,2024,English,1,RONDÉ,1,0,"Mainstream,All Weather,All Season,Youth/adult"
Unbreakable,Unbreakable (feat. Clarence Coffee Jr.),"BUNT., Clarence Coffee Jr","=""00:03:59""",Dance,127,01 Unbreakable (feat. Clarence Coffee Jr.).mp3,2020,English,1,Interscope Records,1,0,"Upbeat,All Weather,All Season,Youth/adult"
Under The Sun,Under The Sun,Lavender Shore,"=""00:02:44""",Dance,123,01 Under The Sun.mp3,2025,English,1,Lavender Shore,1,0,"Electronica,Chillout,Rainy,All Season,Youth/adult"
Under the Sun,Under the Sun,"Fini, Francis Skyes","=""00:03:54""",Electronic,120,01 Under the Sun(1).mp3,2021,English,1,"Fini, Francis Skyes",1,0,"Dance,Upbeat,All Weather,All Season,Youth/adult"
Until I Found You (with Em Beihold) - Em Beihold Version,Until I Found You (Em Beihold Version),"Stephen Sanchez, Em Beihold","=""00:02:56""",Indie,101,01 Until I Found You (with Em Beihold) - Em Beihold Version.mp3,2022,English,1,"Stephen Sanchez, Em Beihold",1,0,"Pop,Rock,Folk,Mainstream,All Weather,All Season,Youth/adult"
Until I Found You,Until I Found You,Stephen Sanchez,"=""00:02:58""",Indie,101,01 Until I Found You.mp3,2021,English,1,Stephen Sanchez,1,0,"Pop,Rock,Mainstream,All Weather,All Season,Youth/adult"
Until We Die,Until We Die,"WATEVA, Next to Neon","=""00:02:57""",Dance,124,01 Until We Die.mp3,2019,English,1,WATEVA,1,0,"Pop,Upbeat,All Weather,All Season,Youth/adult"
Us - Selected Mix,Us,Chace,"=""00:02:43""",Pop,116,01 Us - Selected Mix.mp3,2020,English,1,Chace,1,0,"Balanced,All Weather,All Season"
Upside Down,Upside Down,Jack Johnson,"=""00:03:30""",Pop,102,01 Upside Down.mp3,2006,English,1,Jack Johnson,1,0,"Balanced,All Weather,All Season"
Use Somebody,Use Somebody,NOVEMBER KID,"=""00:02:00""",Pop,134,01 Use Somebody.mp3,2026,English,1,NOVEMBER KID,1,0,"Energetic,All Weather,All Season"
Ushuaia,Ushuaia,"Turfy Gang, Russo","=""00:02:37""",Pop,126,01 Ushuaia.mp3,2024,English,1,Turfy Gang & Russo,1,0,"Mainstream,All Weather,All Season,Youth/adult"
VISSTE REDAN,VISSTE REDAN,"Albin Myers, Kaah","=""00:02:38""",Pop,128,01 VISSTE REDAN.mp3,2023,English,1,"Albin Myers, Kaah",1,0,"Energetic,All Weather,All Season"
Valldemossa Vibes,Valldemossa Vibes,Yanoso,"=""00:01:50""",Pop,80,01 Valldemossa Vibes.mp3,2023,English,1,Yanoso,0,1,"Calm,Rainy,All Season"
Vaitimbora,Vaitimbora,"Mari Froes, Trinix","=""00:02:15""",Pop,96,01 Vaitimbora.mp3,2025,English,1,RCA Local,1,0,"Mainstream,All Weather,All Season,Youth/adult"
Vallende Ster,Vallende Ster,Kraantje Pappie,"=""00:02:55""",Pop,88,01 Vallende Ster.mp3,2019,English,1,Noah’s Ark BV,1,0,"Mainstream,All Weather,All Season,Youth/adult"
Vanilla Beach,Vanilla Beach,Yanoso,"=""00:01:55""",Pop,152,01 Vanilla Beach.mp3,2024,English,1,Yanoso,0,1,"Energetic,All Weather,All Season"
Van Mij Zijn,Van Mij Zijn,"KATNUF, YAM","=""00:02:47""",Pop,105,01 Van Mij Zijn.mp3,2022,English,1,Cloud 9 Music,1,0,"Balanced,All Weather,All Season"
Vibe for Me (Bob for Me),Vibe for Me (Bob for Me),Aqyila,"=""00:02:31""",Pop,120,01 Vibe for Me (Bob for Me).mp3,2021,English,1,Sony Music Canada,1,0,"Balanced,All Weather,All Season"
Vibe with Me,Memories,"Creason, Chillski, ordea","=""00:01:19""",Pop,85,01 Vibe with Me.mp3,2021,English,1,"Creason, Chillski, ordea",0,1,"Balanced,All Weather,All Season"
Vibin',Vibin',Callum George,"=""00:03:48""",Pop,124,01 Vibin'.mp3,2020,English,1,Callum George,1,0,"Balanced,All Weather,All Season"
Villa In Ibiza,Villa In Ibiza (feat. Stevie Appleton),"Lucas Estrada, Stevie Appleton","=""00:02:30""",Pop,121,01 Villa In Ibiza (feat. Stevie Appleton).mp3,2020,English,1,Lucas Estrada,1,0,"Balanced,All Weather,All Season"
Vita Lounge,Vita Lounge,Viva Verde,"=""00:01:49""",Pop,80,01 Vita Lounge.mp3,2024,English,1,Viva Verde,0,1,"Calm,Rainy,All Season"
Vivid Vibes,Vivid Vibes,Yanoso,"=""00:02:01""",Pop,80,01 Vivid Vibes.mp3,2024,English,1,Yanoso,1,0,"Calm,Rainy,All Season"
Vleugels,Vleugels,"Kris Kross Amsterdam, Antoon, Zoë Tauran","=""00:02:41""",Pop,163,01 Vleugels.mp3,2024,Dutch,1,Universal Music,1,0,"Energetic,All Weather,All Season"
Vluchtstrook,Vluchtstrook,"Kris Kross Amsterdam, Antoon, Sigourney K","=""00:02:29""",Pop,162,01 Vluchtstrook.mp3,2021,English,1,Cloud 9 Recordings,1,0,"Mainstream,All Weather,All Season,Youth/adult"
Vogelvrij,New Life,"Big2, Josylvio & Sticks","=""00:03:10""",Hip Hop,99,01 Vogelvrij.mp3,2021,English,1,Dreamteam,1,0,"Electronic,Energetic,All Weather,All Season"
Vois sur ton chemin - Techno Mix,Vois sur ton chemin (Techno Mix),BENNETT,"=""00:02:58""",Pop,137,01 Vois sur ton chemin - Techno Mix.mp3,2023,English,1,BENNETT,1,0,"Energetic,All Weather,All Season"
Voorbestemd,Voorbestemd,"LUNA, Russo","=""00:02:59""",Pop,109,01 Voorbestemd.mp3,2025,English,1,LASER [BNL],1,0,"Mainstream,All Weather,All Season,Youth/adult"
Voyage Voyage,Voyage Voyage,AZUR NOCTURNE,"=""00:04:07""",Pop,117,01 Voyage Voyage.mp3,2026,English,1,AZUR NOCTURNE,1,0,"Balanced,All Weather,All Season"
Vul dit huis met Uw glorie,Vul dit huis met Uw glorie (Remix),"Roberto Rosso, InSalvation, Xonar","=""00:03:38""",Dance,150,01 Vul dit huis met Uw glorie.mp3,2020,English,1,"Roberto Rosso, InSalvation, Xonar",1,0,"Upbeat,All Weather,All Season,Youth/adult"
WHERE IS MY HUSBAND!,WHERE IS MY HUSBAND!,RAYE,"=""00:03:17""",Pop,117,01 WHERE IS MY HUSBAND!.mp3,2025,English,1,Human Re Sources,1,0,"Mainstream,All Weather,All Season,Youth/adult"
Waar Ik Vandaan Kom,Waar Ik Vandaan Kom,Lil Kleine,"=""00:02:49""",Hip Hop,162,01 Waar Ik Vandaan Kom.mp3,2021,English,1,Top Notch Music BV,1,0,"Electronic,Energetic,All Weather,All Season"
Waar Was Je,Waar Was Je?,Qlas,"=""00:02:29""",Hip Hop,104,01 Waar Was Je .mp3,2026,English,1,Avalon Music,1,0,"Confident,All Weather,All Season,Youth/adult"
Wacht Op Mij,Wacht Op Mij,"Trobi, Ronnie Flex, Tabitha","=""00:02:17""",Pop,100,01 Wacht Op Mij.mp3,2023,English,1,WM Benelux BV,1,0,"Balanced,All Weather,All Season"
Wackelkontakt,Wackelkontakt,Oimara,"=""00:02:49""",Dance,172,01 Wackelkontakt.mp3,2025,English,1,Oimara,1,0,"Upbeat,All Weather,All Season,Youth/adult"
Wait For You,Wait For You,WizTheMc,"=""00:02:49""",Pop,106,01 Wait For You(1).mp3,2026,English,1,WizTheMc,1,0,"Mainstream,All Weather,All Season,Youth/adult"
Wait For You,Wait For You,Myles Smith,"=""00:03:22""",Alternative Rock,124,01 Wait For You.mp3,2024,English,1,RCA,1,0,"Energetic,All Weather,All Season"
Waiting On You,Waiting On You,"Chaël, Sky M","=""00:02:24""",Pop,110,01 Waiting On You.mp3,2021,English,1,"Chaël, Sky M",1,0,"Mainstream,All Weather,All Season,Youth/adult"
Waiting,Waiting,Lucien,"=""00:02:34""",Pop,122,01 Waiting.mp3,2026,English,1,feelingblue.,1,0,"Balanced,All Weather,All Season"
"Wake Up, Get Down","Wake Up, Get Down","Cupidon, KALLITECHNIS, Ric Wilson","=""00:04:20""",Pop,109,"01 Wake Up, Get Down.mp3",2021,English,1,Sundae Sauuce,1,0,"Balanced,All Weather,All Season"
Walk Through Fire,Walk Through Fire,PLVTO,"=""00:02:23""",Pop,126,01 Walk Through Fire.mp3,2026,English,1,PLVTO,1,0,"Energetic,All Weather,All Season"
Walking On a Dream,Walking On a Dream,NEIMY,"=""00:02:50""",Pop,112,01 Walking On a Dream.mp3,2023,English,1,NEIMY,1,0,"Mainstream,All Weather,All Season,Youth/adult"
Wanderlust,Wanderlust,Solbeats,"=""00:01:49""",Pop,80,01 Wanderlust.mp3,2023,English,1,Solbeats,0,1,"Calm,Rainy,All Season"
Want You,Want You,Harry Bolton,"=""00:02:34""",Dance,124,01 Want You.mp3,2025,English,1,Harry Bolton,1,0,"Upbeat,All Weather,All Season,Youth/adult"
Warm Water - Snakehips Remix,Warm Water (Snakehips Remix),"BANKS, Snakehips","=""00:04:14""",Pop,106,01 Warm Water - Snakehips Remix.mp3,2013,English,1,"BANKS, Snakehips",1,0,"Balanced,All Weather,All Season"
Wasted Love (feat. Lagique),Wasted Love (feat. Lagique),"Ofenbach, Lagique","=""00:02:20""",Electronic,122,01 Wasted Love (feat. Lagique).mp3,2021,English,1,Ofenbach,1,0,"Energetic,All Weather,All Season"
Wasted My Time,Wasted My Time,Le Jardin Secret,"=""00:02:15""",Dance,98,01 Wasted My Time.mp3,2026,English,1,Multicolor Recordings,1,0,"Upbeat,All Weather,All Season,Youth/adult"
Wasting Colors,Wasting Colors,"Calm Springs, Haisten","=""00:02:44""",Dance,108,01 Wasting Colors.mp3,2026,English,1,"Calm Springs, Haisten",1,0,"Upbeat,All Weather,All Season,Youth/adult"
Wasting Time,Wasting Time,Zac Samuel,"=""00:02:27""",Dance,124,01 Wasting Time.mp3,2021,English,1,Zac Samuel,1,0,"House,Electronic,Pop,Upbeat,All Weather,All Season,Youth/adult"
Wat Wil Je Van Mij,Wat Wil Je Van Mij,"Metejoor, Hannah Mae","=""00:03:19""",Pop,116,01 Wat Wil Je Van Mij.mp3,2022,English,1,Spark Records,1,0,"Mainstream,All Weather,All Season,Youth/adult"
Water,Water,Majo,"=""00:03:26""",Pop,114,01 Water.mp3,2024,English,1,Majo,1,0,"Balanced,All Weather,All Season"
Waterdicht,Waterdicht,Hannah Mae,"=""00:02:52""",Pop,119,01 Waterdicht.mp3,2023,English,1,Hannah Mae,1,0,"Mainstream,All Weather,All Season,Youth/adult"
Waterfall - TOKiMONSTA Remix,Waterfall (TOKiMONSTA Remix),"Disclosure, RAYE, TOKiMONSTA","=""00:03:46""",Pop,110,01 Waterfall - TOKiMONSTA Remix.mp3,2022,English,1,"Disclosure, RAYE, TOKiMONSTA",1,0,"Balanced,All Weather,All Season"
Waterfall,Waterfall,"Disclosure, RAYE","=""00:03:52""",Pop,128,01 Waterfall.mp3,2022,English,1,"Disclosure, RAYE",1,0,"Energetic,All Weather,All Season"
Waterfalls,Waterfalls,"Dalvay, RAENE","=""00:02:33""",Pop,110,01 Waterfalls.mp3,2026,English,1,"Dalvay, RAENE",1,0,"Balanced,All Weather,All Season"
Waves,Waves,Wavesome,"=""00:02:10""",Pop,120,01 Waves.mp3,2023,English,1,Wavesome,1,0,"Balanced,All Weather,All Season"
We Are The People (feat. Bono & The Edge) - Official UEFA EURO 2020 Song,We Are The People (feat. Bono & The Edge) [Official UEFA EURO 2020 Song],"Martin Garrix, Bono, The Edge","=""00:03:37""",Pop,120,01 We Are The People (feat. Bono & The Edge) - Official UEFA EURO 2020 Song.mp3,2021,English,1,"Martin Garrix, Bono, The Edge",1,0,"Balanced,All Weather,All Season"
Weathervane,Weathervane,Hunter Metts,"=""00:03:44""",Pop,145,01 Weathervane.mp3,2024,English,1,Position Music,1,0,"Energetic,All Weather,All Season"
Weekend,Weekend,"Mufasa & Hypeman, Dopamine, Mufasa","=""00:02:50""",Pop,119,01 Weekend.mp3,2021,English,1,"Mufasa & Hypeman, Dopamine, Mufasa",1,0,"Balanced,All Weather,All Season"
Wellerman - Sea Shanty - 220 KID x Billen Ted Remix,Wellerman (Sea Shanty - 220 KID x Billen Ted Remix),"Nathan Evans, 220 KID","=""00:01:57""",Pop,120,01 Wellerman - Sea Shanty - 220 KID x Billen Ted Remix.mp3,2021,English,1,"Nathan Evans, 220 KID",1,0,"Balanced,All Weather,All Season"
Wereldwonder,Wereldwonder,"LA$$A, Poke, John West & Billy Dans","=""00:02:32""",Pop,105,01 Wereldwonder.mp3,2025,English,1,"LA$$A, Poke, John West & Billy Dans",1,0,"Balanced,All Weather,All Season"
Wet (She Got That…),Wet (She Got That…),YFN Lucci,"=""00:03:30""",Pop,129,01 Wet (She Got That…).mp3,2020,English,1,Think It’s a Game Records,1,0,"Energetic,All Weather,All Season"
What Other People Say,What Other People Say,"Sam Fischer, Demi Lovato","=""00:03:15""",Pop,127,01 What Other People Say.mp3,2021,English,1,RCA,1,0,"Energetic,All Weather,All Season"
What Surrounds Us,Many Moons,Tomas Skyldeberg,"=""00:03:52""",Electronic,105,01 What Surrounds Us.mp3,2015,English,1,Epidemic Sound,0,1,"Ambient,Electronica,Energetic,Chillout,Rainy,All Season"
What You Do To Me,Nothing Lasts Forever And That's OK,Blanks,"=""00:03:17""",Pop,85,01 What You Do To Me.mp3,2021,English,1,Excited About Music,1,0,"Balanced,All Weather,All Season"
What's Left Of Me,What's Left Of Me,Grace VanderWaal,"=""00:03:15""",Pop,100,01 What's Left Of Me.mp3,2024,English,1,Grace VanderWaal,1,0,"Mainstream,All Weather,All Season,Youth/adult"
When I Get Old,When I Get Old,"Baked Moon, blue my mind","=""00:02:11""",Dance,123,01 When I Get Old.mp3,2026,English,1,"Baked Moon, blue my mind",1,0,"Upbeat,All Weather,All Season,Youth/adult"
Where Did I Go Wrong,Where Did I Go Wrong,"Moosa Saleem, Anna-Sophia Henry, Calm Springs","=""00:02:38""",Dance,116,01 Where Did I Go Wrong.mp3,2026,English,1,Multicolor Recordings,1,0,"Upbeat,All Weather,All Season,Youth/adult"
Where Is My Ego - Dim Sum Remix,Where Is My Ego,Husbands,"=""00:04:24""",Electronic,118,01 Where Is My Ego - Dim Sum Remix.mp3,2016,English,1,Husbands,1,0,"Electro,Dance,House,Electronica,Upbeat,All Weather,All Season,Youth/adult"
Wherever I Roam,Wherever I Roam,"Sainte Barbe, Jan Aygün","=""00:02:37""",Dance,125,01 Wherever I Roam.mp3,2026,English,1,"Sainte Barbe, Jan Aygün",1,0,"Upbeat,All Weather,All Season,Youth/adult"
White Isle,White Isle,Wavesome,"=""00:01:50""",Pop,80,01 White Isle.mp3,2024,English,1,Wavesome,1,0,"Calm,Rainy,All Season"
White Sand,White Sand,"Sainte Barbe, Jan Aygün","=""00:02:59""",Dance,103,01 White Sand.mp3,2024,English,1,"Sainte Barbe, Jan Aygün",1,0,"Upbeat,All Weather,All Season,Youth/adult"
White Sands,White Sands,Zoraz,"=""00:01:47""",Pop,185,01 White Sands.mp3,2023,English,1,Zoraz,1,0,"Energetic,All Weather,All Season"
Who's That What's That,Who's That What's That,Niko B,"=""00:04:00""",Pop,129,01 Who's That What's That.mp3,2020,English,1,WEAREBLK,1,0,"Energetic,All Weather,All Season"
Whoopty,Whoopty,CJ,"=""00:02:03""",Pop,142,01 Whoopty.mp3,2020,English,1,CJ,1,0,"R&B,Mainstream,All Weather,All Season,Youth/adult"
Why Why Why,Shawn,Shawn Mendes,"=""00:02:49""",Pop,105,01 Why Why Why.mp3,2024,English,1,Island,1,0,"Mainstream,All Weather,All Season,Youth/adult"
Wide Open (feat. Ta-ku & Masego) - Cabu & Ta-ku Remix,Wide Open (feat. Ta-ku & Masego) [Cabu & Ta-ku Remix],"Wafia, Ta-ku, Masego, Cabu","=""00:02:59""",Pop,100,01 Wide Open (feat. Ta-ku & Masego) - Cabu & Ta-ku Remix.mp3,2021,English,1,"Wafia, Ta-ku, Masego, Cabu",1,0,"Balanced,All Weather,All Season"
Wild Girl - Paul Woolford Remix,Wild Girl (Paul Woolford Remix),"Kito, Empress Of, Paul Woolford","=""00:03:42""",Pop,125,01 Wild Girl - Paul Woolford Remix.mp3,2019,English,1,"Kito, Empress Of, Paul Woolford",1,0,"Energetic,All Weather,All Season"
Wild Horses - Sam Feldt Remix,Wild Horses (Sam Feldt Remix),"Birdy, Sam Feldt","=""00:02:57""",Pop,110,01 Wild Horses - Sam Feldt Remix.mp3,2016,English,1,"Birdy, Sam Feldt",1,0,"Balanced,All Weather,All Season"
Windows Down,Windows Down,Big Time Rush,"=""00:03:13""",Pop,130,01 Windows Down.mp3,2012,English,1,Columbia,1,0,"Mainstream,All Weather,All Season,Youth/adult"
Wineglass Bay,Wineglass Bay,SEAVO,"=""00:01:57""",Pop,90,01 Wineglass Bay.mp3,2024,English,1,SEAVO,0,1,"Balanced,All Weather,All Season"
With You,With You,"Mickey Kojak, Blush'ko","=""00:03:38""",Alternative,121,01 With You.mp3,2023,English,1,Mandatory Music,1,0,"Balanced,All Weather,All Season"
Without You,Without You,"Jengi, Sacha Vee","=""00:03:48""",Electronic,119,01 Without You.mp3,2016,English,1,"Jengi, Sacha Vee",1,0,"Dance,House,Electro,Electronica,Upbeat,All Weather,All Season,Youth/adult"
Wolves,Wolves,"Selena Gomez, Marshmello","=""00:03:18""",Pop,124,01 Wolves.mp3,2017,English,1,[no label],1,0,"Balanced,All Weather,All Season"
Won't Let Go,Won't Let Go,"leisse, johnny joined","=""00:02:17""",Pop,118,01 Won't Let Go.mp3,2022,English,1,leisse,1,0,"Balanced,All Weather,All Season"
Wonderbaarlijk,Wonderbaarlijk,Fay,"=""00:03:07""",Pop,110,01 Wonderbaarlijk.mp3,2025,English,1,Fay,1,0,"Mainstream,All Weather,All Season,Youth/adult"
Wonderful Life,Wonderful Life,"Max Oazo, Camishe","=""00:03:04""",Pop,116,01 Wonderful Life.mp3,2018,English,1,Max Oazo,1,0,"Balanced,All Weather,All Season"
Wonderwall,Wonderwall,TEEMID,"=""00:04:06""",Dance,100,01 Wonderwall.mp3,2020,English,1,Inside Records,1,0,"Upbeat,All Weather,All Season,Youth/adult"
Woodpecker,Woodpecker,Castelle,"=""00:03:26""",Electronic,123,01 Woodpecker.mp3,2020,English,1,ALT:VISION,1,0,"Dance,House,Electro,Electronica,Upbeat,All Weather,All Season,Youth/adult"
Word Zeeman,Voorbij De Horizon,Ancora,"=""00:03:28""",Pop,132,01 Word Zeeman.mp3,2015,English,1,Ancora,1,0,"Mainstream,All Weather,All Season,Youth/adult"
Words,DMC Dance Extra Mixes 181,"Alesso, Zara Larsson","=""00:02:23""",Dance,124,01 Words (feat. Zara Larsson).mp3,2022,English,1,DMC,1,0,"Pop Dance,House,Upbeat,All Weather,All Season,Youth/adult"
YES,Dansk Melodi Grand Prix 2020,BEN & TAN,"=""00:03:01""",Pop,92,01 YES.mp3,2020,English,1,Ben & Tan,1,0,"Mainstream,All Weather,All Season,Youth/adult"
Year of the Young,Year of the Young,Smith & Thell,"=""00:02:44""",Pop,145,01 Year of the Young.mp3,2020,English,1,Warner Music Sweden,1,0,"Mainstream,All Weather,All Season,Youth/adult"
Yeshua,Yeshua,"Roberto Rosso, D-Tunez","=""00:03:25""",Dance,150,01 Yeshua.mp3,2023,English,1,"Roberto Rosso, D-Tunez",1,0,"Upbeat,All Weather,All Season,Youth/adult"
You Think,You Think,Gold 88,"=""00:02:41""",Pop,124,01 You Think.mp3,2022,English,1,Gold 88,1,0,"Balanced,All Weather,All Season"
You've Got The Love,You've Got The Love,Y.V.E. 48,"=""00:02:28""",Pop,107,01 You've Got The Love.mp3,2021,English,1,Music for Dreamers,1,0,"Balanced,All Weather,All Season"
You've Got To Let Go If You Want To Be Free,You've Got To Let Go If You Want To Be Free,"Disclosure, Zedd","=""00:04:14""",Electronic,124,01 You've Got To Let Go If You Want To Be Free.mp3,2022,English,1,Apollo Records,1,0,"Energetic,All Weather,All Season"
You,You,"Lost Frequencies, Love Harder, Flynn","=""00:02:57""",Dance,116,01 You(1).mp3,2020,English,1,Kontor Records,1,0,"Upbeat,All Weather,All Season,Youth/adult"
You,You,"Regard, Troye Sivan, Tate McRae","=""00:03:53""",Dance,106,01 You.mp3,2021,English,1,Ministry of Sound,1,0,"Upbeat,All Weather,All Season,Youth/adult"
Yougotmefeeling - PNAU remix,Yougotmefeeling (PNAU Remix),"Parcels, PNAU","=""00:02:50""",Pop,125,01 Yougotmefeeling - PNAU remix.mp3,2025,English,1,"Parcels, PNAU",1,0,"Energetic,All Weather,All Season"
Young And Beautiful - Live,The Voice 2025- Duell 1 (Live),"TALIE, Ingeborg Ruud","=""00:02:38""",Pop,117,01 Young And Beautiful - Live.mp3,2025,English,1,"TALIE, Ingeborg Ruud",1,0,"Balanced,All Weather,All Season"
Your Kiss,Your Kiss,"Sydney Jane, Golden Lambo","=""00:03:44""",Dance,126,01 Your Kiss.mp3,2022,English,1,"Sydney Jane, Golden Lambo",1,0,"Electronic,House,Pop,Upbeat,All Weather,All Season,Youth/adult"
Your Love (9PM),Your Love (9PM),"ATB, Topic, A7S","=""00:02:30""",Dance,126,01 Your Love (9PM).mp3,2021,English,1,Ministry of Sound,1,0,"Upbeat,All Weather,All Season,Youth/adult"
Yuppentent,Yuppentent,Danique feat. Ruben Annink,"=""00:02:50""",Pop,83,01 Yuppentent (feat. Ruben Annink).mp3,2025,English,1,Danique Ruby Records,1,0,"Mainstream,All Weather,All Season,Youth/adult"
ZAAZAA,ZAAZAA,"Frenna, Shallipopi","=""00:02:36""",Pop,117,01 ZAAZAA.mp3,2025,English,1,"777 Records BV, Top Notch Music BV",1,0,"Balanced,All Weather,All Season"
Zina,Zina,"Ayoub Maach, Kes, Ali B","=""00:02:28""",Pop,94,01 Zina.mp3,2020,English,1,"Ayoub Maach, Kes, Ali B",1,0,"Balanced,All Weather,All Season"
Zo Ben Jij,Zo Ben Jij,"Antoon, Sterre","=""00:02:05""",Pop,110,01 Zo Ben Jij.mp3,2021,English,1,"Antoon, Sterre",1,0,"Mainstream,All Weather,All Season,Youth/adult"
Zonder,Zonder,Hannah Mae,"=""00:02:47""",Pop,163,01 Zonder.mp3,2023,English,1,Spark Records,1,0,"Mainstream,All Weather,All Season,Youth/adult"
abcdefu (angrier),abcdefu (angrier),GAYLE,"=""00:02:40""",Pop,122,01 abcdefu (angrier).mp3,2021,English,1,"Arthouse Records, Atlantic",1,0,"Mainstream,All Weather,All Season,Youth/adult"
aqua de vida,aqua de vida,imba,"=""00:02:18""",Pop,132,01 aqua de vida.mp3,2025,English,1,imba,1,0,"Energetic,All Weather,All Season"
better off without me,better off without me,Matt Hansen,"=""00:02:50""",Pop,150,01 better off without me.mp3,2022,English,1,Matt Hansen,1,0,"Mainstream,All Weather,All Season,Youth/adult"
blame's on me,blame's on me,Alexander Stewart,"=""00:02:18""",Pop,107,01 blame's on me.mp3,2022,English,1,FAE grp,1,0,"Mainstream,All Weather,All Season,Youth/adult"
by the sea,by the sea,skyshapes,"=""00:02:04""",Pop,140,01 by the sea.mp3,2025,English,1,skyshapes,0,1,"Energetic,All Weather,All Season"
deja vu,deja vu,Olivia Rodrigo,"=""00:03:36""",Pop,178,01 deja vu.mp3,2021,English,1,Olivia Rodrigo PS,1,0,"Mainstream,All Weather,All Season,Youth/adult"
demons,demons,Josiah Queen,"=""00:03:10""",Pop,128,01 demons.mp3,2026,English,1,F&L Music Group,1,0,"Energetic,All Weather,All Season"
drivers license,drivers license,Olivia Rodrigo,"=""00:04:02""",Pop,144,01 drivers license.mp3,2021,English,1,Olivia Rodrigo PS,1,0,"Mainstream,All Weather,All Season,Youth/adult"
go,go,Cat Burns,"=""00:03:36""",Indie Pop,185,01 go.mp3,2020,English,1,Since '93,1,0,"Mainstream,All Weather,All Season,Youth/adult"
greedy,greedy,Tate McRae,"=""00:02:10""",Pop,111,01 greedy.mp3,2023,English,1,RCA,1,0,"Balanced,All Weather,All Season"
guarana,guarana,loutwo,"=""00:01:57""",Pop,80,01 guarana.mp3,2025,English,1,loutwo,0,1,"Calm,Rainy,All Season"
help herself,help herself,"bbno, Diamond Pistols","=""00:03:09""",Alternative,166,01 help herself.mp3,2021,English,1,"bbno, Diamond Pistols",1,0,"Energetic,All Weather,All Season"
hey now,hey now,"rayn, cloudseven, MELINA","=""00:02:11""",Pop,118,01 hey now.mp3,2023,English,1,"rayn, cloudseven, MELINA",1,0,"Balanced,All Weather,All Season"
highway one,highway one,low&slow,"=""00:02:11""",Pop,74,01 highway one.mp3,2025,English,1,low&slow,0,1,"Calm,Rainy,All Season"
i like the way you kiss me,i like the way you kiss me,Artemas,"=""00:02:23""",Electronic,152,01 i like the way you kiss me.mp3,2024,English,1,Artemas,1,0,"Electro,Indie,Dance,Electronica,Upbeat,All Weather,All Season,Youth/adult"
hot girl bummer,everything means nothing,blackbear,"=""00:03:08""",Pop,130,01 hot girl bummer.mp3,2020,English,1,"Alamo Records, beartrap, Interscope Records",1,0,"Mainstream,All Weather,All Season,Youth/adult"
i think i'm addicted,i think i'm addicted,"oskar med k, Haley Joelle","=""00:02:39""",Dance,125,01 i think i'm addicted.mp3,2025,English,1,"7CULT, Haley Joelle",1,0,"Upbeat,All Weather,All Season,Youth/adult"
if we never met - remix,if we never met (remix),"John K, Sigala","=""00:03:07""",Pop,117,01 if we never met - remix.mp3,2020,English,1,"John K, Sigala",1,0,"Balanced,All Weather,All Season"
iloveitiloveitiloveit,iloveitiloveitiloveit,Bella Kay,"=""00:03:03""",Indie,143,01 iloveitiloveitiloveit.mp3,2026,English,1,[no label],1,0,"Pop,Mainstream,All Weather,All Season,Youth/adult"
kites in the sky,kites in the sky,Fya Playce,"=""00:02:15""",Pop,88,01 kites in the sky.mp3,2025,English,1,Fya Playce,0,1,"Balanced,All Weather,All Season"
low-key,low-key,Dusty Grooves,"=""00:02:06""",Pop,162,01 low-key.mp3,2025,English,1,Dusty Grooves,1,0,"Energetic,All Weather,All Season"
live more & love more,live more & love more,Cat Burns,"=""00:02:39""",Pop,83,01 live more & love more.mp3,2023,English,1,Since '93,1,0,"Balanced,All Weather,All Season"
magic dreams,magic dreams,Lund,"=""00:01:59""",Pop,172,01 magic dreams.mp3,2025,English,1,Lund,1,0,"Energetic,All Weather,All Season"
mango mood,mango mood,loutwo,"=""00:02:34""",Pop,81,01 mango mood.mp3,2025,English,1,loutwo,0,1,"Balanced,All Weather,All Season"
martini,martini,imba,"=""00:02:27""",Pop,125,01 martini.mp3,2025,English,1,imba,0,1,"Energetic,All Weather,All Season"
mighty fine,mighty fine,caesar torro,"=""00:01:54""",Pop,80,01 mighty fine.mp3,2024,English,1,caesar torro,1,0,"Calm,Rainy,All Season"
olive tree,olive tree,giannis wang,"=""00:02:05""",Pop,80,01 olive tree.mp3,2025,English,1,giannis wang,1,0,"Calm,Rainy,All Season"
on the terrace,on the terrace,May-Flowa,"=""00:02:08""",Pop,72,01 on the terrace.mp3,2025,English,1,May-Flowa,0,1,"Calm,Rainy,All Season"
parasol,parasol,ddrreeaamm,"=""00:02:03""",Pop,80,01 parasol.mp3,2025,English,1,ddrreeaamm,1,0,"Calm,Rainy,All Season"
purple peach crush,purple peach crush,lilibu,"=""00:02:14""",Pop,145,01 purple peach crush.mp3,2025,English,1,lilibu,0,1,"Energetic,All Weather,All Season"
red velvet,red velvet,May-Flowa,"=""00:01:54""",Pop,85,01 red velvet.mp3,2025,English,1,May-Flowa,0,1,"Balanced,All Weather,All Season"
she's all i wanna be,she's all i wanna be,Tate McRae,"=""00:03:27""",Pop,162,01 she's all i wanna be.mp3,2022,English,1,RCA,1,0,"Energetic,All Weather,All Season"
sip at zibetto,sip at zibetto,Shayla Sereno,"=""00:02:21""",Pop,150,01 sip at zibetto.mp3,2024,English,1,Shayla Sereno,1,0,"Energetic,All Weather,All Season"
stupid,stupid,Tate McRae,"=""00:02:53""",Pop,96,01 stupid.mp3,2019,English,1,[no label],1,0,"Mainstream,All Weather,All Season,Youth/adult"
undressed,undressed,sombr,"=""00:03:02""",Pop,116,01 undressed.mp3,2025,English,1,Warner Records,1,0,"Indie Pop,Mainstream,All Weather,All Season,Youth/adult"
vampire,vampire,Olivia Rodrigo,"=""00:03:40""",Pop,137,01 vampire.mp3,2023,English,1,Olivia Rodrigo PS,1,0,"Mainstream,All Weather,All Season,Youth/adult"
warm breeze,warm breeze,ninetytwo,"=""00:02:02""",Pop,79,01 warm breeze.mp3,2025,English,1,ninetytwo,0,1,"Calm,Rainy,All Season"
waved out,waved out,sloh rou,"=""00:01:44""",Pop,83,01 waved out.mp3,2025,English,1,sloh rou,1,0,"Balanced,All Weather,All Season"
words,words,"piri, Tommy Villiers, piri & tommy","=""00:03:10""",Pop,134,01 words.mp3,2022,English,1,piri & tommy,1,0,"Mainstream,All Weather,All Season,Youth/adult"
working,working,"Tate McRae, Khalid","=""00:03:30""",Pop,107,01 working.mp3,2021,English,1,"Tate McRae, Khalid",1,0,"Balanced,All Weather,All Season"
"yes, and?","yes, and?",Ariana Grande,"=""00:03:35""",Pop,118,"01 yes, and (1).mp3",2024,English,1,Republic Records,1,0,"House,Pop Dance,Upbeat,All Weather,All Season,Youth/adult"
you broke me first,you broke me first,Tate McRae,"=""00:02:50""",Pop,123,01 you broke me first.mp3,2020,English,1,RCA,1,0,"Mainstream,All Weather,All Season,Youth/adult"
22,22,MEAU,"=""00:02:54""",Pop,124,02 22.mp3,2023,English,1,Excited About Music,1,0,"Mainstream,All Weather,All Season,Youth/adult"
24k,"Last Year Was Weird, Vol. 2",Tkay Maidza,"=""00:03:54""",Pop,118,02 24k.mp3,2020,English,1,4AD,1,0,"Balanced,All Weather,All Season"
6am - Coco & Breezy Remix,6am (Remixes),"Channel Tres, Coco & Breezy","=""00:04:00""",Pop,123,02 6am - Coco & Breezy Remix.mp3,2023,English,1,"Channel Tres, Coco & Breezy",1,0,"Balanced,All Weather,All Season"
All My Life,A Band Called,FRIDAY,"=""00:02:57""",Pop,103,02 All My Life.mp3,2021,English,1,Friday Music,1,0,"Balanced,All Weather,All Season"
All The Stars (with SZA) - From 'Black Panther- The Album',Black Panther The Album Music From And Inspired By,"Kendrick Lamar, SZA","=""00:03:52""",Pop,97,02 All The Stars (with SZA) - From 'Black Panther- The Album'.mp3,2018,English,1,"Kendrick Lamar, SZA",1,0,"Balanced,All Weather,All Season"
Alleen,Alleen,Lil Kleine,"=""00:03:18""",Pop,120,02 Alleen.mp3,2017,English,1,Top Notch Music VOF,1,0,"Balanced,All Weather,All Season"
Als Jij Me Nu Kon Zien,Waterdicht,Hannah Mae,"=""00:03:26""",Pop,89,02 Als Jij Me Nu Kon Zien.mp3,2023,English,1,Universal Music,1,0,"Mainstream,All Weather,All Season,Youth/adult"
Am I Wrong,Black Star Elephant,Nico & Vinz,"=""00:04:06""",Pop,120,02 Am I Wrong.mp3,2014,English,1,Polystar,1,0,"Mainstream,All Weather,All Season,Youth/adult"
Aqua,Calm Coast,SEAVO,"=""00:02:01""",Pop,87,02 Aqua.mp3,2023,English,1,SEAVO,0,1,"Balanced,All Weather,All Season"
American Girls,"Kiss All The Time. Disco, Occasionally.",Harry Styles,"=""00:03:33""",Pop,101,02 American Girls.mp3,2026,English,1,"Erskine Records, Columbia, Sony Music",1,0,"Alt-pop,Mainstream,All Weather,All Season,Youth/adult"
Balmy Night,El Tiburon,SEAVO,"=""00:01:44""",Pop,88,02 Balmy Night.mp3,2023,English,1,SEAVO,0,1,"Balanced,All Weather,All Season"
Be Careful (feat. Thundercat),Intimidated,"KAYTRANADA, Thundercat","=""00:02:43""",Pop,106,02 Be Careful (feat. Thundercat).mp3,2021,English,1,"KAYTRANADA, Thundercat",1,0,"Balanced,All Weather,All Season"
Beachside,Ibiza Dreaming,Zoraz,"=""00:01:56""",Pop,172,02 Beachside.mp3,2023,English,1,Zoraz,1,0,"Energetic,All Weather,All Season"
Better Day,Home,"knoodle, Creason, snaate","=""00:01:57""",Pop,90,02 Better Day.mp3,2022,English,1,"knoodle, Creason, snaate",0,1,"Balanced,All Weather,All Season"
Bij Deze,Bij Deze,Luna,"=""00:02:48""",Pop,96,02 Bij Deze.mp3,2024,English,1,LASER [BNL],1,0,"Mainstream,All Weather,All Season,Youth/adult"
Black And White,Heartbreak Weather,Niall Horan,"=""00:03:13""",Pop,148,02 Black And White.mp3,2020,English,1,Capitol Records,1,0,"Mainstream,All Weather,All Season,Youth/adult"
Blijven Slapen,Lars,"Snelle, Maan","=""00:02:51""",Pop,106,02 Blijven Slapen.mp3,2021,English,1,ROQ ’N Rolla Music,1,0,"Mainstream,All Weather,All Season,Youth/adult"
Blue Ocean,Morning Coffee,"Jamania, Chillski, Strria","=""00:01:30""",Pop,85,02 Blue Ocean.mp3,2022,English,1,"Jamania, Chillski, Strria",0,1,"Balanced,All Weather,All Season"
Break of Dawn,Dim the Lights,"Jamania, menda, knoodle","=""00:01:33""",Pop,166,02 Break of Dawn.mp3,2022,English,1,"Jamania, menda, knoodle",0,1,"Energetic,All Weather,All Season"
Blow Me,The Truth About Love,P!nk,"=""00:04:17""",Pop,113,02 Blow Me.mp3,2012,English,1,RCA,1,0,"Mainstream,All Weather,All Season,Youth/adult"
Bubbly,Americano,"Chillski, finton, cloudkut","=""00:01:46""",Pop,81,02 Bubbly.mp3,2022,English,1,"Chillski, finton, cloudkut",0,1,"Balanced,All Weather,All Season"
Channel One,Fireside,"Timos, loonight, Vallstad","=""00:01:44""",Pop,94,02 Channel One.mp3,2020,English,1,Timos,0,1,"Balanced,All Weather,All Season"
Chillout Session,White Sands,Zoraz,"=""00:02:05""",Pop,93,02 Chillout Session.mp3,2023,English,1,Zoraz,0,1,"Balanced,All Weather,All Season"
Classic,MKTO,MKTO,"=""00:02:55""",Pop,102,02 Classic.mp3,2014,English,1,MKTO,1,0,"Mainstream,All Weather,All Season,Youth/adult"
Coffee Break,Bonanza,"knoodle, Creason, snaate","=""00:01:33""",Pop,83,02 Coffee Break.mp3,2022,English,1,"knoodle, Creason, snaate",0,1,"Balanced,All Weather,All Season"
Cool for the Summer,Confident,Demi Lovato,"=""00:03:35""",Pop,114,02 Cool for the Summer.mp3,2015,English,1,"Hollywood Records, Island, Safehouse Records",1,0,"Mainstream,All Weather,All Season,Youth/adult"
Crooked River,Dense,"Jamania, Chillski, Strria","=""00:01:15""",Pop,78,02 Crooked River.mp3,2022,English,1,"Jamania, Chillski, Strria",0,1,"Calm,Rainy,All Season"
DAISIES,SWAG,Justin Bieber,"=""00:02:56""",Pop,110,02 DAISIES.mp3,2025,English,1,Def Jam Recordings,1,0,"Mainstream,All Weather,All Season,Youth/adult"
Dandelions,Safe Haven,Ruth B.,"=""00:03:54""",Pop,78,02 Dandelions.mp3,2017,English,1,Columbia,1,0,"Vocal,Mainstream,All Weather,All Season,Youth/adult"
Diamonds,Diamonds,Rihanna,"=""00:03:45""",Pop,92,02 Diamonds.mp3,2012,English,1,South Africa – Sony Music Entertainment Africa (Pty) Ltd,1,0,"Mainstream,All Weather,All Season,Youth/adult"
Door De Wind,Beste Zangers Seizoen 2020 (Aflevering 5 - Stef Bos),"Miss Montreal, Beste Zangers","=""00:02:50""",Pop,123,02 Door De Wind.mp3,2020,English,1,Cornelis Music,1,0,"Mainstream,All Weather,All Season,Youth/adult"
Dream - Edit,Where You Are,Sarge Malone,"=""00:04:09""",Electronic,127,02 Dream - Edit.mp3,2022,English,1,Sarge Malone,1,0,"House,Dance,Electro,Electronica,Upbeat,Chillout,Rainy,All Season,Youth/adult"
Dream For Days - Greco (NYC) Remix,Dream For Days,"Melanie Ribbe, GRECO (NYC)","=""00:03:36""",Electronic,128,02 Dream For Days - Greco (NYC) Remix.mp3,2021,English,1,"Melanie Ribbe, GRECO (NYC)",1,0,"Dance,House,Electro,Upbeat,All Weather,All Season,Youth/adult"
Drive By,California 37,Train,"=""00:03:16""",Pop,122,02 Drive By.mp3,2012,English,1,Columbia,1,0,"Mainstream,All Weather,All Season,Youth/adult"
Endless Summer,La Brisa,Aleva,"=""00:01:38""",Pop,88,02 Endless Summer.mp3,2023,English,1,Aleva,0,1,"Balanced,All Weather,All Season"
Empty Room - Elderbrook Remix,Empty Room,"Big Wild, Yuna, Elderbrook","=""00:03:15""",Pop,112,02 Empty Room - Elderbrook Remix.mp3,2017,English,1,"Big Wild, Yuna, Elderbrook",1,0,"Balanced,All Weather,All Season"
Escapism.,RAYE: Concert for One,"RAYE, 070 Shake","=""00:04:32""",Pop,96,02 Escapism.mp3,2022,English,1,Human Re Sources,1,0,"Mainstream,All Weather,All Season,Youth/adult"
Fade Out Lines - The Avener Rework,The Wanderings Of The Avener,"The Avener, Phoebe Killdeer","=""00:04:37""",Pop,118,02 Fade Out Lines - The Avener Rework.mp3,2015,English,1,"The Avener, Phoebe Killdeer",1,0,"Balanced,All Weather,All Season"
Esther,ADOLESCENCE,"BAYNK, Tinashe","=""00:03:12""",R&B,106,02 Esther.mp3,2022,English,1,Believe UK,1,0,"Smooth,All Weather,All Season"
Falling Back,"Honestly, Nevermind",Drake,"=""00:04:26""",Dance,119,02 Falling Back.mp3,2022,English,1,"OVO Sound, Republic Records",1,0,"Upbeat,All Weather,All Season,Youth/adult"
Feel Good - Cavego Remix,Feel Good,02 Feel Good,"=""00:03:35""",Pop,118,02 Feel Good - Cavego Remix.mp3,2016,English,1,"Satin Jackets, Scavenger Hunt, Cavego",1,0,"Balanced,All Weather,All Season"
Fantasy - Extended Mix,Fantasy,Gabriel Wittner,"=""00:04:36""",Pop,120,02 Fantasy - Extended Mix.mp3,2020,English,1,Gabriel Wittner,1,0,"Balanced,All Weather,All Season"
Firefly,Someday Somewhere,"Mura Masa, Nao","=""00:03:49""",Pop,110,02 Firefly.mp3,2015,English,1,Foreign Family Collective,1,0,"Balanced,All Weather,All Season"
Friendship,Late Night Drive,"Jamania, c l a v a, Timos","=""00:01:36""",Pop,80,02 Friendship.mp3,2021,English,1,"Jamania, c l a v a, Timos",0,1,"Calm,Rainy,All Season"
Function,Function,"Tentendo, Jordan Dennis","=""00:03:18""",Electronic,129,02 Function.mp3,2022,English,1,"Tentendo, Jordan Dennis",1,0,"Electro,Dance,House,Upbeat,All Weather,All Season,Youth/adult"
Go with The Flow,By the Ocean,"Jamania, Chillski, Strria","=""00:01:41""",Pop,90,02 Go with The Flow.mp3,2022,English,1,"Jamania, Chillski, Strria",0,1,"Balanced,All Weather,All Season"
Golden Hour,Golden Hour,"finton, Chillski, Lars Navike","=""00:01:20""",Pop,178,02 Golden Hour.mp3,2021,English,1,"finton, Chillski, Lars Navike",0,1,"Energetic,All Weather,All Season"
High Level,4 Elephants,"Chillski, chiro17, snaate","=""00:02:17""",Pop,144,02 High Level.mp3,2020,English,1,Chillski,1,0,"Energetic,All Weather,All Season"
Hopeful,Sunrise,"snaate, c l a v a, menda","=""00:01:30""",Pop,84,02 Hopeful.mp3,2022,English,1,"snaate, c l a v a, menda",0,1,"Balanced,All Weather,All Season"
I Don't Wanna Lose You - Edit,Girls FM,"Girls of the Internet, Olivia Louise","=""00:03:14""",Pop,126,02 I Don't Wanna Lose You - Edit.mp3,2020,English,1,"Girls of the Internet, Olivia Louise",1,0,"Energetic,All Weather,All Season"
Hot Hands,Romance,"Darius, Darianna Everett","=""00:04:13""",House,110,02 Hot Hands.mp3,2014,English,1,Roche Musique,1,0,"Upbeat,All Weather,All Season"
I Want It All,Letters To Remember,Lucas & Steve,"=""00:03:12""",Dance,118,02 I Want It All.mp3,2020,English,1,Spinnin’ Records,1,0,"Upbeat,All Weather,All Season,Youth/adult"
Iemand Anders,Vrouw Van De Wereld,Zoë Livay,"=""00:03:04""",Pop,153,02 Iemand Anders.mp3,2024,Dutch,1,WM Benelux BV,0,1,"Mainstream,All Weather,All Season,Youth/adult"
I'm Not Alone - 2019 Edit,I'm Not Alone 2019,Calvin Harris,"=""00:03:21""",Electronic,128,02 I'm Not Alone - 2019 Edit.mp3,2019,English,1,Calvin Harris,1,0,"Dance,House,Electro,Upbeat,All Weather,All Season,Youth/adult"
If He Wanted To He Would,P.S.,Kylie Morgan,"=""00:02:54""",Folk,90,02 If He Wanted To He Would.mp3,2022,English,1,Universal,1,0,"World,& Country,Balanced,All Weather,All Season"
Kill Bill,SOS,SZA,"=""00:02:34""",Pop,89,02 Kill Bill.mp3,2022,English,1,"RCA, Top Dawg Entertainment",1,0,"Balanced,All Weather,All Season"
Kijk Omhoog,Vandaag,Nick & Simon,"=""00:02:56""",Pop,83,02 Kijk Omhoog.mp3,2007,English,1,Volendam Music B.V.,1,0,"Mainstream,All Weather,All Season,Youth/adult"
Late Night Talking,Harry's House,Harry Styles,"=""00:02:58""",Pop,115,02 Late Night Talking.mp3,2022,English,1,Columbia,1,0,"Upbeat,All Weather,All Season,Youth/adult"
Let Me Go,Walk Me Home...,Benson Boone,"=""00:02:40""",Pop,110,02 Let Me Go.mp3,2022,English,1,"Warner Records, Night Street Records",1,0,"Mainstream,All Weather,All Season,Youth/adult"
Lavender,Energy,"Disclosure, Channel Tres","=""00:04:49""",Electronic,121,02 Lavender.mp3,2020,English,1,Island Records,1,0,"Funk / Soul,Energetic,All Weather,All Season"
Link Me,Trobi On The Beat,"Trobi, Dopebwoy, JoeyAK","=""00:02:23""",Pop,102,02 Link Me.mp3,2022,English,1,Top Notch,1,0,"Balanced,All Weather,All Season"
Listen To This Drum - Turbojazz & Sean McCabe Remix Edit,Listen To This Drum (Turbojazz & Sean McCabe Remixes),"Diephuis, Turbojazz, Sean McCabe, Ursula Rucker","=""00:04:20""",Pop,124,02 Listen To This Drum - Turbojazz & Sean McCabe Remix Edit.mp3,2022,English,1,"Diephuis, Turbojazz, Sean McCabe, Ursula Rucker",1,0,"Relaxed,Rainy,All Season"
Lizzy- Speel niet met m'n voeten,18 Originele Geheime Zenderhits...Deel 2,Various Artists,"=""00:03:13""",Pop,135,02 Lizzy- Speel niet met m'n voeten.mp3,1997,English,1,Various Artists,1,0,"Energetic,All Weather,All Season"
Lividup,Control,Disclosure,"=""00:06:06""",Electronic,116,02 Lividup.mp3,2013,English,1,Greco-Roman,1,0,"Energetic,All Weather,All Season"
Lonely Together,AVĪCI (01),"Avicii, Rita Ora","=""00:03:02""",Dance,103,02 Lonely Together (feat. Rita Ora).mp3,2017,English,1,Virgin,1,0,"Pop Dance,House,Upbeat,All Weather,All Season,Youth/adult"
Lost in Japan,Shawn Mendes,Shawn Mendes,"=""00:03:21""",Pop,105,02 Lost In Japan.mp3,2018,English,1,Island Records,1,0,"Mainstream,All Weather,All Season,Youth/adult"
Love Tonight (Edit),Love Tonight,Shouse,"=""00:04:02""",Electronic,123,02 Love Tonight (Edit).mp3,2017,English,1,Hell Beach,1,0,"Energetic,All Weather,All Season"
Luminous,Sway,Salt and Sand,"=""00:01:51""",Pop,95,02 Luminous.mp3,2023,English,1,Salt and Sand,0,1,"Balanced,All Weather,All Season"
Lovers Heaven - Jacob Bech Mix,Lovers Heaven,"Angel Johnson, Jacob Bech","=""00:06:50""",Pop,123,02 Lovers Heaven - Jacob Bech Mix.mp3,2014,English,1,"Angel Johnson, Jacob Bech",1,0,"Balanced,All Weather,All Season"
Made You Look,Takin' It Back,Meghan Trainor,"=""00:02:14""",Pop,145,02 Made You Look.mp3,2022,English,1,Epic,1,0,"Mainstream,All Weather,All Season,Youth/adult"
Mar Y Sol,Tourquoise Bay,BlueBay,"=""00:01:49""",Pop,88,02 Mar Y Sol.mp3,2023,English,1,BlueBay,1,0,"Balanced,All Weather,All Season"
Mediterranean Blue,Sunshine Lounge,Zoraz,"=""00:01:53""",Pop,87,02 Mediterranean Blue.mp3,2023,English,1,Zoraz,0,1,"Balanced,All Weather,All Season"
Mellow,Moonlit,BlueBay,"=""00:01:34""",Pop,95,02 Mellow.mp3,2023,English,1,BlueBay,0,1,"Balanced,All Weather,All Season"
Mess Is Mine,Dream Your Life Away (Special Edition),Vance Joy,"=""00:03:44""",Alternative,108,02 Mess Is Mine.mp3,2015,English,1,Universal Music Australia,1,0,"Balanced,All Weather,All Season"
Mr. Brightside,Hot Fuss,The Killers,"=""00:03:43""",Rock,151,02 Mr. Brightside.mp3,2004,English,1,The Killers,1,0,"Energetic,All Weather,All Season"
No Promises (feat. Demi Lovato) - Ashworth Remix,No Promises (feat. Demi Lovato) [Remixes],"Cheat Codes, Ashworth, Demi Lovato","=""00:03:19""",Pop,121,02 No Promises (feat. Demi Lovato) - Ashworth Remix.mp3,2017,English,1,"Cheat Codes, Ashworth, Demi Lovato",1,0,"Balanced,All Weather,All Season"
Numb,Why Do We Shake In The Cold,Elderbrook,"=""00:03:50""",Pop,120,02 Numb.mp3,2020,English,1,Parlophone,1,0,"Balanced,All Weather,All Season"
Not Over You,Sweeter,Gavin DeGraw,"=""00:03:39""",Pop,142,02 Not Over You.mp3,2011,English,1,RCA,1,0,"Mainstream,All Weather,All Season,Youth/adult"
Nobody (Live at The Ryman),Only Jesus,"Casting Crowns, Matthew West","=""00:03:26""",Rock,80,02 Nobody (feat. Matthew West).mp3,2018,English,1,Provident Label Group,1,0,"Energetic,All Weather,All Season"
Ocean Waves,Feeling Blue,"menda, loonight, c l a v a","=""00:01:30""",Pop,81,02 Ocean Waves.mp3,2021,English,1,"menda, loonight, c l a v a",0,1,"Balanced,All Weather,All Season"
Oceans,Rooftop Rhodes,Purplaya,"=""00:02:19""",Pop,98,02 Oceans.mp3,2022,English,1,Purplaya,0,1,"Balanced,All Weather,All Season"
On the Bright Side,Dreaming,"størg, mashii, finton","=""00:01:31""",Pop,84,02 On the Bright Side.mp3,2022,English,1,2015 Graceful Living Music,0,1,"Balanced,All Weather,All Season"
Palmtree,Salty Air,Aleva,"=""00:01:40""",Pop,154,02 Palmtree.mp3,2023,English,1,Aleva,0,1,"Energetic,All Weather,All Season"
One More Night,Overexposed Track By Track,Maroon 5,"=""00:03:40""",Pop,93,02 One More Night.mp3,2012,English,1,Interscope Records,1,0,"Mainstream,All Weather,All Season,Youth/adult"
PROBLEMZ,GOOD TIMES / PROBLEMZ,Jungle,"=""00:03:03""",Funk / Soul,110,02 PROBLEMZ.mp3,2022,English,1,Caiola Records,1,0,"Funk,Soul,Warm,All Weather,All Season"
Paris,Happy Times,"Jamania, Chillski, Strria","=""00:01:17""",Pop,90,02 Paris.mp3,2022,English,1,"Jamania, Chillski, Strria",0,1,"Balanced,All Weather,All Season"
Poolside,Mojito,Salt and Sand,"=""00:01:36""",Pop,172,02 Poolside.mp3,2023,English,1,Salt and Sand,0,1,"Energetic,All Weather,All Season"
Pretty Girls - Philou Louzolo Remix,Pretty Girls Remix Pack,"Frenna, Philou Louzolo","=""00:03:42""",Electronic,120,02 Pretty Girls - Philou Louzolo Remix.mp3,2024,English,1,"Frenna, Philou Louzolo",1,0,"Electro,Electronica,Dance,Upbeat,All Weather,All Season,Youth/adult"
Patience,Beautiful World,Take That,"=""00:03:22""",Pop,88,02 Patience.mp3,2006,English,1,Polydor,1,0,"Mainstream,All Weather,All Season,Youth/adult"
Ready for Your Love (feat. MNEK),Sirens (Deluxe),Gorgon City,"=""00:03:19""",Dance,122,02 Ready For Your Love.mp3,2014,English,1,Virgin EMI Records,1,0,"UK Garage,Deep House,House,Pop Dance,Upbeat,All Weather,All Season,Youth/adult"
Route 97,Seattle,"knoodle, Creason, snaate","=""00:01:11""",Jazz,82,02 Route 97.mp3,2022,English,1,"knoodle, Creason, snaate",0,1,"Relaxed,Rainy,All Season"
Separated,House Hues,IAMNOBODI,"=""00:01:38""",Dance,117,02 Separated.mp3,2021,English,1,IAMNOBODI,1,0,"Upbeat,All Weather,All Season,Youth/adult"
Ses Salines,Playa D'en Bossa,Aleva,"=""00:01:45""",Pop,90,02 Ses Salines.mp3,2023,English,1,Aleva,0,1,"Balanced,All Weather,All Season"
Slowly,Perfect Day,"knoodle, Jamania, mashiii","=""00:01:24""",Pop,82,02 Slowly.mp3,2021,English,1,"knoodle, Jamania & mashiii",0,1,"Balanced,All Weather,All Season"
She's so High,Tal Bachman,Tal Bachman,"=""00:03:45""",Pop,123,02 She's so High.mp3,1999,English,1,Columbia,1,0,"Balanced,All Weather,All Season"
Smooth Operator,Laidback Vibe,Oceanly,"=""00:02:10""",Ambient,90,02 Smooth Operator.mp3,2023,English,1,Oceanly,1,0,"Electronic,Electronica,Energetic,Chillout,Rainy,All Season"
Smooth Sailing,Laidback,SEAVO,"=""00:02:01""",Electronic,90,02 Smooth Sailing.mp3,2023,English,1,SEAVO,0,1,"Ambient,Electronica,Energetic,Chillout,Rainy,All Season"
Somebody,"The Dome, Vol. 94",Dagny,"=""00:03:10""",Pop,118,02 Somebody.mp3,2020,English,1,SME Media,1,0,"Mainstream,All Weather,All Season,Youth/adult"
Somewhere Else,Somewhere Else,Sandgold,"=""00:02:13""",Pop,88,02 Somewhere Else.mp3,2022,English,1,Sandgold,0,1,"Balanced,All Weather,All Season"
Soulful Groove,Chill Avenue,Limejack,"=""00:02:10""",Pop,90,02 Soulful Groove.mp3,2023,English,1,Limejack,0,1,"Warm,All Weather,All Season"
Sparrows,Where the Light Gets In,Jason Gray,"=""00:03:27""",Pop,122,02 Sparrows.mp3,2016,English,1,Centricity Music,1,0,"Balanced,All Weather,All Season"
Starry Night - Edit,Starry Night,Peggy Gou,"=""00:03:54""",Electronic,123,02 Starry Night - Edit.mp3,2019,English,1,Peggy Gou,1,0,"Dance,Electro,House,Upbeat,All Weather,All Season,Youth/adult"
Stick Season,Stick Season,Noah Kahan,"=""00:03:02""",Alternative,118,02 Stick Season.mp3,2022,English,1,Noah Kahan,1,0,"Balanced,All Weather,All Season"
Stronger (What Doesn't Kill You),Stronger (Deluxe Version),Kelly Clarkson,"=""00:03:42""",Pop,116,02 Stronger (What Doesn't Kill You).mp3,2011,English,1,[no label],1,0,"Electronic,House,Upbeat,All Weather,All Season,Youth/adult"
Story of My Life,Midnight Memories,One Direction,"=""00:04:06""",Pop,121,02 Story of My Life.mp3,2013,English,1,Syco Music,1,0,"Mainstream,All Weather,All Season,Youth/adult"
Suicidal,Melly vs. Melvin,YNW Melly,"=""00:03:43""",Pop,140,02 Suicidal.mp3,2019,English,1,[no label],1,0,"Energetic,All Weather,All Season"
Sunkissed,Oasis,Salt and Sand,"=""00:01:59""",Pop,91,02 Sunkissed.mp3,2023,English,1,Salt and Sand,0,1,"Balanced,All Weather,All Season"
Supalonely,STELLA & STEVE,"BENEE, Gus Dapperton","=""00:03:44""",Alternative,129,02 Supalonely.mp3,2019,English,1,BENEE,1,0,"Energetic,All Weather,All Season"
TASTY - Boys Noize Remix,TASTY,"Shygirl, Boys Noize","=""00:03:51""",Pop,130,02 TASTY - Boys Noize Remix.mp3,2021,English,1,"Shygirl, Boys Noize",1,0,"Energetic,All Weather,All Season"
TRUSTFALL,TRUSTFALL,P!nk,"=""00:03:57""",Pop,122,02 TRUSTFALL.mp3,2023,English,1,RCA,1,0,"Mainstream,All Weather,All Season,Youth/adult"
Taking It Slow,Ibiza Sun,Sandgold,"=""00:02:44""",Pop,95,02 Taking It Slow.mp3,2023,English,1,Sandgold,0,1,"Balanced,All Weather,All Season"
Talking Body - KREAM Remix,Talking Body (Remixes),"Tove Lo, KREAM","=""00:03:40""",Pop,124,02 Talking Body - KREAM Remix.mp3,2015,English,1,"Tove Lo, KREAM",1,0,"Balanced,All Weather,All Season"
Tears,Man’s Best Friend,Sabrina Carpenter,"=""00:02:40""",Pop,113,02 Tears.mp3,2025,English,1,Island,1,0,"Mainstream,All Weather,All Season,Youth/adult"
The Giver - Original Mix,For Club Play Only Pt.2,Duke Dumont,"=""00:06:30""",Pop,124,02 The Giver - Original Mix.mp3,2012,English,1,Duke Dumont,1,0,"Balanced,All Weather,All Season"
The Magic Bomb (Questions I Get Asked) - Extended Mix,The Magic Bomb (Questions I Get Asked),Hoàng Read,"=""00:05:31""",Electronic,142,02 The Magic Bomb (Questions I Get Asked) - Extended Mix.mp3,2021,English,1,Hoàng Read,1,0,"Electro,Electronica,Energetic,All Weather,All Season"
Tongue Tied,Never Trust a Happy Song,GROUPLOVE,"=""00:03:38""",Alternative,113,02 Tongue Tied.mp3,2011,English,1,Atlantic,1,0,"Balanced,All Weather,All Season"
Touch,You Do You,"Dillon Francis, BabyJake","=""00:02:58""",Pop,104,02 Touch.mp3,2020,English,1,Mad Decent,1,0,"Balanced,All Weather,All Season"
Urban Oasis,Mellow Moods,Sandgold,"=""00:02:14""",Ambient,88,02 Urban Oasis.mp3,2023,English,1,Sandgold,0,1,"Electronic,Electronica,Energetic,Chillout,Rainy,All Season"
Wait,They Might've Even Loved Me,NoMBe,"=""00:03:34""",Alternative,98,02 Wait.mp3,2018,English,1,TH3RD BRAIN,1,0,"Balanced,All Weather,All Season"
Watermelon Sugar,Fine Line,Harry Styles,"=""00:02:54""",Pop,95,02 Watermelon Sugar.mp3,2019,English,1,Columbia,1,0,"Mainstream,All Weather,All Season,Youth/adult"
Walking on a Dream,Triple J: Hottest 100 of 2008,Empire of the Sun,"=""00:03:18""",Electronic,127,02 Walking On A Dream.mp3,2008,English,1,Empire of the Sun,1,0,"Energetic,All Weather,All Season"
What You Know Bout Love,Mood Swings,Pop Smoke,"=""00:02:40""",Hip Hop,84,02 What You Know Bout Love.mp3,2020,English,1,Republic Records,1,0,"Balanced,All Weather,All Season"
What’s Left Of Me - Live,The Voice 2025- Knockout 1 (Live),TALIE,"=""00:02:06""",Pop,100,02 What’s Left Of Me - Live.mp3,2025,English,1,TALIE,1,0,"Balanced,All Weather,All Season"
Who's Laughing Now,Heaven & Hell,Ava Max,"=""00:03:00""",Pop,92,02 Who's Laughing Now.mp3,2020,English,1,Atlantic,1,0,"Mainstream,All Weather,All Season,Youth/adult"
Wie Ben Jij,Hella Cash Gang (Vol. 1),Josylvio,"=""00:02:31""",Hip Hop,162,02 Wie Ben Jij.mp3,2018,English,1,Hella Cash,1,0,"Electronic,Energetic,All Weather,All Season"
You Only Love Me,You & I,Rita Ora,"=""00:02:29""",Pop,110,02 You Only Love Me.mp3,2023,English,1,BMG,1,0,"Balanced,All Weather,All Season"
stupid song,you seem pretty sad for a girl so in love,Olivia Rodrigo,"=""00:03:30""",Pop,128,02 stupid song.mp3,2026,English,1,Olivia Rodrigo,1,0,"Mainstream,All Weather,All Season,Youth/adult"
traitor,SOUR,Olivia Rodrigo,"=""00:03:49""",Pop,100,02 traitor.mp3,2021,English,1,Olivia Rodrigo PS,1,0,"Mainstream,All Weather,All Season,Youth/adult"
3AM - Chicago Edit,3AM (Remixes),"DRAMA, Emmaculate","=""00:03:32""",Electronic,123,03 3AM - Chicago Edit.mp3,2022,English,1,"DRAMA, Emmaculate",1,0,"Electro,Dance,House,Electronica,Upbeat,All Weather,All Season,Youth/adult"
Adore You,Fine Line,Harry Styles,"=""00:03:27""",Pop,99,03 Adore You.mp3,2019,English,1,Columbia,1,0,"Mainstream,All Weather,All Season,Youth/adult"
All I See - Darius Remix,All I See (Remixes),"Bondax, Darius","=""00:04:21""",Pop,112,03 All I See - Darius Remix.mp3,2014,English,1,"Bondax, Darius",1,0,"Balanced,All Weather,All Season"
Always,Yours,Isak Danielson,"=""00:03:33""",Pop,113,03 Always.mp3,2018,English,1,IOD Entertainment AB,1,0,"Mainstream,All Weather,All Season,Youth/adult"
Another Love,Long Way Down (Deluxe),Tom Odell,"=""00:04:04""",Pop,123,03 Another Love.mp3,2013,English,1,"Columbia, ITNO Records",1,0,"Mainstream,All Weather,All Season,Youth/adult"
Be Real - Kenny Gold Remix,Be Real- Remixes,"Rasmus Faber, Metaxas, Kenny Gold","=""00:03:19""",Pop,110,03 Be Real - Kenny Gold Remix.mp3,2019,English,1,"Rasmus Faber, Metaxas, Kenny Gold",1,0,"Balanced,All Weather,All Season"
Beach Day,Feeling Blue,"menda, loonight, c l a v a","=""00:01:33""",Pop,140,03 Beach Day.mp3,2021,English,1,"menda, loonight, c l a v a",0,1,"Energetic,All Weather,All Season"
Beautiful Life,Less Is More,"Lost Frequencies, Sandro Cavazza","=""00:02:42""",Dance,120,03 Beautiful Life.mp3,2016,English,1,Mr Music,1,0,"Upbeat,All Weather,All Season,Youth/adult"
Brooklyn Lights,Sunset Boulevard,Purplaya,"=""00:02:11""",Pop,88,03 Brooklyn Lights.mp3,2022,English,1,Purplaya,0,1,"Balanced,All Weather,All Season"
California Gurls,Teenage Dream,Katy Perry,"=""00:03:55""",Pop,125,03 California Gurls.mp3,2010,English,1,"Capitol Records, UMe",1,0,"Synth-pop,Pop Dance,Bubblegum,Electro,Pop Rap,Pop Rock,Ballad,Upbeat,All Weather,All Season,Youth/adult"
Car's Outside - Sped Up Version,Car's Outside,James Arthur,"=""00:03:27""",Pop,90,03 Car's Outside - Sped Up Version.mp3,2022,English,1,James Arthur,1,0,"Balanced,All Weather,All Season"
Carousel,Everything Glows,Cannons,"=""00:03:36""",Alternative,120,03 Carousel.mp3,2026,English,1,Columbia,1,0,"Balanced,All Weather,All Season"
Castles,Freya Ridings,Freya Ridings,"=""00:03:32""",Pop,117,03 Castles.mp3,2019,English,1,"Capitol Records, Good Soldier Records",1,0,"Mainstream,All Weather,All Season,Youth/adult"
Clouds,Late Night Drive,"Jamania, c l a v a, Timos","=""00:01:35""",Pop,163,03 Clouds.mp3,2021,English,1,"Jamania, c l a v a, Timos",0,1,"Energetic,All Weather,All Season"
Codes,DADDY,"Kraantje Pappie, S10","=""00:04:08""",Pop,90,03 Codes.mp3,2018,English,1,Noah’s Ark,1,0,"Balanced,All Weather,All Season"
Cold Brew,Bonanza,"knoodle, Creason, snaate","=""00:01:34""",Jazz,164,03 Cold Brew.mp3,2022,English,1,"knoodle, Creason, snaate",0,1,"Relaxed,Rainy,All Season"
Complicated (feat. Kiiara) - Brennan Heart Remix,Complicated (feat. Kiiara) [The Remixes part 2],"Dimitri Vegas & Like Mike, David Guetta, Kiiara, Brennan Heart","=""00:03:26""",Pop,178,03 Complicated (feat. Kiiara) - Brennan Heart Remix.mp3,2017,English,1,"Dimitri Vegas & Like Mike, David Guetta, Kiiara, Brennan Heart",1,0,"Energetic,All Weather,All Season"
Daydream,California Dreaming,"loonight, c l a v a, Kazuna","=""00:01:33""",Pop,163,03 Daydream.mp3,2022,English,1,"loonight, c l a v a, Kazuna",0,1,"Energetic,All Weather,All Season"
Crazy - Holow Remix,Crazy- Remixes,"Cabu, Love Mansuy, HOLOW","=""00:03:57""",Pop,115,03 Crazy - Holow Remix.mp3,2018,English,1,"Cabu, Love Mansuy, HOLOW",1,0,"Balanced,All Weather,All Season"
Deep Down,Americano,"Chillski, finton, cloudkut","=""00:01:26""",Pop,83,03 Deep Down.mp3,2022,English,1,"Chillski, finton, cloudkut",0,1,"Balanced,All Weather,All Season"
Dinner for One,Happy Times,"Jamania, Chillski, Strria","=""00:01:19""",Pop,88,03 Dinner for One.mp3,2022,English,1,"Jamania, Chillski, Strria",0,1,"Balanced,All Weather,All Season"
Dinner for Two,Dinner for Two,"Bristic, snaate, Riinholm","=""00:01:49""",Pop,80,03 Dinner for Two.mp3,2021,English,1,"Bristic, snaate, Riinholm",0,1,"Calm,Rainy,All Season"
Different Things - Original Mix,Let Your Soul Fly,Sarge Malone,"=""00:06:05""",Electronic,127,03 Different Things - Original Mix.mp3,2021,English,1,Sarge Malone,1,0,"House,Electro,Electronica,Dance,Upbeat,Chillout,Rainy,All Season,Youth/adult"
Don't Leave Me Now,Cup Of Beats,"Lost Frequencies, Mathieu Koss","=""00:03:15""",Dance,125,03 Don't Leave Me Now.mp3,2021,English,1,Found Frequencies,1,0,"Upbeat,All Weather,All Season,Youth/adult"
Dreams,Sunday Afternoon,"mashiii, Creason, knoodle","=""00:01:35""",Pop,86,03 Dreams.mp3,2022,English,1,"mashiii, Creason, knoodle",0,1,"Balanced,All Weather,All Season"
Don't Look Down,Forgive Me for My Honesty,Ivan B,"=""00:04:17""",Hip Hop,105,03 Don't Look Down.mp3,2017,English,1,Duetti,1,0,"Balanced,All Weather,All Season"
Easy Street,Chill Avenue,Limejack,"=""00:02:18""",Pop,85,03 Easy Street.mp3,2023,English,1,Limejack,1,0,"Balanced,All Weather,All Season"
Electric Love,Dopamine,BØRNS,"=""00:03:38""",Alternative,120,03 Electric Love.mp3,2015,English,1,Interscope Records,1,0,"Balanced,All Weather,All Season"
Everybody Wants to Rule the World,Cruise Control: The Very Best Drive Time Anthems,Tears for Fears,"=""00:04:12""",Pop,112,03 Everybody Wants To Rule The World.mp3,2004,English,1,Tears for Fears,1,0,"Mainstream,All Weather,All Season,Youth/adult"
Fire Never Sleeps,Back to the Start,Martin Smith,"=""00:04:33""",Rock,128,03 Fire Never Sleeps.mp3,2014,English,1,GloWorks Ltd,1,0,"Energetic,All Weather,All Season"
Fireworks (feat. Moss Kena & The Knocks),Exotica,"Purple Disco Machine, Moss Kena, The Knocks","=""00:03:20""",Dance,118,03 Fireworks (feat. Moss Kena & The Knocks).mp3,2021,English,1,DMC,1,0,"Upbeat,All Weather,All Season,Youth/adult"
Friday,Ocean Sunset,"chiro17, Riinholm, Magnoshi Kato","=""00:01:27""",Pop,156,03 Friday.mp3,2022,English,1,"chiro17, Riinholm, Magnoshi Kato",0,1,"Energetic,All Weather,All Season"
Good Reputation,I Miss Home,"snaate, Vallstad, Strria","=""00:01:39""",Pop,165,03 Good Reputation.mp3,2020,English,1,snaate,1,0,"Energetic,All Weather,All Season"
Greenwich,Sunrise,"snaate, c l a v a, menda","=""00:01:29""",Pop,80,03 Greenwich.mp3,2022,English,1,"snaate, c l a v a, menda",0,1,"Calm,Rainy,All Season"
Havanna,Morning Coffee,"Jamania, Chillski, Strria","=""00:01:38""",Pop,88,03 Havanna.mp3,2022,English,1,"Jamania, Chillski, Strria",0,1,"Balanced,All Weather,All Season"
Hot & Cold,Summer Sun,"størg, mashiii, finton","=""00:01:20""",Pop,84,03 Hot & Cold.mp3,2022,English,1,"størg, mashiii, finton",0,1,"Balanced,All Weather,All Season"
Heroes (we could be),Forever,"Alesso, Tove Lo","=""00:03:30""",Dance,126,03 Heroes (we could be).mp3,2015,English,1,Universal Music on Demand,1,0,"Upbeat,All Weather,All Season,Youth/adult"
Hold Me While You Wait,Divinely Uninspired To A Hellish Extent,Lewis Capaldi,"=""00:03:26""",Alternative,107,03 Hold Me While You Wait.mp3,2019,English,1,Vertigo Berlin,1,0,"Balanced,All Weather,All Season"
Hyperventilatie,De Nacht Is Van Ons,Antoon,"=""00:02:19""",Pop,113,03 Hyperventilatie.mp3,2020,English,1,Antoon,1,0,"Balanced,All Weather,All Season"
House Trippin' - Original Mix,Where You Belong,Moodtrap,"=""00:07:19""",Pop,123,03 House Trippin' - Original Mix.mp3,2013,English,1,Moodtrap,1,0,"Upbeat,All Weather,All Season"
How to Save a Life,How To Save A Life,The Fray,"=""00:04:23""",Rock,122,03 How to Save a Life.mp3,2005,English,1,[no label],1,0,"Energetic,All Weather,All Season"
In Control,By the Ocean,"Jamania, Chillski, Strria","=""00:01:35""",Pop,90,03 In Control.mp3,2022,English,1,"Jamania, Chillski, Strria",0,1,"Balanced,All Weather,All Season"
In Gedachten,Beste Zangers 2024 (Aflevering 7- Tangerine),Matthijn Buwalda,"=""00:03:37""",Pop,155,03 In Gedachten.mp3,2024,English,1,Matthijn Buwalda,1,0,"Mainstream,All Weather,All Season,Youth/adult"
I Can't Lose (feat. Keyone Starr) - Pomo Remix,I Can't Lose (Remixes) - EP (feat. Keyone Starr),"Mark Ronson, Keyone Starr, Pomo","=""00:03:37""",Pop,115,03 I Can't Lose (feat. Keyone Starr) - Pomo Remix.mp3,2015,English,1,"Mark Ronson, Keyone Starr, Pomo",1,0,"Balanced,All Weather,All Season"
In My Arms - Flyboy Chillmix,In My Arms (Remixes),03 In My Arms,"=""00:03:06""",Pop,117,03 In My Arms - Flyboy Chillmix.mp3,2019,English,1,"Ferreck Dawn, Robosonic, Nikki Ambers, Flyboy",1,0,"Balanced,All Weather,All Season"
Island,Good Life,"knoodle, Creason, snaate","=""00:01:29""",Pop,89,03 Island.mp3,2022,English,1,"knoodle, Creason, snaate",0,1,"Balanced,All Weather,All Season"
Kiss It Better - KAYTRANADA Edition,Kiss It Better (Dance Remix),Rihanna,"=""00:05:25""",Pop,108,03 Kiss It Better - KAYTRANADA Edition.mp3,2016,English,1,Rihanna,1,0,"Upbeat,All Weather,All Season"
Latch,Settle (Special Edition),"Disclosure, Sam Smith","=""00:04:16""",Electronic,122,03 Latch.mp3,2013,English,1,Disclosure,1,0,"Energetic,All Weather,All Season"
Let Go,Talking,Elderbrook,"=""00:04:02""",Pop,118,03 Let Go.mp3,2017,English,1,Mine Recordings,1,0,"Balanced,All Weather,All Season"
Let It Ring - Chill Mix,Velvet Keys,Grim.exe,"=""00:03:27""",Pop,122,03 Let It Ring - Chill Mix.mp3,2026,English,1,Grim.exe,1,0,"Balanced,All Weather,All Season"
Let Me Love You,Clubland 22,Ne-Yo,"=""00:04:12""",Hip Hop,125,03 Let Me Love You (Until You Learn To Love Yourself).mp3,2012,English,1,Universal Music TV,1,0,"R&B,Electro,Energetic,All Weather,All Season,Youth/adult"
Leuk,Heilig Water,"Antoon, Big2","=""00:02:27""",Pop,120,03 Leuk.mp3,2020,English,1,Antoon & Big2,1,0,"Balanced,All Weather,All Season"
Light of My Life,Where Did All The Cool Kids Go?,Douwe Bob,"=""00:04:20""",Pop,151,03 Light of My Life.mp3,2024,English,1,V2,1,0,"Mainstream,All Weather,All Season,Youth/adult"
Lizards,Arches,"Chillski, finton, cloudkut","=""00:01:24""",Pop,80,03 Lizards.mp3,2022,English,1,"Chillski, finton, cloudkut",0,1,"Calm,Rainy,All Season"
Love Me To Heaven,Greetings From Your Hometown,Jonas Brothers,"=""00:03:27""",Pop,149,03 Love Me To Heaven.mp3,2025,English,1,Republic Records,1,0,"Mainstream,All Weather,All Season,Youth/adult"
Love Who I Am,Love Who I Am,Allison Eide,"=""00:03:58""",Pop,110,03 Love Who I Am.mp3,2025,English,1,[no label],1,0,"Balanced,All Weather,All Season"
Make Your Move,Onward & Upward,Jervis Campbell,"=""00:02:58""",Pop,130,03 Make Your Move.mp3,2021,English,1,Jervis Campbell,1,0,"Energetic,All Weather,All Season"
Maniac,Kid Krow,Conan Gray,"=""00:03:06""",Pop,108,03 Maniac.mp3,2020,English,1,Republic Records,1,0,"Mainstream,All Weather,All Season,Youth/adult"
Mercy,Illuminate,Shawn Mendes,"=""00:03:29""",Pop,148,03 Mercy.mp3,2016,English,1,Island Records,1,0,"Acoustic,Pop Rock,Mainstream,All Weather,All Season,Youth/adult"
Midnight City,Perfect Day,"knoodle, Jamania, mashiii","=""00:01:17""",Pop,88,03 Midnight City.mp3,2021,English,1,"knoodle, Jamania & mashiii",0,1,"Balanced,All Weather,All Season"
Meteoriet,Klop Klop,"Antoon, Dopebwoy","=""00:02:48""",Pop,95,03 Meteoriet.mp3,2022,English,1,Dreamteam,1,0,"Mainstream,All Weather,All Season,Youth/adult"
Miracles,New Gold,Chef'Special,"=""00:03:23""",Pop,153,03 Miracles.mp3,2024,English,1,Chef'Special,1,0,"Mainstream,All Weather,All Season,Youth/adult"
Moody,Paris Nights,"Lars Narvike, Magnoshi Kato, Vallstad","=""00:01:39""",Pop,78,03 Moody.mp3,2021,English,1,"Lars Narvike, Magnoshi Kato, Vallstad",1,0,"Calm,Rainy,All Season"
Morning Flow,Sunday Stroll,"Kazuna, snaate, Creason","=""00:01:23""",Pop,80,03 Morning Flow.mp3,2021,English,1,"Kazuna, snaate, Creason",0,1,"Calm,Rainy,All Season"
Olvidar,krypt. vol2,kryptogram,"=""00:05:48""",Pop,130,03 Olvidar.mp3,2021,English,1,kryptogram,1,0,"Energetic,All Weather,All Season"
On + On,Breathwork,"Austin Millz, Justine Skye","=""00:02:50""",Dance,116,03 On + On (with Justine Skye).mp3,2023,English,1,Ultra Records,1,0,"Upbeat,All Weather,All Season,Youth/adult"
One Last Time,My Everything,Ariana Grande,"=""00:03:17""",Pop,125,03 One Last Time.mp3,2014,English,1,Republic Records,1,0,"Mainstream,All Weather,All Season,Youth/adult"
Peanut Butter Jelly,Golden Hour,"finton, Chillski, Lars Navike","=""00:01:35""",Pop,81,03 Peanut Butter Jelly.mp3,2021,English,1,"finton, Chillski, Lars Navike",0,1,"Balanced,All Weather,All Season"
Other Side - Radio Edit,The Other Side,"Solu Music, Gabby Law","=""00:04:06""",Pop,122,03 Other Side - Radio Edit.mp3,2022,English,1,"Solu Music, Gabby Law",1,0,"Balanced,All Weather,All Season"
Pepas,La 167,Farruko,"=""00:04:47""",Latin,130,03 Pepas.mp3,2021,English,1,Sony Music | Latin,1,0,"Sunny,Summer"
Power Over Me,Without Fear,Dermot Kennedy,"=""00:03:27""",Pop,116,03 Power Over Me.mp3,2019,English,1,"Interscope Records, Island, Riggins Recording",1,0,"Balanced,All Weather,All Season"
Rest,The Epilogue,"Dean Lewis, Sasha Alex Sloan","=""00:03:13""",Pop,124,03 Rest (with Sasha Alex Sloan).mp3,2024,English,1,"Universal Music Australia, Island Records",1,0,"Mainstream,All Weather,All Season,Youth/adult"
STAY,Die ultimative Chartshow - Hits 2021,"The Kid LAROI, Justin Bieber","=""00:02:22""",Pop,172,03 STAY (with Justin Bieber).mp3,2021,English,1,Polystar,1,0,"Energetic,All Weather,All Season"
Skin on Skin,Dream in Colour,Franc Moody,"=""00:03:04""",Pop,132,03 Skin on Skin.mp3,2020,English,1,Juicebox Recordings,1,0,"Energetic,All Weather,All Season"
Snowman,Everyday Is Christmas (Deluxe Edition),Sia,"=""00:02:46""",Pop,70,03 Snowman.mp3,2018,English,1,Sia,1,0,"Festive,All Weather,Christmas"
Soft Bay,Sunsets & Haze,Greysilk,"=""00:02:13""",Pop,88,03 Soft Bay.mp3,2022,English,1,Greysilk,0,1,"Balanced,All Weather,All Season"
Somebody To You,Meet The Vamps,The Vamps,"=""00:03:05""",Pop,86,03 Somebody To You.mp3,2014,English,1,Virgin EMI Records,1,0,"Mainstream,All Weather,All Season,Youth/adult"
Someone To You,Where The Shadow Ends,BANNERS,"=""00:03:40""",Alternative,150,03 Someone To You.mp3,2019,English,1,Island,1,0,"Energetic,All Weather,All Season"
Sorry,Broken Machine (Deluxe),Nothing But Thieves,"=""00:03:35""",Alternative,128,03 Sorry.mp3,2017,English,1,Universal Music,1,0,"Energetic,All Weather,All Season"
Stargazing,Sun City,Purplaya,"=""00:02:10""",Pop,90,03 Stargazing.mp3,2022,English,1,Purplaya,0,1,"Balanced,All Weather,All Season"
Stop The Time,Breaking The Rules,Mainstreet,"=""00:02:47""",Pop,87,03 Stop The Time.mp3,2013,English,1,Universal Music,1,0,"Mainstream,All Weather,All Season,Youth/adult"
Stuck In The Moment,My World 2.0,Justin Bieber,"=""00:03:43""",Pop,90,03 Stuck In The Moment.mp3,2010,English,1,"Def Jam Recordings, Raymond Braun Media Group",1,0,"Mainstream,All Weather,All Season,Youth/adult"
Supernatural - Pomo Remix,Supernatural (Remixes),"AlunaGeorge, Pomo","=""00:03:22""",Pop,120,03 Supernatural - Pomo Remix.mp3,2015,English,1,"AlunaGeorge, Pomo",1,0,"Balanced,All Weather,All Season"
Tantoe Lekker,Engel,Antoon & Big2,"=""00:02:24""",Pop,95,03 Tantoe Lekker.mp3,2023,English,1,Dreamteam,1,0,"Mainstream,All Weather,All Season,Youth/adult"
Terrace View,Coffee Break,Limejack,"=""00:02:44""",Electronic,95,03 Terrace View.mp3,2023,English,1,Limejack,1,0,"Ambient,Electronica,Energetic,Chillout,Rainy,All Season"
Try,The Truth About Love,P!nk,"=""00:04:08""",Pop,104,03 Try.mp3,2012,English,1,RCA,1,0,"Mainstream,All Weather,All Season,Youth/adult"
Walk With Me (feat. KUČKA) - KOA Remix,Walk With Me (Remixes) (feat. KUČKA),"Cosmo's Midnight, KUČKA, Koa","=""00:04:20""",Pop,120,03 Walk With Me (feat. KUČKA) - KOA Remix.mp3,2015,English,1,"Cosmo's Midnight, KUČKA, Koa",1,0,"Balanced,All Weather,All Season"
We Found Love,Talk That Talk,"Rihanna, Calvin Harris","=""00:03:35""",Pop,128,03 We Found Love.mp3,2011,English,1,"Rihanna, Calvin Harris",1,0,"Electronic,House,Electro,Upbeat,All Weather,All Season,Youth/adult"
We Got U - Ferdinand Weber Remix,We Got U,"Lemaitre, The Knocks, Ferdinand Weber","=""00:04:08""",Pop,124,03 We Got U - Ferdinand Weber Remix.mp3,2016,English,1,"Lemaitre, The Knocks, Ferdinand Weber",1,0,"Balanced,All Weather,All Season"
Yellow,Easygoing,"loonight, Riinholm, chiro17","=""00:01:17""",Pop,74,03 Yellow.mp3,2022,English,1,"loonight, Riinholm, chiro17",1,0,"Calm,Rainy,All Season"
When I Look At You,The Time Of Our Lives (International Version),Miley Cyrus,"=""00:04:09""",Ballad,137,03 When I Look At You.mp3,2009,English,1,Promo Only,1,0,"Energetic,All Weather,All Season"
Zonneschijn,Goed Nieuws,"Pjotr, Obey","=""00:03:01""",Pop,185,03 Zonneschijn.mp3,2019,English,1,Pjotr,1,0,"Electronic,Energetic,All Weather,All Season,Youth/adult"
that way,all the things i never said,Tate McRae,"=""00:02:55""",Pop,99,03 that way.mp3,2020,English,1,[no label],1,0,"Mainstream,All Weather,All Season,Youth/adult"
go with u,Someone's EP II,BAYNK,"=""00:03:51""",Electronic,109,03 go with u.mp3,2019,English,1,AllPoints,1,0,"Energetic,All Weather,All Season"
Addicted To You,True,Avicii,"=""00:02:28""",House,128,04 Addicted To You.mp3,2013,English,1,PRMD,1,0,"Upbeat,All Weather,All Season"
Alaska,Heard It In A Past Life,Maggie Rogers,"=""00:03:08""",Alternative,104,04 Alaska.mp3,2019,English,1,Capitol Records,1,0,"Balanced,All Weather,All Season"
All I Need,Highs & Lows,Michael Schulte,"=""00:03:13""",Pop,118,04 All I Need.mp3,2019,English,1,Very Us Records,1,0,"Mainstream,All Weather,All Season,Youth/adult"
Als Geen Ander,Als Ik Met De Wind Kon Dansen,Bente & MEAU,"=""00:03:31""",Pop,88,04 Als Geen Ander.mp3,2022,English,1,TopNotch,1,0,"Mainstream,All Weather,All Season,Youth/adult"
Bali Night,Morning Mood,"Timos, cloudkut, menda","=""00:01:28""",Pop,154,04 Bali Night.mp3,2022,English,1,"Timos, cloudkut, menda",0,1,"Energetic,All Weather,All Season"
Austin (Boots Stop Workin'),What Happens Now?,Dasha,"=""00:02:52""",Pop,115,04 Austin (Boots Stop Workin').mp3,2024,English,1,Warner Records,1,0,"Mainstream,All Weather,All Season,Youth/adult"
Beautiful View,Bonanza,"knoodle, Creason, snaate","=""00:01:39""",Pop,90,04 Beautiful View.mp3,2022,English,1,"knoodle, Creason, snaate",0,1,"Balanced,All Weather,All Season"
Beautiful,Junior Songfestival 2011,Yassir,"=""00:02:47""",Pop,118,04 Beautiful.mp3,2011,English,1,"EMI, Avro",1,0,"Balanced,All Weather,All Season"
Beggin',Chosen,Måneskin,"=""00:03:32""",Pop,134,04 Beggin'.mp3,2017,English,1,RCA,1,0,"Mainstream,All Weather,All Season,Youth/adult"
Calm Down,Rave & Roses,Rema,"=""00:03:40""",Pop,107,04 Calm Down.mp3,2022,English,1,Mavin Records,1,0,"Mainstream,All Weather,All Season,Youth/adult"
Chemicals,Odyssey Of Light,"Lonely in the Rain, Oaks","=""00:02:36""",Electronic,118,04 Chemicals.mp3,2023,English,1,Inside Records,1,0,"Energetic,All Weather,All Season"
Counting Every Blessing,Good News (Deluxe Edition),Rend Collective,"=""00:05:03""",Pop,90,04 Counting Every Blessing.mp3,2018,English,1,Rend Recordings,1,0,"Balanced,All Weather,All Season"
Demons,Night Visions,Imagine Dragons,"=""00:02:58""",Alternative,90,04 Demons.mp3,2012,English,1,"Interscope Records, KIDinaKORNER",1,0,"Balanced,All Weather,All Season"
Do To Me,Dusk Till Dawn,Drove,"=""00:02:25""",Dance,124,04 Do To Me.mp3,2021,English,1,Drove,1,0,"Upbeat,All Weather,All Season,Youth/adult"
Dreamy Clouds,Blossom,"Chillski, Oble, Jamania","=""00:01:54""",Pop,154,04 Dreamy Clouds.mp3,2021,English,1,"Chillski, Oble, Jamania",0,1,"Energetic,All Weather,All Season"
Double Up,2 Gezichten,"Josylvio, Hef, Kevin","=""00:03:51""",Hip Hop,102,04 Double Up.mp3,2017,English,1,"Josylvio feat. Hef, Kevin",1,0,"Balanced,All Weather,All Season"
Droom Het Donker Weg met MEAU (Live uit Ancienne Belgique),Per Ongeluk Live,"Pommelien Thijs, MEAU","=""00:03:31""",Pop,118,04 Droom Het Donker Weg met MEAU (Live uit Ancienne Belgique).mp3,2024,English,1,Sony Music,1,0,"Mainstream,All Weather,All Season,Youth/adult"
Feel About You - HoneyLuv Remix,Feel About You (Remixes),"Melle Brown, Annie Mac, HoneyLuv","=""00:02:59""",Electronic,128,04 Feel About You - HoneyLuv Remix.mp3,2022,English,1,"Melle Brown, Annie Mac, HoneyLuv",1,0,"Electro,Dance,House,Electronica,Upbeat,All Weather,All Season,Youth/adult"
Forever,Kiwi Hit Disc 130: September 2010,RIKKI,"=""00:03:38""",Pop,163,04 Forever.mp3,2024,English,1,NZ On Air,1,0,"Mainstream,All Weather,All Season,Youth/adult"
Friends,Glorious,Ella Henderson,"=""00:02:58""",Pop,97,04 Friends.mp3,2019,English,1,"Asylum Records UK, Major Toms",1,0,"Mainstream,All Weather,All Season,Youth/adult"
Goin' Away (feat. Lydia Luce),When We Exit,Gamblers,"=""00:03:20""",Alternative,113,04 Goin' Away (feat. Lydia Luce).mp3,2022,English,1,Gamblers,1,0,"Balanced,All Weather,All Season"
Have You Ever Seen the Rain?,TM Century: GoldDisc 238,Creedence Clearwater Revival,"=""00:02:40""",Rock,117,04 Have You Ever Seen The Rain.mp3,1970,English,1,TM Century,1,0,"Energetic,All Weather,All Season"
Hotelschool,Hallo,Antoon,"=""00:02:21""",Pop,130,04 Hotelschool.mp3,2022,English,1,Antoon,1,0,"Mainstream,All Weather,All Season,Youth/adult"
Home,Never Lose Sight (Deluxe Edition),Chris Tomlin,"=""00:03:40""",Pop,85,04 Home.mp3,2016,English,1,sixstepsrecords,1,0,"Balanced,All Weather,All Season"
Hurricane,Hello My Name Is...,Bridgit Mendler,"=""00:04:04""",Pop,95,04 Hurricane.mp3,2012,English,1,Hollywood Records,1,0,"Mainstream,All Weather,All Season,Youth/adult"
I Can't Help But Feel,Hidden Youth,Surfaces,"=""00:02:59""",Pop,115,04 I Can't Help But Feel.mp3,2022,English,1,"10K Projects, Surfaces Music",1,0,"Mainstream,All Weather,All Season,Youth/adult"
Ik Leef Niet Meer Voor Jou,Als Geen Ander,Marco Borsato,"=""00:03:37""",Rock,150,04 Ik Leef Niet Meer Voor Jou.mp3,1995,English,1,Polydor,1,0,"Energetic,All Weather,All Season"
In the Moment,Happy Times,"Jamania, Chillski, Strria","=""00:01:51""",Pop,86,04 In the Moment.mp3,2022,English,1,"Jamania, Chillski, Strria",0,1,"Balanced,All Weather,All Season"
Jazzy Nights,Santiago,Magnoshi Kato,"=""00:01:48""",Pop,90,04 Jazzy Nights.mp3,2020,English,1,Magnoshi Kato,1,0,"Relaxed,Rainy,All Season"
Just Give Me a Reason (feat. Nate Ruess),The Truth About Love,"P!nk, Nate Ruess","=""00:04:03""",Pop,95,04 Just Give Me a Reason (feat. Nate Ruess).mp3,2012,English,1,P!nk,1,0,"Mainstream,All Weather,All Season,Youth/adult"
Lazy Sunday,Paris Nights,"Lars Narvike, Magnoshi Kato, Vallstad","=""00:01:22""",Pop,83,04 Lazy Sunday.mp3,2021,English,1,"Lars Narvike, Magnoshi Kato, Vallstad",0,1,"Balanced,All Weather,All Season"
Just for You,Mander House Edits,Letherette,"=""00:04:32""",Electronic,117,04 Just for You.mp3,2019,English,1,Wulf Records,1,0,"Electro,Dance,Electronica,House,Upbeat,All Weather,All Season,Youth/adult"
Lucky Day,Late Night Drive,"Jamania, c l a v a, Timos","=""00:01:30""",Pop,85,04 Lucky Day.mp3,2021,English,1,"Jamania, c l a v a, Timos",0,1,"Balanced,All Weather,All Season"
Lose You To Love Me,Rare,Selena Gomez,"=""00:03:26""",Pop,103,04 Lose You To Love Me.mp3,2020,English,1,Interscope Records,1,0,"Mainstream,All Weather,All Season,Youth/adult"
Lovely Day - When I Wake Up In The Morning,Lovely Day (When I Wake Up In The Morning) [The Lovely Chilled Mix],"Cole Karter, Katy Tiz","=""00:03:33""",Pop,105,04 Lovely Day - When I Wake Up In The Morning.mp3,2022,English,1,"Cole Karter, Katy Tiz",1,0,"Balanced,All Weather,All Season"
Mama,Blue,"Jonas Blue, William Singe","=""00:03:04""",Dance,104,04 Mama.mp3,2017,English,1,Universal Music on Demand,1,0,"Upbeat,All Weather,All Season,Youth/adult"
Luv Is Not Enough,Luv Is Not Enough,"Miami Horror, Forrest Mortifee","=""00:03:18""",Pop,113,04 Luv Is Not Enough.mp3,2019,English,1,[no label],1,0,"Balanced,All Weather,All Season"
Moonlight,Golden Hour,"finton, Chillski, Lars Navike","=""00:01:28""",Pop,86,04 Moonlight.mp3,2021,English,1,"finton, Chillski, Lars Navike",0,1,"Balanced,All Weather,All Season"
NEVER ALONE,VOYAGE,"The Magician, Alioth","=""00:03:16""",Alternative,120,04 NEVER ALONE.mp3,2024,English,1,The Magician,1,0,"Balanced,All Weather,All Season"
Mykonos,Sun Giant,Fleet Foxes,"=""00:04:35""",Alternative,166,04 Mykonos.mp3,2008,English,1,Bella Union,1,0,"Energetic,All Weather,All Season"
Never Felt a Love Like This,Church,"Galantis, Hook N Sling, Dotan","=""00:03:35""",Dance,126,04 Never Felt A Love Like This (with Hook N Sling) [feat. Dotan].mp3,2020,English,1,TIME,1,0,"Electro,Upbeat,All Weather,All Season,Youth/adult"
Payphone,Overexposed,"Maroon 5, Wiz Khalifa","=""00:03:51""",Pop,110,04 Payphone.mp3,2012,English,1,UMe,1,0,"House,Pop Rock,Funk,Upbeat,All Weather,All Season,Youth/adult"
Ninh,Autonomic,Valante,"=""00:05:29""",Dance,128,04 Ninh.mp3,2018,English,1,Epidemic Sound,0,1,"Upbeat,All Weather,All Season,Youth/adult"
Photo ID,I'm Allergic To Dogs!,Remi Wolf,"=""00:04:25""",Pop,113,04 Photo ID.mp3,2020,English,1,Island,1,0,"Mainstream,All Weather,All Season,Youth/adult"
Promise,Euphoria,heylucas,"=""00:03:20""",Pop,116,04 Promise.mp3,2023,English,1,heylucas,1,0,"Balanced,All Weather,All Season"
Rein Me In,Rein Me In,"Sam Fender, Olivia Dean","=""00:05:40""",Alternative,124,04 Rein Me In (with Olivia Dean).mp3,2025,English,1,Polydor,1,0,"Balanced,All Weather,All Season"
Riptide,Dream Your Life Away,Vance Joy,"=""00:03:24""",Alternative,103,04 Riptide.mp3,2014,English,1,Atlantic Records,1,0,"Balanced,All Weather,All Season"
Rooftop,Stimulate,"Tensnake, DRAMA","=""00:03:19""",Pop,117,04 Rooftop.mp3,2023,English,1,Tensnake & DRAMA,1,0,"Balanced,All Weather,All Season"
Settled,Dense,"Jamania, Chillski, Strria","=""00:01:16""",Pop,77,04 Settled.mp3,2022,English,1,"Jamania, Chillski, Strria",0,1,"Calm,Rainy,All Season"
Scherp,La Vie,"Ashafar, Kevin","=""00:02:47""",Hip Hop,94,04 Scherp.mp3,2019,English,1,Hella Cash,1,0,"Electronic,Energetic,All Weather,All Season"
Simpler Days,Sunsets & Haze,Greysilk,"=""00:02:13""",Pop,88,04 Simpler Days.mp3,2022,English,1,Greysilk,0,1,"Balanced,All Weather,All Season"
Sound of Your Summer - SUPER-Hi Remix,Sound of Your Summer,"Quarry, SUPER-Hi","=""00:03:09""",Pop,118,04 Sound of Your Summer - SUPER-Hi Remix.mp3,2022,English,1,"Quarry, SUPER-Hi",1,0,"Balanced,All Weather,All Season"
Spring,Sunday Stroll,"Kazuna, snaate, Creason","=""00:01:31""",Pop,84,04 Spring.mp3,2021,English,1,"Kazuna, snaate, Creason",0,1,"Balanced,All Weather,All Season"
Strangers,Perfect Day,"knoodle, Jamania, mashiii","=""00:01:36""",Pop,80,04 Strangers.mp3,2021,English,1,"knoodle, Jamania & mashiii",0,1,"Calm,Rainy,All Season"
Sunrays,Ocean Sunset,"chiro17, Riinholm, Magnoshi Kato","=""00:01:46""",Pop,82,04 Sunrays.mp3,2022,English,1,"chiro17, Riinholm, Magnoshi Kato",0,1,"Balanced,All Weather,All Season"
Talking Body - 2014 Jax Jones Remix,Queen Of The Clouds- X,Tove Lo,"=""00:04:38""",Pop,120,04 Talking Body - 2014 Jax Jones Remix.mp3,2024,English,1,Tove Lo,1,0,"Balanced,All Weather,All Season"
The Day That I Die,Survive - EP,Lewis Capaldi,"=""00:02:55""",Alternative,153,04 The Day That I Die.mp3,2025,English,1,Vertigo Berlin,1,0,"Energetic,All Weather,All Season"
Telling Myself (feat. WILLS),Cold Cuts,"Touch Sensitive, WILLS","=""00:04:00""",Dance,122,04 Telling Myself (feat. WILLS).mp3,2022,English,1,Future Classic,1,0,"Upbeat,All Weather,All Season,Youth/adult"
The Door,I've Tried Everything But Therapy (Part 1),Teddy Swims,"=""00:03:33""",Pop,128,04 The Door.mp3,2023,English,1,Warner Records,1,0,"Mainstream,All Weather,All Season,Youth/adult"
Thinking About You,Thinking About You,Will Knight,"=""00:02:01""",Pop,98,04 Thinking About You.mp3,2024,English,1,LoudKult,1,0,"Balanced,All Weather,All Season"
Time of Our Lives,Globalization,"Pitbull, Ne-Yo","=""00:03:49""",Pop,124,04 Time of Our Lives.mp3,2014,English,1,Sheer Dance,1,0,"Mainstream,All Weather,All Season,Youth/adult"
Unwind,Sunset Boulevard,Purplaya,"=""00:02:12""",Pop,88,04 Unwind.mp3,2022,English,1,Purplaya,0,1,"Balanced,All Weather,All Season"
Voorbij,Beste Zangers Seizoen 11 (Aflevering 8 - Duetten),"Tino Martin, Davina Michelle","=""00:04:01""",Pop,120,04 Voorbij.mp3,2018,English,1,Cornelis Music,1,0,"Mainstream,All Weather,All Season,Youth/adult"
With You,Pieces,Matt Simons,"=""00:03:39""",Pop,135,04 With You.mp3,2013,English,1,[no label],1,0,"Energetic,All Weather,All Season"
back to friends,I Barely Know Her,sombr,"=""00:03:19""",Pop,93,04 back to friends.mp3,2025,English,1,Warner Records,1,0,"Balanced,All Weather,All Season"
could you love me while i hate myself,scared of everything,Zeph,"=""00:01:00""",Alternative,120,04 could you love me while i hate myself.mp3,2021,English,1,neon gold records,1,0,"Balanced,All Weather,All Season"
cul de sac club,lp trading sessions,sunflwr,"=""00:03:17""",Pop,117,04 cul de sac club.mp3,2022,English,1,sunflwr,1,0,"Balanced,All Weather,All Season"
trust issues,catalyst,Jessica Baio,"=""00:02:14""",Pop,162,04 trust issues.mp3,2023,English,1,[no label],1,0,"Energetic,All Weather,All Season"
1%,El Mehdi,"Bilal Wahib, Kraantje Pappie","=""00:02:41""",Pop,172,05 1%.mp3,2021,English,1,"Bilal Wahib, Kraantje Pappie",1,0,"Energetic,All Weather,All Season"
Bad Habit,Gemini Rights,Steve Lacy,"=""00:03:52""",Bedroom Pop,166,05 Bad Habit.mp3,2022,English,1,"L‐M Records, RCA",1,0,"Popular Music,Energetic,All Weather,All Season"
Adventure of a Lifetime,A Head Full of Dreams,Coldplay,"=""00:04:24""",Alternative,112,05 Adventure of a Lifetime.mp3,2015,English,1,Parlophone,1,0,"Balanced,All Weather,All Season"
Beautiful Day,Dont Count Me Out,Jermaine Edwards,"=""00:03:59""",Pop,126,05 Beautiful Day.mp3,2014,English,1,Jermaine Edwards,1,0,"Energetic,All Weather,All Season"
Brown Eyes,Good Life,"knoodle, Creason, snaate","=""00:01:29""",Pop,78,05 Brown Eyes.mp3,2022,English,1,"knoodle, Creason, snaate",0,1,"Calm,Rainy,All Season"
Butterly,Feeling Blue,"menda, loonight, c l a v a","=""00:01:36""",Pop,80,05 Butterly.mp3,2021,English,1,"menda, loonight, c l a v a",1,0,"Calm,Rainy,All Season"
California - JR Ellison Mix,Daybreak,"The Lagoons, JR Ellison","=""00:03:14""",Pop,120,05 California - JR Ellison Mix.mp3,2022,English,1,"The Lagoons, JR Ellison",1,0,"Balanced,All Weather,All Season"
DGML,Kleine Wereld (Deluxe),Pjotr,"=""00:02:53""",Pop,96,05 DGML.mp3,2020,English,1,Pjotr,1,0,"Mainstream,All Weather,All Season,Youth/adult"
Cool Girl,Lady Wood,Tove Lo,"=""00:03:19""",Synth-pop,102,05 Cool Girl.mp3,2016,English,1,Island,1,0,"Mainstream,All Weather,All Season,Youth/adult"
Daydreaming,Happy Times,"Jamania, Chillski, Strria","=""00:01:22""",Pop,82,05 Daydreaming.mp3,2022,English,1,"Jamania, Chillski, Strria",0,1,"Balanced,All Weather,All Season"
Don't Start Now - Pink Panda Remix,Don't Start Now (Remixes),"Dua Lipa, Pink Panda","=""00:02:06""",Pop,128,05 Don't Start Now - Pink Panda Remix.mp3,2020,English,1,"Dua Lipa, Pink Panda",1,0,"Energetic,All Weather,All Season"
Delicate,reputation,Taylor Swift,"=""00:03:52""",Pop,95,05 Delicate.mp3,2017,English,1,Taylor Swift,1,0,"Mainstream,All Weather,All Season,Youth/adult"
Don't Worry,Ocean Sunset,"chiro17, Riinholm, Magnoshi Kato","=""00:01:34""",Pop,164,05 Don't Worry.mp3,2022,English,1,"chiro17, Riinholm, Magnoshi Kato",0,1,"Energetic,All Weather,All Season"
Eastcoast,On My Balcony,"loonight, Riinholm, chiro17","=""00:01:26""",Pop,84,05 Eastcoast.mp3,2022,English,1,"loonight, Riinholm, chiro17",0,1,"Balanced,All Weather,All Season"
Dopamine (feat. EYLR),Exotica,"Purple Disco Machine, EYLR","=""00:03:37""",Dance,118,05 Dopamine (feat. EYLR).mp3,2021,English,1,Purple Disco Machine,1,0,"Upbeat,All Weather,All Season,Youth/adult"
End of The Day,Smooth Breeze,Oceanly,"=""00:02:12""",Pop,88,05 End of The Day.mp3,2022,English,1,Oceanly,0,1,"Balanced,All Weather,All Season"
Espresso Martini,Sunset Boulevard,Purplaya,"=""00:02:02""",Pop,88,05 Espresso Martini.mp3,2022,English,1,[no label],0,1,"Balanced,All Weather,All Season"
Good Morning,Memories,"Creason, Chillski, ordea","=""00:01:50""",Pop,156,05 Good Morning.mp3,2021,English,1,"Creason, Chillski, ordea",0,1,"Energetic,All Weather,All Season"
For God Is With Us,What Are We Waiting For?,for KING & COUNTRY,"=""00:03:17""",Pop,151,05 For God Is With Us.mp3,2022,English,1,Curb/Word Entertainment,1,0,"Mainstream,All Weather,All Season,Youth/adult"
HAPPY,HOPE,NF,"=""00:04:03""",Pop,106,05 HAPPY.mp3,2023,English,1,NF Real Music II,1,0,"Balanced,All Weather,All Season"
Habiba,Slaaptekort,Boef,"=""00:03:36""",Pop,127,05 Habiba.mp3,2017,English,1,Boef,1,0,"Energetic,All Weather,All Season"
Heaven,Fifty Shades Freed,Julia Michaels,"=""00:03:12""",Pop,100,05 Heaven.mp3,2018,English,1,"Republic Records, Universal",1,0,"Balanced,All Weather,All Season"
Holy Water,Holy Water,"We The Kingdom, Franni Cash","=""00:04:03""",Pop,145,05 Holy Water.mp3,2019,English,1,We The Kingdom,1,0,"Energetic,All Weather,All Season"
"I miss you, I’m sorry",minor,Gracie Abrams,"=""00:02:48""",Pop,110,"05 I miss you, I’m sorry.mp3",2020,English,1,Interscope Records,1,0,"Mainstream,All Weather,All Season,Youth/adult"
Ik Neem Je Mee,Deze Wereld Is Van Jou,Gers Pardoel,"=""00:03:38""",Hip Hop,125,05 Ik Neem Je Mee.mp3,2011,English,1,Top Notch,1,0,"Confident,All Weather,All Season,Youth/adult"
Jazzy Tune,Perfect Day,"knoodle, Jamania, mashiii","=""00:01:28""",Pop,76,05 Jazzy Tune.mp3,2021,English,1,"knoodle, Jamania & mashiii",0,1,"Relaxed,Rainy,All Season"
Late Night Drive,Late Night Drive,"Jamania, c l a v a, Timos","=""00:01:21""",Pop,77,05 Late Night Drive.mp3,2021,English,1,"Jamania, c l a v a, Timos",0,1,"Calm,Rainy,All Season"
In the Blood,The Search for Everything,John Mayer,"=""00:04:04""",Rock,80,05 In the Blood.mp3,2017,English,1,Columbia,1,0,"Energetic,All Weather,All Season"
Light On,Heard It In A Past Life,Maggie Rogers,"=""00:03:54""",Alternative,102,05 Light On.mp3,2019,English,1,Capitol Records,1,0,"Balanced,All Weather,All Season"
Lightweight,Sunsets & Haze,Greysilk,"=""00:02:11""",Pop,89,05 Lightweight.mp3,2022,English,1,Greysilk,0,1,"Balanced,All Weather,All Season"
Location,PSYCHODRAMA,"Dave, Burna Boy","=""00:04:01""",Hip Hop,110,05 Location (feat. Burna Boy).mp3,2019,English,1,Neighbourhood Recordings,1,0,"Confident,All Weather,All Season,Youth/adult"
Lullaby,Sunset Vibes,"c l a v a, Magnoshi Kato, Kazuna","=""00:01:21""",Pop,140,05 Lullaby.mp3,2021,English,1,"c l a v a, Magnoshi Kato, Kazuna",0,1,"Energetic,All Weather,All Season"
Monday Morning,Monday Morning,"chiro17, knoodle, cloudkut","=""00:01:48""",Pop,80,05 Monday Morning.mp3,2021,English,1,"chiro17, knoodle, cloudkut",0,1,"Calm,Rainy,All Season"
Morning Coffee,Paris Nights,"Lars Narvike, Magnoshi Kato, Vallstad","=""00:01:22""",Pop,82,05 Morning Coffee.mp3,2021,English,1,"Lars Narvike, Magnoshi Kato, Vallstad",0,1,"Balanced,All Weather,All Season"
NIGHTS LIKE THESE,Walk Me Home...,Benson Boone,"=""00:02:53""",Pop,96,05 NIGHTS LIKE THESE.mp3,2022,English,1,"Warner Records, Night Street Records",1,0,"Mainstream,All Weather,All Season,Youth/adult"
Nature Is Healing,Sunrise,"snaate, c l a v a, menda","=""00:01:37""",Pop,164,05 Nature Is Healing.mp3,2022,English,1,"snaate, c l a v a, menda",0,1,"Energetic,All Weather,All Season"
Pink Oasis,The Cocktail Hour,"Fabich, Little Green","=""00:02:34""",Dance,123,05 Pink Oasis (feat. Little Green).mp3,2026,English,1,"Fabich, Little Green",1,0,"Upbeat,All Weather,All Season,Youth/adult"
Ripped Jeans,Seattle,"knoodle, Creason, snaate","=""00:01:14""",Pop,78,05 Ripped Jeans.mp3,2022,English,1,"knoodle, Creason, snaate",0,1,"Calm,Rainy,All Season"
SWIM,MOOD,Mild Minds,"=""00:04:38""",Electronic,110,05 SWIM.mp3,2020,English,1,Counter Records,1,0,"Energetic,All Weather,All Season"
Set Fire to the Rain,21,Adele,"=""00:04:03""",Pop,108,05 Set Fire to the Rain.mp3,2011,English,1,XL Recordings,1,0,"Mainstream,All Weather,All Season,Youth/adult"
Shhh (Pew Pew),Single,Young Fanatic,"=""00:01:54""",Pop,85,05 Shhh (Pew Pew).mp3,2019,English,1,Young Fanatic,1,0,"Balanced,All Weather,All Season"
Show Me Love,Sugar,"Robin Schulz, Richard Judge","=""00:04:16""",Pop,123,05 Show Me Love.mp3,2015,English,1,Universal Music Belgium,1,0,"Balanced,All Weather,All Season"
So Easy (To Fall In Love),The Art of Loving,Olivia Dean,"=""00:02:49""",Pop,140,05 So Easy (To Fall In Love).mp3,2025,English,1,"Capitol Records, Island",1,0,"Mainstream,All Weather,All Season,Youth/adult"
So Incredible,Incredible,Ilse DeLange,"=""00:02:57""",Pop,104,05 So Incredible.mp3,2008,English,1,Universal Music,1,0,"Mainstream,All Weather,All Season,Youth/adult"
Stranger Things (feat. OneRepublic) - Alan Walker Remix,Kids in Love (Remixes),"Kygo, OneRepublic, Alan Walker","=""00:02:58""",Pop,107,05 Stranger Things (feat. OneRepublic) - Alan Walker Remix.mp3,2018,English,1,"Kygo, OneRepublic, Alan Walker",1,0,"Balanced,All Weather,All Season"
Sugar,V,Maroon 5,"=""00:03:56""",Pop,120,05 Sugar.mp3,2014,English,1,Interscope Records,1,0,"Mainstream,All Weather,All Season,Youth/adult"
Sun Moon,So Far to Go,"Cabu, Young Franco, NOÉ","=""00:02:35""",Dance,114,05 Sun Moon.mp3,2022,English,1,823 Records,1,0,"Upbeat,All Weather,All Season,Youth/adult"
Sunset in Florence,Ibiza Sun,Sandgold,"=""00:02:42""",Pop,96,05 Sunset in Florence.mp3,2023,English,1,Sandgold,0,1,"Balanced,All Weather,All Season"
Talk (feat. Disclosure),Free Spirit,"Khalid, Disclosure","=""00:03:18""",Pop,136,05 Talk (feat. Disclosure).mp3,2019,English,1,RCA,1,0,"Mainstream,All Weather,All Season,Youth/adult"
The Hills,Beauty Behind the Madness,The Weeknd,"=""00:04:02""",Pop,113,05 The Hills.mp3,2015,English,1,Republic Records,1,0,"Balanced,All Weather,All Season"
The Spark,The Spark (Remixes),Afrojack feat. Spree Wilson,"=""00:04:01""",Dance,126,05 The Spark.mp3,2013,English,1,PM:AM Recordings,1,0,"Upbeat,All Weather,All Season,Youth/adult"
Troubled Waters,"You'll Be Alright, Kid (Chapter 1)",Alex Warren,"=""00:03:18""",Pop,115,05 Troubled Waters.mp3,2024,English,1,Alex Warren,1,0,"Mainstream,All Weather,All Season,Youth/adult"
Unstoppable,This Is Acting,Sia,"=""00:03:38""",Pop,87,05 Unstoppable.mp3,2016,English,1,"Monkey Puzzle Records, RCA",1,0,"Balanced,All Weather,All Season"
Vacation,Dim the Lights,"Jamania, menda, knoodle","=""00:01:22""",Pop,82,05 Vacation.mp3,2022,English,1,"Jamania, menda, knoodle",0,1,"Balanced,All Weather,All Season"
Walk on Water,Under Bridges That You Built for Me,Causes,"=""00:03:35""",Pop,89,05 Walk on Water.mp3,2016,English,1,[PIAS],1,0,"Balanced,All Weather,All Season"
We Don't Talk Anymore (feat. Selena Gomez),Nine Track Mind (Special Edition),"Charlie Puth, Selena Gomez","=""00:03:38""",Pop,100,05 We Don't Talk Anymore (feat. Selena Gomez).mp3,2016,English,1,Charlie Puth,1,0,"Mainstream,All Weather,All Season,Youth/adult"
Yellow,Parachutes,Coldplay,"=""00:04:27""",Rock,87,05 Yellow.mp3,2000,English,1,Parlophone,1,0,"Energetic,All Weather,All Season"
You Say,Look Up Child,Lauren Daigle,"=""00:04:35""",Pop,148,05 You Say.mp3,2018,English,1,Centricity Music,1,0,"Energetic,All Weather,All Season"
Yougotmefeeling,LOVED,Parcels,"=""00:03:04""",Alternative,125,05 Yougotmefeeling.mp3,2025,English,1,Because Music,1,0,"Energetic,All Weather,All Season"
1 Persoons Bed,Heilig Water,"Antoon, Big2","=""00:02:42""",Pop,119,06 1 Persoons Bed.mp3,2020,English,1,Antoon & Big2,1,0,"Balanced,All Weather,All Season"
Balcony Days,Ibiza Sun,Sandgold,"=""00:02:45""",Pop,94,06 Balcony Days.mp3,2023,English,1,Sandgold,0,1,"Balanced,All Weather,All Season"
Better Together,Between Us,"Hayden James, Running Touch","=""00:03:57""",Electronic,116,06 Better Together.mp3,2019,English,1,Future Classic,1,0,"Energetic,All Weather,All Season"
Bij Deze Dan,Achtentwintig,Snelle,"=""00:03:28""",Pop,96,06 Bij Deze Dan.mp3,2023,English,1,Lieve Jongens,1,0,"Mainstream,All Weather,All Season,Youth/adult"
Circles,Hollywood's Bleeding,Post Malone,"=""00:03:35""",Hip Hop,120,06 Circles.mp3,2019,English,1,Republic Records,1,0,"Confident,All Weather,All Season,Youth/adult"
Drinks on Ice,Sunset Boulevard,Purplaya,"=""00:02:09""",Pop,89,06 Drinks on Ice.mp3,2022,English,1,Purplaya,0,1,"Balanced,All Weather,All Season"
Cocaine Model,Nightday.,ZHU,"=""00:04:15""",Dance,120,06 Cocaine Model.mp3,2014,English,1,"Mind Of A Genius, Th3rd Brain",1,0,"House,Deep House,Upbeat,All Weather,All Season,Youth/adult"
FORMATIONS,MOOD,Mild Minds,"=""00:02:57""",Electronic,113,06 FORMATIONS.mp3,2020,English,1,Counter Records,1,0,"Dance,Electronica,Electro,Upbeat,All Weather,All Season,Youth/adult"
Falling,Fine Line,Harry Styles,"=""00:04:00""",Pop,110,06 Falling.mp3,2019,English,1,Columbia,1,0,"Mainstream,All Weather,All Season,Youth/adult"
Good Life,Waking Up,OneRepublic,"=""00:04:13""",Pop,95,06 Good Life.mp3,2009,English,1,"Interscope Records, Mosley Music Group",1,0,"Balanced,All Weather,All Season"
Heading Up High,Embrace,"Armin van Buuren, Kensington","=""00:03:53""",Dance,128,06 Heading Up High.mp3,2015,English,1,A State of Trance Radio,1,0,"Upbeat,All Weather,All Season,Youth/adult"
Hide Away,"Sit Still, Look Pretty",Daya,"=""00:03:11""",Pop,95,06 Hide Away.mp3,2016,English,1,Artbeatz,1,0,"Mainstream,All Weather,All Season,Youth/adult"
Home,Up From Below,Edward Sharpe & The Magnetic Zeros,"=""00:05:06""",Pop,112,06 Home.mp3,2009,English,1,Rough Trade,1,0,"Mainstream,All Weather,All Season,Youth/adult"
Hoor Je Mij,Ik Besta Voor Altijd Zolang Jij Aan Mij Denkt,S10,"=""00:03:19""",Pop,113,06 Hoor Je Mij.mp3,2022,English,1,Noah’s Ark BV,1,0,"Mainstream,All Weather,All Season,Youth/adult"
I Want Your Attention,First Landing,"Moon Boots, Fiora","=""00:04:47""",Pop,123,06 I Want Your Attention.mp3,2017,English,1,Clubstar,1,0,"Balanced,All Weather,All Season"
If I Could Fly,Made In The A.M. (Deluxe Edition),One Direction,"=""00:03:50""",Pop,150,06 If I Could Fly.mp3,2015,English,1,"Columbia, Syco Music",1,0,"Mainstream,All Weather,All Season,Youth/adult"
Just Say Yes,Up to Now,Snow Patrol,"=""00:04:41""",Alternative,108,06 Just Say Yes.mp3,2009,English,1,Polydor,1,0,"Balanced,All Weather,All Season"
Kaleidoscope Love - Kaytranada Edition,Body Music (Remixed),"AlunaGeorge, KAYTRANADA","=""00:05:49""",Pop,116,06 Kaleidoscope Love - Kaytranada Edition.mp3,2014,English,1,"AlunaGeorge, KAYTRANADA",1,0,"Balanced,All Weather,All Season"
Known,Hills and Valleys (Deluxe Edition),Tauren Wells,"=""00:03:18""",Pop,104,06 Known.mp3,2017,English,1,Provident Label Group,1,0,"Balanced,All Weather,All Season"
Lauw,Gewoon BOEF,Boef,"=""00:03:03""",Pop,108,06 Lauw.mp3,2016,English,1,Zonamo Underground,1,0,"Balanced,All Weather,All Season"
Let You Down,Perception,NF,"=""00:03:32""",Ambient,148,06 Let You Down.mp3,2017,English,1,"Capitol Records, NF Real Music",1,0,"Hip Hop,Electronic,Jazz,Pop,Energetic,Rainy,All Season,Youth/adult"
Lijntje,F*CK KLEINE,"Lil Kleine, Milolaathetlukken","=""00:02:50""",Pop,130,06 Lijntje.mp3,2026,English,1,Lil Kleine & Milolaathetlukken,1,0,"Energetic,All Weather,All Season"
Like I'm Gonna Lose You (feat. John Legend),Title (Deluxe),"Meghan Trainor, John Legend","=""00:03:46""",Pop,72,06 Like I'm Gonna Lose You (feat. John Legend).mp3,2015,English,1,Cavern Brew Records,1,0,"Mainstream,All Weather,All Season,Youth/adult"
Lost In Space (feat. SG Lewis),The Journey,"Folamour, SG Lewis","=""00:02:26""",Electronic,121,06 Lost In Space (feat. SG Lewis).mp3,2021,English,1,FHUO Records,1,0,"Electro,Dance,Electronica,Upbeat,All Weather,All Season,Youth/adult"
No Worries,Smooth Breeze,Oceanly,"=""00:02:34""",Pop,88,06 No Worries.mp3,2022,English,1,Oceanly,0,1,"Balanced,All Weather,All Season"
Outside (feat. Ellie Goulding),Motion,Calvin Harris,"=""00:03:47""",Dance,128,06 Outside (feat. Ellie Goulding).mp3,2014,English,1,"Columbia, Fly Eye, Sony Music",1,0,"Progressive house,Electro House,Pop Dance,Upbeat,All Weather,All Season,Youth/adult"
Parada de Tettas,The Party Album!,Vengaboys,"=""00:04:05""",Dance,136,06 Parada de Tettas.mp3,1999,English,1,Central Station,1,0,"Electronic,House,Upbeat,All Weather,All Season,Youth/adult"
Sunsets & Haze,Sunsets & Haze,Greysilk,"=""00:02:15""",Pop,87,06 Sunsets & Haze.mp3,2022,English,1,Greysilk,0,1,"Balanced,All Weather,All Season"
Train Wreck,Back from the Edge,James Arthur,"=""00:03:29""",Pop,75,06 Train Wreck.mp3,2016,English,1,Columbia,1,0,"Mainstream,All Weather,All Season,Youth/adult"
Walks Like Rihanna,Word Of Mouth (Deluxe),The Wanted,"=""00:03:22""",Pop,126,06 Walks Like Rihanna.mp3,2013,English,1,The Wanted,1,0,"Mainstream,All Weather,All Season,Youth/adult"
Water Under the Bridge,25,Adele,"=""00:04:00""",Pop,95,06 Water Under the Bridge.mp3,2015,English,1,"Columbia, XL Recordings",1,0,"Mainstream,All Weather,All Season,Youth/adult"
What A Time,Inner Monologue Part 1,"Julia Michaels, Niall Horan","=""00:02:53""",Pop,133,06 What A Time (feat. Niall Horan).mp3,2019,English,1,UME - Global Clearing House,1,0,"Mainstream,All Weather,All Season,Youth/adult"
good 4 u,SOUR,Olivia Rodrigo,"=""00:02:58""",Pop,166,06 good 4 u.mp3,2021,English,1,Olivia Rodrigo PS,1,0,"Mainstream,All Weather,All Season,Youth/adult"
Chemicals,times,SG Lewis,"=""00:04:16""",Electronic,114,07 Chemicals.mp3,2021,English,1,EMI,1,0,"Energetic,All Weather,All Season"
Dansen Aan De Gracht,Hoogseizoen,"Dopebwoy, Lil Kleine","=""00:02:25""",Pop,100,07 Dansen Aan De Gracht.mp3,2020,English,1,Forever Lit Records,1,0,"Balanced,All Weather,All Season"
Don't Be so Hard on Yourself,I Cry When I Laugh,Jess Glynne,"=""00:03:31""",Pop,120,07 Don't Be so Hard on Yourself.mp3,2015,English,1,Atlantic Records UK,1,0,"Mainstream,All Weather,All Season,Youth/adult"
Eer Aan Mezelf,Liefde Onderschat,MEAU,"=""00:02:53""",Pop,97,07 Eer Aan Mezelf.mp3,2025,English,1,MEAU,1,0,"Mainstream,All Weather,All Season,Youth/adult"
Goed Zien,KLEINE,"Lil Kleine, Josylvio","=""00:02:45""",Hip Hop,100,07 Goed Zien.mp3,2021,English,1,Top Notch Music BV,1,0,"R&B,Balanced,All Weather,All Season"
Heel Veel Geld,Forever Lit,Dopebwoy & Frenna,"=""00:03:15""",Pop,109,07 Heel Veel Geld (feat. Frenna).mp3,2019,English,1,Avalon,1,0,"Balanced,All Weather,All Season"
Hockeyclub,De Nacht Is Van Ons,"Antoon, Paul Sinha","=""00:02:40""",Pop,115,07 Hockeyclub.mp3,2020,English,1,Antoon,1,0,"Balanced,All Weather,All Season"
Like I Can,In the Lonely Hour,Sam Smith,"=""00:02:47""",Pop,100,07 Like I Can.mp3,2014,English,1,Capitol Records,1,0,"Mainstream,All Weather,All Season,Youth/adult"
Manhattan,Smooth Breeze,Oceanly,"=""00:02:11""",Pop,89,07 Manhattan.mp3,2022,English,1,Oceanly,0,1,"Balanced,All Weather,All Season"
Love Me Not,Bird's Eye,Ravyn Lenae,"=""00:03:34""",Pop Soul,114,07 Love Me Not.mp3,2024,English,1,Atlantic,1,0,"Popular Music,Balanced,All Weather,All Season"
Mauvais rôle,Cassandre,BRÖ,"=""00:03:04""",Pop,118,07 Mauvais rôle.mp3,2021,French,1,Antipodes Music,1,0,"Balanced,All Weather,All Season"
Mona Lisa,Sunburn,Dominic Fike,"=""00:03:06""",Alternative,111,07 Mona Lisa.mp3,2023,English,1,Columbia,1,0,"Balanced,All Weather,All Season"
Naturally,RONDÉ,RONDÉ,"=""00:03:47""",Pop,126,07 Naturally.mp3,2017,English,1,RONDÉ,1,0,"Energetic,All Weather,All Season"
New Beginnings,Sunsets & Haze,Greysilk,"=""00:02:13""",Pop,88,07 New Beginnings.mp3,2022,English,1,Greysilk,0,1,"Balanced,All Weather,All Season"
Night Changes,FOUR (Deluxe),One Direction,"=""00:03:47""",Pop,120,07 Night Changes.mp3,2014,English,1,Warner Music France,1,0,"Mainstream,All Weather,All Season,Youth/adult"
No Time,First Contact,Lastlings,"=""00:03:56""",Dance,116,07 No Time.mp3,2020,English,1,Rose Avenue Records,1,0,"Electronica,Electro,Upbeat,All Weather,All Season,Youth/adult"
Ondersteboven,Jongen Van De Straat,Lil Kleine,"=""00:02:32""",Pop,96,07 Ondersteboven.mp3,2020,English,1,Top Notch,1,0,"Balanced,All Weather,All Season"
Simmer Down,Sunset Boulevard,Purplaya,"=""00:02:34""",Pop,88,07 Simmer Down.mp3,2022,English,1,Purplaya,0,1,"Balanced,All Weather,All Season"
Sofia,Immunity,Clairo,"=""00:03:08""",Alternative,113,07 Sofia.mp3,2019,English,1,FADER Label,1,0,"Balanced,All Weather,All Season"
State Lines,Birthplace,Novo Amor,"=""00:03:29""",Alternative,92,07 State Lines.mp3,2018,English,1,AllPoints,1,0,"Balanced,All Weather,All Season"
Sun Comes Up (feat. James Arthur) - Radio Edit,Toast to Our Differences (Deluxe Edition),"Rudimental, James Arthur","=""00:03:53""",Pop,106,07 Sun Comes Up (feat. James Arthur) - Radio Edit.mp3,2019,English,1,"Rudimental, James Arthur",1,0,"Balanced,All Weather,All Season"
Take A Minute,Why Do We Shake In The Cold,Elderbrook,"=""00:03:30""",Pop,107,07 Take A Minute.mp3,2020,English,1,Parlophone,1,0,"Balanced,All Weather,All Season"
Sweet but Psycho - Majestic Remix,Sweet but Psycho (The Remixes),"Ava Max, Majestic","=""00:05:32""",Pop,133,07 Sweet but Psycho - Majestic Remix.mp3,2019,English,1,"Ava Max, Majestic",1,0,"Energetic,All Weather,All Season"
The One That Got Away,Teenage Dream,Katy Perry,"=""00:03:47""",Pop,134,07 The One That Got Away.mp3,2012,English,1,"Capitol Records, UMe",1,0,"Synth-pop,Pop Dance,Bubblegum,Electro,Pop Rap,Pop Rock,Ballad,Upbeat,All Weather,All Season,Youth/adult"
Tot Ik Instort,Goed Nieuws,Pjotr,"=""00:03:12""",Pop,90,07 Tot Ik Instort.mp3,2019,English,1,Pjotr,1,0,"Mainstream,All Weather,All Season,Youth/adult"
Tout Est Bon,Allemaal Een Droom,"Boef, Numidia","=""00:02:35""",Pop,127,07 Tout Est Bon.mp3,2020,English,1,"Boef, Numidia",1,0,"Energetic,All Weather,All Season"
Undenza Ntoni,iSlomo,"Boohle, Murumba Pitch, Gaba Cannal","=""00:07:48""",Pop,112,07 Undenza Ntoni.mp3,2022,English,1,Boohle,1,0,"Balanced,All Weather,All Season"
WITHOUT YOU,F*CK LOVE 3+: OVER YOU,The Kid LAROI,"=""00:02:41""",Hip Hop,93,07 WITHOUT YOU.mp3,2020,English,1,Columbia,1,0,"Confident,All Weather,All Season,Youth/adult"
Back To My Bed,Why Do We Shake In The Cold,Elderbrook,"=""00:03:22""",Pop,124,08 Back To My Bed.mp3,2020,English,1,Parlophone,1,0,"Balanced,All Weather,All Season"
Blijven Rijden,22,MEAU,"=""00:02:57""",Pop,120,08 Blijven Rijden.mp3,2023,English,1,Excited About Music,1,0,"Mainstream,All Weather,All Season,Youth/adult"
Dansvloer,De Nacht Is Van Ons,Antoon,"=""00:03:02""",Pop,119,08 Dansvloer.mp3,2020,English,1,Antoon,1,0,"Balanced,All Weather,All Season"
Easy Breaths,Sunset Boulevard,Purplaya,"=""00:02:23""",Pop,88,08 Easy Breaths.mp3,2022,English,1,Purplaya,0,1,"Balanced,All Weather,All Season"
Evening Cafe,Sunsets & Haze,Greysilk,"=""00:02:13""",Pop,88,08 Evening Cafe.mp3,2022,English,1,Greysilk,0,1,"Balanced,All Weather,All Season"
Faith,We May Grow Old But We Never Grow Up,"Example, Majestic","=""00:03:21""",Dance,124,08 Faith.mp3,2022,English,1,BMG Rights Management,1,0,"Upbeat,All Weather,All Season,Youth/adult"
Feels,Funk Wav Bounces Vol.1,"Calvin Harris, Pharrell Williams, Katy Perry, Big Sean, Funk Wav","=""00:03:43""",Electronic,101,"08 Feels (feat. Pharrell Williams, Katy Perry & Big Sean).mp3",2017,English,1,"Sony Music, Columbia",1,0,"Pop Dance,House,Disco,Funk,R&B,Upbeat,All Weather,All Season,Youth/adult"
Get Lucky (Intro) Radio),Random Access Memories,"Daft Punk, Pharrell Williams, Nile Rodgers","=""00:06:10""",Electronic,116,08 Get Lucky (feat. Pharrell Williams and Nile Rodgers).mp3,2013,English,1,"Columbia, Sony Music",1,0,"Disco,Funk,Synth-pop,Electro,French House,Upbeat,All Weather,All Season,Youth/adult"
Gisèle,Emma Peters (Remixed),"Emma Peters, Juicy Cola","=""00:03:16""",Pop,109,08 Gisèle.mp3,2020,French,1,Emma Peters,1,0,"Balanced,All Weather,All Season"
High,Plastic Hearts,Miley Cyrus,"=""00:03:17""",Pop,146,08 High.mp3,2020,English,1,RCA,1,0,"Mainstream,All Weather,All Season,Youth/adult"
Hold My Girl,Staying at Tamara's,George Ezra,"=""00:03:32""",Pop,122,08 Hold My Girl.mp3,2018,English,1,Columbia,1,0,"Balanced,All Weather,All Season"
How Could You,drowning,Jessie Murph,"=""00:03:08""",Alternative,147,08 How Could You.mp3,2023,English,1,Columbia,1,0,"Energetic,All Weather,All Season"
How Long Have You Been Away?,krypt. vol2,Kryptogram,"=""00:03:29""",Electronic,123,08 How Long Have You Been Away .mp3,2021,English,1,kryptogram,1,0,"House,Upbeat,All Weather,All Season"
Mannen Kunnen Niet Alleen Zijn,Eindelijk Mezelf,Luna,"=""00:03:00""",Pop,120,08 Mannen Kunnen Niet Alleen Zijn.mp3,2025,English,1,Luna,1,0,"Mainstream,All Weather,All Season,Youth/adult"
Impact,times,"SG Lewis, Robyn, Channel Tres","=""00:04:45""",Electronic,117,08 Impact (feat. Robyn & Channel Tres).mp3,2021,English,1,"PMR Records, EMI",1,0,"Electro,Deep House,Upbeat,All Weather,All Season"
Massive,"Honestly, Nevermind",Drake,"=""00:05:37""",Dance,125,08 Massive.mp3,2022,English,1,"OVO Sound, Republic Records",1,0,"Upbeat,All Weather,All Season,Youth/adult"
Resurrection Day,Good News (Deluxe Edition),Rend Collective,"=""00:03:43""",Pop,164,08 Resurrection Day.mp3,2018,English,1,Rend Recordings,1,0,"Energetic,All Weather,All Season"
Meet Me At Our Spot,THE ANXIETY,"THE ANXIETY, WILLOW, Tyler Cole","=""00:02:43""",Alternative,95,08 Meet Me At Our Spot.mp3,2020,English,1,"MSFTSMusic, Roc Nation",1,0,"Balanced,All Weather,All Season"
Save You a Seat,"You'll Be Alright, Kid (Chapter 1)",Alex Warren,"=""00:03:18""",Pop,136,08 Save You a Seat.mp3,2024,English,1,Alex Warren,1,0,"Mainstream,All Weather,All Season,Youth/adult"
Smooth Breeze,Smooth Breeze,Oceanly,"=""00:02:13""",Pop,88,08 Smooth Breeze.mp3,2022,English,1,Oceanly,0,1,"Balanced,All Weather,All Season"
Stiekem,Leven,"Maan, Goldband","=""00:03:23""",Pop,128,08 Stiekem.mp3,2022,English,1,8ball Music,1,0,"Mainstream,All Weather,All Season,Youth/adult"
The Climb,The Time Of Our Lives (International Version),Miley Cyrus,"=""00:03:55""",Pop,162,08 The Climb.mp3,2009,English,1,Miley Cyrus,1,0,"Energetic,All Weather,All Season"
Until We Leave the Ground - Steve James Remix,Far from Here (The Remix Album),"Emmit Fenn, Steve James","=""00:03:17""",Pop,124,08 Until We Leave the Ground - Steve James Remix.mp3,2021,English,1,"Emmit Fenn, Steve James",1,0,"Balanced,All Weather,All Season"
Work of Art,Walk Me Home...,Benson Boone,"=""00:02:50""",Pop,92,08 Work of Art.mp3,2022,English,1,"Warner Records, Night Street Records",1,0,"Mainstream,All Weather,All Season,Youth/adult"
august,folklore,Taylor Swift,"=""00:04:22""",Alternative,90,08 august.mp3,2020,English,1,Taylor Swift,1,0,"Balanced,All Weather,All Season"
happier,SOUR,Olivia Rodrigo,"=""00:02:56""",Pop,85,08 happier.mp3,2021,English,1,Olivia Rodrigo PS,1,0,"Mainstream,All Weather,All Season,Youth/adult"
ceilings,five seconds flat,Lizzy McAlpine,"=""00:03:03""",Alternative,99,08 ceilings.mp3,2022,English,1,Harbour Artists & Music,1,0,"Balanced,All Weather,All Season"
Als Je Gaat,Twee Stappen Voor,FLEMMING,"=""00:02:58""",Pop,115,09 Als Je Gaat.mp3,2024,English,1,8ball Music,1,0,"Mainstream,All Weather,All Season,Youth/adult"
Dancer,My Lover,Claire Rosinkranz,"=""00:03:00""",Pop,129,09 Dancer.mp3,2026,English,1,Purple Monkey Recordz,1,0,"Upbeat,All Weather,All Season,Youth/adult"
Always Remember Us This Way,A Star Is Born Soundtrack,Lady Gaga,"=""00:03:30""",Rock,130,09 Always Remember Us This Way.mp3,2018,English,1,Interscope Records,1,0,"Non-music,Pop,Stage & Screen,Mainstream,All Weather,All Season,Youth/adult"
Dansen Met Mij,New Life,"Big2, Antoon","=""00:02:43""",Pop,77,09 Dansen Met Mij.mp3,2021,English,1,Dreamteam,1,0,"Calm,Rainy,All Season"
Eindelijk Mezelf,Eindelijk Mezelf,Luna,"=""00:02:09""",Pop,127,09 Eindelijk Mezelf.mp3,2025,English,1,Luna,1,0,"Mainstream,All Weather,All Season,Youth/adult"
FEELS RIGHT,OASIS,"Darius, Duñe","=""00:04:30""",Pop,123,09 FEELS RIGHT.mp3,2022,English,1,"Darius, Duñe",1,0,"Balanced,All Weather,All Season"
Fingerprints,Into The Wild,Dan Bremnes,"=""00:02:38""",Pop,86,09 Fingerprints.mp3,2022,English,1,Curb | Word,1,0,"Balanced,All Weather,All Season"
Flight's Booked,"Honestly, Nevermind",Drake,"=""00:04:14""",Dance,122,09 Flight's Booked.mp3,2022,English,1,"OVO Sound, Republic Records",1,0,"Upbeat,All Weather,All Season,Youth/adult"
Magic,B.o.B Presents: The Adventures of Bobby Ray (Deluxe),B.o.B; Rivers Cuomo,"=""00:03:16""",Hip Hop,82,09 Magic (feat. Rivers Cuomo).mp3,2010,English,1,"Atlantic, Grand Hustle, Rebel Rock",1,0,"Pop Rap,Mainstream,All Weather,All Season,Youth/adult"
Northern Lights,TOGETHER,Third Party,"=""00:05:01""",Electronic,128,09 Northern Lights.mp3,2019,English,1,Release Records,1,0,"Dance,Electro,House,Upbeat,All Weather,All Season,Youth/adult"
Nothing Breaks Like a Heart (feat. Miley Cyrus),Late Night Feelings,"Mark Ronson, Miley Cyrus","=""00:03:37""",Pop,113,09 Nothing Breaks Like a Heart (feat. Miley Cyrus).mp3,2019,English,1,Mark Ronson,1,0,"Balanced,All Weather,All Season"
Stay,Unapologetic,Rihanna,"=""00:04:01""",Pop,112,09 Stay.mp3,2012,English,1,"Def Jam Recordings, SRP Records, Roc Nation",1,0,"Synth-pop,Mainstream,All Weather,All Season,Youth/adult"
UNHEALTHY (feat. Shania Twain),UNHEALTHY (Deluxe),"Anne-Marie, Shania Twain","=""00:02:30""",Pop,120,09 UNHEALTHY (feat. Shania Twain).mp3,2023,English,1,Anne-Marie,1,0,"Mainstream,All Weather,All Season,Youth/adult"
Svag,Fånga mig när jag faller,Victor Leksell,"=""00:03:11""",Pop,153,09 Svag.mp3,2020,Swedish,1,Columbia,1,0,"Energetic,All Weather,All Season"
breathin,Sweetener,Ariana Grande,"=""00:03:18""",Pop,100,09 breathin.mp3,2018,English,1,"Island, Polydor, Republic Records, Universal",1,0,"Mainstream,All Weather,All Season,Youth/adult"
Atlantis,Tell Me It's Real (Expanded Edition),Seafret,"=""00:03:49""",Alternative,165,10 Atlantis.mp3,2016,English,1,Seafret,1,0,"Energetic,All Weather,All Season"
Beauty And A Beat,Believe,"Justin Bieber, Nicki Minaj","=""00:03:48""",Pop,128,10 Beauty And A Beat.mp3,2012,English,1,Justin Bieber,1,0,"Mainstream,All Weather,All Season,Youth/adult"
Can't Help Falling In Love,Crazy Rich Asians (Original Motion Picture Soundtrack),Kina Grannis,"=""00:03:22""",Pop,185,10 Can't Help Falling In Love.mp3,2018,English,1,WaterTower Music,0,1,"Energetic,All Weather,All Season"
Encore Une Fois,Parler Français,Claude,"=""00:03:10""",Pop,83,10 Encore Une Fois.mp3,2024,French,1,Cloud 9 Digital,1,0,"Mainstream,All Weather,All Season,Youth/adult"
Give Your Heart a Break,Unbroken,Demi Lovato,"=""00:03:25""",Pop,123,10 Give Your Heart a Break.mp3,2011,English,1,Hollywood Records,1,0,"Mainstream,All Weather,All Season,Youth/adult"
Heather,Kid Krow,Conan Gray,"=""00:03:18""",Pop,92,10 Heather.mp3,2020,English,1,Republic Records,1,0,"Mainstream,All Weather,All Season,Youth/adult"
Light It Up,Light It Up (Ritviz Diwali Edition),"Major Lazer, Nyla, Fuse ODG & Ritviz","=""00:02:46""",Electronic,108,10 Light It Up.mp3,2015,English,1,DML Music IP,1,0,"Dancehall,Dubstep,Bass Music,Bounce,Reggae,Upbeat,All Weather,All Season,Youth/adult"
Must Be Love,The Show,Niall Horan,"=""00:03:10""",Pop,172,10 Must Be Love.mp3,2023,English,1,Capitol Records,1,0,"Mainstream,All Weather,All Season,Youth/adult"
One Direction Medley- Best Song Ever - One Thing - Kiss You - Steal My Girl - What Makes You Beautif,Vocal Point,BYU Vocal Point,"=""00:03:30""",Pop,131,10 One Direction Medley- Best Song Ever - One Thing - Kiss You - Steal My Girl - What Makes You Beautiful - Story of My Life - Little Things.mp3,2020,English,1,BYU Vocal Point,1,0,"Energetic,All Weather,All Season"
Rood,#1,Marco Borsato,"=""00:05:19""",Pop,137,10 Rood.mp3,2011,English,1,Universal,1,0,"Mainstream,All Weather,All Season,Youth/adult"
SOS,ABBA Gold,ABBA,"=""00:03:21""",Pop,124,10 SOS.mp3,1975,English,1,Polar,1,0,"Mainstream,All Weather,All Season,Youth/adult"
Truth Be Told,Brand New,Matthew West,"=""00:03:39""",Pop,126,10 Truth Be Told.mp3,2020,English,1,Matthew West,1,0,"Energetic,All Weather,All Season"
Voor Je Van Me Houdt,Als Je Voor Me Staat,Jaap Reesema,"=""00:03:18""",Pop,103,10 Voor Je Van Me Houdt.mp3,2023,English,1,Jaap Reesema,1,0,"Mainstream,All Weather,All Season,Youth/adult"
favorite crime,SOUR,Olivia Rodrigo,"=""00:02:33""",Pop,172,10 favorite crime.mp3,2021,English,1,Olivia Rodrigo PS,1,0,"Mainstream,All Weather,All Season,Youth/adult"
Drive (feat. Delilah Montagu) - Edit,Subconsciously,"Black Coffee, David Guetta, Delilah Montagu","=""00:03:11""",Pop,118,11 Drive (feat. Delilah Montagu) - Edit.mp3,2021,English,1,"Black Coffee, David Guetta, Delilah Montagu",1,0,"Balanced,All Weather,All Season"
FADED,OASIS,"Darius, Amaria","=""00:03:36""",Pop,109,11 FADED.mp3,2022,English,1,Roche Musique,1,0,"Balanced,All Weather,All Season"
Ghost,Justice,Justin Bieber,"=""00:02:33""",Pop,154,11 Ghost.mp3,2021,English,1,"Def Jam Recordings, Raymond Braun Media Group",1,0,"Mainstream,All Weather,All Season,Youth/adult"
House Tour,Man’s Best Friend,Sabrina Carpenter,"=""00:02:49""",Pop,118,11 House Tour.mp3,2025,English,1,Island,1,0,"Upbeat,All Weather,All Season,Youth/adult"
I Follow Rivers - The Magician Remix,Wounded Rhymes,"Lykke Li, The Magician","=""00:04:40""",Pop,122,11 I Follow Rivers - The Magician Remix.mp3,2011,English,1,"Lykke Li, The Magician",0,1,"Balanced,All Weather,All Season"
Ik Geloof In Jou,Paradijs,"Pjotr, Marc Floor","=""00:02:43""",Pop,96,11 Ik Geloof In Jou.mp3,2024,English,1,"Pjotr, Marc Floor",1,0,"Mainstream,All Weather,All Season,Youth/adult"
I Miss You,What Is Love,"Clean Bandit, Julia Michaels","=""00:03:26""",Pop,105,11 I Miss You (feat. Julia Michaels).mp3,2018,English,1,Atlantic,1,0,"Mainstream,All Weather,All Season,Youth/adult"
Iris,Dizzy up the Girl,The Goo Goo Dolls,"=""00:04:50""",Pop,103,11 Iris.mp3,1998,English,1,The Goo Goo Dolls,1,0,"Mainstream,All Weather,All Season,Youth/adult"
Lost,channel ORANGE,Frank Ocean,"=""00:03:54""",R&B,123,11 Lost.mp3,2012,English,1,"IDJ, RedZone Entertainment",1,0,"Balanced,All Weather,All Season"
Satellite,Harry's House,Harry Styles,"=""00:03:39""",Pop,139,11 Satellite.mp3,2022,English,1,Columbia,1,0,"Upbeat,All Weather,All Season,Youth/adult"
Save Your Tears,After Hours,The Weeknd,"=""00:03:36""",Electronic,118,11 Save Your Tears.mp3,2020,English,1,Republic Records,1,0,"Pop,Dance,Indie,Electro,Upbeat,All Weather,All Season,Youth/adult"
Scare Away the Dark,Whispers (Deluxe),Passenger,"=""00:04:36""",Pop,71,11 Scare Away the Dark.mp3,2014,English,1,Black Crow Records,1,0,"Calm,Rainy,All Season"
Stolen Dance,Sadnecessary,Milky Chance,"=""00:05:14""",Alternative,114,11 Stolen Dance.mp3,2013,English,1,Stoned In Paradise,1,0,"Upbeat,All Weather,All Season"
We Are One (Ole Ola) [The Official 2014 FIFA World Cup Song] (feat. Jennifer Lopez & Claudia Leitte),Globalization,"Pitbull, Jennifer Lopez, Claudia Leitte","=""00:03:43""",Pop,125,11 We Are One (Ole Ola) [The Official 2014 FIFA World Cup Song] (feat. Jennifer Lopez & Claudia Leitte).mp3,2014,English,1,Pitbull,1,0,"Energetic,All Weather,All Season"
This Afternoon,Dark Horse,Nickelback,"=""00:04:34""",Rock,161,11 This Afternoon.mp3,2008,English,1,Roadrunner Records,1,0,"Energetic,All Weather,All Season"
YOU'RE THE ONE,99.9%,"KAYTRANADA, Syd","=""00:03:48""",Pop,118,11 YOU'RE THE ONE.mp3,2016,English,1,Apple Music,1,0,"Balanced,All Weather,All Season"
All I Want,High School Musical- The Musical- The Series (Original Soundtrack),"Olivia Rodrigo, Disney","=""00:02:57""",Pop,156,12 All I Want.mp3,2020,English,1,"Olivia Rodrigo, Disney",1,0,"Energetic,All Weather,All Season"
Breathe,Opus,"Eric Prydz, Rob Swire","=""00:03:10""",Electro House,90,12 Breathe.mp3,2016,English,1,Virgin,1,0,"Upbeat,All Weather,All Season"
Breng Me Naar Het Water - Bonus Track,Evenwicht,"Marco Borsato, Matt Simons","=""00:04:06""",Pop,73,12 Breng Me Naar Het Water - Bonus Track.mp3,2016,English,1,"Marco Borsato, Matt Simons",1,0,"Calm,Rainy,All Season"
GAY ALICE IN WONDERLAND,A WOMAN,Thunder Bae,"=""00:04:21""",Pop,110,12 GAY ALICE IN WONDERLAND.mp3,2026,English,1,Cleopatra,1,0,"Balanced,All Weather,All Season"
Experience,In A Time Lapse,"Ludovico Einaudi, Daniel Hope, I Virtuosi Italiani","=""00:05:15""",Classical,92,12 Experience.mp3,2013,English,1,Ludovico Einaudi,0,1,"Calm,Rainy,All Season"
Hesitate,Happiness Begins,Jonas Brothers,"=""00:03:29""",Pop,118,12 Hesitate.mp3,2019,English,1,Jonas Brothers,1,0,"Mainstream,All Weather,All Season,Youth/adult"
Je Verdient Beter,Recklezz,"KA, Willem","=""00:03:22""",Pop,102,12 Je Verdient Beter.mp3,2022,English,1,Hella Cash,1,0,"Balanced,All Weather,All Season"
January,Settle,"Disclosure, Jamie Woon","=""00:05:55""",Electronic,120,12 January.mp3,2013,English,1,Island,1,0,"Electro,Electronica,Dance,Upbeat,All Weather,All Season,Youth/adult"
Levitating (feat. DaBaby),Future Nostalgia (The Moonlight Edition),"Dua Lipa, DaBaby","=""00:03:23""",Pop,103,12 Levitating (feat. DaBaby).mp3,2020,English,1,Warner Records,1,0,"Synth-pop,Pop Rap,Pop Dance,Latin,Disco,Upbeat,Sunny,Summer,Youth/adult"
Never Gonna Forget,Subconsciously,"Black Coffee, Diplo, Elderbrook","=""00:03:20""",Electronic,120,12 Never Gonna Forget (with Diplo feat. Elderbrook).mp3,2021,English,1,Ultra Records,1,0,"House,R&B,Upbeat,All Weather,All Season"
Next 2 U,Wide Awake,"Sonny Fodera, Sinéad Harnett, Bru-C","=""00:02:56""",Dance,135,12 Next 2 U (feat. Sinead Harnett & Bru-C).mp3,2021,English,1,Solotoko,1,0,"Electro,House,Upbeat,All Weather,All Season,Youth/adult"
Peaches,Justice,"Justin Bieber, Daniel Caesar, GIVĒON","=""00:03:18""",Pop,90,12 Peaches (feat. Daniel Caesar & Giveon).mp3,2021,English,1,"Def Jam Recordings, SB Projects, School Boy Records, Raymond Braun Media Group",1,0,"Mainstream,All Weather,All Season,Youth/adult"
Say Yes,Homegrown (Deluxe),"VanJess, TOKiMONSTA","=""00:03:54""",Funk / Soul,122,12 Say Yes (feat. TOKiMONSTA).mp3,2021,English,1,"Keep Cool, RCA",1,0,"Neo Soul,R&B,Smooth,All Weather,All Season"
Bimini Road,Bimini Road,Moon Boots,"=""00:04:53""",Dance,122,12 W.T.F.mp3,2019,English,1,Anjunadeep,1,0,"Deep House,Progressive house,Nu-Disco,Upbeat,All Weather,All Season,Youth/adult"
You Belong With Me (Taylor’s Version),Fearless (Taylor's Version),Taylor Swift,"=""00:03:52""",Country,130,12 You Belong With Me.mp3,2021,English,1,Taylor Swift,1,0,"Energetic,All Weather,All Season"
Altijd Op Je Wacht,22,MEAU,"=""00:03:32""",Pop,111,13 Altijd Op Je Wacht.mp3,2023,English,1,Excited About Music,1,0,"Mainstream,All Weather,All Season,Youth/adult"
Habits (Stay High),Queen Of The Clouds,Tove Lo,"=""00:03:29""",Alternative,110,13 Habits (Stay High).mp3,2014,English,1,Tove Lo,1,0,"Balanced,All Weather,All Season"
Hey There Delilah,All That We Needed,Plain White T's,"=""00:03:53""",Alternative,104,13 Hey There Delilah.mp3,2005,English,1,Fearless Records,1,0,"Balanced,All Weather,All Season"
Liefde Onderschat,Liefde Onderschat,MEAU,"=""00:03:19""",Pop,94,13 Liefde Onderschat.mp3,2025,English,1,MEAU,1,0,"Mainstream,All Weather,All Season,Youth/adult"
Lost in the Wild,What If Nothing,WALK THE MOON,"=""00:03:56""",Alternative,133,13 Lost In The Wild.mp3,2017,English,1,RCA,1,0,"Energetic,All Weather,All Season"
Now Is Forever - Bonus Track,How Can It Be (Deluxe Edition),Lauren Daigle,"=""00:03:13""",Pop,120,13 Now Is Forever - Bonus Track.mp3,2015,English,1,Lauren Daigle,1,0,"Balanced,All Weather,All Season"
Rollercoaster,Happiness Begins,Jonas Brothers,"=""00:03:02""",Pop,124,13 Rollercoaster.mp3,2019,English,1,Jonas Brothers,1,0,"Mainstream,All Weather,All Season,Youth/adult"
Rush,19 & Dangerous (Deluxe),Ayra Starr,"=""00:03:05""",Pop,100,13 Rush.mp3,2022,English,1,Mavin Records,1,0,"Balanced,All Weather,All Season"
Spectrum (Say My Name) - Calvin Harris Remix,Ceremonials,"Florence + The Machine, Calvin Harris","=""00:03:38""",Pop,126,13 Spectrum (Say My Name) - Calvin Harris Remix.mp3,2011,English,1,"Florence + The Machine, Calvin Harris",1,0,"Energetic,All Weather,All Season"
We're Good,Future Nostalgia (The Moonlight Edition),Dua Lipa,"=""00:02:46""",Pop,134,13 We're Good.mp3,2021,English,1,Warner Records,1,0,"Mainstream,All Weather,All Season,Youth/adult"
Worth It.,My 21st Century Blues,RAYE,"=""00:04:07""",Pop,110,13 Worth It.mp3,2023,English,1,Human Re Sources,1,0,"R&B,Pop Dance,Upbeat,All Weather,All Season,Youth/adult"
i love you,"WHEN WE ALL FALL ASLEEP, WHERE DO WE GO?",Billie Eilish,"=""00:04:52""",Alternative,137,13 i love you.mp3,2019,English,1,"Darkroom, Interscope Records",1,0,"Indie Pop,Alt-pop,Downtempo,Vocal,Ballad,Mainstream,All Weather,All Season,Youth/adult"
Domino,Who You Are (Platinum Edition),Jessie J,"=""00:03:52""",Pop,127,14 Domino.mp3,2011,English,1,Jessie J,1,0,"Electronic,House,Upbeat,Sunny,All Season,Youth/adult"
Empire State of Mind (Part II) Broken Down,The Element Of Freedom,Alicia Keys,"=""00:03:37""",Pop,185,14 Empire State of Mind (Part II) Broken Down.mp3,2009,English,1,Alicia Keys,1,0,"Energetic,All Weather,All Season"
Evergreen (You Didn’t Deserve Me At All),Ivory,Omar Apollo,"=""00:03:37""",Pop,164,14 Evergreen (You Didn’t Deserve Me At All).mp3,2022,English,1,Warner Records,1,0,"Mainstream,All Weather,All Season,Youth/adult"
Heat Waves,Dreamland,Glass Animals,"=""00:03:59""",Pop,81,14 Heat Waves.mp3,2020,English,1,Polydor,1,0,"Balanced,All Weather,All Season"
Je Maakte Me Gek (Suspicious Minds),25 Jaar,John Spencer,"=""00:03:10""",Pop,132,14 Je Maakte Me Gek (Suspicious Minds).mp3,2005,English,1,HJDM Music,1,0,"Mainstream,All Weather,All Season,Youth/adult"
Kiss Me More (feat. SZA),Planet Her,"Doja Cat, SZA","=""00:03:29""",Pop,111,14 Kiss Me More (feat. SZA).mp3,2021,English,1,Doja Cat,1,0,"Mainstream,All Weather,All Season,Youth/adult"
La danse des bandits,Les mains faites pour l'or,"Naps, SCH","=""00:02:54""",Hip-Hop Rap,68,14 La danse des bandits.mp3,2021,English,1,13ème Art Music,1,0,"Calm,Rainy,All Season"
Oceans,Aniimals,Moglii,"=""00:02:52""",Electronic,115,14 Oceans.mp3,2024,English,1,[no label],1,0,"Energetic,All Weather,All Season"
Palm Trees - Motez Remix,"And After That, We Didn't Talk - The Remixes","GoldLink, Motez","=""00:04:38""",Pop,113,14 Palm Trees - Motez Remix.mp3,2016,English,1,"GoldLink, Motez",1,0,"Balanced,All Weather,All Season"
The Night We Met,Strange Trails,Lord Huron,"=""00:03:28""",Indie,172,14 The Night We Met.mp3,2015,English,1,Play It Again Sam,1,0,"Fresh,All Weather,All Season"
Douha,"Boiler Room: Disclosure, Streaming From Isolation, Apr 10, 2020","Disclosure, Fatoumata Diawara","=""00:02:52""",Pop,124,15 Douha (Mali Mali) (Edit).mp3,2020,English,1,Boiler Room,1,0,"Balanced,All Weather,All Season"
Numbers,Sad in Scandinavia,"Seeb, Simon Jonasson","=""00:02:52""",Dance,92,15 Numbers.mp3,2021,English,1,Universal Music,1,0,"Upbeat,All Weather,All Season,Youth/adult"
Hills and Valleys - Live,Citizen of Heaven (Live),Tauren Wells,"=""00:05:38""",Pop,162,15 Hills and Valleys - Live.mp3,2021,English,1,Tauren Wells,1,0,"Energetic,All Weather,All Season"
"Sally, When The Wine Runs Out",Kansas Anymore (The Longest Goodbye),ROLE MODEL,"=""00:03:39""",Pop,120,"15 Sally, When The Wine Runs Out.mp3",2025,English,1,Universal,1,0,"Mainstream,All Weather,All Season,Youth/adult"
We Are Child Of Love - Mario's ReDub,"Future Disco, Vol. 5 - Downtown Express",Mario Basanov,"=""00:05:23""",Pop,120,15 We Are Child Of Love - Mario's ReDub.mp3,2012,English,1,Mario Basanov,0,1,"Balanced,All Weather,All Season"
Babylon,Chromatica,Lady Gaga,"=""00:02:42""",Pop,116,16 Babylon.mp3,2020,English,1,Interscope Records,1,0,"Mainstream,All Weather,All Season,Youth/adult"
Dream Machine,Paradise (Bonus Edition),"Purple Disco Machine, Alison Goldfrapp","=""00:03:27""",Dance,120,16 Dream Machine.mp3,2025,English,1,Polystar,1,0,"Upbeat,All Weather,All Season,Youth/adult"
Wavin' Flag - Coca-Cola® Celebration Mix,Troubadour (Champion Edition),K'NAAN,"=""00:03:33""",Pop,152,16 Wavin' Flag - Coca-Cola® Celebration Mix.mp3,2009,English,1,K'NAAN,1,0,"Energetic,All Weather,All Season"
Soms,Soms,"Josylvio, Antoon","=""00:02:40""",Pop,98,16 Soms.mp3,2022,English,1,Josylvio & Antoon,1,0,"Balanced,All Weather,All Season"
I Don't Search I Find (Honey Dijon Radio Mix),Finally Enough Love,Madonna,"=""00:05:23""",Pop,124,16 I Don't Search I Find (Honey Dijon Radio Mix).mp3,2022,English,1,"Rhino Records, Warner Records",1,0,"Pop Dance,Synth-pop,New Jack Swing,Ballroom,House,Progressive house,Tribal House,Electro House,Tech House,Upbeat,All Weather,All Season,Youth/adult"
We Are Never Ever Getting Back Together,Red,Taylor Swift,"=""00:03:13""",Pop,86,16 We Are Never Ever Getting Back Together.mp3,2012,English,1,Taylor Swift,1,0,"Mainstream,All Weather,All Season,Youth/adult"
What's In Your Head,Settle (Special Edition),Disclosure,"=""00:05:31""",Electronic,124,16 What's In Your Head.mp3,2013,English,1,Island Records Group,1,0,"Dance,Electro,House,Electronica,Upbeat,All Weather,All Season,Youth/adult"
I Feel It Coming,Starboy,"The Weeknd, Daft Punk","=""00:04:29""",Pop,93,18 I Feel It Coming.mp3,2016,English,1,The Weeknd,1,0,"Balanced,All Weather,All Season"
Sad Songs (CloudNone remix),ASCEND (Remixes),"ILLENIUM, Said The Sky, Annika Wells, CloudNone","=""00:03:55""",Electronic,128,18 Sad Songs (with Said The Sky & Annika Wells) [CloudNone Remix].mp3,2020,English,1,Astralwerks,1,0,"Dubstep,Drum N Bass,Electro House,Psy-trance,Progressive house,Upbeat,All Weather,All Season"
Sweet Goodbyes,Best Of,Krezip,"=""00:03:11""",Pop,110,17 Sweet Goodbyes.mp3,2008,English,1,Sony BMG Music Entertainment,1,0,"Soft Rock,Pop Rock,Mainstream,All Weather,All Season,Youth/adult"
Shots - Broiler Remix,Smoke + Mirrors (Deluxe),"Imagine Dragons, Broiler","=""00:03:11""",Pop,120,19 Shots - Broiler Remix.mp3,2015,English,1,"Imagine Dragons, Broiler",1,0,"Balanced,All Weather,All Season"
We Don't Have To Take Our Clothes Off - Remastered 2015,Feline (Deluxe),Ella Eyre,"=""00:03:56""",Pop,97,18 We Don't Have To Take Our Clothes Off - Remastered 2015.mp3,2015,English,1,Ella Eyre,1,0,"Balanced,All Weather,All Season"
Daydream - Snakehips Remix,Under My Influence (Deluxe),"The Aces, Snakehips","=""00:02:55""",Pop,123,19 Daydream - Snakehips Remix.mp3,2021,English,1,"The Aces, Snakehips",1,0,"Balanced,All Weather,All Season"
Jongen Van De Straat,Jongen Van De Straat,Lil Kleine,"=""00:02:36""",Pop,94,22 Jongen Van De Straat.mp3,2020,English,1,Top Notch,1,0,"Balanced,All Weather,All Season"
Anxiety,Alligator Bites Never Heal (Extended),Doechii,"=""00:04:09""",Pop Rap,129,20 Anxiety.mp3,2025,English,1,Doechii,1,0,"Popular Music,Energetic,All Weather,All Season"
F For You,Settle (Special Edition),"Disclosure, Mary J. Blige","=""00:06:15""",Pop,124,37 F For You.mp3,2013,English,1,Disclosure,1,0,"Balanced,All Weather,All Season"
Your Love (9am),Die Ultimative Chartshow: Die erfolgreichsten Sommer Party-Hits,ATB x Topic x A7S,"=""00:02:30""",Pop,126,ATB x Topic x A7S - Your Love (9PM).mp3,2021,English,1,"Polystar, Universal Music Group",1,0,"Energetic,All Weather,All Season"
Don't Shut Me Down,Voyage,ABBA,"=""00:03:58""",Pop,100,ABBA - Don't Shut Me Down.mp3,2021,English,1,Polar,1,0,"Mainstream,All Weather,All Season,Youth/adult"
Big Dick - Spuit Me Vol Edit,Pussy Lounge 2017,Bass Chaserz,"=""00:04:00""",Pop,150,38 Big Dick - Spuit Me Vol Edit.mp3,2018,English,1,Bass Chaserz,1,0,"Energetic,All Weather,All Season"
In My Mind,In My Mind,Alok & John Legend,"=""00:03:04""",Pop,108,Alok & John Legend - In My Mind.mp3,2021,English,1,"Columbia, B1 Recordings",1,0,"Pop Dance,Upbeat,All Weather,All Season,Youth/adult"
Baller,Songs gehasst/Baller,Abor & Tynna,"=""00:02:47""",Pop,137,Abor & Tynna - Baller.mp3,2025,English,1,Jive,1,0,"Mainstream,All Weather,All Season,Youth/adult"
2sad2disco,Kapitel I 2sad2disco (2sad2disco),Apache 207,"=""00:04:26""",Electronic,108,Apache 207 - 2sad2disco (Kapitel I.mp3,2021,English,1,Sony Music,1,0,"Disco,Energetic,All Weather,All Season,Youth/adult"
Wunder,Wunder,Ayliva & Apache 207,"=""00:04:59""",5+ Wochen,100,Ayliva & Apache 207 - Wunder.mp3,2024,English,1,"Warner Music Germany, Whiteheart Records",1,0,"Balanced,All Weather,All Season"
Fluch,Neue Welt,Azet,"=""00:03:13""",Pop,120,Azet - Fluch.mp3,2021,English,1,KMN Gang,1,0,"Balanced,All Weather,All Season"
Butter,Butter,BTS,"=""00:03:03""",Pop,110,BTS - Butter.mp3,2021,English,1,HYBE,1,0,"K-pop,Mainstream,All Weather,All Season,Youth/adult"
Badmómz.,badmómz.,Badmómzjay,"=""00:02:06""",Hip Hop,132,Badmómzjay - Badmómz..mp3,2021,German,1,Bad Momz Records,1,0,"Confident,All Weather,All Season,Youth/adult"
Madonna,Madonna,Bausa vs. Apache 207,"=""00:03:32""",Pop,117,Bausa vs. Apache 207 - Madonna.mp3,2021,English,1,Downbeat,1,0,"Mainstream,All Weather,All Season,Youth/adult"
Happier Than Ever,Happier Than Ever,Billie Eilish,"=""00:05:15""",Alternative,163,Billie Eilish - Happier Than Ever.mp3,2021,English,1,"Darkroom Records, Interscope Records",1,0,"Energetic,All Weather,All Season"
Drive,Drive,Clean Bandit & Topic,"=""00:03:02""",Electronic,126,Clean Bandit & Topic - Drive.mp3,2021,English,1,Atlantic,1,0,"House,Upbeat,All Weather,All Season,Youth/adult"
Your Power,Happier Than Ever,Billie Eilish,"=""00:04:23""",Alternative,130,Billie Eilish - Your Power.mp3,2021,English,1,"Darkroom Records, Interscope Records",1,0,"Energetic,All Weather,All Season"
No Broke Boys,No Broke Boys,Disco Lines & Tinashe,"=""00:02:51""",Dance,130,Disco Lines & Tinashe - No Broke Boys.mp3,2025,English,1,"Nice Life, Atlantic",1,0,"House,Upbeat,All Weather,All Season,Youth/adult"
Woman,Planet Her,Doja Cat,"=""00:02:53""",Pop,108,Doja Cat - Woman.mp3,2021,English,1,Sony Music,1,0,"Mainstream,All Weather,All Season,Youth/adult"
Blessed,BLESSED,Cro X Capital Bra,"=""00:04:42""",Pop,90,Cro X Capital Bra - Blessed.mp3,2021,English,1,URBAN,1,0,"Balanced,All Weather,All Season"
Levitating,Future Nostalgia,Dua Lipa,"=""00:03:41""",Pop,103,Dua Lipa - Levitating.mp3,2020,English,1,Warner Records,1,0,"Mainstream,All Weather,All Season,Youth/adult"
Bad Habits,Bad Habits,Ed Sheeran,"=""00:04:01""",Pop,126,Ed Sheeran - Bad Habits.mp3,2021,English,1,"Asylum Records, Atlantic",1,0,"Pop Dance,Upbeat,All Weather,All Season,Youth/adult"
Cold Heart,Diamonds,"Elton John, Dua Lipa","=""00:04:14""",Pop,117,"Elton John, Dua Lipa - Cold Heart (PNAU Remix).mp3",2021,English,1,UMC,1,0,"Mainstream,All Weather,All Season,Youth/adult"
Durstlöscher,Durstlöscher,01099,"=""00:02:41""",Hip Hop,135,01099 - Durstloscher.mp3,2021,German,1,Groove Attack,1,0,"Confident,All Weather,All Season,Youth/adult"
Verpennt,Verpennt,187 Steassenbande,"=""00:03:29""",Hip Hop,90,187 Steassenbande - Verpennt.mp3,2021,English,1,"187 Strassenbande, Bonez MC, LX & Sa4",1,0,"Balanced,All Weather,All Season"
Morgen,Morgen,Apache 207,"=""00:03:34""",Pop,164,Apache 207 - Morgen.mp3,2025,English,1,Feder Musik,1,0,"Energetic,All Weather,All Season"
Renn!,Renn!,Ayliva,"=""00:03:09""",Pop,128,Ayliva - Renn!.mp3,2026,English,1,Whiteheart Records,1,0,"Mainstream,All Weather,All Season,Youth/adult"
Lieb mich,In Liebe,Ayliva,"=""00:03:24""",Pop,95,Ayliva - Lieb mich.mp3,2024,English,1,Whiteheart Records,1,0,"Mainstream,All Weather,All Season,Youth/adult"
Hässlich,Schwarzes Herz,Ayliva,"=""00:02:14""",Pop,108,Ayliva - Hässlich.mp3,2023,German,1,"Warner Music Germany, Whiteheart Records",1,0,"Mainstream,All Weather,All Season,Youth/adult"
Wie,Wie?,Ayliva,"=""00:02:54""",Pop,130,Ayliva - Wie.mp3,2025,English,1,Polystar,1,0,"Mainstream,All Weather,All Season,Youth/adult"
30 Mal am tag,30 mal am Tag,Aymen & Sira,"=""00:02:48""",Hip Hop,127,Aymen & Sira - 30 Mal am tag.mp3,2025,English,1,Epic,1,0,"Confident,All Weather,All Season,Youth/adult"
Sommer,Sommer,Beatzarre & Djorkaeff X Lea X Capital Bra,"=""00:03:09""",Pop,152,Beatzarre & Djorkaeff X Lea X Capital Bra - Sommer.mp3,2021,English,1,Urban,1,0,"Mainstream,All Weather,All Season,Youth/adult"
Pa mu,EUROSPORT,Dardan & Azet,"=""00:03:06""",Pop,104,Dardan & Azet - Pa mu.mp3,2024,English,1,Warner Music Central Europe,1,0,"Balanced,All Weather,All Season"
Liege wieder wach,SOLD,Jamule,"=""00:03:18""",Hip Hop,164,Jamule - Liege wieder wach.mp3,2021,English,1,Life is Pain,1,0,"Confident,All Weather,All Season,Youth/adult"
Dorfkinder,Dorfkinder,Finnel,"=""00:02:29""",Pop,140,Finnel - Dorfkinder.mp3,2023,English,1,Sony Music,1,0,"Mainstream,All Weather,All Season,Youth/adult"
Wenn ich geh,Magic,Jamule,"=""00:02:31""",Hip Hop,100,Jamule - Wenn ich geh.mp3,2021,English,1,Life Is Pain,1,0,"Confident,All Weather,All Season,Youth/adult"
Rote Augen 2,Rote Augen 2,Kalazh44 & Capital Bra,"=""00:02:38""",Pop,70,Kalazh44 & Capital Bra - Rote Augen 2.mp3,2021,English,1,[no label],1,0,"Calm,Rainy,All Season"
Schwarz,Schwarz,LEA X CASPER,"=""00:02:37""",Pop,155,LEA X CASPER - Schwarz.mp3,2021,German,1,"Treppenhaus Records, Four Music",1,0,"Ballad,Mainstream,All Weather,All Season,Youth/adult"
Wenn Du Mich Lässt,Fluss,LEA,"=""00:03:09""",Pop,136,LEA - Wenn Du Mich Lässt.mp3,2021,German,1,"Four Music, Treppenhaus Records",1,0,"Mainstream,All Weather,All Season,Youth/adult"
Geboren Um Zu leben,Augen träumen Herzen sehen,Kontra K,"=""00:02:49""",Hip Hop,90,Kontra K - Geboren Um Zu leben.mp3,2025,German,1,"Letzte Wölfe Records, Vertigo Berlin",1,0,"Confident,All Weather,All Season,Youth/adult"
Hol mich raus,Hol mich raus,Lewinray,"=""00:03:14""",Pop,140,Lewinray - Hol mich raus.mp3,2024,English,1,Lewinray,1,0,"Mainstream,All Weather,All Season,Youth/adult"
SCHMETTERLING,SCHMETTERLING,Luciano,"=""00:03:30""",Hip Hop,103,Luciano- Schemmetering.mp3,2021,English,1,Urban,1,0,"Confident,All Weather,All Season,Youth/adult"
Peppermint,Peppermint,Luciano,"=""00:03:23""",Hip Hop,130,Luciano - Peppermint.mp3,2021,English,1,Urban,1,0,"Confident,All Weather,All Season,Youth/adult"
Drei Uhr Nachts,Die ultimative Chartshow - Hits 2021,"Mark Forster, LEA","=""00:02:40""",Pop,165,"Mark Forster, LEA - Drei Uhr Nachts.mp3",2021,English,1,Polystar,1,0,"Mainstream,All Weather,All Season,Youth/adult"
MilleniumKid x JBS – Vielleicht Vielleicht,MilleniumKid x JBS – Vielleicht Vielleicht,MilleniumKid,"=""00:02:25""",Pop,140,MilleniumKid x JBS – Vielleicht Vielleicht.mp3,2023,German,1,MilleniumKid,1,0,"Energetic,All Weather,All Season"
Allein Sein,Allein sein,Mario Novembre,"=""00:03:32""",Pop,155,Mario Novembre - Allein Sein.mp3,2021,English,1,Green Elephant Records,1,0,"Mainstream,All Weather,All Season,Youth/adult"
Wellerman,Kolibri (4 Audio-CDs und 1 DVD zum Musikbuch 3/4),Nathan Evans,"=""00:02:36""",Pop,96,Nathan Evans - Wellerman.mp3,2021,English,1,Westermann,1,0,"Mainstream,All Weather,All Season,Youth/adult"
Wenn das Liebe ist,Wenn das Liebe ist,Nina Chuba,"=""00:03:10""",Hip Hop,129,Nina Chuba - Wenn das Liebe ist.mp3,2025,English,1,Jive,1,0,"Confident,All Weather,All Season,Youth/adult"
3 Uhr Nachts,"Ich lieb mich, ich lieb mich nicht",Nina Chuba,"=""00:03:05""",Pop,148,Nina Chuba - 3 Uhr Nachts.mp3,2025,English,1,Jive,1,0,"Mainstream,All Weather,All Season,Youth/adult"
Life's A Bitch (L.A.B),Life’s a Bitch (L.A.B),Nina Nesbitt,"=""00:03:11""",Pop,124,Nina Nesbitt - Life's A Bitch (L.A.B).mp3,2021,English,1,Cooking Vinyl,1,0,"Mainstream,All Weather,All Season,Youth/adult"
Sommergewitter,Sommergewitter,Pashanim,"=""00:02:17""",Hip Hop,92,Pashanim - Sommergewitter.mp3,2021,English,1,Urban,1,0,"Confident,All Weather,All Season,Youth/adult"
10 von 10,10von10,Pajel,"=""00:02:43""",Hip Hop,140,Pajel - 10 von 10.mp3,2021,English,1,Epic,1,0,"Confident,All Weather,All Season,Youth/adult"
erstersommerohnedich,erstersommerohnedich,PASHANIM,"=""00:02:49""",5+ Wochen,164,Pashanim - Erster sommer ohne dich.mp3,2025,English,1,PASHANIM,1,0,"Energetic,All Weather,All Season"
San Andreas,San Andreas,RIN,"=""00:02:23""",Hip Hop,165,RIN - San Andreas.mp3,2021,English,1,DIVISION,1,0,"Confident,All Weather,All Season,Youth/adult"
Wenn du in meinem Arm bist,Wenn du in meinem Arm bist,SDP,"=""00:03:18""",Pop,163,SDP - Wenn du in meinem Arm bist.mp3,2021,English,1,Nur Musik Ist Schöner,1,0,"Mainstream,All Weather,All Season,Youth/adult"
Mama hat gesagt,Die ultimative Chart Show: Die besten Deutschpop‐Songs,SDP x Sido x Esther Graf,"=""00:03:42""",Pop,90,SDP x Sido x Esther Graf - Mama hat gesagt.mp3,2024,German,1,Polystar,1,0,"Mainstream,All Weather,All Season"
Paradies,Paradies,Samra ft. Bojan,"=""00:02:54""",Hip Hop,95,Samra ft. Bojan - Paradies.mp3,2021,English,1,SMC,1,0,"R&B,Balanced,All Weather,All Season"
SANTOS x Sido x Samra - LEERE HÄNDE (prod by Djorkaeff & Beatzarre & Phil The Beat) (Official Video),SANTOS x Sido x Samra - LEERE HÄNDE (prod by Djorkaeff & Beatzarre & Phil The Beat) (Official Video),Santos x Sido x Samra,"=""00:02:55""",Pop,162,Santos x Sido x Samra - Leere Hande.mp3,2021,English,1,SMC,1,0,"Energetic,All Weather,All Season"
SHIRIN DAVID - Ich darf das,Ich Darf Das,Shirin David,"=""00:02:32""",Hip Hop,102,Shirin David- Ich darf das.mp3,2021,English,1,Juicy Money Records,1,0,"Confident,All Weather,All Season,Youth/adult"
Lieben wir,Barbara – Becoming Shirin David (Soundtrack),Shirin David,"=""00:02:35""",Pop,96,Shirin David - Lieben wir.mp3,2021,German,1,UMG,1,0,"Balanced,All Weather,All Season"
Love Not War (The Tampa Beat),Bravo Hits 112,Jason Derulo x Nuka,"=""00:03:34""",Pop,98,Jason Derulo x Nuka - Love Not War.mp3,2020,English,1,Sony Music Entertainment Switzerland GmbH,1,0,"Balanced,All Weather,All Season"
Akon,Megahits 2025: Die Zweite,Jazeek,"=""00:02:31""",Pop,120,Jazeek - Akon.mp3,2025,English,1,Polystar,1,0,"Balanced,All Weather,All Season"
Out out,"Kontor: Top of the Clubs, Volume 91",Joel Corry x Jax Jones,"=""00:02:43""",Dance,124,Joel Corry x Jax Jones - Out out.mp3,2021,English,1,Kontor Records,1,0,"Electronic,Pop,House,Upbeat,All Weather,All Season,Youth/adult"
Head & Heart,Today’s Hits 2020,Joel Corry x MNEK,"=""00:02:48""",Dance,123,Joel Corry x MNEK - Head & Heart.mp3,2020,English,1,Apple Music,1,0,"Upbeat,All Weather,All Season,Youth/adult"
Peaches,Justice,Justin Bieber,"=""00:03:18""",Pop,90,Justin Bieber - Peaches.mp3,2021,English,1,"Def Jam Recordings, Raymond Braun Media Group",1,0,"Mainstream,All Weather,All Season,Youth/adult"
Iko Iko (Ryan Freeston Remix),Iko Iko (Ryan Freeston Remix),Justin Wellington,"=""00:03:01""",Pop,105,Justin Wellington - Iko Iko (My Bestie).mp3,2021,English,1,Justin Wellington,1,0,"Mainstream,All Weather,All Season,Youth/adult"
Be mine,Be Mine,Kamrad,"=""00:02:39""",Pop,126,Kamrad - Be mine.mp3,2025,English,1,umn Entertainment GmbH,1,0,"Mainstream,All Weather,All Season,Youth/adult"
Faded Love,Faded Love,Leony,"=""00:02:38""",Pop,132,Leony - Faded Love.mp3,2021,English,1,Kontor Records,1,0,"Pop Dance,Upbeat,All Weather,All Season,Youth/adult"
Industry Baby,INDUSTRY BABY,Lil Nas X,"=""00:03:33""",Hip Hop,150,Lil Nas X - Industry Baby.mp3,2021,English,1,Kiss Klassics,1,0,"Pop Rap,Mainstream,All Weather,All Season,Youth/adult"
MONTERO (Call Me By your name,Montero,Lil Nas X,"=""00:02:18""",Pop,89,Lil Nas X - MONTERO (Call Me By your name.mp3,2021,English,1,Columbia,1,0,"R&B,Alternative Rock,Pop Rock,Pop Rap,Trap,Mainstream,All Weather,All Season,Youth/adult"
INDUSTRY BABY,CAN’T HOLD INDUSTRY BABY,Justify Mashups,"=""00:03:55""",Pop,150,"Lil Nas X, Jack Harlow - Industry Babe.mp3",2021,English,1,[no label],1,0,"Energetic,All Weather,All Season"
Where Are You Now,"Crosswalk, Vol. 1",Lost Frequencies ft. Calum Scott,"=""00:02:53""",Pop,121,Lost Frequencies ft. Calum Scott - Where Are You Now.mp3,2021,English,1,Apple Music,1,0,"Balanced,All Weather,All Season"
Kids from the Block,KIDS FROM THE BLOCK,Luciano,"=""00:02:57""",Hip Hop,110,Luciano - Kids from the Block.mp3,2021,English,1,Urban,1,0,"Confident,All Weather,All Season,Youth/adult"
MOMENT - Grandmaster Flow X Mellow B (Official Video),MOMENT - Grandmaster Flow X Mellow B (Official Video),MOMENT,"=""00:04:00""",Hip Hop,120,MOMENT - Grandmaster Flow.mp3,2026,English,1,SMC,1,0,"Balanced,All Weather,All Season"
Leave Before You Love Me,Leave Before You Love Me,Marshmello x Jonas Brothers,"=""00:02:45""",Rock,120,Marshmello x Jonas Brothers - Leave Before You Love Me.mp3,2021,English,1,Republic Records,1,0,"Pop Rock,Mainstream,All Weather,All Season,Youth/adult"
Astronaut In The Ocean,Astronaut In The Ocean,Masked Wolf,"=""00:02:32""",Hip Hop,150,Masked Wolf - Astronaut In The Ocean.mp3,2021,English,1,Elektra,1,0,"Trap,Confident,All Weather,All Season,Youth/adult"
Throwback,Throwback,Michael Patrick Kelly,"=""00:02:31""",Pop,172,Michael Patrick Kelly - Throwback.mp3,2021,English,1,Columbia,1,0,"Mainstream,All Weather,All Season,Youth/adult"
Colorado,Colorado,Milky Chance,"=""00:03:22""",Alternative,123,Milky Chance - Colorado.mp3,2021,English,1,Muggelig Records,1,0,"Indie Pop,Mainstream,All Weather,All Season,Youth/adult"
Nese Don,Nese Don,Mozzik x Loredana,"=""00:02:51""",Pop,90,Mozzik x Loredana - Nese Don.mp3,2021,English,1,Mozzik x Loredana,1,0,"Balanced,All Weather,All Season"
I wanna be your slave,Teatro D'Ira - Vol.I,Måneskin,"=""00:02:53""",Rock,135,Måneskin - I wanna be your slave.mp3,2021,English,1,RCA,1,0,"Energetic,All Weather,All Season"
Zitti e Buoni,Live In Japan - Rush! World Tour,Måneskin,"=""00:03:19""",Rock,103,Måneskin - Zitti e Buoni.mp3,2021,Italian,1,Sony Music,1,0,"Energetic,All Weather,All Season"
Fucked Up,Fucked Up,Nina Chuba feat. makko,"=""00:03:49""",5+ Wochen,164,Nina Chuba feat. makko - Fucked Up.mp3,2025,English,1,Jive,1,0,"Energetic,All Weather,All Season"
Wasted Love,Future Trance 96,Ofenbach,"=""00:02:33""",Electronic,122,Ofenbach - Wasted Love.mp3,2021,English,1,"Polystar, Universal Music Group",1,0,"Energetic,All Weather,All Season"
Run,Run,OneRepublic,"=""00:02:53""",Pop,117,OneRepublic - Run.mp3,2021,English,1,"Interscope Records, Mosley Music Group",1,0,"Mainstream,All Weather,All Season,Youth/adult"
Cover Me In Sunshine,Cover Me In Sunshine,"P!NK, Willow Sage Hart","=""00:02:37""",Pop,162,"P!NK, Willow Sage Hart - Cover Me In Sunshine.mp3",2021,English,1,RCA Records Label,1,0,"Mainstream,All Weather,All Season,Youth/adult"
Ms. Jackson,Ms. Jackson,Pashanim,"=""00:02:26""",Hip Hop,164,Pashanim - Ms. Jackson.mp3,2023,English,1,Urban,1,0,"Confident,All Weather,All Season,Youth/adult"
Shabab(e)s im VIP,grünewürfelflow,Pashanim & Ceren,"=""00:01:55""",Hip Hop,135,Pashanim - Shabab(e)s im.mp3,2025,German,1,Pashanim & Ceren,1,0,"Electro,Electronica,Energetic,All Weather,All Season,Youth/adult"
Jupiter,JUPITER,RAF Camora x Apache 207,"=""00:02:47""",Pop,126,RAF Camora x Apache 207 - Jupiter.mp3,2025,English,1,RAF Camora &Apache 207,1,0,"Energetic,All Weather,All Season"
Connected,CONNECTED,RAF Camora x reezy,"=""00:02:58""",Rap,125,RAF Camora x reezy - Connected.mp3,2025,English,1,Indipendenza Records,1,0,"Hip Hop,Confident,All Weather,All Season,Youth/adult"
Riton x Nightcrawlers - Friday ft. Mufasa & Hypeman (Dopamine Re-edit) [Official Video],Riton x Nightcrawlers - Friday ft. Mufasa & Hypeman (Dopamine Re-edit) [Official Video],Riton x Nightcrawlers,"=""00:02:57""",Pop,123,Riton x Nightcrawlers - Friday ft. Mufasa & Hypeman.mp3,2021,English,1,SMC,1,0,"Balanced,All Weather,All Season"
SHINDY - MANDARINEN (PROD. BY OZ),SHINDY - MANDARINEN (PROD. BY OZ),Shindy,"=""00:03:00""",Hip Hop,80,Shindy - Mandarines.mp3,2021,English,1,Shindy,1,0,"Electronic,Energetic,All Weather,All Season"
Without you,F*CK LOVE 3+: OVER YOU,The Kid Laroi,"=""00:03:02""",Hip Hop,93,The Kid Laroi - Without you.mp3,2020,English,1,Columbia,1,0,"Popular Music,Balanced,All Weather,All Season"
Save Your Tears,Save Your Tears,The Weeknd & Ariana Grande,"=""00:03:25""",Pop,118,The Weeknd & Ariana Grande - Save Your Tears (Remix).mp3,2021,English,1,The Weeknd & Ariana Grande,1,0,"Balanced,All Weather,All Season"
Save Your Tears,Die ultimative Chartshow: Best of Discofox,The Weeknd,"=""00:04:09""",Electronic,118,The Weeknd - Save Your Tears.mp3,2024,English,1,Polystar,1,0,"Synthpop,Mainstream,All Weather,All Season,Youth/adult"
Because You Move Me,"The Dome, Vol. 99",Tinlicker & Helsloot,"=""00:03:16""",Electronic,123,Tinlicker & Helsloot - Because You Move Me.mp3,2017,English,1,Sony Music,1,0,"Electro,House,Electronica,Dance,Upbeat,All Weather,All Season,Youth/adult"
Don't Be Shy,Don't Be Shy,Tiësto & Karol G,"=""00:03:07""",Dance,120,Tiësto & Karol G - Don't Be Shy.mp3,2021,English,1,Atlantic,1,0,"Pop Dance,Upbeat,All Weather,All Season,Youth/adult"
The Business,The Business,Tiësto,"=""00:03:12""",Electronic,120,Tiësto - The Business.mp3,2020,English,1,Atlantic,1,0,"House,Upbeat,All Weather,All Season"
Now Or Never,NOW OR NEVER,Tkandz,"=""00:02:03""",UK Drill,140,Tkandz - Now Or Never.mp3,2026,English,1,Timing Is Everything Ent,1,0,"Electronic,Energetic,All Weather,All Season"
White Lies,White Lies,VIZE x Tokio Hotel,"=""00:03:04""",Electronic,128,VIZE x Tokio Hotel - White Lies.mp3,2021,English,1,Epic,1,0,"Pop Dance,Upbeat,All Weather,All Season,Youth/adult"
Nice To Meet Ya,Die ultimative Chartshow - Hits 2021,Wes Nelson,"=""00:03:02""",Pop,102,Wes Nelson - Nice To Meet Ya.mp3,2021,English,1,Polystar,1,0,"Balanced,All Weather,All Season"
Girls Like Us,Girls Like Us,Zoe Wees,"=""00:03:17""",Pop,100,Zoe Wees - Girls Like Us.mp3,2021,English,1,Capitol Records,1,0,"Mainstream,All Weather,All Season,Youth/adult"
Comuni Immortali,Comuni Immortali,Achille Lauro,"=""00:03:27""",Pop,93,Achille Lauro - Comuni Immortali.mp3,2026,English,1,"Warner Music Group, Atlantic, Lauro De Marinis",1,0,"Alt-pop,Mainstream,All Weather,All Season,Youth/adult"
Canzone Estiva,Canzone estiva,Annalisa,"=""00:03:25""",Pop,141,Annalisa - Canzone Estiva.mp3,2026,English,1,Warner Music Italy,1,0,"Mainstream,All Weather,All Season,Youth/adult"
DAVVERODAVVERO,LA BELLAVITA,Artie 5ive,"=""00:02:45""",Pop,120,Artie 5ive - Davverrodavverro.mp3,2025,English,1,Warner Music,1,0,"Balanced,All Weather,All Season"
Swag Music,Swag Music,Artie 5ive,"=""00:02:53""",Pop,140,Artie 5ive - Swag Music.mp3,2026,English,1,Warner Music Italy,1,0,"Energetic,All Weather,All Season"
Copines,Copines,Aya Nakamura,"=""00:02:58""",Hip Hop,90,Aya Nakamura - Copines.mp3,2018,English,1,Rec. 118,1,0,"Pop,Mainstream,All Weather,All Season,Youth/adult"
Kriminal,Kriminal,Baby Gang & El Alfa & Omega,"=""00:03:18""",Pop,156,Baby Gang & El Alfa & Omega - Kriminal.mp3,2025,English,1,Noyz Narcos,1,0,"Energetic,All Weather,All Season"
Bam Bam,Bam Bam,Banfy ft. Sheridan,"=""00:03:00""",Pop,151,Banfy ft. Sheridan - Bam Bam.mp3,2025,English,1,Maharajah,1,0,"Energetic,All Weather,All Season"
Dove e quando,Good Vibes,Benji & Fede,"=""00:03:12""",Pop,124,Benji & Fede - Dove e quando.mp3,2019,English,1,Warner Records,1,0,"Mainstream,All Weather,All Season,Youth/adult"
Tropicana,Tropicana,"Boomdabash, Annalisa","=""00:03:20""",Pop,120,"Boomdabash, Annalisa - Tropicana.mp3",2022,English,1,"B1 Srls, Soulmatical",1,0,"Mainstream,All Weather,All Season,Youth/adult"
Da Dio,Da Dio,Bresh,"=""00:02:58""",Pop,108,Bresh - Da Dio.mp3,2026,English,1,Epic,1,0,"Mainstream,All Weather,All Season,Youth/adult"
Ogni Male,Hustle Mixtape Vol. 2,Capo Plaza,"=""00:03:27""",Pop,130,Capo Plaza - Ogni Male.mp3,2025,English,1,Warner Music,1,0,"Energetic,All Weather,All Season"
Buon viaggio,Più che logico,Cesare Cremonini,"=""00:03:40""",Pop,104,Cesare Cremonini - Buon Viaggio (Share The Love).mp3,2015,Italian,1,Trecuori,1,0,"Mainstream,All Weather,All Season,Youth/adult"
Satalana,Satalana,Charmonix,"=""00:03:21""",Folk,121,Charmonix - Satalana.mp3,2026,English,1,Charmonix,1,0,"Balanced,All Weather,All Season"
Vallanzasca,Don Vacca Corleone,DDM,"=""00:02:24""",Pop,128,DDM - Vallanzasca.mp3,2026,English,1,Solo Bombe,1,0,"Energetic,All Weather,All Season"
Via dei Mille,Via dei Mille,Dipinto,"=""00:02:11""",Pop,130,Dipinto - Via dei Mille.mp3,2026,English,1,Dipinto,1,0,"Energetic,All Weather,All Season"
Che fastidio!,Che fastidio!,Ditonellapiaga,"=""00:05:27""",Pop,130,Ditonellapiaga - Che fastidio!.mp3,2026,English,1,Dischi Belli,1,0,"Mainstream,All Weather,All Season,Youth/adult"
Bam Bam Bambina,Bam Bam Bambina,Elettra Lamborghini,"=""00:02:57""",Pop,131,Elettra Lamborghini - Bam Bam Bambina.mp3,2026,English,1,Universal,1,0,"Mainstream,All Weather,All Season,Youth/adult"
La testa gira,LA TESTA GIRA,"Fred De Palma, Anitta, Emis Killa","=""00:02:59""",Hip Hop,148,"Fred De Palma, Anitta, Emis Killa - La testa gira.mp3",2026,English,1,Atlantic,1,0,"Pop Rap,Mainstream,All Weather,All Season,Youth/adult"
Stupida sfortuna,Stupida sfortuna,Fulminacci,"=""00:03:30""",Pop,94,Fulminacci - Stupida sfortuna.mp3,2026,English,1,Warner Music Italy,1,0,"Mainstream,All Weather,All Season,Youth/adult"
Splinter Cell,Splinter Cell,G.Mineiro,"=""00:01:57""",Pop,135,G.Mineiro - Splinter Cell.mp3,2026,English,1,G.Mineiro,1,0,"Energetic,All Weather,All Season"
2 GIORNI DI FILA,TUTTO È POSSIBILE,Geolier,"=""00:03:33""",Pop,96,Geolier - 2 giorni da fila.mp3,2026,Italian,1,Warner Music,1,0,"Balanced,All Weather,All Season"
Arcobaleno,Tutto è possibile,Geolier,"=""00:03:14""",Pop,124,Geolier - Arcobaleno.mp3,2026,Italian,1,Warner Music,1,0,"Balanced,All Weather,All Season"
AUTORITÀ,TUTTO È POSSIBILE,Geolier,"=""00:03:46""",Pop,104,Geolier - Autorita.mp3,2026,Italian,1,Warner Music,1,0,"Balanced,All Weather,All Season"
El pibe de oro,DIO LO SA,Geolier,"=""00:02:35""",Pop,142,Geolier - El pibe de oro.mp3,2024,English,1,Geolier,1,0,"Energetic,All Weather,All Season"
CANZONE D'AMORE,TUTTO È POSSIBILE,Geolier,"=""00:03:02""",Pop,120,Geolier - Canzone de amore.mp3,2026,Italian,1,Warner Music,1,0,"Balanced,All Weather,All Season"
Stelle,TUTTO È POSSIBILE,Geolier,"=""00:03:28""",Pop,99,Geolier - Stelle.mp3,2026,Italian,1,Warner Music,1,0,"Balanced,All Weather,All Season"
Facil facil,TUTTO È POSSIBILE,Geolier,"=""00:02:30""",Pop,117,Geolier - Facil facil.mp3,2026,Italian,1,Warner Music,1,0,"Balanced,All Weather,All Season"
Comme si omme,Asso di Cuori,Giusy Attanasio & Christian,"=""00:02:53""",Pop,100,Giusy Attanasio & Christian - Comme si omme.mp3,2026,English,1,Giusy Attanasio,1,0,"Mainstream,All Weather,All Season,Youth/adult"
Maria,EP1,"Il Ghost, Baby Gang","=""00:03:42""",Pop,120,"Il Ghost, Baby Gang - Maria.mp3",2026,English,1,Warner Music Italy,1,0,"Balanced,All Weather,All Season"
Cabana,Cabana,Irama,"=""00:02:41""",Hip Hop,100,Irama - Cabana.mp3,2026,English,1,Warner Music,1,0,"Pop Rap,Mainstream,All Weather,All Season,Youth/adult"
Italia starter pack,Italia Starter Pack,J-AX,"=""00:02:57""",Pop,115,J-AX - Italia starter pack.mp3,2026,English,1,Sony Music,1,0,"Ballad,Mainstream,All Weather,All Season,Youth/adult"
On The Floor,Party Until The End,"Jennifer Lopez, Pitbull","=""00:04:26""",Pop,130,"Jennifer Lopez, Pitbull - On The Floor.mp3",2011,English,1,UMe,1,0,"Mainstream,All Weather,All Season,Youth/adult"
Buon Vento,Buon vento,"Jovanotti, Alfa","=""00:02:57""",Pop,96,"Jovanotti, Alfa - Buon Vento.mp3",2026,English,1,Jovanotti & Alfa,1,0,"Mainstream,All Weather,All Season,Youth/adult"
Beauty And A Beat,Believe - Japan Tour Edition,Justin Bieber,"=""00:04:53""",Pop,128,Justin Bieber - Beauty And A Beat.mp3,2012,English,1,"Island Records Group, Raymond Braun Media Group, School Boy Records",1,0,"Mainstream,All Weather,All Season,Youth/adult"
Coook pardon,COOOK PARDON,"LVBEL C5, Akdo","=""00:01:32""",Pop,128,"LVBEL C5, Akdo - Coook pardon.mp3",2025,English,1,"Lvbel C5, AKDO",1,0,"Energetic,All Weather,All Season"
Poesie Clandestine,Poesie Clandestine,"LDA, Aka 7even","=""00:03:29""",Pop,108,"LDA, Aka 7even - Poesie Clandestine.mp3",2026,English,1,Columbia,1,0,"Mainstream,All Weather,All Season,Youth/adult"
Six Seven,Six Seven,Laurinha Costa,"=""00:01:38""",Pop,80,Laurinha Costa - Six Seven.mp3,2026,English,1,"Laurinha Costa, DJ Cabello & DJ Tchouzen",1,0,"Calm,Rainy,All Season"
Melodrammatica,MELODRAMMATICA,"Luk3, Cristina Lora","=""00:02:59""",Pop,119,"Luk3, Cristina Lora - Melodrammatica.mp3",2026,English,1,"Luk3, Cristina Lora",1,0,"Mainstream,All Weather,All Season,Youth/adult"
Labirinto,Labirinto,Luchè,"=""00:03:47""",Hip Hop,112,Luchè - Labirinto.mp3,2026,Italian,1,Atlantic,1,0,"Pop Rap,Mainstream,All Weather,All Season,Youth/adult"
Volevo capire,Volevo capire,Madame & Marracash,"=""00:02:43""",Pop,90,Madame - Volevo capire Con Marracash.mp3,2026,English,1,Madame & Marracash,1,0,"Balanced,All Weather,All Season"
Bad,Bad,Michael Jackson,"=""00:04:20""",Pop,113,Michael Jackson - Bad.mp3,1987,English,1,Epic,1,0,"Pop Rock,Soul,Funk,Pop Dance,Synth-pop,R&B,Upbeat,All Weather,All Season,Youth/adult"
Beat It,Michael Jackson: The King Of Pop,Michael Jackson,"=""00:04:59""",Pop,139,Michael Jackson - Beat It.mp3,2010,English,1,Epic,1,0,"Mainstream,All Weather,All Season,Youth/adult"
Billie Jean,In Concert,Michael Jackson,"=""00:04:56""",Pop,117,Michael Jackson - Billie Jean.mp3,2009,English,1,[no label],1,0,"Mainstream,All Weather,All Season,Youth/adult"
Smooth Criminal,On The Move,Michael Jackson,"=""00:09:26""",Disco,118,Michael Jackson - Smooth Criminal.mp3,1992,English,1,Save The Earth Love The Music,1,0,"Balanced,All Weather,All Season"
Thriller,Thriller,Michael Jackson,"=""00:03:21""",Pop,118,Michael Jackson - Thriller.mp3,1982,English,1,Epic,1,0,"R&B,Disco,Soul,Mainstream,All Weather,All Season,Youth/adult"
Sorry Scusa Lo Siento,Sorry Scusa Lo Siento,Pinguini Tattici Nucleari,"=""00:03:45""",Pop,149,Pinguini Tattici Nucleari - Sorry Scusa Lo Siento.mp3,2026,English,1,Epic,1,0,"Mainstream,All Weather,All Season,Youth/adult"
Sarà perché ti amo,Sanremo famosi,Ricchi E Poveri,"=""00:03:11""",Pop,120,Ricchi E Poveri - Sarà perché ti amo.mp3,1987,Italian,1,CGD,1,0,"Mainstream,All Weather,All Season,Youth/adult"
Ti volevo dedicare,Libertà,Rocco Hunt,"=""00:03:34""",Pop,119,Rocco Hunt - Ti volevo dedicare.mp3,2019,Italian,1,RCA,1,0,"Balanced,All Weather,All Season"
A Un Passo Dalla Luna,A un passo dalla luna,"Rocco Hunt, Ana Mena","=""00:02:59""",Hip Hop,122,"Rocco Hunt, Ana Mena - A Un Passo Dalla Luna.mp3",2020,English,1,Epic,1,0,"Pop Rap,Mainstream,All Weather,All Season,Youth/adult"
Un bacio all'improvviso,Un bacio all’improvviso,"Rocco Hunt, Ana Mena","=""00:02:47""",Pop,128,"Rocco Hunt, Ana Mena - Un bacio all'improvviso.mp3",2021,Italian,1,Epic,1,0,"Latin Pop,Mainstream,Sunny,Summer,Youth/adult"
Oh ma,Oh ma,"Rocco Hunt, Noemi","=""00:02:50""",Pop,122,"Rocco Hunt, Noemi - Oh ma.mp3",2025,English,1,Epic,1,0,"Mainstream,All Weather,All Season,Youth/adult"
Per sempre sì,Per sempre sì,Sal Da Vinci,"=""00:03:25""",Pop,123,Sal Da Vinci - Per sempre sì.mp3,2026,Italian,1,Atlantic Records Italy,1,0,"Vocal,Canzone Napoletana,Mainstream,All Weather,All Season,Youth/adult"
Poesia,PER SEMPRE SÌ,Sal Da Vinci,"=""00:03:14""",Pop,126,Sal Da Vinci - Poesia.mp3,2026,Italian,1,Atlantic Records Italy,1,0,"Mainstream,All Weather,All Season,Youth/adult"
Ossessione,AMATORE,"Samurai Jay, Vito Salamanca","=""00:03:44""",Pop,122,"Samurai Jay, Vito Salamanca - Ossessione.mp3",2026,English,1,UMe,1,0,"Mainstream,All Weather,All Season,Youth/adult"
Tu mi piaci tanto,Tu mi piaci tanto,Sayf,"=""00:03:55""",Pop,136,Sayf - Tu mi pace tanto.mp3,2026,English,1,Sayf,1,0,"Energetic,All Weather,All Season"
Al mio paese,Al Mio Paese,"Serena Brancale, Levante, Delia","=""00:03:29""",Pop,142,"Serena Brancale, Levante, Delia - Al mio paese.mp3",2026,English,1,Atlantic,1,0,"Mainstream,All Weather,All Season,Youth/adult"
Giovani Re,Famoso,Sfera Ebbasta,"=""00:02:48""",Pop,116,Sfera Ebbasta - Giovani Re.mp3,2020,English,1,Island,1,0,"Balanced,All Weather,All Season"
AYAYAY,AYAYAY,"Sfera Ebbasta, Dystinct","=""00:02:57""",Pop,128,"Sfera Ebbasta, Dystinct - Ayayai.mp3",2026,English,1,Cupido srl,1,0,"Energetic,All Weather,All Season"
Babyface,Vangelo,Shiva,"=""00:02:58""",Hip Hop,87,Shiva - Babyface.mp3,2026,English,1,"Milano Ovest, Sony Music Entertainment Italy S.p.A.",1,0,"Electronic,Energetic,All Weather,All Season"
Bad Bad Bad,Vangelo,Shiva,"=""00:03:11""",Pop,102,Shiva - Bad Bad Bad.mp3,2026,English,1,"Milano Ovest, Sony Music Entertainment Italy S.p.A.",1,0,"Balanced,All Weather,All Season"
Obsessed,Vangelo,Shiva,"=""00:03:01""",Pop,114,Shiva - Obsessed.mp3,2026,English,1,"Milano Ovest, Sony Music Entertainment Italy S.p.A.",1,0,"Balanced,All Weather,All Season"
Spie,Vangelo,Shiva,"=""00:03:05""",Hip Hop,116,Shiva - Spie.mp3,2026,English,1,"Milano Ovest, Sony Music Entertainment Italy S.p.A.",1,0,"R&B,Balanced,All Weather,All Season"
Self Aware,Self Aware,Temper City,"=""00:03:01""",Alternative,162,Temper City - Self Aware.mp3,2026,English,1,[no label],1,0,"Energetic,All Weather,All Season"
Let me be,LET ME BE,The Second Voice,"=""00:04:16""",Dance,113,The Second Voice - Let me be.mp3,2026,English,1,Spinnin’ Records,1,0,"Upbeat,All Weather,All Season,Youth/adult"
I romantici,I romantici,Tommaso Paradiso,"=""00:04:40""",Pop,140,Tommaso Paradiso - I romantici.mp3,2026,English,1,"Columbia, The Sold Out Music Srl",1,0,"Mainstream,All Weather,All Season,Youth/adult"
Cuore rotto,Cuore rotto,Tony Boy,"=""00:02:31""",Pop,96,Tony Boy - Cuore rotto.mp3,2026,English,1,Tony Boy,1,0,"Balanced,All Weather,All Season"
Sesso e Samba,ICON,"Tony Effe, Gaia","=""00:02:50""",Pop,108,"Tony Effe, Gaia - Sesso e Samba.mp3",2024,English,1,"Universal Music Group, Island Records",1,0,"Balanced,All Weather,All Season"
Romantica,Romantica,Ultimo,"=""00:03:20""",Pop,118,Ultimo - Romantica.mp3,2026,English,1,Ultimo Records,1,0,"Mainstream,All Weather,All Season,Youth/adult"
Cioccolata,Cioccolata,Very e Sasy,"=""00:03:36""",Pop,130,Very e Sasy - Cioccolata.mp3,2026,English,1,Very e Sasy,1,0,"Mainstream,All Weather,All Season,Youth/adult"
Never Forget You,Never Forget You,Afrojack,"=""00:03:04""",Dance,130,Afrojack - Never Forget You.mp3,2025,English,1,Wall Recordings,1,0,"Progressive house,Upbeat,All Weather,All Season"
Our Time,Our Time,"Afrojack, Martin Garrix, David Guetta, Amél","=""00:02:48""",Dance,128,"Afrojack, Martin Garrix, David Guetta, Amél - Our Time.mp3",2025,English,1,Spinnin' Records,1,0,"Progressive house,Upbeat,All Weather,All Season,Youth/adult"
Awake Tonight,Awake Tonight,"Afrojack, Sia, David Guetta","=""00:03:10""",Dance,128,"Afrojack, Sia, David Guetta - Awake Tonight.mp3",2026,English,1,Spinnin' Records,1,0,"House,Pop Dance,Upbeat,All Weather,All Season,Youth/adult"
Carry You Home,Carry You Home,Alex Warren,"=""00:03:08""",Pop,124,Alex Warren - Carry You Home.mp3,2024,English,1,Atlantic,1,0,"Mainstream,All Weather,All Season,Youth/adult"
Eternity,"You'll Be Alright, Kid",Alex Warren,"=""00:03:25""",Pop,137,Alex Warren - Eternity.mp3,2025,English,1,Atlantic,1,0,"Mainstream,All Weather,All Season,Youth/adult"
Talk to You,Today’s Hits: May 2026,ANOTR feat. 54 Ultra,"=""00:03:09""",Electronic,132,Anotr ft. 54 Ultra - Talk To You [No Art].mp3,2026,English,1,Apple Music,1,0,"Dance,Electro,House,Pop,Upbeat,All Weather,All Season,Youth/adult"
Magnetic,Magnetic / Addicted To Your Love,Bausa,"=""00:03:02""",Dance,130,Bausa - Magnetic.mp3,2026,English,1,"Columbia, B1 Recordings",1,0,"Pop Dance,Upbeat,All Weather,All Season,Youth/adult"
Birds of a feather,HIT ME HARD AND SOFT,Billie Eilish,"=""00:03:51""",Alternative,105,Billie Eilish - Birds of a feather.mp3,2024,English,1,"Darkroom Records, Interscope Records",1,0,"Balanced,All Weather,All Season"
Born With a Broken Heart,Born With a Broken Heart,Damiano David,"=""00:04:13""",Pop,172,Damiano David - Born With a Broken Heart.mp3,2024,English,1,"Sony Music, Arista, Exit Music Management",1,0,"Pop Rock,Mainstream,All Weather,All Season,Youth/adult"
The First Time,The First Time,Damiano David,"=""00:03:39""",Pop,128,Damiano David - The First Time.mp3,2025,English,1,"Arista Records, Sony Music Italy",1,0,"Mainstream,All Weather,All Season,Youth/adult"
Talk to Me,Talk to Me,"Damiano David, Tyla, Nile Rodgers","=""00:03:13""",Pop,107,"Damiano David, Tyla, Nile Rodgers - Talk to Me.mp3",2025,English,1,"Damiano David, Tyla & Nile Rodgers",1,0,"Mainstream,All Weather,All Season,Youth/adult"
Raindance,The Boy Who Played the Harp,Dave,"=""00:03:41""",Rap,140,Dave - Raindance.mp3,2025,English,1,Neighbourhood Recordings,1,0,"Afrobeats,Upbeat,All Weather,All Season"
I Hate That It's True,The Epilogue (Deluxe),Dean Lewis,"=""00:02:45""",Pop,107,Dean Lewis - I Hate That It's True.mp3,2025,English,1,Island Records Australia,1,0,"Mainstream,All Weather,All Season,Youth/adult"
white keys,White Keys,Dominic Fike,"=""00:02:21""",Pop,164,Dominic Fike - white keys.mp3,2025,English,1,Columbia,1,0,"Mainstream,All Weather,All Season,Youth/adult"
Camera,Play,Ed Sheeran,"=""00:03:44""",Pop,140,Ed Sheeran - Camera.mp3,2025,English,1,Warner Special Marketing,1,0,"Mainstream,All Weather,All Season,Youth/adult"
Frsh x KM - Bare Minimum (StarBoy) [Prodby: LA$$A],Frsh x KM - Bare Minimum (StarBoy) [Prodby: LA$$A],Blond,"=""00:02:26""",Pop,116,Frsh x KM - Bare Minimum (StarBoy).mp3,2026,English,1,Blond,1,0,"Balanced,All Weather,All Season"
Gabriela - KATSEYE (Piano Version),NOW That's What I Call Music! 122 [Clean] [Clean],Gabriela,"=""00:03:18""",Pop,146,Gabriela - Katseye.mp3,2025,English,1,Capybara Piano,1,0,"Energetic,All Weather,All Season"
That’s So True,The Secret of Us (Deluxe),Gracie Abrams,"=""00:02:47""",Pop,108,Gracie Abrams - That’s So True.mp3,2024,English,1,Interscope Records,1,0,"Mainstream,All Weather,All Season,Youth/adult"
American Girls,"Kiss All The Time. Disco, Occasionally.",Harry Styles,"=""00:03:47""",Pop,102,Harry Styles - American Girls.mp3,2026,English,1,Columbia,1,0,"Mainstream,All Weather,All Season,Youth/adult"
Jamaican (Bam Bam),Jamaican (Bam Bam),"Hugel, Solto","=""00:02:37""",Electronic,123,"Hugel, Solto - Jamaican (Bam Bam).mp3",2026,English,1,MoBlack Records,1,0,"House,Latin,Upbeat,Sunny,Summer"
Handlebars,Ruby,Jennie & Dua Lipa,"=""00:03:31""",Pop,155,Jennie & Dua Lipa - Handlebars.mp3,2025,English,1,"Columbia, OA",1,0,"Mainstream,All Weather,All Season,Youth/adult"
Cheerio,Cheerio,Justen de Wildt,"=""00:02:34""",Pop,130,Justen de Wildt - Cheerio.mp3,2026,English,1,Cornelis Music,1,0,"Hardstyle,Mainstream,All Weather,All Season,Youth/adult"
Si Antes Te Hubiera Conocido,Si Antes Te Hubiera Conocido,Karol G,"=""00:04:35""",Latin,129,Karol G - Si Antes Te Hubiera Conocido.mp3,2024,English,1,Bichota Records,1,0,"Merengue,Sunny,Summer"
Turn the Lights Off,Turn The Lights Off,Kato feat. Jon,"=""00:02:59""",Electronic,132,Kato feat. Jon - Turn The Lights Off (Jon Hamm).mp3,2010,English,1,disco:wax,1,0,"Pop Dance,Upbeat,All Weather,All Season,Youth/adult"
Die With A Smile,Die With A Smile,"Lady Gaga, Bruno Mars","=""00:04:12""",Pop,156,"Lady Gaga, Bruno Mars - Die With A Smile.mp3",2024,English,1,"Interscope Records, Streamline Records",1,0,"Ballad,Mainstream,All Weather,All Season,Youth/adult"
Messy,This Wasn’t Meant For You Anyway,Lola Young,"=""00:04:44""",Pop,111,Lola Young - Messy.mp3,2024,English,1,Island Records,1,0,"Indie Pop,Soul,Mainstream,All Weather,All Season,Youth/adult"
Holy Water,2025 MegaMix,"Marshmello, Jelly Roll","=""00:02:28""",Pop,155,"Marshmello, Jelly Roll - Holy Water.mp3",2025,English,1,[no label],1,0,"Energetic,All Weather,All Season"
End of the World,Something Beautiful,Miley Cyrus,"=""00:04:12""",Pop,122,Miley Cyrus - End of the World.mp3,2025,English,1,Columbia,1,0,"Mainstream,All Weather,All Season,Youth/adult"
Miles On It,Miles On It,Marshmello & Kane Brown,"=""00:04:31""",Pop,130,"Marshmello, Kane Brown - Miles On.mp3",2024,English,1,RCA Records Label Nashville,1,0,"Folk,World,& Country,Mainstream,All Weather,All Season,Youth/adult"
What I Want,I’m The Problem,"Morgan Wallen, Tate McRae","=""00:03:05""",Country,116,"Morgan Wallen, Tate McRae - What I Want.mp3",2025,English,1,Morgan Wallen,1,0,"Balanced,All Weather,All Season"
Stargazing,Stargazing,Myles Smith,"=""00:02:53""",Electronic,124,Myles Smith - Stargazing.mp3,2024,English,1,"RCA, Sony Music",1,0,"Pop,Mainstream,All Weather,All Season,Youth/adult"
Drive Safe,Drive Safe,"Myles Smith, Niall Horan","=""00:03:23""",Electronic,118,"Myles Smith, Niall Horan - Drive Safe.mp3",2026,English,1,RCA Records Label,1,0,"Pop,Mainstream,All Weather,All Season,Youth/adult"
Ben Je Morgen Vrij,Ben Je Morgen Vrij?,Bankzitters & Ronnie Flex,"=""00:02:39""",Pop,128,Bankzitters & Ronnie Flex - Ben Je Morgen Vrij.mp3,2025,English,1,Warner Music Benelux,1,0,"Mainstream,All Weather,All Season,Youth/adult"
Hoe hou ik dit vast,Hoe hou ik dit vast,Bente & BLØF,"=""00:03:49""",Pop,95,Bente & BLØF - Hoe hou ik dit vast (Live).mp3,2025,Dutch,1,Altijd Wakker,1,0,"Mainstream,All Weather,All Season,Youth/adult"
Kan je me zien,Kan Je Me Zien,Bente,"=""00:03:40""",Pop,129,Bente - Kan je me zien.mp3,2025,English,1,Cornelis Music,1,0,"Mainstream,All Weather,All Season,Youth/adult"
Overdosis,Knock Knock 3,CHO,"=""00:02:30""",Pop,132,CHO - Overdosis.mp3,2016,English,1,Top Notch Music BV,1,0,"Energetic,All Weather,All Season"
Waar Blijf Je Nou,Waar Blijf Je Nou,Donnie & Senna,"=""00:03:08""",Pop,120,Donnie & Senna - Waar Blijf Je Nou.mp3,2026,English,1,8ball Music,1,0,"Mainstream,All Weather,All Season,Youth/adult"
Nachtenlang,Nachtenlang,Donnie x Yves Berendse,"=""00:04:06""",Pop,135,Donnie x Yves Berendse - Nachtenlang.mp3,2025,English,1,Donnie & Yves Berendse,1,0,"Energetic,All Weather,All Season"
Nog Even Blijven,Nog even blijven,Douwe Bob & MEAU,"=""00:02:52""",Pop,143,Douwe Bob & MEAU - Nog Even Blijven.mp3,2025,English,1,Excited About Music,1,0,"Mainstream,All Weather,All Season,Youth/adult"
Baila De Gasolina,Baila de Gasolina,Effe Serieus,"=""00:02:26""",Pop,136,Effe Serieus - Baila De Gasolina.mp3,2025,English,1,Van de Watermakers,1,0,"Mainstream,All Weather,All Season,Youth/adult"
Zaazaa,ZAAZAA,Frenna ft. Shallipopi,"=""00:02:39""",Pop,117,Frenna ft. Shallipopi - Zaazaa.mp3,2025,English,1,"777 Records BV, Top Notch Music BV",1,0,"Balanced,All Weather,All Season"
Zij Hoort Bij Mij,Zij Hoort Bij Mij,"Kris Kross Amsterdam, Jan Smit, Frans Bauer","=""00:02:17""",Folk,172,"Kris Kross Amsterdam, Jan Smit, Frans Bauer - Zij Hoort Bij Mij.mp3",2026,English,1,"Cloud 9, Vosound Records, Kris Kross Amsterdam",1,0,"World,& Country,Energetic,All Weather,All Season"
Maak Me Nou Niet Gek,Maak Me Nou Niet Gek,"Lil Kleine, Samuel Welten & De Amsterdamse Zomer","=""00:03:49""",Pop,130,"Lil Kleine, Samuel Welten & De Amsterdamse Zomer - Maak Me Nou Niet Gek.mp3",2026,English,1,Lil Kleine & Samuel Welten,1,0,"Mainstream,All Weather,All Season,Youth/adult"
Voorbestemd,Voorbestemd,Luna,"=""00:02:59""",Pop,109,Luna - Voorbestemd.mp3,2025,English,1,LASER By Sony Music,1,0,"Dance,Electro,Upbeat,All Weather,All Season,Youth/adult"
"Lustrum U.V.S.V./N.V.V.S.U., ANNO ONS, Jopke van Dobbenburgh & Roeland Beelen – Lotje (Lyrics)","Lustrum U.V.S.V./N.V.V.S.U., ANNO ONS, Jopke van Dobbenburgh & Roeland Beelen – Lotje (Lyrics)","Lustrum U.V.S.V. N.V.V.S.U., ANNO ONS, Jopke van Dobbenburgh & Roeland Beelen","=""00:02:47""",Pop,123,"Lustrum U.V.S.V. N.V.V.S.U., ANNO ONS, Jopke van Dobbenburgh & Roeland Beelen – Lotje.mp3",2025,Dutch,1,SMC,1,0,"Balanced,All Weather,All Season"
Moët Dat Nou,Moët Dat Nou,Robert van Hemert & Donnie,"=""00:02:34""",Pop,135,Robert van Hemert & Donnie - Moët Dat Nou.mp3,2026,Dutch,1,Dino Music,1,0,"Mainstream,All Weather,All Season,Youth/adult"
Alles Kan Kapot,Alles Kan Kapot,Samuel Welten,"=""00:02:52""",Pop,136,Samuel Welten - Alles Kan Kapot.mp3,2025,English,1,WARNER Music Benelux,1,0,"Levenslied,Mainstream,All Weather,All Season,Youth/adult"
Laat Het Licht Aan,Laat Het Licht Aan,Snelle,"=""00:04:00""",Pop,146,Snelle - Laat Het Licht Aan.mp3,2026,English,1,Lieve Jongens,1,0,"Mainstream,All Weather,All Season,Youth/adult"
Sluit Me In Je Armen,Sluit Me In Je Armen,Zoë Livay,"=""00:02:44""",Pop,86,Zoë Livay - Sluit Me In Je Arme.mp3,2026,Dutch,1,Warner Music Benelux,1,0,"Balanced,All Weather,All Season"
Ik Zing (feat. Snelle),Ik Zing,Zoë Livay,"=""00:02:51""",Pop,97,Zoë Livay – Ik Zing (feat. Snelle).mp3,2025,Dutch,1,WARNER Music Benelux,1,0,"Mainstream,All Weather,All Season,Youth/adult"
Miles Away,Miles Away,Ofenbach,"=""00:02:25""",Electronic,135,Ofenbach - Miles Away.mp3,2025,English,1,Adore Music,1,0,"Pop Dance,Upbeat,All Weather,All Season,Youth/adult"
Baby Steps,The Art of Loving,Olivia Dean,"=""00:03:17""",Pop,95,Olivia Dean - Baby Steps.mp3,2025,English,1,Capitol Records,1,0,"Mainstream,All Weather,All Season,Youth/adult"
So Easy,The Art of Loving,Olivia Dean,"=""00:03:17""",Pop,140,Olivia Dean - So Easy (To Fall In Love).mp3,2025,English,1,Capitol Records,1,0,"Indie Pop,Neo Soul,Mainstream,All Weather,All Season,Youth/adult"
Drop dead,Drop Dead,Olivia Rodrigo,"=""00:03:44""",Pop,130,Olivia Rodrigo - Drop dead.mp3,2026,English,1,Geffen Records,1,0,"Mainstream,All Weather,All Season,Youth/adult"
Need Your Love,Need Your Love,OneRepublic,"=""00:03:58""",Pop,133,OneRepublic - Need Your Love.mp3,2026,English,1,BMG Rights Management (US) LLC,1,0,"Mainstream,All Weather,All Season,Youth/adult"
Make Me Feel,Make Me Feel,Oskar med k,"=""00:03:10""",Pop,124,Oskar med k - Make Me Feel.mp3,2025,English,1,7CULT,1,0,"Balanced,All Weather,All Season"
APT.,APT.,Rose & Bruno Mars,"=""00:02:53""",Pop,149,Rose & Bruno Mars - APT..mp3,2024,English,1,"Atlantic, The Black Label",1,0,"K-pop,Mainstream,All Weather,All Season,Youth/adult"
Taste,Short n' Sweet,Sabrina Carpenter,"=""00:02:38""",Pop,113,Sabrina Carpenter - Taste.mp3,2024,English,1,Island Records,1,0,"Mainstream,All Weather,All Season,Youth/adult"
Rein Me In,Rein Me In,"Sam Fender, Olivia Dean","=""00:05:37""",Alternative,124,"Sam Fender, Olivia Dean - Rein Me In.mp3",2025,English,1,Polydor,1,0,"Pop Rock,Vocal,Mainstream,All Weather,All Season,Youth/adult"
Material Lover,The Devil Wears Prada 2 (Music From The Motion Picture),SIENNA SPIRO,"=""00:03:02""",Pop,103,Sienna Spiro - Material Lover (The Devil Wears Prada 2).mp3,2026,English,1,Interscope Records,1,0,"Mainstream,All Weather,All Season,Youth/adult"
Dark Before The Dawn,24 Hours,Son Mieux,"=""00:03:47""",Pop,131,Son Mieux - Dark Before The Dawn.mp3,2026,English,1,Son Mieux,1,0,"Mainstream,All Weather,All Season,Youth/adult"
Zoo,Zoo,Shakira,"=""00:03:13""",Pop,129,Shakira - Zoo (From Zootopia 2 ).mp3,2025,English,1,Walt Disney Records,1,0,"Soundtrack,Mainstream,All Weather,All Season,Youth/adult"
Mr. Know It All,Mr. Know It All,Teddy Swims,"=""00:03:18""",Pop,126,Teddy Swims - Mr. Know It All.mp3,2026,English,1,Warner Records,1,0,"R&B,Mainstream,All Weather,All Season,Youth/adult"
Opalite,The Life of a Showgirl,Taylor Swift,"=""00:03:56""",Pop,125,Taylor Swift - Opalite.mp3,2025,English,1,Republic Records,1,0,"Mainstream,All Weather,All Season,Youth/adult"
J'suis pas une rockstar,J'suis pas une rockstar,Abess & Thao,"=""00:03:47""",Pop,113,Abess & Thao - J'suis pas une rockstar.mp3,2024,English,1,SMC,1,0,"Energetic,All Weather,All Season"
Homewrecker,Homewrecker,sombr,"=""00:03:29""",Pop,100,sombr - Homewrecker.mp3,2026,English,1,Warner Records,1,0,"Mainstream,All Weather,All Season,Youth/adult"
Beklager (Guttaklubben),Beklager (Guttaklubben),Beklager,"=""00:02:30""",Pop,128,Beklager - Guttaklubben.mp3,2022,English,1,SMC,1,0,"Energetic,All Weather,All Season"
"BlimE! 2022 - ""Den ene"" med Selma Ibrahim","BlimE! 2022 - ""Den ene"" med Selma Ibrahim",BlimE! 2022,"=""00:03:21""",Dance,128,BlimE! 2022 - Den ene.mp3,2022,English,1,SMC,1,0,"Pop,House,Electronic,Upbeat,All Weather,All Season,Youth/adult"
"Tested, Approved & Trusted",I Told Them...,Burna Boy,"=""00:03:24""",Afrobeat,93,"Burna Boy - Tested, Approved & Trusted.mp3",2023,English,1,"Atlantic, Bad Habit, Spaceship",0,1,"Warm,All Weather,All Season"
Von dutch,Boiler Room & Charli XCX Presents PARTYGIRL,Charli xcx,"=""00:03:34""",Electropop,130,Charli xcx - Von dutch.mp3,2024,English,1,Boiler Room,1,0,"Energetic,All Weather,All Season,Youth/adult"
Mi corazon,Mi Corazon,Fly Project,"=""00:02:30""",Pop,99,Fly Project - Mi corazon.mp3,2026,English,1,Fly Project,1,0,"Mainstream,All Weather,All Season,Youth/adult"
Delilah,Hver Gang Vi Møtes 2023,Emma Steinbakken,"=""00:02:37""",Pop,102,Emma Steinbakken - Delilah.mp3,2023,Norwegian,1,Emma Steinbakken,1,0,"Mainstream,All Weather,All Season,Youth/adult"
Dear Alcohol,Dear Alcohol,Dax,"=""00:10:06""",Pop,130,Dax - Dear Alcohol.mp3,2022,English,1,Living Legends Entertainment,1,0,"Energetic,All Weather,All Season"
Shades of Blue,Shades of Blue,Féa,"=""00:03:10""",Pop,116,Féa - Shades of Blue.mp3,2023,English,1,Féa,1,0,"Balanced,All Weather,All Season"
Hallo,Hver gang vi møtes 2023,Freddy Kalas,"=""00:02:33""",Pop,89,Freddy Kalas - Hallo.mp3,2023,Norwegian,1,Freddy Kalas,1,0,"Balanced,All Weather,All Season"
Glorie - (Glorie by Vinni) (Lyrics),Glorie - lyrics (Glorie by Vinni),[unknown],"=""00:02:45""",Pop,155,Glorie - Lyrics.mp3,2022,English,1,[unknown],1,0,"Energetic,All Weather,All Season"
Høl i potta,Bassen i bagasjen,"Hagle, ZadeKing & Blåsemafian","=""00:02:35""",Pop,90,"Hagle, ZadeKing & Blåsemafian - Høl i potta.mp3",2023,Norwegian,1,Hagle,1,0,"Balanced,All Weather,All Season"
Rullær,Bassen i bagasjen,Hagle & Den BB,"=""00:02:40""",Pop,102,Hagle & Den BB - Rullær.mp3,2021,Norwegian,1,Hagle,1,0,"Mainstream,All Weather,All Season,Youth/adult"
Kiss Me Better,Kiss Me Better,Julie Bergan,"=""00:02:54""",Pop,136,Julie Bergan - Kiss Me Better.mp3,2024,English,1,Karate Records,1,0,"Energetic,All Weather,All Season"
Duro,Duro,MIRA,"=""00:02:45""",Pop,172,MIRA - Duro.mp3,2024,English,1,Mira,1,0,"Mainstream,All Weather,All Season,Youth/adult"
Bad Booty,Bad Booty,MIRA,"=""00:02:34""",Pop,120,MIRA - Bad Booty.mp3,2024,English,1,Mira,1,0,"Mainstream,All Weather,All Season,Youth/adult"
Come With Me,Come With Me,MIRA,"=""00:02:48""",Pop,115,MIRA - Come With Me.mp3,2023,English,1,Mira,1,0,"Mainstream,All Weather,All Season,Youth/adult"
"Ring, Ring",Best Modern Swing Music Playlist,Mira,"=""00:02:26""",Pop,102,"Mira - Ring, Ring.mp3",2024,English,1,Mira,1,0,"Mainstream,All Weather,All Season,Youth/adult"
MIRA - Love Again ( Video) (Lyrics),MIRA - Love Again (Lyric Video),Affy La God,"=""00:02:47""",Pop,150,MIRA - Love Agaim.mp3,2024,English,1,Affy La God,1,0,"Energetic,All Weather,All Season"
Ladida,Ladida,MIRA,"=""00:03:05""",Pop,102,MIRA - Ladida.mp3,2024,English,1,Mira,1,0,"Mainstream,All Weather,All Season,Youth/adult"
BlimE,BlimE,Emma Steinbakken,"=""00:02:54""",Pop,112,Emma Steinbakken - BlimE.mp3,2023,English,1,Emma Steinbakken,1,0,"Mainstream,All Weather,All Season,Youth/adult"
Summer's Gone,Summer's Gone,Monoir,"=""00:02:32""",Pop,128,Monoir - Summer's Gone.mp3,2024,English,1,Monoir,1,0,"Energetic,All Weather,All Season"
Smilet i ditt eget speil,Bare når det regner,Chris Holsten,"=""00:03:01""",Pop,81,Chris Holsten - Smilet i ditt eget speil.mp3,2021,Norwegian,1,Chris Holsten,1,0,"Mainstream,All Weather,All Season,Youth/adult"
Floden,Floden,Emma Steinbakken,"=""00:03:29""",Pop,120,Emma Steinbakken - Floden.mp3,2022,Norwegian,1,Not On Label (Emma Steinbakken Self-released),1,0,"Mainstream,All Weather,All Season,Youth/adult"
Kjerring i fra by'n,Bassen i bagasjen,Hagle & Halva Priset,"=""00:02:53""",Pop,95,Hagle & Halva Priset - Kjerring i fra by'n.mp3,2023,English,1,Hagle,1,0,"Balanced,All Weather,All Season"
Plystre på deg,Hei (Fan Spesial),Marcus & Martinus,"=""00:03:20""",Pop,128,Marcus & Martinus - Plystre på deg.mp3,2015,Norwegian,1,RCA,1,0,"Electronic,House,Upbeat,All Weather,All Season,Youth/adult"
Felleskjøpet-dress,Bassen i bagasjen,Hagle,"=""00:03:21""",Pop,145,Hagle - Felleskjøpet-dress.mp3,2023,Norwegian,1,Hagle,1,0,"Energetic,All Weather,All Season"
Paul Kalkbrenner feat. Norma Jean Martine – Time To Dance (Official Video),Paul Kalkbrenner feat. Norma Jean Martine – Time To Dance (Official Video),Paul Kalkbrenner ft. Norma Jean Martine,"=""00:02:58""",Pop,135,Paul Kalkbrenner ft. Norma Jean Martine – Time To Dance.mp3,2026,English,1,SMC,1,0,"Upbeat,All Weather,All Season"
Elektrisk,Elektrisk,"Marcus & Martinus, Katastrofe","=""00:03:37""",Pop,128,"Marcus & Martinus, Katastrofe - Elektrisk.mp3",2015,English,1,Sony Music,1,0,"Hip Hop,Pop Dance,Upbeat,All Weather,All Season,Youth/adult"
Is It The Way,Is It The Way,Saweetie,"=""00:02:45""",Hip Hop,155,Saweetie - Is It The Way.mp3,2024,English,1,"ICY, Warner Records",1,0,"Confident,All Weather,All Season,Youth/adult"
Golden Hour,Golden Hour,217HALO,"=""00:03:16""",Pop,99,217HALO - Golden Hour.mp3,2026,English,1,217HALO,1,0,"Balanced,All Weather,All Season"
Before We Get Started,R&B Money: The Vault,Tank,"=""00:03:13""",Pop,86,Tank - Before We Get Started.mp3,2024,English,1,"Atlantic, R&B Money",1,0,"Smooth,All Weather,All Season"
Beaches,This Is How Tomorrow Moves,Beabadoobee,"=""00:04:06""",Alternative,164,Beabadoobee - Beaches.mp3,2024,English,1,Dirty Hit,1,0,"Energetic,All Weather,All Season"
Blue,HIT ME HARD AND SOFT,Billie Eilish,"=""00:05:46""",Alternative,143,Billie Eilish - Blue.mp3,2024,English,1,"Darkroom Records, Interscope Records",1,0,"Energetic,All Weather,All Season"
lovely,lovely,"Billie Eilish, Khalid","=""00:03:20""",Pop,115,"Billie Eilish, Khalid - lovely.mp3",2018,English,1,Darkroom Records,1,0,"Indie Pop,Mainstream,All Weather,All Season,Youth/adult"
Shiver,AMATEUR AT BEST,Brenn!,"=""00:03:32""",Folk,163,Brenn! - Shiver.mp3,2026,English,1,Brenn!,1,0,"Energetic,All Weather,All Season"
Dance With Me,The Romantic,Bruno Mars,"=""00:03:39""",Pop,91,Bruno Mars - Dance With Me.mp3,2026,English,1,Atlantic,1,0,"Upbeat,All Weather,All Season,Youth/adult"
Amateur at best,AMATEUR AT BEST,Brenn!,"=""00:03:25""",Folk,150,Brenn! - Amateur at best.mp3,2026,English,1,Brenn!,1,0,"Energetic,All Weather,All Season"
Urn,You’re Still The Luckiest Thing To Happen To Me…,Crying City,"=""00:03:23""",Alternative,163,Crying City - Urn.mp3,2024,English,1,Soka Records,1,0,"Energetic,All Weather,All Season"
Home,Whatever's Clever!,Charlie Puth,"=""00:03:46""",Pop,94,Charlie Puth - Home (feat. Hikaru Utada).mp3,2026,English,1,Atlantic,1,0,"Mainstream,All Weather,All Season,Youth/adult"
Cover You in Flowers — Brad Wolfe & the Moon (official video),Cover You in Flowers — Brad Wolfe & the Moon (official video),Cover You in Flowers,"=""00:03:56""",Pop,97,Cover You in Flowers — Brad Wolfe & the Moon.mp3,2026,English,1,SMC,1,0,"Balanced,All Weather,All Season"
Not Ready to Love You,Not Ready to Love You,December Rose,"=""00:02:48""",Pop,115,December Rose - Not Ready to Love You.mp3,2026,English,1,December Rose,1,0,"Balanced,All Weather,All Season"
Daylight,Daylight,David Kushner,"=""00:03:50""",Pop,130,David Kushner - Daylight.mp3,2023,English,1,Virgin,1,0,"Ballad,Mainstream,All Weather,All Season,Youth/adult"
Next Summer,Next Summer,Damiano David,"=""00:05:12""",Pop,135,Damiano David - Next Summer.mp3,2025,English,1,Damiano David,1,0,"Energetic,All Weather,All Season"
Home,Home,Good Neighbours,"=""00:02:38""",Alternative,153,Good Neighbours - Home.mp3,2024,English,1,Some Action,1,0,"Indie Rock,Energetic,All Weather,All Season"
Sailor Song,Sailor Song,Gigi Perez,"=""00:03:36""",Pop,95,Gigi Perez - Sailor Song.mp3,2024,English,1,Island Records,1,0,"Vocal,Mainstream,All Weather,All Season,Youth/adult"
Take A Slice,Indie/Rock Playlist: December 2016,Glass Animals,"=""00:03:50""",Indie Rock,152,Glass Animals - Take A Slice.mp3,2016,English,1,Indie/Rock Playlist,1,0,"Energetic,All Weather,All Season"
Golden hour,golden hour,JVKE,"=""00:03:52""",Pop,126,JVKE - Golden hour.mp3,2022,English,1,Not On Label (JVKE (2) Self-released),1,0,"Indie Pop,Mainstream,All Weather,All Season,Youth/adult"
EYES CLOSED,EYES CLOSED,JISOO & ZAYN,"=""00:03:12""",Pop,151,JISOO X ZAYN - Eyes closede.mp3,2025,English,1,Warner Records,1,0,"Energetic,All Weather,All Season"
"I Love You, I’m Sorry",The Secret of Us,Gracie Abrams,"=""00:03:54""",Pop,117,"Gracie Abrams - I Love You, I’m Sorry.mp3",2024,English,1,Interscope Records,1,0,"Indie Pop,Mainstream,All Weather,All Season,Youth/adult"
Die For You,SMITHEREENS,Joji,"=""00:03:32""",Alternative,148,Joji - Die For You.mp3,2022,English,1,"88rising, Warner Records",1,0,"Energetic,All Weather,All Season"
Never Felt So Alone,Never Felt So Alone,Labrinth,"=""00:02:45""",Electronic,90,Labrinth - Never Felt So Alone.mp3,2023,English,1,Columbia,1,0,"Alt-pop,Electro,Energetic,All Weather,All Season,Youth/adult"
Glimpse of Us,Glimpse of Us,Joji,"=""00:03:54""",Funk / Soul,172,Joji - Glimpse of Us.mp3,2022,English,1,88rising,1,0,"Indie Pop,R&B,Mainstream,All Weather,All Season,Youth/adult"
Staying,Older,Lizzy McAlpine,"=""00:02:33""",Alternative,136,Lizzy McAlpine - Staying.mp3,2024,English,1,RCA,0,1,"Energetic,All Weather,All Season"
'Cause You Have To,a beautiful blur,Lany,"=""00:04:11""",Pop,162,Lany - 'Cause You Have To.mp3,2023,English,1,"Sunset Garden, Virgin",1,0,"Mainstream,All Weather,All Season,Youth/adult"
Bittersweet,bittersweet,Madison Beer,"=""00:04:28""",Pop,110,Madison Beer - Bittersweet.mp3,2025,English,1,"Epic, Sing It Loud",1,0,"Mainstream,All Weather,All Season,Youth/adult"
Younger You,Younger You,Miley Cyrus,"=""00:02:50""",Pop,163,Miley Cyrus - Younger You.mp3,2026,English,1,"RCA, Sony Music",1,0,"Soft Rock,Pop Rock,Country,Mainstream,All Weather,All Season,Youth/adult"
Curbside Diamonds,Curbside Diamonds,Mechanical Woman,"=""00:03:28""",Pop,124,Mechanical Woman - Curbside Diamonds.mp3,2026,English,1,Mechanical Woman,1,0,"Balanced,All Weather,All Season"
I Know,I Know,Michael V. Doane,"=""00:03:43""",Pop,137,Michael V. Doane - I Know.mp3,2026,English,1,Michael V. Doane,1,0,"Energetic,All Weather,All Season"
I Bet on Losing Dogs,Puberty 2,Mitski,"=""00:02:51""",Indie Rock,164,Mitski - I Bet on Losing Dogs.mp3,2016,English,1,Dead Oceans,1,0,"Energetic,All Weather,All Season"
Verbatim,Touch Up,Mother Mother,"=""00:02:48""",Alternative,155,Mother Mother - Verbatim.mp3,2007,English,1,Last Gang Records,1,0,"Energetic,All Weather,All Season"
You’re Gonna Go Far,Stick Season (We'll All Be Here Forever),Noah Kahan,"=""00:04:46""",Alternative,85,Noah Kahan - You’re Gonna Go Far.mp3,2023,English,1,"Mercury Records, Republic Records",1,0,"Balanced,All Weather,All Season"
Moments,One Last Dance,Pete Muller,"=""00:03:59""",Pop,126,Pete Muller Moments.mp3,2025,English,1,Pete Muller,1,0,"Upbeat,All Weather,All Season"
Over,Winnipeg,Orit Shimoni,"=""00:05:18""",Pop,143,Orit Shimoni - Over.mp3,2026,English,1,Orit Shimoni,1,0,"Energetic,All Weather,All Season"
Romantic Homicide,Romantic Homicide,jxdn,"=""00:02:13""",Pop,131,Romantic Homicide.mp3,2023,English,1,DTA Records,1,0,"Energetic,All Weather,All Season"
Number one girl,rosie,ROSÉ,"=""00:03:38""",Pop,117,ROSÉ - Number one girl.mp3,2024,English,1,Atlantic,1,0,"Mainstream,All Weather,All Season,Youth/adult"
Miles Above,Miles Above,Racewall Mosquitoes,"=""00:05:00""",Alternative,92,Racewall Mosquitoes - Miles Above.mp3,2022,English,1,Racewall Mosquitoes,1,0,"Balanced,All Weather,All Season"
North Star,North Star,SABAI & Hoang,"=""00:03:03""",Electronic,150,SABAI & Hoang - North Star (ft. Casey Cook).mp3,2023,English,1,Ikigai Music,1,0,"Future Bass,Dubstep,Pop Dance,Trap,Upbeat,All Weather,All Season,Youth/adult"
Snap,SNAP - Single,Rosa Linn,"=""00:03:13""",Pop,172,Rosa Linn - Snap.mp3,2022,English,1,Nvak Collective,1,0,"Light Music,Mainstream,All Weather,All Season,Youth/adult"
Issues,Issues - Single,Rylai,"=""00:03:40""",Pop,123,Rylai - Issues.mp3,2026,English,1,Rylai,1,0,"Balanced,All Weather,All Season"
How Does It Feel To Be Forgotten,I Said I Love You First,"Selena Gomez, benny blanco","=""00:02:41""",Pop,124,"Selena Gomez, benny blanco - How Does It Feel To Be Forgotten.mp3",2025,English,1,Selena Gomez & benny blanco,1,0,"Mainstream,All Weather,All Season,Youth/adult"
Younger And Hotter Than Me,I Said I Love You First,"Selena Gomez, benny blanco","=""00:03:18""",Pop,86,"Selena Gomez, benny blanco - Younger And Hotter Than Me.mp3",2025,English,1,Selena Gomez & benny blanco,1,0,"Mainstream,All Weather,All Season,Youth/adult"
The Visitor,The Visitor,Sienna Spiro,"=""00:03:49""",Pop,129,Sienna Spiro - The Visitor.mp3,2026,English,1,Capitol Records,1,0,"Ballad,Mainstream,All Weather,All Season,Youth/adult"
Until I Found You,Until I Found You,Stephen Sanchez,"=""00:02:56""",Indie,101,Stephen Sanchez - Until I Found You.mp3,2022,English,1,Republic Records,1,0,"Indie Pop,Mainstream,All Weather,All Season,Youth/adult"
Actually Romantic,The Life of a Showgirl,Taylor Swift,"=""00:02:48""",Pop,85,Taylor Swift - Actually Romantic.mp3,2025,English,1,Taylor Swift,1,0,"Mainstream,All Weather,All Season,Youth/adult"
Cigarettes After Sex,Cigarettes After Sex,Stop Waiting,"=""00:06:03""",Pop,87,Stop Waiting - Cigarettes After Sex.mp3,2023,English,1,Stop Waiting,1,0,"Balanced,All Weather,All Season"
Guilty as Sin,THE TORTURED POETS DEPARTMENT,Taylor Swift,"=""00:04:19""",Pop,95,Taylor Swift - Guilty as Sin.mp3,2024,English,1,Taylor Swift,1,0,"Mainstream,All Weather,All Season,Youth/adult"
Down Bad,THE TORTURED POETS DEPARTMENT,Taylor Swift,"=""00:04:26""",Pop,80,Taylor Swift - Down Bad.mp3,2024,English,1,Taylor Swift,1,0,"Mainstream,All Weather,All Season,Youth/adult"
Shame,Shame - Single,Théo,"=""00:02:45""",Pop,90,Théo - Shame.mp3,2026,English,1,Théo,1,0,"Balanced,All Weather,All Season"
"Soldier, Poet, King",Dear Wormwood,The Oh Hellos,"=""00:02:43""",Indie Folk,118,"The Oh Hellos - Soldier, Poet, King.mp3",2015,English,1,[no label],1,0,"Fresh,All Weather,All Season"
loml,THE TORTURED POETS DEPARTMENT,Taylor Swift,"=""00:04:42""",Pop,98,Taylor Swift - loml.mp3,2024,English,1,Taylor Swift,1,0,"Mainstream,All Weather,All Season,Youth/adult"
Is it love,IS IT LOVE,Tyla,"=""00:03:10""",Pop,89,Tyla - Is it love.mp3,2026,English,1,"Epic, FAX Records",1,0,"Balanced,All Weather,All Season"
Want You Bad - Shoshana Ami (Official Video) (Lyrics),Want You Bad - Shoshana Ami (Official Lyric Video),ASH DA HERO,"=""00:03:00""",Pop,148,Want You Bad - Shoshana Ami.mp3,2025,English,1,ASH DA HERO,1,0,"Energetic,All Weather,All Season"
Shoshana Ami (Lyrics),You Break Me - Shoshana Ami (Official Lyric Video),You Break Me,"=""00:03:43""",Pop,74,You Break Me - Shoshana Ami (Lyrics).mp3,2025,English,1,Ed Sheeran,1,0,"Calm,Rainy,All Season"
Always Love featuring Hyunjin,Always Love,d4vd,"=""00:03:19""",Alternative,143,d4vd - Always Love featuring Hyunjin (Stray Kids).mp3,2025,English,1,"Darkroom Records, Interscope Records",1,0,"Energetic,All Weather,All Season"
Wasted Summers,Wasted Summers,juju,"=""00:02:11""",Alternative,104,juju - Wasted Summers.mp3,2023,English,1,Not Fit for Society,1,0,"Balanced,All Weather,All Season"
Zombie,Zombie,Yungblud,"=""00:04:07""",Rock,162,Yungblud - Zombie.mp3,2025,English,1,"Capitol Records, Location Recordings",1,0,"Alternative Rock,Energetic,All Weather,All Season"
"Better Off (Alone, Pt. III)","Better Off (Alone, Pt. III) (D-Block & S-te-Fan Remix)","Alan Walker, Dash Berlin & Vikkstar","=""00:02:31""",Dance,130,"Alan Walker, Dash Berlin & Vikkstar - Better Off.mp3",2023,English,1,MER Recordings,1,0,"Hardstyle,Upbeat,All Weather,All Season,Youth/adult"
Move,Move,"Adam Port, Stryv","=""00:05:53""",Electronic,120,"Adam Port, Stryv - Move.mp3",2024,English,1,Not On Label (Gunz For Hire Self-released),1,0,"Hardstyle,Energetic,Chillout,Rainy,All Season"
Stop With It (La La La La),STOP WITH IT (La La La La),Axemo,"=""00:03:01""",Dance,135,Axemo - Stop With It (La La La La).mp3,2024,English,1,Axemo,1,0,"Upbeat,All Weather,All Season,Youth/adult"
Aleks Born - On Sight | Spider-Man,Aleks Born - On Sight | Spider-Man,Spencer Brown,"=""00:02:20""",Electronic,103,Aleks Born - On Sight Spider-Man.mp3,2024,English,1,Spencer Brown,1,0,"Electro,Dance,Electronica,Upbeat,All Weather,All Season,Youth/adult"
The days,The Days,Chrystal,"=""00:03:53""",Dance,138,Chrystal - The days.mp3,2024,English,1,"Chaos, Polydor",1,0,"House,Upbeat,All Weather,All Season,Youth/adult"
Hands Up,Hands Up,Crazy Frog,"=""00:01:49""",Pop,140,Crazy Frog - Hands Up.mp3,2024,English,1,Mach1 Records GmbH & Co KG,1,0,"Mainstream,All Weather,All Season,Youth/adult"
Drive,Drive,Gibbs ft. Opał,"=""00:03:31""",Hip Hop,87,Gibbs ft. Opał - Drive.mp3,2024,English,1,SMC,1,0,"Electronic,Energetic,All Weather,All Season"
No Bad Vibes,No Bad Vibes,"Jazzy, Kilimanjaro","=""00:02:40""",Dance,120,"Jazzy, Kilimanjaro - No Bad Vibe.mp3",2024,English,1,"Chaos, Polydor",1,0,"Deep House,Upbeat,All Weather,All Season,Youth/adult"
"Relax, Take It easy",iTunes Festival: London 2007,Mika,"=""00:02:11""",Pop,122,"Mika - Relax, Take It easy.mp3",2007,English,1,Casablanca Records,1,0,"Mainstream,All Weather,All Season,Youth/adult"
Arrival,Arrival,Kream,"=""00:03:24""",Dance,126,Kream - Arrival.mp3,2025,English,1,Liquid Lab,1,0,"Progressive house,Upbeat,All Weather,All Season,Youth/adult"
Just The Way You Are,Just The Way You Are (David Guetta Remix),Milky x David Guetta,"=""00:03:01""",Dance,130,Milky x David Guetta - Just The Way You Are.mp3,2026,English,1,Ministry Of Sound,1,0,"House,Upbeat,All Weather,All Season,Youth/adult"
Hold You Right,Hold You Right,"Planet Wave House, Kelo, Luna Belle","=""00:03:16""",Pop,115,"Planet Wave House, Kelo, Luna Belle - Hold You Right.mp3",2024,English,1,"Planet Wave House, Kelo, Luna Belle",1,0,"Balanced,All Weather,All Season"
"""STO-100 LAT"" - Polish Birthday Song (Eng. Subs)","""STO-100 LAT"" - Polish Birthday Song (Eng. Subs)",ST 100 LAT,"=""00:01:07""",Pop,124,ST 100 LAT - Polish Birthday Song.mp3,2020,English,1,SMC,1,0,"Balanced,All Weather,All Season"
Hot boys make hot music,HOT PEOPLE MAKE HOT MUSIC,Samxemma,"=""00:03:54""",Pop,132,Samxemma - Hot boys make hot music.mp3,2025,English,1,Sony Music,1,0,"Mainstream,All Weather,All Season,Youth/adult"
Saga,SAGA,Rusakov,"=""00:04:36""",Dance,112,Rusakov - Saga.mp3,2024,English,1,Rusakov,1,0,"Electronica,Upbeat,All Weather,All Season,Youth/adult"
Me forever,Us Forever,Samxemma,"=""00:03:24""",Pop,140,Samxemma - Me forever.mp3,2025,English,1,Sony Music Entertainment,1,0,"Energetic,All Weather,All Season"
SOALEX - Somebody | Goosebumps,SOALEX - Somebody | Goosebumps,Agbeko,"=""00:03:56""",Electronic,100,Soalex - Somebody Goosebumps.mp3,2025,English,1,Agbeko,1,0,"Dance,Electronica,Upbeat,All Weather,All Season,Youth/adult"
Breathe,The Fat of the Land,The Prodigy,"=""00:02:05""",Electronic,126,The Prodigy - Breathe.mp3,1996,English,1,XL Recordings,1,0,"Dance,House,Electro,Upbeat,All Weather,All Season,Youth/adult"
Rock That Body,F*** Me I’m Famous! Ibiza Mix 2010,The Black Eyed Peas,"=""00:02:00""",House,130,The Black Eyed Peas - Rock That Body (Zusebi Remix).mp3,2010,English,1,EMI Music France,1,0,"Upbeat,All Weather,All Season"
My Heart Will Go On,The Best Millennium Non‐Stop Party Album,Titanic,"=""00:03:08""",Dance,128,Titanic - My Heart Will Go On.mp3,2000,English,1,avex trax,1,0,"Electronic,House,Pop,Upbeat,All Weather,All Season,Youth/adult"
Lost,Lost,"Vintage Culture, Gabss","=""00:03:37""",Dance,128,"Vintage Culture, Gabss - Lost.mp3",2025,English,1,Affairs Records,1,0,"Progressive house,Upbeat,All Weather,All Season,Youth/adult"
Every Minute,Every Minute,"Yann Muller, SEM & Dela Utca","=""00:03:03""",Dance,122,"Yann Muller, SEM & Dela Utca - Every Minute.mp3",2024,English,1,"Yann Muller, Sem & Dela Utca",1,0,"Upbeat,All Weather,All Season,Youth/adult"
Two,two,bbno$,"=""00:02:17""",Electronic,128,bbno$ - Two.mp3,2024,English,1,broke,1,0,"Pop Rap,Hip-house,Upbeat,All Weather,All Season,Youth/adult"
1-800,1-800,bbno$,"=""00:03:28""",Bassline,132,bbno$ - 1-800 (ft. ironmouse).mp3,2025,English,1,broke,1,0,"Pop Rap,Mainstream,All Weather,All Season,Youth/adult"
Cynical,Cynical (MistaJam Remix),twocolors x Safri Duo x Chris de Sarandy,"=""00:03:11""",Pop,130,twocolors x Safri Duo x Chris de Sarandy - Cynical.mp3,2023,English,1,Vevo,1,0,"Energetic,All Weather,All Season"
I just might,I just might,Alexia,"=""00:02:09""",Pop,125,Alexia - I just might.mp3,2026,English,1,Alexia,1,0,"Energetic,All Weather,All Season"
Swim,ARIRANG,BTS,"=""00:04:04""",Pop,94,BTS - Swim.mp3,2026,English,1,BIGHIT MUSIC,1,0,"Mainstream,All Weather,All Season,Youth/adult"
So What,So What?,Blair Davie,"=""00:02:53""",Alternative,124,Blair Davie - So What.mp3,2026,English,1,Giant Music,1,0,"Balanced,All Weather,All Season"
Biblically Accurate Angel,Biblically Accurate Angel - Single,Candi Carpenter,"=""00:04:55""",Alternative,162,Candi Carpenter - Biblically Accurate Angel.mp3,2026,English,1,Candi Carpenter,1,0,"Energetic,All Weather,All Season"
"Good Luck, Babe!","Good Luck, Babe!",Chappell Roan,"=""00:03:38""",Pop,117,"Chappell Roan - Good Luck, Babe!.mp3",2024,English,1,"Island Records, Amusement Records",1,0,"Synth-pop,Mainstream,All Weather,All Season,Youth/adult"
COCHISE - SKIN CARE (Official Music Video),COCHISE - SKIN CARE (Official Music Video),Cochise,"=""00:02:13""",Pop,151,Cochise - Skin care.mp3,2026,English,1,Cochise,1,0,"Energetic,All Weather,All Season"
Last October,Last October,Cosmo's Midnight,"=""00:03:08""",Pop,124,Cosmo's Midnight - Last October.mp3,2026,English,1,Cosmo's Midnight,1,0,"Balanced,All Weather,All Season"
Darin feat. Eloise - Falling In love (Music Video),Darin feat. Eloise - Falling In love (Music Video),Darin feat. Eloise,"=""00:02:01""",Pop,95,Darin feat. Eloise - Falling In love.mp3,2026,English,1,SMC,1,0,"Balanced,All Weather,All Season"
Raindance,The Boy Who Played the Harp,Dave ft Tems,"=""00:03:41""",Afrobeats,140,Dave ft Tems - Raindance.mp3,2025,English,1,Neighbourhood Recordings,1,0,"Upbeat,All Weather,All Season"
End Of Beginning,DECIDE,Djo,"=""00:02:39""",Alternative,162,Djo - End Of Beginning.mp3,2022,English,1,AWAL Recordings,1,0,"Alternative Rock,Alt-pop,Mainstream,All Weather,All Season,Youth/adult"
Geekin All Night,Geekin All Night - Single,GETRICHZAY,"=""00:02:01""",Pop,145,GETRICHZAY - Geekin All Night.mp3,2026,English,1,Getrichzay,1,0,"Energetic,All Weather,All Season"
As It Was,Harry’s House,Harry Styles,"=""00:02:46""",Pop,87,Harry Styles - As It Was.mp3,2022,English,1,Columbia,1,0,"Upbeat,All Weather,All Season,Youth/adult"
How It's Done,How It’s Done,KPop Demon Hunters,"=""00:03:04""",K-pop,162,KPop Demon Hunters - How It's Done.mp3,2025,English,1,KPop Demon Hunters,1,0,"Mainstream,All Weather,All Season,Youth/adult"
Internet Girl,Internet Girl,Katseye,"=""00:02:46""",Pop,130,Katseye - Internet Girl.mp3,2026,English,1,"HYBE X Geffen, HYBE UMG LLC",1,0,"K-pop,Mainstream,All Weather,All Season,Youth/adult"
Pinky up,PINKY UP,Katseye,"=""00:03:02""",Pop,152,Katseye - Pinky up.mp3,2026,English,1,HYBE/Geffen,1,0,"Mainstream,All Weather,All Season,Youth/adult"
Luther,GNX,Kendrick Lamar,"=""00:02:58""",Pop,138,Kendrick Lamar - Luther.mp3,2024,English,1,pgLang,1,0,"Energetic,All Weather,All Season"
TV off,GNX,Kendrick Lamar,"=""00:03:41""",Hip Hop,100,Kendrick Lamar - TV off.mp3,2024,English,1,"Interscope Records, pgLang",1,0,"Balanced,All Weather,All Season"
All The Stars,All The Stars,"Kendrick Lamar, SZA","=""00:03:50""",Hip Hop,97,"Kendrick Lamar, SZA - All The Stars.mp3",2018,English,1,"Top Dawg Entertainment, Aftermath Entertainment, Interscope Records",1,0,"Confident,All Weather,All Season,Youth/adult"
See You Dancing,See You Dancing,Kids That Fly,"=""00:03:57""",Alternative,94,Kids That Fly - See You Dancing.mp3,2026,English,1,Kids That Fly,1,0,"Balanced,All Weather,All Season"
Madwoman,A Matter of Time: The Final Hour,Laufey,"=""00:04:44""",Pop,116,Laufey - Madwoman.mp3,2026,English,1,Vingolf Recordings,1,0,"Mainstream,All Weather,All Season,Youth/adult"
What You Saying,What You Saying,Lil Uzi Vert,"=""00:03:02""",Rap,133,Lil Uzi Vert - What You Saying.mp3,2025,English,1,Cor(e),1,0,"Jersey Club,Pop Rap,Mainstream,All Weather,All Season,Youth/adult"
Geeker,GEEKER,LilGoatD3,"=""00:02:16""",Hip Hop,105,LilGoatD3 - Geeker.mp3,2026,English,1,Lilgoatd3,1,0,"Balanced,All Weather,All Season"
Way I Ball,Way I Ball - Single,Mac Young,"=""00:02:32""",Hip Hop,83,Mac Young - Way I Ball.mp3,2026,English,1,Mac Young,1,0,"Electronic,Energetic,All Weather,All Season"
Repeat It,Repeat It,Martin Garrix & Ed Sheeran,"=""00:03:17""",Electronic,128,Martin Garrix & Ed Sheeran - Repeat It.mp3,2026,English,1,STMPD RCRDS,1,0,"Progressive house,Pop Dance,Upbeat,All Weather,All Season,Youth/adult"
Flowers,Flowers,Miley Cyrus,"=""00:03:22""",Pop,118,Miley Cyrus - Flowers.mp3,2023,English,1,Columbia,1,0,"Mainstream,All Weather,All Season,Youth/adult"
Stateside,Fancy Some More?,PinkPantheress & Zara Larsson,"=""00:03:13""",Pop,123,PinkPantheress & Zara Larsson - Stateside.mp3,2026,English,1,Warner Records,1,0,"Mainstream,All Weather,All Season,Youth/adult"
Click Clack Symphony. (feat. Hans Zimmer),Click Clack Symphony.,RAYE,"=""00:05:11""",Pop,94,Raye ft. Hans Zimmer- Click Clack Symphony.mp3,2026,English,1,Human Re Sources,1,0,"Rhythm & Blues,Contemporary,Mainstream,All Weather,All Season,Youth/adult"
Calm Down,Calm Down,"Rema, Selena Gomez","=""00:03:59""",Folk,107,"Rema, Selena Gomez - Calm Down.mp3",2022,English,1,Interscope Records,1,0,"African,Balanced,All Weather,All Season"
Please Please Please,Please Please Please,Sabrina Carpenter,"=""00:04:23""",Pop,107,Sabrina Carpenter - Please Please Please.mp3,2024,English,1,Island Records,1,0,"Mainstream,All Weather,All Season,Youth/adult"
BUSHWICK,Detour,Samara Cyn,"=""00:02:28""",Hip Hop,132,Samara Cyn ft. Ovrcast- Bushwick.mp3,2026,English,1,Vanta Records,1,0,"Popular Music,Energetic,All Weather,All Season"
In The Dark,In the Dark,Selena Gomez,"=""00:03:04""",Pop,119,Selena Gomez - In The Dark.mp3,2025,English,1,Interscope Records,1,0,"Mainstream,All Weather,All Season,Youth/adult"
I Thought I Saw Your Face Today,Volume One,She & Him,"=""00:02:50""",Indie,162,She & Him - I Thought I Saw Your Face Today.mp3,2008,English,1,Merge Records,1,0,"Fresh,All Weather,All Season"
Die On This Hill,Die On This Hill,Sienna Spiro,"=""00:04:01""",Pop,83,Sienna Spiro - Die On This Hill.mp3,2025,English,1,Capitol Records,1,0,"Mainstream,All Weather,All Season,Youth/adult"
back to friends,back to friends,Sombr,"=""00:03:22""",Pop,93,Sombr - back to friends.mp3,2025,English,1,Warner Records,1,0,"Alt-pop,Mainstream,All Weather,All Season,Youth/adult"
Greedy,greedy,Tate McRae,"=""00:02:34""",Pop,111,Tate McRae - Greedy.mp3,2023,English,1,RCA,1,0,"Mainstream,All Weather,All Season,Youth/adult"
Sports car,Sports car,Tate McRae,"=""00:03:08""",Pop,107,Tate McRae - Sports car.mp3,2025,English,1,RCA,1,0,"Pop Dance,Jersey Club,Upbeat,All Weather,All Season,Youth/adult"
Bad Dreams,Bad Dreams,Teddy Swims,"=""00:03:05""",Pop,125,Teddy Swims - Bad Dreams.mp3,2024,English,1,Warner Records,1,0,"Rhythm & Blues,Mainstream,All Weather,All Season,Youth/adult"
Lose Control,I've Tried Everything But Therapy (Part 1),Teddy Swims,"=""00:03:28""",Pop,162,Teddy Swims - Lose Control.mp3,2023,English,1,Warner Records,1,0,"Mainstream,All Weather,All Season,Youth/adult"
Million dollar baby,Million Dollar Baby,Tommy Richman,"=""00:02:47""",Hip Hop,138,Tommy Richman - Million dollar baby.mp3,2024,English,1,Not On Label (Tommy Richman Self-released),1,0,"Confident,All Weather,All Season,Youth/adult"
Chanel,CHANEL,Tyla,"=""00:03:09""",Pop,115,Tyla - Chanel.mp3,2026,English,1,"Epic, Fax Records, Sony Music",1,0,"Afrobeat,R&B,African,Mainstream,All Weather,All Season,Youth/adult"
Tyla - SHE DID IT AGAIN (Official Music Video) ft. Zara Larsson,Tyla - SHE DID IT AGAIN (Official Music Video) ft. Zara Larsson,Tyla,"=""00:03:35""",Pop,97,Tyla fr. Zara Larsson - She did it again.mp3,2026,English,1,Tyla,1,0,"Balanced,All Weather,All Season"
Dynamite,DYNAMITE,Tyla x Wizkid,"=""00:03:15""",Pop,100,Tyla x Wizkid - Dynamite.mp3,2025,English,1,Tyla x Wizkid,1,0,"Balanced,All Weather,All Season"
Blue,blue,Yung Kai,"=""00:03:41""",Alternative,98,Yung Kai - Blue.mp3,2024,English,1,BMG,1,0,"Indie Pop,Mainstream,All Weather,All Season,Youth/adult"
Don't Say Sorry,Don't Say Sorry,ZHANGYE & Libianca,"=""00:03:47""",Pop,105,ZHANGYE & Libianca - Don't Say Sorry.mp3,2026,English,1,ZHANGYE & Libianca,1,0,"Balanced,All Weather,All Season"
Lush Life,Lush Life,Zara Larsson,"=""00:03:18""",Pop,98,Zara Larsson - Lush Life.mp3,2015,English,1,"TEN Music Group, Epic, Black Butter Records, Sony Music",1,0,"Mainstream,All Weather,All Season,Youth/adult"
"031Choppa, Al Xapo & Benzoo - Fast Fast (feat. Roscosteazy, Optimist Music ZA & JussGigi) (Audio)","031Choppa, Al Xapo & Benzoo - Fast Fast (feat. Roscosteazy, Optimist Music ZA & JussGigi) (Audio)","031Choppa, Al Xapo & Benzoo","=""00:04:00""",Pop,113,"031Choppa, Al Xapo & Benzoo - Fast Fast.mp3",2026,English,1,SMC,1,0,"Balanced,All Weather,All Season"
Renegade,The Arrival,Aaryan Shah,"=""00:04:06""",Pop,94,Aaryan Shah - Renegade (Slowed).mp3,2019,English,1,[no label],1,0,"Balanced,All Weather,All Season"
I Want You,Happy,Alexia,"=""00:02:46""",Pop,110,Alexia - I Want You.mp3,1999,English,1,Epic,1,0,"Balanced,All Weather,All Season"
It Girl,IT GIRL,Aliyah’s Interlude,"=""00:02:42""",Pop,125,Aliyah’s Interlude - It Girl.mp3,2023,English,1,Not On Label,1,0,"Mainstream,All Weather,All Season,Youth/adult"
Sad Girlz Luv Money Remix,Sad Girlz Luv Money (remix),Amaarae,"=""00:03:24""",Pop,110,Amaarae - Sad Girlz Luv Money Remix.mp3,2021,English,1,Golden Child Entertainment,1,0,"Afrobeat,R&B,Smooth,All Weather,All Season"
Envolver,Envolver,Anitta,"=""00:03:11""",Electronic,92,Anitta - Envolver.mp3,2021,English,1,Warner Records,1,0,"Reggaeton,Energetic,Sunny,Summer,Youth/adult"
DtMF,DeBÍ TiRAR MáS FOToS,Bad Bunny,"=""00:04:00""",Latin,112,Bad Bunny - DtMF (Letra).mp3,2025,Spanish,1,Bad Bunny,1,0,"Sunny,Summer"
Vois sur ton chemin (DJ Holanda MONTAGEM CORAL Remix),Vois sur ton chemin (DJ Holanda MONTAGEM CORAL Remix),BENNETT,"=""00:02:58""",Dance,137,Bennett - Vois sur ton chemin (Techno Mix).mp3,2023,English,1,Warner Music Central Europe,1,0,"Upbeat,All Weather,All Season,Youth/adult"
Slow It Down,Slow It Down,Benson Boone,"=""00:03:04""",Pop,91,Benson Boone - Slow It Down.mp3,2024,English,1,"Night Street Records, Warner Records",1,0,"Mainstream,All Weather,All Season,Youth/adult"
What Was I Made For,¿Para qué fui hecha?,Billie Eilish,"=""00:04:09""",Rock,152,Billie Eilish - What Was I Made For.mp3,2023,English,1,"Darkroom Records, Interscope Records",1,0,"Popular Music,Energetic,All Weather,All Season"
Jump,JUMP,Blackpink,"=""00:03:13""",Dance,145,Blackpink - Jump.mp3,2025,English,1,YG Entertainment,1,0,"K-pop,Mainstream,All Weather,All Season,Youth/adult"
have to,have to.,Brent Faiyaz,"=""00:03:51""",Billboard Hot 100,162,Brent Faiyaz - have to.mp3,2025,English,1,ISO Supremacy,1,0,"Energetic,All Weather,All Season"
The Fear of Being Human Remains,Little Freak,Candi Carpenter,"=""00:03:59""",Pop,172,Candi Carpenter - The Fear of Being Human Remains.mp3,2025,English,1,Head Bitch Music,1,0,"Energetic,All Weather,All Season"
Safe,AM I THE DRAMA?,Cardi B,"=""00:03:26""",Pop,76,Cardi B - Safe.mp3,2025,English,1,Atlantic,1,0,"Calm,Rainy,All Season"
Central Cee (Freestyle),Cobo Sweat,Chromatics,"=""00:02:56""",Hip Hop,144,Central Cee X Raye- Moi.mp3,2024,English,1,[no label],1,0,"Energetic,All Weather,All Season"
Pink Pony Club,"Live at Lollapalooza: August 1, 2024",Chappell Roan,"=""00:04:18""",Pop,107,Chappell Roan - Pink Pony Club.mp3,2024,English,1,[no label],1,0,"Mainstream,All Weather,All Season,Youth/adult"
Apple,BRAT,Charli xcx,"=""00:02:35""",Electropop,126,Charli xcx - Apple.mp3,2024,English,1,Atlantic,1,0,"Energetic,All Weather,All Season,Youth/adult"
Redred,REDRED,Cortis,"=""00:03:28""",Chiptune,121,Cortis - Redred.mp3,2026,English,1,"BIGHIT MUSIC, Republic Records",1,0,"Electro,Dance,House,Upbeat,All Weather,All Season,Youth/adult"
Feel It,Feel It,Cupidon & Milaa,"=""00:01:01""",Pop,122,Cupidon & Milaa - Feel It.mp3,2024,English,1,Sundae Sauuce,1,0,"Balanced,All Weather,All Season"
Give Me A Kiss,Give Me a Kiss - Single,Crash Adams,"=""00:02:52""",Pop,141,Crash Adams - Give Me A Kiss.mp3,2022,English,1,"Warner Music Canada Co., Warner Records Inc.",1,0,"Mainstream,All Weather,All Season,Youth/adult"
Memories,My Purple Clouds,Darin,"=""00:02:31""",Pop,124,Darin - Memories.mp3,2022,English,1,Dex Music,1,0,"Mainstream,All Weather,All Season,Youth/adult"
"Dark Drill Beat ""DRIP"" | Drill Rap Instrumental 2026","Dark Drill Beat ""DRIP"" | Drill Rap Instrumental 2026",Dark Drill Beat,"=""00:01:26""",Pop,144,Dark Drill Beat - Drip.mp3,2026,English,1,Dark Drill Beat,1,0,"Energetic,All Weather,All Season"
I'm Good,I'm Good (Blue),David Guetta & Bebe Rexha,"=""00:02:57""",Dance,128,David Guetta & Bebe Rexha - I'm Good (Blue).mp3,2022,English,1,Parlophone,1,0,"Pop Dance,Upbeat,All Weather,All Season,Youth/adult"
Baby Girl,The Annual 2023 - Ministry of Sound,Disco Lines,"=""00:01:52""",Dance,121,Disco Lines - Baby Girl.mp3,2022,English,1,Ministry of Sound,1,0,"Upbeat,All Weather,All Season,Youth/adult"
Jealous Type,Jealous Type,Doja Cat,"=""00:03:09""",Pop,120,Doja Cat - Jealous Type.mp3,2025,English,1,"Kemosabe, RCA",1,0,"Mainstream,All Weather,All Season,Youth/adult"
Paint The Town Red,Paint the Town Red,Doja Cat,"=""00:03:52""",Hip Hop,100,Doja Cat - Paint The Town Red.mp3,2023,English,1,Not On Label (Doja Cat Self-released),1,0,"Confident,All Weather,All Season,Youth/adult"
Houdini,Houdini,Dua Lipa,"=""00:03:08""",Pop,117,Dua Lipa - Houdini.mp3,2023,English,1,Warner Records,1,0,"Pop Dance,Synth-pop,Nu-Disco,Funk,Upbeat,All Weather,All Season,Youth/adult"
Suave,Vibra Latina,El Alfa,"=""00:03:26""",Pop,72,El Alfa - Suave.mp3,2018,English,1,El Jefe Records,1,0,"Sunny,All Season"
B.O.T.A.,B.O.T.A. (Baddest Of Them All),Eliza Rose,"=""00:03:47""",Dance,137,Eliza Rose - B.O.T.A..mp3,2022,English,1,Warner Records,1,0,"House,Upbeat,All Weather,All Season,Youth/adult"
It All Goes,It All Goes,Eloise,"=""00:02:20""",Pop,98,Eloise - It All Goes.mp3,2026,English,1,SMC,1,0,"Balanced,All Weather,All Season"
Pretty Little Baby,Pretty Little Baby,Eloise,"=""00:02:07""",Pop,96,Eloise - Pretty Little Baby.mp3,2025,English,1,Eloise,1,0,"Balanced,All Weather,All Season"
Noble,NOBLE,F3miii,"=""00:03:18""",Billboard Hot 100,93,F3miii - Noble.mp3,2025,English,1,Robots + Humans,1,0,"Balanced,All Weather,All Season"
Gata Only,Gata Only,FloyyMenor,"=""00:03:42""",Latin,100,FloyyMenor - Gata Only.mp3,2024,English,1,Not On Label (FloyyMenor Self-released),1,0,"Reggaeton,Sunny,Summer,Youth/adult"
Lady Killers II,Lady Killers II,G-Eazy,"=""00:04:58""",Hip Hop,136,G-Eazy - Lady Killers II.mp3,2024,English,1,Not On Label (G-Eazy Self-released),1,0,"Confident,All Weather,All Season,Youth/adult"
I Run,I Run,HAVEN.,"=""00:02:10""",AI Controversy,138,HAVEN. - I Run.mp3,2025,English,1,Isekai Records,1,0,"Energetic,All Weather,All Season"
Too Sweet,Unheard,Hozier,"=""00:03:11""",Pop Soul,135,Hozier - Too sweet (Remix).mp3,2024,English,1,"Island, Rubyworks",1,0,"2024,Energetic,All Weather,All Season"
Big Dawgs,Big Dawgs,Hanumankind Ft. Kalmi,"=""00:03:15""",Alternative Rock,90,Hanumankind Ft. Kalmi - Big Dawgs.mp3,2024,English,1,Universal Music India Pvt. Ltd.,1,0,"Energetic,All Weather,All Season"
Belly Dancer,Belly Dancer,Imanbek & BYOR,"=""00:02:34""",Dance,122,Imanbek & BYOR - Belly Dancer.mp3,2022,English,1,Musical Freedom Records,1,0,"House,Upbeat,All Weather,All Season,Youth/adult"
Magnetic,Super Real Me,Illit,"=""00:02:41""",Asian Music,131,Illit - Magnetic.mp3,2024,English,1,Belift Lab,1,0,"Energetic,All Weather,All Season"
Favorite,Favorite,Isabel LaRosa,"=""00:02:12""",Pop,97,Isabel LaRosa - Favorite.mp3,2024,English,1,"RCA, Slumbo Labs",1,0,"Alt-pop,Mainstream,All Weather,All Season,Youth/adult"
Makeba,Zanaka,Jain,"=""00:05:05""",Pop,126,Jain - Makeba.mp3,2016,English,1,"Columbia, Spookland",1,0,"Mainstream,All Weather,All Season,Youth/adult"
Ferrari,Ferrari,"James Hype, Miggy Dela Rosa","=""00:03:06""",Dance,124,"James Hype, Miggy Dela Rosa - Ferrari.mp3",2022,English,1,Cross Records,1,0,"House,Upbeat,All Weather,All Season,Youth/adult"
like Jennie,Ruby,Jennie,"=""00:03:02""",Funk Mandelao,130,Jennie - like Jennie.mp3,2025,English,1,"Columbia, OA",0,1,"Energetic,All Weather,All Season"
Jiandro - Confess your love (Audio) ft. ola.wav,Jiandro - Confess your love (Audio) ft. ola.wav,Damian Sanchez,"=""00:02:11""",Pop,100,Jiandro ft Ola Wav- Confess your love.mp3,2025,English,1,Damian Sanchez,1,0,"Balanced,All Weather,All Season"
Who,MUSE,Jimin,"=""00:03:28""",R&B,116,Jimin - Who.mp3,2024,English,1,Bighit Music,1,0,"K-pop,Mainstream,All Weather,All Season,Youth/adult"
Kehlani,Pop Hits Central,Jordan Adetunji,"=""00:02:03""",R&B,80,Jordan Adetunji - Kehlani.mp3,2024,English,1,X5 Music Group,1,0,"Mainstream,All Weather,All Season"
The Spark,The Spark (WBBL 4x4 remix),Kabin Crew,"=""00:02:27""",Electronic,87,Kabin Crew - The Spark.mp3,2024,English,1,[no label],1,0,"Drum N Bass,Energetic,All Weather,All Season"
TQG,Bravo Hits Wiosna 2023,"Karol G, Shakira","=""00:03:18""",Pop,90,"Karol G, Shakira - TQG.mp3",2023,English,1,"KAROL G, Shakira",1,0,"Balanced,All Weather,All Season"
Gabriela,Gabriela,KATSEYE,"=""00:03:18""",Pop,146,Katseye - Gabriella.mp3,2025,English,1,KATSEYE,1,0,"Mainstream,All Weather,All Season,Youth/adult"
Milkshake,The Hits,Kelis,"=""00:03:03""",House,113,Kelis - Milkshake.mp3,2008,English,1,Virgin,1,0,"Upbeat,All Weather,All Season"
Joyride,Joyride,Kesha,"=""00:02:30""",Pop,116,Kesha - Joyride.mp3,2024,English,1,Kesha Records,1,0,"Pop Dance,Upbeat,All Weather,All Season,Youth/adult"
Cough (Odo),Cough (Odo),Kizz Daniel,"=""00:02:56""",Pop,110,"Kizz Daniel, Empire - Cough.mp3",2022,English,1,"EMPIRE, Flyboy I.N.C",1,0,"Balanced,All Weather,All Season"
Murder in my mind,Murder In My Mind,Kordhell,"=""00:02:25""",Drift Phonk,120,Kordhell - Murder in my mind.mp3,2022,English,1,Not On Label (Kordhell Self-released),1,0,"Funk,Balanced,All Weather,All Season"
NEW WOMAN feat. Rosalía,New Woman,LISA,"=""00:03:11""",K-pop,107,LISA - NEW WOMAN feat. Rosalía.mp3,2024,English,1,"LLOUD, RCA",1,0,"Mainstream,All Weather,All Season,Youth/adult"
Bloody Mary,UK Official Singles Chart Top40,Lady Gaga,"=""00:03:17""",Pop,125,Lady Gaga - Bloody Mary Wednesday (Soner Karaca Remix).mp3,2023,English,1,Lady Gaga,1,0,"Mainstream,All Weather,All Season,Youth/adult"
Rodeo (Solo),Rodeo (Solo),Lah Pat,"=""00:04:06""",Pop,120,Lah Pat - Rodeo.mp3,2023,English,1,300 Entertainment,1,0,"Balanced,All Weather,All Season"
Big Energy,Big Energy,Latto,"=""00:02:53""",Hip Hop,106,Latto - Big Energy.mp3,2021,English,1,"Streamcut, RCA",1,0,"Pop Rap,Mainstream,All Weather,All Season,Youth/adult"
Laurinha Costa (DJ CABELO) (DJ TCHOUZEN) - SIX SEVEN 67 (Lyrics),Laurinha Costa (DJ CABELO) (DJ TCHOUZEN) - SIX SEVEN 67 (Lyrics),Laurinha Costa,"=""00:01:40""",Pop,162,Laurinha Costa - Six Seven 67.mp3,2026,English,1,Laurinha Costa,1,0,"Energetic,All Weather,All Season"
Pink Lemonade (Str8 Reload),Pink Lemonade (Str8 Reload),LeoStayTrill,"=""00:02:02""",Hip Hop,144,LeoStayTrill - Pink Lemonade (Str8 Reload).mp3,2024,English,1,LeoStayTrill & Mr Reload It,1,0,"Electronic,Energetic,All Weather,All Season"
Dark Thoughts,Dark Thoughts,Lil Tecca,"=""00:02:17""",Hip Hop,102,Lil Tecca - Dark Thoughts.mp3,2025,English,1,Galactic Records,1,0,"Trap,Confident,All Weather,All Season,Youth/adult"
Rockstar,Rockstar,Lisa,"=""00:02:18""",Hip Hop,140,Lisa - Rockstar.mp3,2024,English,1,"LLOUD, RCA, Sony Music",1,0,"Pop Rap,Mainstream,All Weather,All Season,Youth/adult"
Montagem Tomada,MONTAGEM TOMADA,MXZI,"=""00:01:11""",Pop,130,MXZI - Montagem Tomada.mp3,2025,English,1,Enarma Records,1,0,"Energetic,All Weather,All Season"
Black Friday (Pretty Like The Sun),Black Friday (pretty like the sun),Lost Frequencies & Tom Odell,"=""00:02:26""",Dance,124,Lost Frequencies & Tom Odell - Black Friday (Pretty Like The Sun).mp3,2024,English,1,Epic Amsterdam,1,0,"House,Upbeat,All Weather,All Season,Youth/adult"
Mamushi,MEGAN,Megan Thee Stallion,"=""00:02:37""",Hip Hop,81,Megan Thee Stallion - Mamushi.mp3,2024,English,1,Hot Girl Productions,1,0,"Electronic,R&B,Energetic,All Weather,All Season"
NO,Thank You (Deluxe),Meghan Trainor,"=""00:03:34""",Pop,94,Meghan Trainor - No Untouchable.mp3,2016,English,1,Promo Only,1,0,"Mainstream,All Weather,All Season,Youth/adult"
Metito - Drive (Visualizer),Metito - Drive (Visualizer),つのごうじ,"=""00:01:31""",Pop,153,Metito - Drive.mp3,2026,Italian,1,つのごうじ,1,0,"Energetic,All Weather,All Season"
Easy Lover,Something Beautiful,Miley Cyrus,"=""00:03:08""",Pop,105,Miley Cyrus - Easy Lover.mp3,2025,English,1,"Columbia, MCEO Inc., Sony Music",1,0,"Mainstream,All Weather,All Season,Youth/adult"
My Love Mine All Mine,The Land Is Inhospitable and So Are We,Mitski,"=""00:02:50""",Alternative,113,Mitski - My Love Mine All Mine.mp3,2023,English,1,Dead Oceans,1,0,"Balanced,All Weather,All Season"
Just The Way You Are,Base Ibiza 2002,Milky,"=""00:03:30""",Dance,130,Milky - Just The Way You Are.mp3,2002,English,1,Base Ibiza Records,1,0,"Upbeat,All Weather,All Season,Youth/adult"
Brother Louie (Modern Talking '98),Space Mix,Modern Talking,"=""00:03:36""",Pop,118,Modern Talking ft Eric Singleton - Brother Louis.mp3,1998,English,1,BMG France,1,0,"Mainstream,All Weather,All Season,Youth/adult"
Shake It To The Max - Silent Addy,Shake It To The Max (Fly),Moliy,"=""00:02:05""",Electronic,98,Moliy - Shake It To The Max - Silent Addy.mp3,2024,English,1,Gamma.,1,0,"Afrobeat,Dancehall,Upbeat,All Weather,All Season,Youth/adult"
Shake It To The Max,Today’s Hits: September 2025,"Shenseea, Skillibeng, Silent Addy & MOLIY","=""00:03:05""",Pop,98,"Moliy, Shenseea, Skillibeng, Silent Addy - Shake It To The Max (Fly).mp3",2025,English,1,Apple Music,1,0,"Balanced,All Weather,All Season"
KO,KO,NLE The Great,"=""00:04:19""",Hip Hop,95,NLE The Great - KO.mp3,2025,English,1,Warner Records,1,0,"Pop Rap,Mainstream,All Weather,All Season,Youth/adult"
La la la,Summer Hits 2026,Naughty Boy,"=""00:03:43""",Pop,125,Naughty Boy - La la la.mp3,2013,English,1,UMe,1,0,"Mainstream,All Weather,All Season,Youth/adult"
Bye Bye Bye,No Strings Attached,*NSYNC,"=""00:03:21""",Pop,86,NSYNC - Bye Bye Bye (Deadpool 3 Soundtrack).mp3,2000,English,1,Jive,1,0,"Mainstream,All Weather,All Season,Youth/adult"
Not Like Us,KENDRICK LAMAR (Live Instrumentals),OMA,"=""00:04:33""",Pop,101,Not Like Us.mp3,2025,English,1,OMA,1,0,"Balanced,All Weather,All Season"
Miss You,Miss You (Bass Jumper & Aron Hammond Bootleg),Oliver Tree & Robin Schulz,"=""00:03:26""",Electronic,144,Oliver Tree & Robin Schulz - Miss You.mp3,2023,English,1,Emmanating Records,1,0,"Hard House,Upbeat,All Weather,All Season"
Free Your Mind,Free Your Mind,Prospa & Cloonee,"=""00:03:22""",Electronic,128,Prospa & Cloonee - Free Your Mind.mp3,2026,English,1,CircoLoco Records,1,0,"House,Upbeat,All Weather,All Season"
Tiki Tiki (Slowed),Tiki Tiki,Qmiir,"=""00:02:02""",1–4 Wochen,138,Qmiir - Tiki Tiki (Slowed).mp3,2025,English,1,QMIIR,1,0,"Energetic,All Weather,All Season"
Wild Guess,Kicking My Feet & Screaming,Ruel,"=""00:03:23""",Pop,117,Ruel - Wild Guess.mp3,2026,English,1,Giant Music,1,0,"Mainstream,All Weather,All Season,Youth/adult"
Snooze,SOS,SZA,"=""00:03:23""",Soul,143,SZA - Snooze.mp3,2022,English,1,"RCA, Top Dawg Entertainment",1,0,"Warm,All Weather,All Season"
Busy Woman,Now That’s What I Call Music! 121,Sabrina Carpenter,"=""00:03:07""",Pop,117,Sabrina Carpenter - Busy Woman.mp3,2025,English,1,"EMI, Sony Music",1,0,"Mainstream,All Weather,All Season,Youth/adult"
Unholy,Unholy,Sam Smith,"=""00:02:37""",Pop,131,Sam Smith - Unholy.mp3,2022,English,1,"Capitol Records UK, EMI",1,0,"Synth-pop,Electro,Pop Dance,House,Upbeat,All Weather,All Season,Youth/adult"
Give It Up To Me (feat. Keyshia Cole),Give It Up To Me (feat. Keyshia Cole),Sean Paul,"=""00:04:05""",Pop,96,Sean Paul ft. Keyshia Cole - Give It Up To Me.mp3,2006,English,1,Sean Paul,1,0,"Mainstream,All Weather,All Season,Youth/adult"
Alibi,Alibi - Single,Sevdaliza ft. Pabllo Vitar & Yseult,"=""00:03:14""",Pop,127,Sevdaliza ft. Pabllo Vitar & Yseult - Alibi.mp3,2024,English,1,Twisted Elegance,1,0,"Energetic,All Weather,All Season"
Soaked you get me hot i'm soaked (Lyrics),"Shy Smith - Soaked (Lyrics) ""you get me hot i'm soaked""",Shy Smith,"=""00:03:02""",Pop,109,Shy Smith - Soaked (Lyrics) you get me hot i'm soaked.mp3,2024,English,1,Erethia,1,0,"Balanced,All Weather,All Season"
You Broke Me,You Broke Me,Sierra,"=""00:01:41""",Pop,98,Sierra - You Broke Me.mp3,2026,English,1,Sierra,1,0,"Balanced,All Weather,All Season"
Dance....,WOR$T GIRL AT COACHELLA,Slayyyter,"=""00:04:48""",Electronic,113,Slayyyter - Dance.....mp3,2026,English,1,Slayyyter,1,0,"Electro,Electronica,Upbeat,All Weather,All Season,Youth/adult"
Disco,Disco,Surf Curse,"=""00:02:35""",Alternative,86,Surf Curse - Disco.mp3,2019,English,1,Vinyl Post,1,0,"Indie Rock,Post Rock,Surf,Energetic,All Weather,All Season"
Dracula,Dracula (Jennie Remix),"Tame Impala, Jennie","=""00:03:30""",Alternative,115,"Tame Impala, Jennie - Dracula.mp3",2026,English,1,Columbia,1,0,"Alt-pop,Mainstream,All Weather,All Season,Youth/adult"
It's ok I'm ok,Purple Lace Bra / It's Ok I'm Ok,Tate McRae,"=""00:03:02""",Pop,115,Tate McRae - It's ok I'm ok.mp3,2024,English,1,RCA,1,0,"Mainstream,All Weather,All Season,Youth/adult"
Cruel Summer,Lover,Taylor Swift,"=""00:02:59""",Pop,85,Taylor Swift - Cruel Summer.mp3,2019,English,1,Republic Records,1,0,"Mainstream,All Weather,All Season,Youth/adult"
Sweater Weather,I Love You.,The Neighbourhood,"=""00:03:57""",Alternative,124,The Neighbourhood - Sweater Weather.mp3,2012,English,1,Daytrotter,1,0,"Indie Rock,Energetic,All Weather,All Season"
"Tinashe, Ciara - Nasty X Goodies (TikTok Mashup) (Lyrics)","Tinashe, Ciara - Nasty X Goodies (TikTok Mashup) [Lyrics]","Tinashe, Ciara","=""00:02:46""",Pop,102,"Tinashe, Ciara - Nasty X Goodies (TikTok Mashup).mp3",2024,English,1,SMC,1,0,"Balanced,All Weather,All Season"
One Of The Girls,One Of The Girls,"The Weeknd, JENNIE, Lily-Rose Depp","=""00:04:18""",Electronic,172,"The Weeknd, JENNIE, Lily-Rose Depp - One Of The Girls.mp3",2023,English,1,"XO, Republic Records",1,0,"Soundtrack,Synth-pop,R&B,Energetic,All Weather,All Season,Youth/adult"
Toma Tussi gasta la plata (Tik Tok Song) (Speed up Version),Toma Tussi gasta la plata (Tik Tok Song) (Speed up Version),Carlo Serafini,"=""00:02:33""",Pop,113,Toma Tussi gasta la plata (Speed up Version).mp3,2022,English,1,Carlo Serafini,1,0,"Balanced,All Weather,All Season"
Water,Water,Tyla,"=""00:03:12""",R&B,123,Tyla - Water (Marshmello Remix).mp3,2023,English,1,Tyla,1,0,"Pop,Mainstream,All Weather,All Season,Youth/adult"
PUSH 2 START (REMIX),PUSH 2 START (REMIX),"Tyla, Sean Paul","=""00:03:11""",Pop,93,"Tyla, Sean Paul - Push to start.mp3",2025,English,1,SMC,1,0,"Mainstream,All Weather,All Season,Youth/adult"
Sugar On My Tongue,DON'T TAP THE GLASS,"Tyler, The Creator","=""00:02:33""",Electro,126,"Tyler, The Creator - Sugar On My Tongue.mp3",2025,English,1,Columbia,1,0,"Energetic,All Weather,All Season"
Snow Strippers,Snow Strippers,Under your spell,"=""00:03:39""",Electronic,145,Under your spell - Snow Strippers.mp3,2024,English,1,Under Your Spell,1,0,"Dance,Upbeat,All Weather,All Season,Youth/adult"
GigaChad Theme,GigaChad Theme (Retrowave remix),g3ox_em,"=""00:02:26""",Electronic,128,g3ox_em - GigaChad Theme.mp3,2022,English,1,[no label],1,0,"Electro,Dance,House,Electronica,Upbeat,All Weather,All Season,Youth/adult"
The Lost Soul Down,The Lost Soul Down,NBSPLV,"=""00:02:38""",Electronic,125,nbsplv - The lost soul down (sped up).mp3,2015,English,1,NBSPLV,1,0,"Dance,Electronica,House,Upbeat,All Weather,All Season,Youth/adult"
Loverboy,Loverboy,A-Wall,"=""00:03:45""",Pop,120,A-Wall - Loverboy.mp3,2019,English,1,Revolution Records,1,0,"Mainstream,All Weather,All Season,Youth/adult"
"Sputnik the Band - ""Lone Wolf Party""' (Official Music Video)",Pretty Promises,Bad to the Bone,"=""00:03:09""",Pop,146,Sputnik the Band - Lone Wolf Party ' (Official Music Video).mp4,2026,English,1,Bad to the Bone,1,0,"Energetic,All Weather,All Season"
Dancing Queen,"SWF 3 Club Collection Oldies: Die 70er, Vol. 1",ABBA,"=""00:03:50""",Pop,100,ABBA - Dancing Queen.mp3,1976,English,1,Polyphon,1,0,"Mainstream,All Weather,All Season,Youth/adult"
2 die 4,Like a Dream,Addison Rae,"=""00:02:06""",Pop,105,Addison Rae - 2 Die 4 (feat. Charli XCX).mp3,2023,English,1,[no label],1,0,"Mainstream,All Weather,All Season,Youth/adult"
I Got It Bad,AR,Addison Rae,"=""00:02:53""",Pop,105,Addison Rae - I Got It Bad.mp3,2023,English,1,[no label],1,0,"Mainstream,All Weather,All Season,Youth/adult"
Nothing On,Like a Dream,Addison Rae,"=""00:02:30""",Pop,122,Addison Rae - Nothing On (But The Radio).mp3,2023,English,1,[no label],1,0,"Mainstream,All Weather,All Season,Youth/adult"
King Size Bed,King Size Bed,Alec Benjamin,"=""00:02:44""",Pop,155,Alec Benjamin - King Size Bed.mp3,2024,English,1,Elektra,1,0,"Mainstream,All Weather,All Season,Youth/adult"
The Knife In My Back,The Knife in my Back,Alec Benjamin,"=""00:02:49""",Pop,119,Alec Benjamin - The Knife In My Back.mp3,2025,English,1,Alec Benjamin,1,0,"Mainstream,All Weather,All Season,Youth/adult"
When I'm Gone,When I'm Gone,Alesso & Katy Perry,"=""00:02:41""",Dance,125,Alesso & Katy Perry - When I'm Gone.mp3,2021,English,1,Universal Music,1,0,"Pop Dance,House,Upbeat,All Weather,All Season,Youth/adult"
How Lucky Am I,Growing Pains,Alex Sampson,"=""00:03:17""",Pop,93,Alex Sampson - How Lucky Am I.mp3,2026,English,1,Continental Song City,1,0,"Mainstream,All Weather,All Season,Youth/adult"
Alex Warren and the song of the summer # #2025lyrics (Lyrics),Alex Warren and the song of the summer #lyrics #2025lyrics,J.D. Allen Trio,"=""00:03:07""",Pop,112,Alex Warren and the song of the summer.mp3,2025,English,1,J.D. Allen Trio,1,0,"Balanced,All Weather,All Season"
Bloodline,Bloodline,"Alex Warren, Jelly Roll","=""00:03:02""",Pop,128,"Alex Warren, Jelly Roll - Bloodline.mp3",2025,English,1,Atlantic Records,1,0,"Mainstream,All Weather,All Season,Youth/adult"
"Alex Warren, Luke Combs - Ordinary (live from Lollapalooza) | (Lyrics)",Ordinary - Live from Lollapalooza,Alex Warren & Luke Combs,"=""00:03:26""",Pop,112,"Alex Warren, Luke Combs - Ordinary (live from Lollapalooza).mp3",2025,English,1,Atlantic Records,1,0,"Mainstream,All Weather,All Season,Youth/adult"
On My Mind,On My Mind,"Alex Warren, ROSÉ","=""00:03:10""",Pop,127,"Alex Warren, ROSÉ - On My Mind.mp3",2025,English,1,Atlantic,1,0,"Mainstream,All Weather,All Season,Youth/adult"
Jungle,Jungle,"Alok, The Chainsmokers & Mae Stephens","=""00:03:01""",Dance,140,"Alok, The Chainsmokers & Mae Stephens - Jungle.mp3",2023,English,1,"Columbia, B1 Recordings",1,0,"Trance,Pop Dance,House,Upbeat,All Weather,All Season,Youth/adult"
Hear Me Now,Hear Me Now (Remixes),"Alok, Zeeba, Bruno Martini","=""00:03:15""",Pop,122,"Alok, Zeeba, Bruno Martini - Hear Me Now.mp3",2023,English,1,Spinnin’ Records,1,0,"Deep House,Upbeat,All Weather,All Season,Youth/adult"
Left Hand Free,This Is All Yours,Alt-J,"=""00:03:01""",Alternative,102,Alt-J - Left Hand Free.mp3,2014,English,1,Infectious Music,1,0,"Balanced,All Weather,All Season"
2002,2002,Anne-Marie,"=""00:03:07""",Pop,96,Anne-Marie - 2002.mp3,2018,English,1,"Major Tom's, Atlantic",1,0,"Mainstream,All Weather,All Season,Youth/adult"
Unhealthy,Unhealthy,Anne-Marie,"=""00:02:30""",Pop,120,Anne-Marie - Unhealthy.mp3,2023,English,1,"Asylum Records, Major Toms",1,0,"Mainstream,All Weather,All Season,Youth/adult"
Problem,Hot Party Back 2 Skool 2014,Ariana Grande,"=""00:03:20""",Pop,103,Ariana Grande - Problem.mp3,2014,English,1,Universal Music Group,1,0,"Mainstream,All Weather,All Season,Youth/adult"
More Than Just a Little Bit,more than just a little bit,Artemas,"=""00:02:41""",Pop,128,Artemas - More Than Just a Little Bit.mp3,2026,English,1,Artemas,1,0,"Energetic,All Weather,All Season"
Itty Bitty,Itty Bitty,Ashnikko,"=""00:02:51""",Electronic,148,Ashnikko - Itty Bitty (Alex Chapman Remix).mp3,2025,English,1,Parlophone,1,0,"Indie Pop,Pop Dance,Upbeat,All Weather,All Season,Youth/adult"
Choose Your Fighter,Barbie The Album,Ava Max,"=""00:02:18""",Pop,140,Ava Max - Choose Your Fighter (From Barbie The Movie).mp3,2023,English,1,Ava Max,1,0,"Electronic,Energetic,All Weather,All Season,Youth/adult"
Salt,Salt,Ava Max,"=""00:03:00""",Pop,128,Ava Max - Salt.mp3,2019,English,1,Atlantic,1,0,"Mainstream,All Weather,All Season,Youth/adult"
Sweet But Psycho,The Pop Girl Era,Ava Max,"=""00:03:08""",Pop,133,Ava Max - Sweet But Psycho.mp3,2025,English,1,Universal Music,1,0,"Mainstream,All Weather,All Season,Youth/adult"
"Wet, Hot American Dream","Wet, Hot American Dream",Ava Max,"=""00:02:57""",Pop,156,"Ava Max - Wet, Hot American Dream.mp3",2025,English,1,Atlantic,1,0,"Pop Dance,Upbeat,All Weather,All Season,Youth/adult"
The Nights,Fetenhits: Kinder Disco,Avicii,"=""00:02:53""",Dance,126,Avicii - The Nights.mp3,2017,English,1,"Brunswick News, Universal Music Group",1,0,"Upbeat,All Weather,All Season,Youth/adult"
Just Believe,Just Believe (Live),"Bailey Zimmerman, Brandon Lake","=""00:02:41""",Pop,107,"Bailey Zimmerman, Brandon Lake - Just Believe.mp3",2026,English,1,"Atlantic, Warner Records Nashville",1,0,"Balanced,All Weather,All Season"
Backup Plan,Backup Plan,"Bailey Zimmerman, Luke Combs","=""00:03:02""",Rock,156,"Bailey Zimmerman, Luke Combs - Backup Plan.mp3",2025,English,1,"Atlantic, Warner Music Nashville",1,0,"Country,Country Rock,Energetic,All Weather,All Season"
Lost,Lost,"Bailey Zimmerman, The Kid Laroi","=""00:03:17""",Folk,152,"Bailey Zimmerman, The Kid Laroi - Lost.mp3",2025,English,1,"Atlantic, Warner Records Nashville",1,0,"Country,Energetic,All Weather,All Season"
Pompeii,Pompeii,Bastille,"=""00:03:36""",Alternative,128,Bastille - Pompeii.mp3,2013,English,1,Virgin,1,0,"Indie Rock,Energetic,All Weather,All Season"
I Got You,Clubfete 2017: 63 Club Dance & Party Hits,Bebe Rexha,"=""00:03:12""",Pop,98,Bebe Rexha - I Got You.mp3,2016,English,1,Warner Music Central Europe,1,0,"Upbeat,All Weather,All Season,Youth/adult"
I'm The Drama,I'm The Drama,Bebe Rexha,"=""00:00:30""",Pop,125,Bebe Rexha - I'm The Drama.mp3,2024,English,1,Warner Records,1,0,"House,Upbeat,All Weather,All Season,Youth/adult"
Meant to Be (acoustic),Meant to Be (acoustic),Bebe Rexha,"=""00:02:45""",Pop,154,Bebe Rexha - Meant To Be.mp3,2018,English,1,Warner Bros. Records,1,0,"Mainstream,All Weather,All Season,Youth/adult"
More Than A Woman,Spicks & Specks,Bee Gees,"=""00:03:16""",Pop,106,Bee Gees - More Than A Woman.mp3,2009,English,1,Bee Gees,1,0,"Balanced,All Weather,All Season"
Crush,Bad Boy!,Bella Poarch,"=""00:02:56""",Pop,110,Bella Poarch - Crush.mp3,2023,English,1,Warner Records,1,0,"Mainstream,All Weather,All Season,Youth/adult"
I Wanna Be The One You Call,American Heart,Benson Boone,"=""00:03:02""",Pop,172,Benson Boone - I Wanna Be The One You Call.mp3,2025,English,1,"Night Street Records, Warner Records",1,0,"Mainstream,All Weather,All Season,Youth/adult"
Man In Me,American Heart,Benson Boone,"=""00:03:49""",Pop,137,Benson Boone - Man In Me.mp3,2025,English,1,"Night Street Records, Warner Records",1,0,"Mainstream,All Weather,All Season,Youth/adult"
Mr Electric Blue,American Heart,Benson Boone,"=""00:03:10""",Pop,130,Benson Boone - Mr Electric Blue.mp3,2025,English,1,"Night Street Records, Warner Records",1,0,"Mainstream,All Weather,All Season,Youth/adult"
Reminds Me Of You,American Heart,Benson Boone,"=""00:02:59""",Pop,91,Benson Boone - Reminds Me Of You.mp3,2025,English,1,"Night Street Records, Warner Records",1,0,"Mainstream,All Weather,All Season,Youth/adult"
Take Me Home,American Heart,Benson Boone,"=""00:03:01""",Pop,80,Benson Boone - Take Me Home.mp3,2025,English,1,"Night Street Records, Warner Records",1,0,"Mainstream,All Weather,All Season,Youth/adult"
Wanted Man,American Heart,Benson Boone,"=""00:02:56""",Pop,136,Benson Boone - Wanted Man.mp3,2025,English,1,"Night Street Records, Warner Records",1,0,"Mainstream,All Weather,All Season,Youth/adult"
24k Magic,24K Magic,Bruno Mars,"=""00:03:46""",Pop,107,Bruno Mars - 24k Magic.mp3,2016,English,1,Atlantic,1,0,"Mainstream,All Weather,All Season,Youth/adult"
Locked out of heaven,Unorthodox Jukebox,Bruno Mars,"=""00:04:14""",Pop,144,Bruno Mars - Locked out of heaven.mp3,2012,English,1,Atlantic,1,0,"Mainstream,All Weather,All Season,Youth/adult"
Runaway Baby,Doo-Wops & Hooligans,Bruno Mars,"=""00:02:29""",Pop,164,Bruno Mars - Runaway Baby.mp3,2025,English,1,Atlantic Records UK,1,0,"Mainstream,All Weather,All Season,Youth/adult"
Something Serious,The Romantic,Bruno Mars,"=""00:02:47""",Pop,131,Bruno Mars - Something Serious.mp3,2026,English,1,Atlantic,1,0,"Mainstream,All Weather,All Season,Youth/adult"
That’s What I Like,24K Magic,Bruno Mars,"=""00:03:25""",Pop,134,Bruno Mars - That’s What I Like.mp3,2016,English,1,Atlantic,1,0,"Mainstream,All Weather,All Season,Youth/adult"
Treasure,Unorthodox Jukebox,Bruno Mars,"=""00:02:59""",Pop,116,Bruno Mars - Treasure.mp3,2012,English,1,Atlantic,1,0,"Mainstream,All Weather,All Season,Youth/adult"
Uptown Funk (feat. Bruno Mars),Uptown Special,Mark Ronson,"=""00:04:29""",Pop,116,"Bruno Mars, Mark Ronson - Uptown Funk.mp3",2015,English,1,Mark Ronson,1,0,"Mainstream,All Weather,All Season,Youth/adult"
APT.,Apt.,"Bruno Mars, ROSÉ","=""00:02:50""",Pop,149,"Bruno Mars, ROSÉ - APT..mp3",2024,English,1,"Atlantic, The Black Label",1,0,"Pop Rock,Mainstream,All Weather,All Season,Youth/adult"
Common Person,"Love, Damini",Burna Boy,"=""00:03:30""",Afrobeat,97,Burna Boy - Common Person.mp3,2022,English,1,Atlantic,1,0,"Warm,All Weather,All Season"
It’s Plenty,"Love, Damini",Burna Boy,"=""00:03:37""",Pop,107,Burna Boy - It’s Plenty.mp3,2023,English,1,"Atlantic, Bad Habit, Spaceship",1,0,"Balanced,All Weather,All Season"
Last Last,Last Last,Burna Boy,"=""00:02:52""",Pop,88,Burna Boy - Last Last.mp3,2023,English,1,"Atlantic, Bad Habit, Spaceship",1,0,"Balanced,All Weather,All Season"
Rollercoaster,"Love, Damini","Burna Boy, J Balvin","=""00:03:07""",Hip Hop,99,"Burna Boy, J Balvin - Rollercoaster.mp3",2023,English,1,Atlantic,1,0,"African,Confident,All Weather,All Season,Youth/adult"
BØRNS - Electric Love | baby you're like lightning in a bottle (Lyrics),BØRNS - Electric Love (Lyrics) | baby you're like lightning in a bottle,BØRNS,"=""00:04:08""",Pop,120,"BØRNS - Electric Love, baby you're like lightning in a bottle.mp3",2020,English,1,BØRNS,1,0,"Balanced,All Weather,All Season"
Tek It,Running,Cafuné,"=""00:02:47""",Alternative,166,Cafuné - Tek It i watch the moon.mp3,2021,English,1,Elektra,1,0,"Energetic,All Weather,All Season"
Feel so close,Feel So Close,Calvin Harris,"=""00:03:48""",Dance,128,Calvin Harris - Feel so close.mp3,2011,English,1,Sony Music Entertainment (UK) Ltd.,1,0,"House,Electro,Dubstep,Upbeat,All Weather,All Season,Youth/adult"
"Feels -Calvin Harris, Pharrell Williams, Katy Perry & Big Sean Emulation)","By Request, Vol. 33",8-Bit Arcade,"=""00:03:43""",Pop,101,"Calvin Harris, Pharrell Williams, Katy Perry and Big Sean- Feels.mp3",2019,English,1,8-Bit Arcade,1,0,"Balanced,All Weather,All Season"
Kingdom of Fear,Kingdom of Fear,Cameron Whitcomb,"=""00:02:41""",Billboard Hot 100,133,Cameron Whitcomb - Kingdom of Fear.mp3,2026,English,1,Atlantic Outpost,1,0,"Energetic,All Weather,All Season"
Bam Bam,Bam Bam,Camila Cabello,"=""00:03:26""",Pop,95,Camila Cabello - Bam Bam.mp3,2022,English,1,Epic,1,0,"Mainstream,All Weather,All Season,Youth/adult"
Outside,Outside,Cardi B,"=""00:03:27""",Pop,162,Cardi B - Outside.mp3,2025,English,1,Cardi B,1,0,"Energetic,All Weather,All Season"
Safe,AM I THE DRAMA?,"Cardi B, Kehlani","=""00:02:58""",Billboard Hot 100,152,"Cardi B, Kehlani - Safe.mp3",2025,English,1,Atlantic,1,0,"Energetic,All Weather,All Season"
Boom Clap,Boom Clap,Charli XCX,"=""00:02:49""",Pop,92,Charli XCX - Boom Clap.mp3,2014,English,1,Neon Gold,1,0,"Mainstream,All Weather,All Season,Youth/adult"
Everything Is Romantic,BRAT,Charli XCX,"=""00:03:24""",Pop Rap,151,Charli XCX - Everything Is Romantic.mp3,2024,English,1,Atlantic,1,0,"Mainstream,All Weather,All Season,Youth/adult"
365,BRAT,Charli xcx,"=""00:03:33""",Electropop,128,Charli xcx - 365.mp3,2024,English,1,Atlantic,1,0,"Dance,Electro,House,Upbeat,All Weather,All Season,Youth/adult"
In The City,In The City,Charli XCX,"=""00:02:57""",Pop,128,Charli XCX - In The City.mp3,2023,English,1,Atlantic,1,0,"Electronic,House,Upbeat,All Weather,All Season,Youth/adult"
Attention,Attention,Charlie Puth,"=""00:03:27""",Pop,100,Charlie Puth - Attention (Acoustic).mp3,2017,English,1,"Artist Partners, Atlantic",1,0,"Funk,Mainstream,All Weather,All Season,Youth/adult"
Beat Yourself Up,Bravo Hits 133,Charlie Puth,"=""00:02:59""",Pop,105,Charlie Puth - Beat Yourself.mp3,2026,English,1,Sony Music,1,0,"Mainstream,All Weather,All Season,Youth/adult"
Changes,Changes,Charlie Puth,"=""00:03:04""",Pop,96,Charlie Puth - Changes.mp3,2025,English,1,Atlantic,1,0,"Mainstream,All Weather,All Season,Youth/adult"
Hey Brother,Whatever's Clever!,Charlie Puth,"=""00:03:25""",Pop,101,Charlie Puth - Hey Brother.mp3,2026,English,1,Atlantic,1,0,"Mainstream,All Weather,All Season,Youth/adult"
Light Switch,Light Switch,Charlie Puth,"=""00:03:06""",Pop,92,Charlie Puth - Light Switch.mp3,2022,English,1,Atlantic,1,0,"Mainstream,All Weather,All Season,Youth/adult"
Don't Meet Your Heroes,Whatever's Clever! (Expanded),Charlie Puth,"=""00:03:19""",Pop,153,Charlie Puth - Don't Meet Your Heroes.mp3,2026,English,1,Atlantic,1,0,"Mainstream,All Weather,All Season,Youth/adult"
My Darling,My Darling,Chella,"=""00:02:26""",Pop,115,Chella - My Darling.mp3,2025,English,1,Chella,1,0,"Balanced,All Weather,All Season"
99 Nights,99 Nights,Charlotte Cardin,"=""00:02:57""",Funk / Soul,103,Charlotte Cardin - 99 Nights.mp3,2023,English,1,Parlophone,1,0,"Alt-pop,Indie Pop,R&B,Mainstream,All Weather,All Season,Youth/adult"
See You Again,See You Again,"Charlie Puth, Wiz Khalifa","=""00:03:50""",Hip Hop,162,"Charlie Puth, Wiz Khalifa - See You Again.mp3",2015,English,1,Atlantic,1,0,"Confident,All Weather,All Season,Youth/adult"
Rather Be,Ministry of Sound: Club Classics,Clean Bandit,"=""00:03:48""",Dance,121,Clean Bandit - Rather Be.mp3,2017,English,1,Ministry of Sound,1,0,"Upbeat,All Weather,All Season,Youth/adult"
Believe,Believe,Cher,"=""00:03:51""",Pop,137,Cher - Believe (Jackyboom Edit) [Piano House].mp3,1998,English,1,WEA,1,0,"Eurodance,House,Techno,Pop Dance,Disco,Upbeat,All Weather,All Season,Youth/adult"
Bad As I Used To Be,Bad As I Used To Be (From F1® The Movie),Chris Stapleton,"=""00:05:00""",Rock,114,Chris Stapleton - Bad As I Used To Be.mp3,2025,English,1,Atlantic,1,0,"Energetic,All Weather,All Season"
Baby,Baby,"Clean Bandit, MARINA, Luis Fonsi","=""00:03:26""",Electronic,117,"Clean Bandit, MARINA, Luis Fonsi - Baby.mp3",2018,English,1,Atlantic,1,0,"Latin,Pop,Energetic,Sunny,Summer,Youth/adult"
Solo,What Is Love?,Clean Bandit,"=""00:03:43""",Pop,105,Clean Bandit - Solo.mp3,2018,English,1,Atlantic,1,0,"Mainstream,All Weather,All Season,Youth/adult"
I Want You,I Want You,Cody Johnson,"=""00:03:11""",Billboard Hot 100,144,Cody Johnson - I Want You.mp3,2026,English,1,"CoJo Music, Warner Music Nashville",1,0,"Energetic,All Weather,All Season"
Bubbly,Bubbly,Colbie Caillat,"=""00:03:17""",Pop,129,Colbie Caillat - Bubbly.mp3,2007,English,1,Universal Republic Records,1,0,"Ballad,Mainstream,All Weather,All Season,Youth/adult"
A Sky Full Of Stars,Ghost Stories,Coldplay,"=""00:03:56""",Alternative,124,Coldplay - A Sky Full Of Stars.mp3,2014,English,1,New State Music,1,0,"Balanced,All Weather,All Season"
Charlie Brown,Mylo Xyloto,Coldplay,"=""00:04:45""",Alternative Rock,137,Coldplay - Charlie Brown.mp3,2011,English,1,Parlophone,1,0,"Energetic,All Weather,All Season"
Viva La Vida,"2014-03-11: iTunes Festival at SXSW, Austin, TX, USA",Coldplay,"=""00:04:02""",Alternative,138,Coldplay - Viva La Vida.mp3,2008,English,1,Coldplay,1,0,"Energetic,All Weather,All Season"
Paradise,Mylo Xyloto,Coldplay,"=""00:04:39""",Instrumental,140,Coldplay - Paradise.mp3,2011,English,1,Parlophone,1,0,"Energetic,All Weather,All Season"
Hymn For The Weekend,A Head Full of Dreams,Coldplay,"=""00:04:28""",Alternative,90,Coldplay - Hymn For The Weekend.mp3,2015,English,1,Parlophone,1,0,"Balanced,All Weather,All Season"
We pray,Moon Music,"Coldplay, Burna Boy, Little Simz, Elyanna","=""00:03:54""",Alternative,136,"Coldplay, Burna Boy, Little Simz, Elyanna - We pray.mp3",2024,English,1,Coldplay,1,0,"Energetic,All Weather,All Season"
Cupid Shuffle,Time for a Change,Cupid,"=""00:03:51""",Dance,144,Cupid - Cupid Shuffle.mp3,2007,English,1,"Atlantic, Asylum Records",1,0,"Upbeat,All Weather,All Season,Youth/adult"
Girls Just Wanna Have Fun,Grandmix: The Disco Edition,Cyndi Lauper,"=""00:03:58""",80s,120,Cyndi Lauper - Girls Just Wanna Have Fun.mp3,2002,English,1,Sony Music Media,1,0,"Balanced,All Weather,All Season"
CYRIL x MOONLGHT x The La's - There She Goes (Official Audio),CYRIL x MOONLGHT x The La's - There She Goes (Official Audio),Cyril & Moonlight x The La's,"=""00:02:02""",Pop,129,Cyril & Moonlight x The La's - There She Goes.mp3,2025,English,1,SMC,1,0,"Energetic,All Weather,All Season"
Say So,Say So,Dan + Shay,"=""00:03:21""",Billboard Hot 100,150,Dan + Shay - Say So.mp3,2026,English,1,Warner Records Nashville,1,0,"Energetic,All Weather,All Season"
"10,000 Hours","10,000 Hours","Dan + Shay, Justin Bieber","=""00:02:48""",Pop,90,"Dan + Shay, Justin Bieber - 10,000 Hours.mp3",2019,English,1,Warner Music Nashville,1,0,"Folk,World,& Country,Mainstream,All Weather,All Season,Youth/adult"
What Happens Now,What Happens Now?,Dasha,"=""00:02:33""",Folk,127,Dasha - What Happens Now.mp3,2024,English,1,Warner Records,1,0,"World,& Country,Energetic,All Weather,All Season"
Austin,Austin,Dasha,"=""00:03:05""",Folk,115,Dasha - Austin.mp3,2024,English,1,"Warner Records, Version III",1,0,"World,& Country,Balanced,All Weather,All Season"
Let's Love,"MNM Big Hits 2021, Vol. 1",David Guetta,"=""00:03:21""",Dance,93,David Guetta - Let's Love.mp3,2021,English,1,Universal Music Belgium,1,0,"Upbeat,All Weather,All Season,Youth/adult"
Titanium,I Love Verano 2013,David Guetta,"=""00:04:05""",Dance,126,David Guetta - Titanium.mp3,2012,English,1,I Love You Records,1,0,"Upbeat,All Weather,All Season,Youth/adult"
When We Were Young,When We Were Young (The Logical Song),David Guetta,"=""00:02:28""",Dance,140,David Guetta - When We Were Young (The Logical Song).mp3,2023,English,1,Parlophone,1,0,"Pop Dance,Upbeat,All Weather,All Season,Youth/adult"
I'm Good (Blue),I'm Good (Blue),Cupido,"=""00:03:05""",Dance,128,"David Guetta, Bebe Rexha - I am good.mp3",2022,English,1,Cupido,1,0,"Upbeat,All Weather,All Season,Youth/adult"
Without You,Without You,"David Guetta, Usher","=""00:03:28""",Electronic,128,"David Guetta, Usher - Without You.mp3",2011,English,1,Virgin,1,0,"Progressive house,House,Upbeat,All Weather,All Season"
With You (feat. Omah Lay),5ive,Davido,"=""00:02:17""",Electronic,125,Davido - With You ft. Omah Lay.mp3,2025,English,1,Columbia,1,0,"Electro,Dance,Electronica,Upbeat,All Weather,All Season,Youth/adult"
Demi Lovato - Cool for the Summer got my mind on your body (Lyrics),Demi Lovato - Cool for the Summer (Lyrics) got my mind on your body,Demi Lovato,"=""00:03:38""",Pop,113,"Demi Lovato - Cool for the Summer, got my mind on your body.mp3",2022,English,1,Demi Lovato,1,0,"Balanced,All Weather,All Season"
Vacation,"Promo Only: Modern Rock Radio, August 2017",Dirty Heads,"=""00:03:29""",Alternative,150,Dirty Heads - Vacation.mp3,2017,English,1,Promo Only,1,0,"Energetic,All Weather,All Season"
You & Me,Marbella Sessions 2015,Disclosure,"=""00:03:29""",Electronic,122,Disclosure - You & Me (Rivo Remix).mp3,2015,English,1,Ministry of Sound,1,0,"Energetic,All Weather,All Season"
Say So Why dont you say so (Lyrics),"Doja Cat - Say So (Lyrics) ""Why dont you say so?""",Doja Cat,"=""00:03:55""",Pop,111,Doja Cat - Say So (Lyrics) Why dont you say so.mp3,2020,English,1,Doja Cat,1,0,"Balanced,All Weather,All Season"
"Doja Cat - Say So ""Why dont you say so?"" (Lyrics)","Doja Cat - Say So (Lyrics) ""Why dont you say so?""",Doja Cat,"=""00:03:55""",Pop,111,Doja Cat - Say So Why dont you say so.mp3,2020,English,1,Doja Cat,1,0,"Balanced,All Weather,All Season"
No Room For A Saint (feat. Nathan Nicholson),F1 The Album,"Dom Dolla, Nathan Nicholson","=""00:03:56""",Electronic,132,"Dom Dolla, Nathan Nicholson - No Room For A Saint.mp3",2025,English,1,Atlantic,1,0,"Dance,Electro,House,Electronica,Upbeat,All Weather,All Season,Youth/adult"
3 Nights,"Don't Forget About Me, Demos",Dominic Fike,"=""00:03:09""",Pop,152,Dominic Fike – 3 Nights.mp3,2018,English,1,Columbia,1,0,"Mainstream,All Weather,All Season,Youth/adult"
Tuition,OCTANE,Don Toliver,"=""00:02:49""",Billboard Hot 100,132,Don Toliver - Tuition.mp3,2026,English,1,"Atlantic, Cactus Jack, Donnway & Co",1,0,"Energetic,All Weather,All Season"
Lose My Mind,Lose My Mind (From F1® The Movie),"Don Toliver, Doja Cat","=""00:03:29""",Hip Hop,110,"Don Toliver, Doja Cat - Lose My Mind.mp3",2025,English,1,"Atlantic, RCA",1,0,"Pop Rap,Mainstream,All Weather,All Season,Youth/adult"
Dance The Night,Dance The Night,Dua Lipa,"=""00:02:57""",Pop,110,Dua Lipa - Dance The Night.mp3,2023,English,1,"Atlantic, Mattel, WaterTower Music",1,0,"Soundtrack,Pop Dance,Nu-Disco,Upbeat,All Weather,All Season,Youth/adult"
Don't Start Now,Live from Mexico,Dua Lipa,"=""00:03:03""",Pop,124,Dua Lipa - Don't Start Now.mp3,2026,English,1,Warner Records,1,0,"Mainstream,All Weather,All Season,Youth/adult"
IDGAF,Dua Lipa (Deluxe),Dua Lipa,"=""00:03:36""",Pop,97,Dua Lipa - IDGAF.mp3,2017,English,1,Warner Records,1,0,"Mainstream,All Weather,All Season,Youth/adult"
Kiss and Make Up,Dua Lipa (Complete Edition),Dua Lipa,"=""00:03:08""",Pop,100,Dua Lipa - Kiss and Make Up.mp3,2018,English,1,URBAN,1,0,"Mainstream,All Weather,All Season,Youth/adult"
Training Season,Training Season,Dua Lipa,"=""00:03:30""",Pop,123,Dua Lipa - Training Season.mp3,2024,English,1,Warner Records,1,0,"Pop Dance,Synth-pop,Nu-Disco,Funk,Upbeat,All Weather,All Season,Youth/adult"
Cool Kids,Acoustic Dreams,Echosmith,"=""00:03:46""",Alternative,130,Echosmith - Cool Kids.mp3,2014,English,1,Warner Bros. Records,1,0,"Warm,All Weather,All Season"
Beautiful People,Beautiful People (acoustic),Ed Sheeran,"=""00:03:18""",Pop,93,Ed Sheeran - Beautiful People.mp3,2019,English,1,Asylum Records UK,1,0,"Mainstream,All Weather,All Season,Youth/adult"
Don't Look Down,Play,Ed Sheeran,"=""00:03:38""",Pop,128,Ed Sheeran - Don't Look Down.mp3,2025,English,1,"Gingerbread Man Records, Atlantic",1,0,"Mainstream,All Weather,All Season,Youth/adult"
Drive,F1 The Album,Ed Sheeran,"=""00:03:08""",Pop,164,Ed Sheeran - Drive.mp3,2025,English,1,Atlantic,1,0,"Mainstream,All Weather,All Season,Youth/adult"
Galway Girl,÷ (Deluxe),Ed Sheeran,"=""00:02:48""",Pop,100,Ed Sheeran - Galway Girl.mp3,2017,English,1,Warner Music Germany,1,0,"Mainstream,All Weather,All Season,Youth/adult"
Perfect,÷ (Deluxe),Ed Sheeran,"=""00:04:23""",Pop,95,Ed Sheeran - Perfect.mp3,2017,English,1,"Asylum Records, Atlantic",1,0,"Mainstream,All Weather,All Season,Youth/adult"
Problems,Play,Ed Sheeran,"=""00:02:55""",Pop,128,Ed Sheeran - Problems.mp3,2025,English,1,"Atlantic, Gingerbread Man Records",1,0,"Mainstream,All Weather,All Season,Youth/adult"
Regrets,Play,Ed Sheeran,"=""00:03:49""",Pop,90,Ed Sheeran - Regrets.mp3,2025,English,1,"Atlantic, Gingerbread Man Records",1,0,"Mainstream,All Weather,All Season,Youth/adult"
Skeletons,Play,Ed Sheeran,"=""00:02:41""",Pop,117,Ed Sheeran - Skeletons.mp3,2025,English,1,"Atlantic, Gingerbread Man Records",1,0,"Mainstream,All Weather,All Season,Youth/adult"
Symmetry,Play,Ed Sheeran,"=""00:02:49""",Pop,98,Ed Sheeran - Symmetry.mp3,2025,English,1,"Atlantic, Gingerbread Man Records",1,0,"Mainstream,All Weather,All Season,Youth/adult"
The Vow,Play,Ed Sheeran,"=""00:03:33""",Pop,166,Ed Sheeran - The Vow.mp3,2025,English,1,Gingerbread Man Records,1,0,"Mainstream,All Weather,All Season,Youth/adult"
War Game,Play,Ed Sheeran,"=""00:03:12""",Pop,90,Ed Sheeran - War Game.mp3,2025,English,1,"Atlantic, Gingerbread Man Records",1,0,"Mainstream,All Weather,All Season,Youth/adult"
I Don't Care,I Don't Care,"Ed Sheeran, Justin Bieber","=""00:03:40""",Pop,102,"Ed Sheeran, Justin Bieber - I Don't Care.mp3",2019,English,1,Warner Music Japan,1,0,"Mainstream,All Weather,All Season,Youth/adult"
Stereo love,Stereo Love,"Edward Maya, Vika Jigulina","=""00:03:04""",Electronic,127,"Edward Maya, Vika Jigulina - Stereo love.mp3",2009,English,1,Dance On The Beat,1,0,"House,Electro,Upbeat,All Weather,All Season"
B.O.T.A.,B.O.T.A. (Baddest Of Them All),Eliza Rose & Interplanetary Criminal,"=""00:02:46""",Dance,137,"Eliza Rose, Interplanetary Criminal - B.O.T.A. (Baddest Of Them All).mp3",2022,English,1,Warner Records,1,0,"House,Upbeat,All Weather,All Season,Youth/adult"
Me & You,Me & You,Ella Henderson,"=""00:02:48""",Pop,118,Ella Henderson - Me & You.mp3,2025,English,1,MCA Coral,1,0,"Swing,Mainstream,All Weather,All Season,Youth/adult"
Running Around,Running Around,Ely Oaks,"=""00:02:03""",Dance,156,Ely Oaks - Running Around.mp3,2025,English,1,Central Station,1,0,"Electro House,Upbeat,All Weather,All Season,Youth/adult"
Numb Little bug,Numb Little Bug,Em Beihold,"=""00:02:48""",Pop,85,Em Beihold - Numb Little bug.mp3,2022,English,1,Republic Records,1,0,"Indie Pop,Mainstream,All Weather,All Season,Youth/adult"
679,The Best of 2015,Fetty Wap,"=""00:03:07""",House,95,Fetty Wap - 679.mp3,2015,English,1,Fetty Wap,1,0,"Upbeat,All Weather,All Season"
Out Of My League,More Than Just a Dream,Fitz And The Tantrums,"=""00:03:30""",Alternative,172,Fitz And The Tantrums - Out Of My League.mp3,2013,English,1,Elektra,1,0,"Energetic,All Weather,All Season"
HandClap,Handclap,Fitz and The Tantrums,"=""00:03:13""",Alternative,139,Fitz and The Tantrums - HandClap.mp3,2016,English,1,"Elektra, Dangerbird Records",1,0,"Energetic,All Weather,All Season"
Trap Queen,Fetty Wap,Fetty Wap,"=""00:03:42""",Hip Hop,99,Fetty Wap - Trap Queen.mp3,2025,English,1,Fetty Wap,1,0,"Balanced,All Weather,All Season"
Right Round,Fun Summer Dance 2009,Flo Rida,"=""00:03:28""",Hip Hop,125,Flo Rida - Right Round.mp3,2009,English,1,Sony Music,1,0,"Upbeat,All Weather,All Season,Youth/adult"
Cake,Cake (Getdown remix),Flo Rida,"=""00:02:37""",Pop,105,Flo Rida - Cake.mp3,2016,English,1,Flo Rida,1,0,"Balanced,All Weather,All Season"
Club Can’t Handle Me,R&B The Collection Summer 2011,Flo Rida feat. David Guetta,"=""00:03:55""",Pop,128,Flo Rida feat. David Guetta - Club Can’t Handle Me.mp3,2011,English,1,Universal Music Group,1,0,"Smooth,All Weather,All Season"
Celebration,CHILD OF GOD II,Forrest Frank,"=""00:02:42""",Pop,122,Forrest Frank - Celebration.mp3,2025,English,1,River House Records,1,0,"Mainstream,All Weather,All Season,Youth/adult"
Father's House,CHILD OF GOD II,Forrest Frank,"=""00:02:25""",Pop,83,Forrest Frank - Father's House.mp3,2025,English,1,River House Records,1,0,"Upbeat,All Weather,All Season,Youth/adult"
Low,Low,"Flo Rida, T-Pain","=""00:03:52""",Hip Hop,128,"Flo Rida, T-Pain - Low.mp3",2008,English,1,Atlantic,1,0,"Bass Music,Confident,All Weather,All Season,Youth/adult"
Home,CHILD OF GOD II,Forrest Frank,"=""00:03:06""",Pop,150,Forrest Frank - Home.mp3,2025,English,1,River House Records,1,0,"Mainstream,All Weather,All Season,Youth/adult"
Outside,CHILD OF GOD II,Forrest Frank,"=""00:02:16""",Pop,88,Forrest Frank - Outside.mp3,2025,English,1,River House Records,1,0,"Mainstream,All Weather,All Season,Youth/adult"
Selah,SELAH,Forrest Frank,"=""00:03:23""",Pop,115,Forrest Frank - Selah.mp3,2025,English,1,River House Records,1,0,"Balanced,All Weather,All Season"
Like Water,CHILD OF GOD II,"Forrest Frank, Limoblaze","=""00:02:45""",Pop,95,"Forrest Frank, Limoblaze - Like Water.mp3",2025,English,1,River House Records,1,0,"Mainstream,All Weather,All Season,Youth/adult"
Pumped Up Kicks,Torches,Foster The People,"=""00:04:12""",Alternative,128,Foster The People - Pumped Up Kicks.mp3,2011,English,1,"Sony Records International, StarTime International",1,0,"Energetic,All Weather,All Season"
Leave Me For Dead,leave me for dead,GAYLE,"=""00:02:57""",Pop,130,GAYLE - Leave Me For Dead.mp3,2023,English,1,Atlantic,1,0,"Energetic,All Weather,All Season"
The Good Ones,The Good Ones (Downtown Session),Gabby Barrett,"=""00:03:34""",Pop,90,Gabby Barrett - The Good Ones.mp3,2019,English,1,Warner Music Nashville,1,0,"Country,Mainstream,All Weather,All Season,Youth/adult"
Marea (We’ve Lost Dancing),About:Berlin: Best of 10 Years,Fred again.. feat. The Blessed Madonna,"=""00:04:48""",Electronic,123,Fred again.. feat. The Blessed Madonna - Marea (We’ve Lost Dancing).mp3,2021,English,1,Polystar,1,0,"Energetic,All Weather,All Season"
Heartbreak Anthem,Heartbreak Anthem (Remixes),Galantis,"=""00:03:04""",Electronic,124,Galantis - Heartbreak Anthem.mp3,2021,English,1,Big Beat,1,0,"Pop Dance,Upbeat,All Weather,All Season,Youth/adult"
No Money,No Money,Galantis,"=""00:03:09""",Dance,124,Galantis - No Money.mp3,2016,English,1,"Big Beat, Atlantic",1,0,"House,Progressive house,Upbeat,All Weather,All Season,Youth/adult"
Runaway,Runaway (U & I),Galantis,"=""00:03:47""",Dance,126,Galantis - Runaway (U & I).mp3,2014,English,1,WARNER Music Benelux,1,0,"Progressive house,Electro House,Upbeat,All Weather,All Season,Youth/adult"
Alien,Alien,Galantis x Lucas & Steve x Ilira,"=""00:02:45""",Electronic,124,Galantis x Lucas & Steve x Ilira - Alien.mp3,2022,English,1,Spinnin' Records,1,0,"Pop Dance,Upbeat,All Weather,All Season,Youth/adult"
Lighter,Lighter,"Galantis, David Guetta & 5 Seconds of Summer","=""00:02:52""",Dance,125,"Galantis, David Guetta & 5 Seconds of Summer - Lighter.mp3",2024,English,1,Big Beat,1,0,"Pop Dance,Upbeat,All Weather,All Season,Youth/adult"
Green Green Grass,Gold Rush Kid,George Ezra,"=""00:02:48""",Pop,113,George Ezra - Green Green Grass.mp3,2022,English,1,Columbia,1,0,"Mainstream,All Weather,All Season,Youth/adult"
Heat Waves,Dreamland,Glass Animals,"=""00:03:26""",Pop,147,Glass Animals - Heat Waves.mp3,2020,English,1,"Label Panthéon, Universal Music France",1,0,"Pop Dance,Upbeat,All Weather,All Season,Youth/adult"
Shotgun,Staying at Tamara's,George Ezra,"=""00:03:23""",Pop,117,George Ezra - Shotgun.mp3,2018,English,1,"Columbia, Sony Music",1,0,"Mainstream,All Weather,All Season,Youth/adult"
"GROUPLOVE - Tongue Tied ""Take Me To Your Best Friend's House"" | (Lyrics)","GROUPLOVE - Tongue Tied ""Take Me To Your Best Friend's House"" | Lyrics",Grouplove,"=""00:03:38""",Pop,113,Grouplove - Tongue Tied Take Me To Your Best Friend's House.mp3,2023,English,1,SMC,1,0,"Upbeat,All Weather,All Season"
Nothing Lasts Forever,Nothing Lasts Forever,Goo Goo Dolls,"=""00:03:26""",Pop,117,Goo Goo Dolls - Nothing Lasts Forever.mp3,2025,English,1,Warner Records,1,0,"Mainstream,All Weather,All Season,Youth/adult"
The sweet escape,The Sweet Escape,Gwen Stefani,"=""00:04:06""",Pop,120,Gwen Stefani - The sweet escape.mp3,2007,English,1,"Interscope Records, UMe",1,0,"Alternative Rock,Mainstream,All Weather,All Season,Youth/adult"
Hall and Oats - You make my dreams come true (Lyrics),Hall and Oats - You make my dreams come true lyrics,Daryl Hall & John Oates,"=""00:02:17""",Pop,166,Hall and Oats - You make my dreams come true.mp3,2010,English,1,Daryl Hall & John Oates,1,0,"Energetic,All Weather,All Season"
Coast,Coast,Hailee Steinfeld,"=""00:02:47""",Pop,112,Hailee Steinfeld - Coast.mp3,2022,English,1,"Mercury, Republic Records",1,0,"Mainstream,All Weather,All Season,Youth/adult"
Stereo Hearts,The Papercut Chronicles II,Gym Class Heroes,"=""00:03:31""",Hip Hop,90,Gym Class Heroes - Stereo Hearts.mp3,2011,English,1,X5 Music Group,1,0,"Balanced,All Weather,All Season"
Holiday Party,luck… or something,Hilary Duff,"=""00:03:31""",Pop,105,Hilary Duff - Holiday Party.mp3,2026,English,1,"Atlantic, Local Weather",1,0,"Mainstream,All Weather,All Season,Youth/adult"
Mature,Mature,Hilary Duff,"=""00:03:38""",Pop,125,Hilary Duff - Mature.mp3,2025,English,1,Atlantic,1,0,"Mainstream,All Weather,All Season,Youth/adult"
"You, From The Honeymoon",luck... or something,Hilary Duff,"=""00:03:33""",Pop,120,"Hilary Duff - You, From The Honeymoon.mp3",2026,English,1,"Atlantic, Local Weather",1,0,"Mainstream,All Weather,All Season,Youth/adult"
Devil Eyes,Providence,Hippie Sabotage,"=""00:03:51""",Electro,75,Hippie Sabotage - Devil Eyes.mp3,2016,English,1,iHipHop Distribution,1,0,"Energetic,All Weather,All Season"
Big Guy,Big Guy,Ice Spice,"=""00:02:38""",Pop,115,Ice Spice - Big Guy from ( The SpongeBob Movie).mp3,2025,English,1,"10K Projects, Capitol Records",1,0,"Mainstream,All Weather,All Season,Youth/adult"
Replay,Replay,Iyaz,"=""00:03:02""",Pop,91,Iyaz - Replay.mp3,2009,English,1,Not On Label,1,0,"R&B,Mainstream,All Weather,All Season,Youth/adult"
Around the Sun,Around The Sun,Hunter Hayes,"=""00:03:45""",Pop,116,Hunter Hayes - Around the Sun.mp3,2025,English,1,LP Entertainment,1,0,"Balanced,All Weather,All Season"
Down,Nu King,Jason Derulo,"=""00:02:10""",Pop,116,Jason Derulo - Down.mp3,2024,English,1,"Beluga Heights, Warner Bros. Records",1,0,"Mainstream,All Weather,All Season,Youth/adult"
Ayo Girl,Ayo Girl (Fayahh Beat),Jason Derulo,"=""00:02:14""",Pop,95,Jason Derulo - Ayo Girl.mp3,2022,English,1,apg,1,0,"Mainstream,All Weather,All Season,Youth/adult"
Colors,Colors,Jason Derulo,"=""00:03:08""",Pop,120,Jason Derulo - Colors (World Cup Version).mp3,2018,English,1,"Beluga Heights, Warner Bros. Records",1,0,"Mainstream,All Weather,All Season,Youth/adult"
It Girl,It Girl,Jason Derulo,"=""00:03:12""",Pop,92,Jason Derulo - It Girl.mp3,2011,English,1,Warner Bros. Records,1,0,"R&B,Pop Rap,Mainstream,All Weather,All Season,Youth/adult"
Hands On Me,Nu King,Jason Derulo,"=""00:03:03""",Pop,142,Jason Derulo - Hands On Me.mp3,2023,English,1,Atlantic,1,0,"Mainstream,All Weather,All Season,Youth/adult"
Mad Love,Nu King,Jason Derulo,"=""00:03:31""",Pop,117,Jason Derulo - Mad Love.mp3,2024,English,1,Atlantic,1,0,"Balanced,All Weather,All Season"
Nu King,Nu King,Jason Derulo,"=""00:01:34""",Hip Hop,104,Jason Derulo - Nu King.mp3,2024,English,1,Atlantic,1,0,"Funk / Soul,Pop,Mainstream,All Weather,All Season,Youth/adult"
Talk Dirty,Talk Dirty,Jason Derulo,"=""00:02:58""",Pop,100,Jason Derulo - Talk Dirty.mp3,2013,English,1,Warner Bros. Records,1,0,"R&B,Mainstream,All Weather,All Season,Youth/adult"
Take You Dancing,Take You Dancing,Jason Derulo,"=""00:03:10""",Pop,113,Jason Derulo - Take You Dancing.mp3,2020,English,1,Atlantic,1,0,"Mainstream,All Weather,All Season,Youth/adult"
Lifestyle,Lifestyle,"Jason Derulo, Adam Levine","=""00:02:34""",Pop,123,"Jason Derulo, Adam Levine - Lifestyle.mp3",2021,English,1,Atlantic,1,0,"Mainstream,All Weather,All Season,Youth/adult"
Want To Want Me,Everything Is 4,Jason Derulo,"=""00:03:28""",Pop,114,Jason Derulo - Want To Want Me.mp3,2015,English,1,"Warner Bros. Records, Beluga Heights",1,0,"Mainstream,All Weather,All Season,Youth/adult"
The Other Side,The Other Side,Jason Derulo,"=""00:03:47""",Pop,129,Jason Derulo - The Other Side.mp3,2013,English,1,Warner Bros. Records,1,0,"Europop,Euro House,Upbeat,All Weather,All Season,Youth/adult"
Love Not War (The Tampa Beat),Love Not War (The Tampa Beat),Jason Derulo x Nuka,"=""00:03:11""",Pop,98,"Jason Derulo, The Tampa Beat - Love Not War.mp3",2020,English,1,Sony Music Entertainment UK Limited,1,0,"Pop Dance,Upbeat,All Weather,All Season,Youth/adult"
Save Me Tonight,Save Me Tonight,"Jennifer Lopez, David Guetta","=""00:03:22""",Dance,130,"Jennifer Lopez, David Guetta - Save Me Tonight.mp3",2026,English,1,Warner Records,1,0,"Pop Dance,Progressive house,Upbeat,All Weather,All Season,Youth/adult"
Bang Bang,Bang Bang,Jessie J,"=""00:03:21""",Pop,150,Jessie J - Bang Bang.mp3,2014,English,1,Not On Label (Jessie J),1,0,"R&B,Mainstream,All Weather,All Season,Youth/adult"
Cruise Control,"Big Dumb Heart, Chapter 2",Jenna Raine,"=""00:03:23""",Pop,134,Jenna Raine - Cruise Control.mp3,2023,English,1,Warner Records,1,0,"Mainstream,All Weather,All Season,Youth/adult"
Dancing In The Moonlight (feat. NEIMY),Dancing in the Moonlight,Jubel,"=""00:02:44""",Dance,119,Jubel - Dancing In The Moonlight.mp3,2018,English,1,Jubel,1,0,"Upbeat,All Weather,All Season,Youth/adult"
Waffle House,The Album,Jonas Brothers,"=""00:02:23""",Pop,126,Jonas Brothers - Waffle House.mp3,2023,English,1,Republic Records,1,0,"Upbeat,All Weather,All Season,Youth/adult"
Justin Bieber – Despacito 🎤 ft. Luis Fonsi & Daddy Yankee [Pop] (Lyrics),Justin Bieber – Despacito (Lyrics) 🎤 ft. Luis Fonsi & Daddy Yankee [Pop],Bizarre,"=""00:03:50""",Pop,89,Justin Bieber – Despacito.mp3,2017,English,1,Bizarre,1,0,"Mainstream,All Weather,All Season"
Can't Stop The Feeling,Die Ultimative Chartshow: Movie Hits,Justin Timberlake,"=""00:03:56""",Pop,113,Justin Timberlake - Can't Stop The Feeling.mp3,2024,English,1,Polystar,1,0,"Balanced,All Weather,All Season"
For A Reason,P-POP CULTURE,"Karan Aujla, Ikky","=""00:03:00""",Pop,90,"Karan Aujla, Ikky - For A Reason.mp3",2025,English,1,"Karan Aujla, IKKY",1,0,"Mainstream,All Weather,All Season"
Less Than,#BLUE,Kanii,"=""00:03:30""",Pop,120,Kanii - Less Than.mp3,2025,English,1,Kanii,1,0,"Balanced,All Weather,All Season"
Walking On Sunshine,VH1: The Big 80’s Pop,Katrina And The Waves,"=""00:03:59""",Pop,110,Katrina And The Waves - Walking On Sunshine.mp3,2001,English,1,Rhino,1,0,"Mainstream,All Weather,All Season,Youth/adult"
Firework,Firework,Katy Perry,"=""00:03:48""",Pop,124,Katy Perry - Firework.mp3,2010,English,1,"Capitol Records, Virgin",1,0,"Pop Dance,Upbeat,All Weather,All Season,Youth/adult"
Folded,Kehlani,Kehlani,"=""00:03:58""",R&B,68,Kehlani - Folded.mp3,2026,English,1,Atlantic,1,0,"Smooth,All Weather,All Season"
Pocket,Kehlani,"Kehlani, Cardi B","=""00:03:53""",R&B,130,"Kehlani, Cardi B - Pocket.mp3",2026,English,1,"Atlantic, TSNMI",1,0,"Hip Hop,Soul,Pop,Mainstream,All Weather,All Season,Youth/adult"
"Keyshia Cole, Sean Paul - (When You Gonna) Give It Up to Me | (Lyrics)","Keyshia Cole, Sean Paul - (When You Gonna) Give It Up to Me | Lyrics",Kreayshawn,"=""00:04:04""",Pop,96,"Keyshia Cole, Sean Paul - When You Gonna give up.mp3",2026,English,1,Kreayshawn,1,0,"Balanced,All Weather,All Season"
Shoulda Never,Kehlani,"Kehlani, Usher","=""00:03:06""",Pop,137,"Kehlani, Usher - Shoulda Never.mp3",2026,English,1,"Atlantic, TSNMI",1,0,"Energetic,All Weather,All Season"
Strangers,Strangers,Kenya Grace,"=""00:02:53""",Dance,85,Kenya Grace - Strangers.mp3,2023,English,1,Major Recordings,1,0,"Drum N Bass,Upbeat,All Weather,All Season,Youth/adult"
Young Dumb & Broke,American Teen,Khalid,"=""00:03:23""",Funk / Soul,137,Khalid - Young Dumb & Broke.mp3,2017,English,1,RCA,1,0,"Warm,All Weather,All Season"
Location,American Teen,Khalid,"=""00:03:39""",Funk / Soul,80,Khalid - Location.mp3,2017,English,1,"Right Hand Music Group, LLC, RCA",1,0,"Warm,All Weather,All Season"
Better,Better,Khalid,"=""00:03:49""",Funk / Soul,98,Khalid - Better.mp3,2018,English,1,"Right Hand Music Group, RCA",1,0,"R&B,Smooth,All Weather,All Season"
The DJ,"Going, Going, Gone",Knox,"=""00:02:50""",Pop,127,Knox - The DJ.mp3,2025,English,1,Atlantic,1,0,"Mainstream,All Weather,All Season,Youth/adult"
50/50,"Going, Going, Gone (For Good)",Knox,"=""00:03:14""",Pop,98,Knox - 50 50.mp3,2025,English,1,Atlantic,1,0,"Mainstream,All Weather,All Season,Youth/adult"
"Going, Going, Gone","Going, Going, Gone",Knox,"=""00:02:56""",Pop,108,"Knox - Going, Going, Gone.mp3",2025,English,1,Atlantic,1,0,"Pop Punk,Mainstream,All Weather,All Season,Youth/adult"
How Bad Do U Want Me,Mayhem,Lady Gaga,"=""00:03:59""",Pop,94,Lady Gaga - How Bad Do U Want Me.mp3,2025,English,1,"Interscope Records, Streamline Records",1,0,"Mainstream,All Weather,All Season,Youth/adult"
My Love,My Love,Leigh-Anne,"=""00:02:56""",Pop,113,Leigh-Anne - My Love.mp3,2023,English,1,Warner Records,1,0,"Mainstream,All Weather,All Season,Youth/adult"
About Damn Time,Special,Lizzo,"=""00:03:12""",Pop,109,Lizzo - About Damn Time.mp3,2022,English,1,Warner Music France,1,0,"Mainstream,All Weather,All Season,Youth/adult"
Don't Say Love,Don't Say Love,Leigh-Anne,"=""00:03:00""",Pop,130,Leigh-Anne - Don't Say Love.mp3,2023,English,1,Warner Records,1,0,"Pop Dance,Spoken Word,Upbeat,All Weather,All Season,Youth/adult"
Ditto,MY FACE HURTS FROM SMILING,Lizzo,"=""00:03:11""",Pop,151,Lizzo - Ditto.mp3,2025,English,1,Atlantic,1,0,"Energetic,All Weather,All Season"
Droppin On It,MY FACE HURTS FROM SMILING,Lizzo,"=""00:02:33""",Pop,94,Lizzo - Droppin On It.mp3,2025,English,1,Atlantic,1,0,"Balanced,All Weather,All Season"
Crashout,MY FACE HURTS FROM SMILING,Lizzo,"=""00:02:56""",Pop,153,Lizzo - Crashout.mp3,2025,English,1,Atlantic,1,0,"Energetic,All Weather,All Season"
Still Bad,Still Bad,Lizzo,"=""00:03:29""",Pop,116,Lizzo - Still Bad.mp3,2025,English,1,"Atlantic, Nice Life",1,0,"Mainstream,All Weather,All Season,Youth/adult"
Just 4 fun,MY FACE HURTS FROM SMILING,Lizzo,"=""00:02:34""",Pop,150,Lizzo - Just 4 fun.mp3,2025,English,1,Atlantic,1,0,"Energetic,All Weather,All Season"
"Lizzo, Doja Cat - Still Can't Fuh | (Lyrics)","Lizzo, Doja Cat - Still Can't Fuh | Lyrics","Lizzo, Doja Cat","=""00:02:43""",Pop,123,"Lizzo, Doja Cat - Still Can't Fuh.mp3",2025,English,1,SMC,1,0,"Balanced,All Weather,All Season"
Raining In Manila,Raining In Manila,Lola Amour,"=""00:04:51""",Pop,115,Lola Amour - Raining In Manila.mp3,2023,English,1,Warner Music Philippines,1,0,"Rhythm & Blues,Funk,Indie Rock,City Pop,Mainstream,All Weather,All Season,Youth/adult"
IRL,MY FACE HURTS FROM SMILING,"Lizzo, SZA","=""00:02:44""",Pop,129,"Lizzo, SZA - IRL.mp3",2025,English,1,Atlantic,1,0,"Energetic,All Weather,All Season"
The Kind of Love We Make,Growin' Up,Luke Combs,"=""00:03:45""",Folk,102,Luke Combs - The Kind of Love We Make.mp3,2022,English,1,"Columbia Nashville, River House Artists",1,0,"World,& Country,Balanced,All Weather,All Season"
Tell It To My Heart,Tell It To My Heart,MEDUZA,"=""00:02:46""",Dance,124,MEDUZA - Tell It To My Heart.mp3,2021,English,1,"Island Records, The Cross Records",1,0,"Pop Dance,House,Upbeat,All Weather,All Season,Youth/adult"
The Spins,K.I.D.S.,Mac Miller,"=""00:03:16""",Hip Hop,127,Mac Miller - The Spins.mp3,2010,English,1,"Rostrum Records, Most Dope",1,0,"Confident,All Weather,All Season,Youth/adult"
Blue World,Circles,Mac Miller,"=""00:03:30""",Future Bass,85,Mac Miller - Blue World.mp3,2020,English,1,[no label],1,0,"Balanced,All Weather,All Season"
Home,Home,"Machine Gun Kelly, X Ambassadors, Bebe Rexha","=""00:03:23""",Hip Hop,164,"Machine Gun Kelly, X Ambassadors, Bebe Rexha - Home.mp3",2017,English,1,Warner Dance Labels,1,0,"Alternative Rock,Mainstream,All Weather,All Season,Youth/adult"
White Walls,The Heist,Macklemore & Ryan Lewis,"=""00:03:40""",Pop,117,Macklemore & Ryan Lewis - White Walls.mp3,2012,English,1,Macklemore LLC,1,0,"Balanced,All Weather,All Season"
Can't Hold Us (feat. Ray Dalton),The Heist,Macklemore & Ryan Lewis,"=""00:04:20""",Hip Hop,146,Macklemore & Ryan Lewis - Can't Hold Us.mp3,2011,English,1,Macklemore & Ryan Lewis,1,0,"Confident,All Weather,All Season,Youth/adult"
Yes baby,yes baby,Madison Beer,"=""00:03:15""",Electropop,135,Madison Beer - Yes baby.mp3,2025,English,1,"Epic, Sing It Loud",1,0,"Dance,Electro,Upbeat,All Weather,All Season,Youth/adult"
If We Ever Broke up,Now That’s What I Call Music! 114,Mae Stephens,"=""00:02:42""",Pop,116,Mae Stephens - If We Ever Broke up.mp3,2023,English,1,"EMI, Sony Music",1,0,"Mainstream,All Weather,All Season,Youth/adult"
Pretty Girl,Pretty Girl (Cheat Codes X Cade Remix),Maggie Lindemann,"=""00:03:14""",Pop,121,Maggie Lindemann - Pretty Girl (Cheat Codes X Cade Remix).mp3,2017,English,1,300 Entertainment,1,0,"Deep House,Chillwave,Pop Dance,Upbeat,Rainy,All Season,Youth/adult"
Rude,Don't Kill the Magic,Magic!,"=""00:03:44""",Pop,144,Magic! - Rude.mp3,2014,English,1,Ministry of Sound,1,0,"Mainstream,All Weather,All Season,Youth/adult"
Is It a Crime,Is It a Crime,"Mariah the Scientist, Kali Uchis","=""00:03:22""",Soul,90,"Mariah the Scientist, Kali Uchis - Is It a Crime.mp3",2025,English,1,"Buckles Laboratories, Epic",1,0,"Warm,All Weather,All Season"
Bubblegum Bitch (Unmixed),Electra Heart - Sessions,Marina,"=""00:02:47""",Pop,157,Marina - Bubblegum B tch.mp3,2012,English,1,MARINA,1,0,"Energetic,All Weather,All Season"
Friends,FRIENDS,Marshmello & Anne-Marie,"=""00:03:23""",Pop,95,Marshmello & Anne-Marie - Friends.mp3,2018,English,1,"Asylum Records, Joytime Collective",1,0,"Mainstream,All Weather,All Season,Youth/adult"
Old Thing Back,Old Thing Back,"Matoma, The Notorious B.I.G","=""00:05:22""",Pop,97,"Matoma, The Notorious B.I.G - Old Thing Back.mp3",2015,English,1,"Matoma, The Notorious B.I.G. feat. Ja Rule & Ralph Tresvant",1,0,"Balanced,All Weather,All Season"
Me Too - Meghan Trainor 🎵 (Lyrics),Me Too - Meghan Trainor (Lyrics) 🎵,Meghan Trainor,"=""00:03:09""",Pop,124,Me Too - Meghan Trainor.mp3,2020,English,1,Meghan Trainor,1,0,"Balanced,All Weather,All Season"
Possession,HADES,Melanie Martinez,"=""00:03:08""",Alternative,172,Melanie Martinez - Possession.mp3,2026,English,1,Atlantic,1,0,"Energetic,All Weather,All Season"
Uncanny Valley,HADES [Clean],Melanie Martinez,"=""00:03:16""",Trip-hop,154,Melanie Martinez - Uncanny Valley.mp3,2026,English,1,Melanie Martinez,1,0,"Energetic,All Weather,All Season"
On my mind,On my mind,Metito,"=""00:03:02""",Dance,140,Metito - On my mind.mp3,2026,English,1,Metito,1,0,"Electronic,House,Upbeat,All Weather,All Season,Youth/adult"
Feeling Good,It's Time,Michael Bublé,"=""00:03:57""",Jazz,115,Michael Bublé - Feeling Good.mp3,2005,English,1,"143 Records, Reprise Records",1,0,"Relaxed,Rainy,All Season"
I Met A Boy,Confessions,Mimi Webb,"=""00:02:58""",Pop,92,Mimi Webb - I Met A Boy.mp3,2025,English,1,Mimi Webb,1,0,"Mainstream,All Weather,All Season,Youth/adult"
Last Night,One Thing At A Time,Morgan Wallen,"=""00:02:44""",Country Pop,102,Morgan Wallen - Last Night.mp3,2023,English,1,Morgan Wallen,1,0,"Mainstream,All Weather,All Season,Youth/adult"
Up Out & Gone,Up Out & Gone,Ne-Yo,"=""00:02:57""",Pop,90,Ne-Yo - Up Out & Gone.mp3,2026,English,1,Ne‐Yo,1,0,"Balanced,All Weather,All Season"
Better Days,Better Days,"Neiked, Mae Muller, Polo G","=""00:02:55""",Pop,110,"Neiked, Mae Muller, Polo G - Better Days.mp3",2022,English,1,Capitol Records,1,0,"Indie Pop,Mainstream,All Weather,All Season,Youth/adult"
American Jesus,American Jesus,Nessa Barrett,"=""00:02:49""",Pop,95,Nessa Barrett - American Jesus.mp3,2023,English,1,Warner Records,1,0,"Mainstream,All Weather,All Season,Youth/adult"
Heaven,The Show,Niall Horan,"=""00:03:07""",Pop,92,Niall Horan - Heaven.mp3,2023,English,1,Capitol Records,1,0,"Mainstream,All Weather,All Season,Youth/adult"
Barbie World,Barbie The Album,"Nicki Minaj, Ice Spice, Aqua","=""00:01:50""",Pop,72,"Nicki Minaj, Ice Spice, Aqua - Barbie World.mp3",2023,English,1,Atlantic,1,0,"Mainstream,All Weather,All Season,Youth/adult"
Sunroof,Sunroof,"Nicky Youre, dazy","=""00:02:40""",Remix,132,"Nicky Youre, dazy - Sunroof.mp3",2021,English,1,"Thirty Knots, Columbia",1,0,"Indie Pop,Mainstream,All Weather,All Season,Youth/adult"
All You Ever Wanted,All You Ever Wanted,Oliver Tree,"=""00:02:00""",Alternative,172,Oliver Tree - All You Ever Wanted.mp3,2026,English,1,Oliver Tree,1,0,"Energetic,All Weather,All Season"
Deep End,Deep End,Oliver Tree,"=""00:02:30""",Pop,162,Oliver Tree - Deep End.mp3,2026,English,1,Atlantic,1,0,"Mainstream,All Weather,All Season,Youth/adult"
Essence,Alone In A Crowd,Oliver Tree,"=""00:02:48""",Alternative,114,Oliver Tree - Essence.mp3,2023,English,1,Atlantic,1,0,"Balanced,All Weather,All Season"
I Ain't Worried,Die Ultimative Chartshow: Movie Hits,OneRepublic,"=""00:02:29""",Pop,140,OneRepublic - I Ain't Worried.mp3,2022,English,1,Polystar,1,0,"Mainstream,All Weather,All Season,Youth/adult"
Stromae,Stromae,Papaoutai (Afro Soul),"=""00:04:41""",Pop,101,Papaoutai (Afro Soul) - Stromae.mp3,2026,English,1,Papaoutai,1,0,"Balanced,All Weather,All Season"
Ain't It Fun,Paramore,Paramore,"=""00:04:57""",Rock,104,Paramore - Ain't It Fun.mp3,2013,English,1,Fueled by Ramen,1,0,"Energetic,All Weather,All Season"
Hard Times,Hard Times,Paramore,"=""00:03:05""",New Wave,120,Paramore - Hard Times.mp3,2017,English,1,Warner Music Group,1,0,"Pop Rock,Mainstream,All Weather,All Season,Youth/adult"
Still into You,Paramore,Paramore,"=""00:03:36""",Alternative,136,Paramore - Still into You.mp3,2013,English,1,Promo Only,1,0,"Balanced,All Weather,All Season"
Chasin,Infinite Icon: The Remixes,Paris Hilton & Meghan Trainor,"=""00:03:15""",Pop,106,Paris Hilton & Meghan Trainor - Chasin.mp3,2024,English,1,11:11 Media,1,0,"Mainstream,All Weather,All Season,Youth/adult"
Happy,G I R L,Pharrell Williams,"=""00:03:58""",Pop,162,Pharrell Williams - Happy.mp3,2014,English,1,"Columbia, Sony Music",1,0,"Mainstream,All Weather,All Season,Youth/adult"
Stateside,Fancy Some More?,"PinkPantheress, Zara Larsson","=""00:03:05""",Pop,123,"PinkPantheress, Zara Larsson - Stateside.mp3",2026,English,1,Warner Records,1,0,"Mainstream,All Weather,All Season,Youth/adult"
Boy's a liar Pt. 2,Boy's A Liar Pt. 2,"PinkPantheress, Ice Spice","=""00:02:12""",Pop,133,"PinkPantheress, Ice Spice - Boy's a liar Pt. 2.mp3",2023,English,1,Warner Music,1,0,"Pop Dance,Baltimore Club,Pop Rap,Jersey Club,Bitpop,Upbeat,All Weather,All Season,Youth/adult"
Tonight,Tonight,PinkPantheress,"=""00:02:57""",Bassline,141,PinkPantheress - Tonight.mp3,2025,English,1,Warner Records,1,0,"Energetic,All Weather,All Season"
Sunflower (Spider-Man: Into the Spider-Verse),Hollywood's Bleeding,"Post Malone, Swae Lee","=""00:02:38""",Pop,90,"Post Malone, Swae Lee - Sunflower.mp3",2019,English,1,Republic Records,1,0,"Mainstream,All Weather,All Season,Youth/adult"
Circles,Circles,Post Malone,"=""00:03:35""",Hip Hop,120,Post Malone - Circles.mp3,2019,English,1,Republic Records,1,0,"Pop Rock,Indie Pop,Mainstream,All Weather,All Season,Youth/adult"
International Love,"RnB Superclub, Volume 12",Pitbull,"=""00:04:20""",Pop,120,Pitbull - International Love.mp3,2012,English,1,Pitbull,1,0,"Mainstream,All Weather,All Season,Youth/adult"
Toxic Till The End,rosie,ROSÉ,"=""00:02:37""",Pop,84,ROSÉ - Toxic Till The End.mp3,2024,English,1,Atlantic,1,0,"Mainstream,All Weather,All Season,Youth/adult"
Messy,F1 The Album,ROSÉ,"=""00:02:59""",Pop,97,ROSÉ - Messy.mp3,2025,English,1,Atlantic,1,0,"Mainstream,All Weather,All Season,Youth/adult"
23:42,Little House,Rachel Chinouriri,"=""00:03:02""",Alternative,135,Rachel Chinouriri - 2342.mp3,2025,English,1,Parlophone,1,0,"Upbeat,All Weather,All Season"
Superstar,Superstar,Rainbow Kitten Surprise,"=""00:03:14""",Alternative,98,Rainbow Kitten Surprise - Superstar.mp3,2024,English,1,Rainbow Kitten Surprise,1,0,"Balanced,All Weather,All Season"
All I Ever Asked,All I Ever Asked,Rachel Chinouriri,"=""00:03:23""",Alternative,122,Rachel Chinouriri - All I Ever Asked.mp3,2025,English,1,Parlophone,1,0,"Balanced,All Weather,All Season"
Amazing,AMAZING,Rex Orange County,"=""00:03:27""",Alternative,124,Rex Orange County - Amazing.mp3,2022,English,1,Rex Orange County,1,0,"Balanced,All Weather,All Season"
Don't Stop The Music,Good Girl Gone Bad: Reloaded,Rihanna,"=""00:04:27""",R&B,123,Rihanna - Don't Stop The Music.mp3,2008,English,1,SPG Music,1,0,"Mainstream,All Weather,All Season,Youth/adult"
Friday (Dopamine re-edit),The Annual 2022,Riton x Nightcrawlers feat. Mufasa & Hypeman,"=""00:02:48""",Pop,123,Riton x Nightcrawlers - Friday.mp3,2021,English,1,Ministry of Sound,1,0,"Balanced,All Weather,All Season"
Pon de Replay,Music of the Sun,Rihanna,"=""00:04:18""",Pop,105,Rihanna - Pon De Replay (Ed Marquis Remix).mp3,2005,English,1,"Def Jam Recordings, SRP Records",1,0,"Mainstream,All Weather,All Season,Youth/adult"
Young Right Now,Young Right Now,Robin Schulz & Dennis Lloyd,"=""00:03:07""",Dance,123,Robin Schulz & Dennis Lloyd - Young Right Now.mp3,2021,English,1,Warner Music Germany,1,0,"Pop Dance,Tropical House,Upbeat,All Weather,All Season,Youth/adult"
One By One,One By One,Robin Schulz,"=""00:02:41""",Dance,130,Robin Schulz - One By One.mp3,2024,English,1,Warner Music Central Europe,1,0,"Pop Dance,House,Upbeat,All Weather,All Season,Youth/adult"
Underdog,Underdog,Roddy Ricch,"=""00:02:22""",Pop,130,Roddy Ricch - Underdog.mp3,2025,English,1,Atlantic,1,0,"Energetic,All Weather,All Season"
Together (Lyrics),Together,Sia,"=""00:03:25""",Pop,90,Sia - Together Lyrics.mp3,2020,English,1,"Atlantic, Warner Music Brasil",1,0,"Mainstream,All Weather,All Season,Youth/adult"
Magic In The Hamptons,Magic In The Hamptons,Social House,"=""00:02:49""",Hip Hop,96,Social House - Magic In The Hamptons.mp3,2018,English,1,"SB Projects, Interscope Records",1,0,"Pop,Mainstream,All Weather,All Season,Youth/adult"
Calvin Harris,Calvin Harris,Summer,"=""00:03:41""",Pop,129,Summer - Calvin Harris.mp3,2021,English,1,Summer,1,0,"Energetic,All Weather,All Season"
Livin' Alright,Livin Alright,Surfaces,"=""00:02:57""",Pop,164,Surfaces - Livin' Alright.mp3,2025,English,1,Surfaces,1,0,"Mainstream,All Weather,All Season,Youth/adult"
Sunday Best,Sunday Best,Surfaces,"=""00:02:40""",Pop,112,Surfaces - Sunday Best.mp3,2019,English,1,TenThousand Projects,1,0,"Mainstream,All Weather,All Season,Youth/adult"
Just Keep Watching,Just Keep Watching (From F1® The Movie),Tate McRae,"=""00:02:23""",Pop,130,Tate McRae - Just Keep Watching.mp3,2025,English,1,Atlantic,1,0,"Soundtrack,Mainstream,All Weather,All Season,Youth/adult"
Karma,Midnights,Taylor Swift,"=""00:03:29""",Pop,90,Taylor Swift - Karma.mp3,2022,English,1,Taylor Swift,1,0,"Mainstream,All Weather,All Season,Youth/adult"
Shake it off,Taylor Swift Karaoke: 1989,Taylor Swift,"=""00:03:36""",Pop,80,Taylor Swift - Shake it off.mp3,2014,English,1,Big Machine Records,1,0,"Mainstream,All Weather,All Season,Youth/adult"
Free Drugs,I’ve Tried Everything but Therapy (complete edition),Teddy Swims,"=""00:03:14""",Pop,135,Teddy Swims - Free Drugs.mp3,2025,English,1,Warner Records,1,0,"Energetic,All Weather,All Season"
Just A Little While,Could It Get Better Than This,The 502s,"=""00:03:11""",Pop,125,The 502s - Just A Little While.mp3,2021,English,1,[no label],1,0,"Energetic,All Weather,All Season"
"No Rain, No Flowers","No Rain, No Flowers",The Black Keys,"=""00:03:17""",Alternative,110,"The Black Keys - No Rain, No Flowers.mp3",2025,English,1,"Warner Records, Easy Eye Sound",1,0,"Blues Rock,Alternative Rock,Indie Rock,Energetic,All Weather,All Season"
Notion,Notion,The Rare Occasions,"=""00:03:15""",Indie,162,The Rare Occasions - Notion.mp3,2021,English,1,Elektra Records,1,0,"Indie Rock,Energetic,All Weather,All Season"
No One Noticed,Submarine,The Marias,"=""00:03:57""",Alternative,98,The Marias - No One Noticed.mp3,2024,English,1,"Nice Life, Atlantic",1,0,"Balanced,All Weather,All Season"
OMG! (From F1® The Movie),OMG! (From F1® The Movie),"Tiesto, Sexyy Red","=""00:02:33""",Dance,128,"Tiesto, Sexyy Red - OMG!.mp3",2025,English,1,SMC,1,0,"Upbeat,All Weather,All Season,Youth/adult"
Waterslides,Waterslides,Tiesto,"=""00:02:38""",Pop,87,Tiesto - Waterslides.mp3,2024,English,1,Tiesto,1,0,"Balanced,All Weather,All Season"
Dance Monkey,Die Ultimative Chartshow: Die erfolgreichsten Sommer Party-Hits,Tones and I,"=""00:03:30""",Alternative,98,Tones and I - Dance Monkey.mp3,2021,English,1,"Polystar, Universal Music Group",1,0,"Upbeat,All Weather,All Season"
Ride,Blurryface,Twenty One Pilots,"=""00:03:35""",Alternative,150,Twenty One Pilots - Ride.mp3,2015,English,1,Fueled By Ramen,1,0,"Energetic,All Weather,All Season"
Hometown,Blurryface,Twenty One Pilots,"=""00:03:55""",Alternative,120,Twenty One Pilots - Hometown.mp3,2015,English,1,Fueled by Ramen,1,0,"Balanced,All Weather,All Season"
City Walls,Breach,Twenty One Pilots,"=""00:05:22""",Alternative,94,Twenty One Pilots - City Walls.mp3,2025,English,1,Fueled by Ramen,1,0,"Balanced,All Weather,All Season"
The Run and Go,Vessel,Twenty One Pilots,"=""00:03:49""",Pop,92,Twenty One Pilots - The Run and Go.mp3,2012,English,1,Fueled by Ramen,1,0,"Mainstream,All Weather,All Season,Youth/adult"
CHANEL,CHANEL,Tyla,"=""00:03:09""",Pop,115,Tyla - Channel.mp3,2025,English,1,Apple Music,1,0,"Mainstream,All Weather,All Season,Youth/adult"
Tally,Breach,Twenty One Pilots,"=""00:03:33""",Alternative,142,Twenty One Pilots - Tally.mp3,2025,English,1,Fueled by Ramen,1,0,"Energetic,All Weather,All Season"
Fascination In The Dark,Fascination in the Dark,Vance Joy,"=""00:02:56""",Alternative,120,Vance Joy - Fascination In The Dark.mp3,2025,English,1,Atlantic,1,0,"Balanced,All Weather,All Season"
Jump,Jump,"Tyla, Gunna, Skillibeng","=""00:03:19""",Pop,100,"Tyla, Gunna, Skillibeng - Jump.mp3",2024,English,1,"Tyla, Gunna & Skillibeng",1,0,"Mainstream,All Weather,All Season,Youth/adult"
See You Again,Tiny Desk Concert,"Tyler, The Creator","=""00:03:01""",Pop,155,"Tyler, The Creator - See You Again.mp3",2017,English,1,National Public Radio,1,0,"Energetic,All Weather,All Season"
Betrayal,Betrayal,Warren Zeiders,"=""00:03:00""",Folk,86,Warren Zeiders - Betrayal.mp3,2024,English,1,Warner Records,1,0,"World,& Country,Balanced,All Weather,All Season"
Saturday Sun,Nation of Two,Vance Joy,"=""00:03:31""",Alternative,100,Vance Joy - Saturday Sun.mp3,2018,English,1,triple j,1,0,"Balanced,All Weather,All Season"
Take My Mind,Take My Mind,WizTheMc,"=""00:02:51""",Pop,114,WizTheMc - Take My Mind.mp3,2025,English,1,WizTheMc & bees & honey,1,0,"Mainstream,All Weather,All Season,Youth/adult"
"Young, Wild & Free",Peaches-N-Cream,Wiz Khalifa,"=""00:03:27""",Hip Hop,95,"Wiz Khalifa - Young, Wild & Free.mp3",2015,English,1,[no label],1,0,"Balanced,All Weather,All Season"
Bowery,Bowery,"Zach Bryan, Kings of Leon","=""00:03:36""",Rock,151,"Zach Bryan, Kings of Leon - Bowery.mp3",2025,English,1,"Belting Bronco Records, Warner Records",1,0,"Country,Energetic,All Weather,All Season"
Something In The Orange,All My Homies Hate Ticketmaster (live from Red Rocks),Zach Bryan,"=""00:03:51""",Folk,117,Zach Bryan - Something In The Orange.mp3,2022,English,1,Warner Records,1,0,"Country,Energetic,All Weather,All Season"
Addicted,Addicted,Zerb & The Chainsmokers,"=""00:02:35""",Dance,120,Zerb & The Chainsmokers - Addicted.mp3,2024,English,1,"TH3RD BRAIN, TH3RD BRAIN Records LLC",1,0,"Upbeat,All Weather,All Season,Youth/adult"
Location,Location,"Zerb, Ty Dolla $ign, Wiz Khalifa","=""00:02:28""",Electronic,120,"Zerb, Ty Dolla $ign, Wiz Khalifa - Location.mp3",2025,English,1,Th3rd Brain,1,0,"House,Pop Rap,Upbeat,All Weather,All Season,Youth/adult"
Forever,Forever,Zulan,"=""00:02:39""",Dance,135,Zulan - Forever.mp3,2025,English,1,ZULAN,1,0,"Upbeat,All Weather,All Season,Youth/adult"
We Never Dated,we never dated,sombr,"=""00:03:17""",Rafa,104,sombr - We Never Dated.mp3,2025,English,1,Warner Records,1,0,"Balanced,All Weather,All Season"
come closer,I Barely Know Her,sombr,"=""00:03:14""",Electronic,123,sombr - come closer.mp3,2025,English,1,Warner Records,1,0,"Electro,Dance,Indie,Upbeat,All Weather,All Season,Youth/adult"
crushing,I Barely Know Her,sombr,"=""00:03:28""",Pop,111,sombr - crushing.mp3,2025,English,1,Warner Records,1,0,"Balanced,All Weather,All Season"
dime,I Barely Know Her,sombr,"=""00:03:46""",Pop,105,sombr - dime.mp3,2025,English,1,Warner Records,1,0,"Balanced,All Weather,All Season"
under the mat,I Barely Know Her,sombr,"=""00:04:45""",Pop,120,sombr - under the mat.mp3,2025,English,1,Warner Records,1,0,"Balanced,All Weather,All Season"
kilby girl,When We Were Friends,the backseat lovers,"=""00:04:42""",Rock,164,the backseat lovers - kilby girl.mp3,2019,English,1,Mick Music,1,0,"Energetic,All Weather,All Season"
Tear In My Heart,Blurryface,twenty one pilots,"=""00:03:09""",Alternative,120,twenty one pilots - Tear In My Heart.mp3,2015,English,1,Indie/Rock Playlist,1,0,"Balanced,All Weather,All Season"
Lost and found,Lost and found,Molly Sandén & Victor Leksell,"=""00:03:20""",Pop,112,Molly Sandén & Victor Leksell - Lost and found.mp3,2024,Swedish,1,Milkshake,1,0,"Mainstream,All Weather,All Season,Youth/adult"
Starkare,Starkare,Darin,"=""00:02:25""",Pop,84,Darin - Starkare.mp3,2023,English,1,Universal Music AB,1,0,"Mainstream,All Weather,All Season,Youth/adult"
BUBBEL PÅ BALKONGEN,BUBBEL PÅ BALKONGEN,Elov & Beny,"=""00:02:46""",Pop,90,Elov & Benny - Bubbel pa balkongen.mp3,2022,Swedish,1,Elov & Beny,1,0,"Balanced,All Weather,All Season"
BUBBEL PÅ BALKONGEN,BUBBEL PÅ BALKONGEN,"Elov & Beny, Sofie Svensson & Dom där","=""00:03:45""",Pop,178,"Elov & Beny, Sofie Svensson & Dom Där - Bubbel pa balkongen.mp3",2022,Swedish,1,REP9,1,0,"Mainstream,All Weather,All Season,Youth/adult"
Vem fan e du?,Vem fan e du?,Hooja x Miriam Bryant,"=""00:03:07""",Pop,150,Hooja x Miriam Bryant - Vem fa e du.mp3,2024,English,1,Roxy Recordings,1,0,"Energetic,All Weather,All Season"
Sommar sommar sol,Sommar sommar sol,JLC,"=""00:03:27""",Pop,96,JLC - Sommar sommar sol.mp3,2017,English,1,Sony Music,1,0,"Mainstream,All Weather,All Season,Youth/adult"
GETRICHZAY - Geekin All Night (Official Video),GETRICHZAY - Geekin All Night (Official Video),Getrichzaj,"=""00:02:01""",Pop,145,Getrichzaj - Geekin All Night.mp3,2026,English,1,SMC,1,0,"Energetic,All Weather,All Season"
When the Movie Ends,When the Movie Ends - Single,Gio Gomes,"=""00:03:34""",Pop,136,Gio Gomes - When the Movie Ends.mp3,2026,English,1,Gio Gomes,1,0,"Energetic,All Weather,All Season"
"""PINKY UP"" MV (Choreography Ver.) | KATSEYE","""PINKY UP"" MV (Choreography Ver.) | KATSEYE",KATSEYE,"=""00:02:21""",Pop,152,Pinky up - Katseye.mp3,2026,English,1,KATSEYE,1,0,"Energetic,All Weather,All Season"
Berghain,Berghain,Rosalia,"=""00:03:27""",Electronic,125,Rosalia - Berghain.mp3,2025,English,1,Rosalia,1,0,"Popular Music,Energetic,All Weather,All Season"
Home,Good Grief,Sara Bareilles,"=""00:04:58""",Pop,138,Sara Bareilles - Home.mp3,2026,English,1,Sara Bareilles,1,0,"Mainstream,All Weather,All Season,Youth/adult"
HBO,HBO,Yung Gravy,"=""00:03:47""",Hip Hop,164,Yung Gravy - HBO.mp3,2026,English,1,Universal,1,0,"Electronic,Energetic,All Weather,All Season"
Un Ratito,Un Ratito,"Alok, Luis Fonsi, Lunay","=""00:03:32""",Dance,90,"Alok, Luis Fonsi, Lunay - Un Ratito.mp3",2022,Spanish,1,Universal Music Latino,1,0,"Latin,Upbeat,Sunny,Summer,Youth/adult"
When I'm Gone,When I'm Gone,"Alesso, Katy Perry","=""00:02:57""",Dance,125,"Alesso, Katy Perry - When I'm Gone.mp3",2022,English,1,Universal Music,1,0,"Pop Dance,House,Upbeat,All Weather,All Season,Youth/adult"
Levels,Levels,Avicii,"=""00:05:13""",Dance,140,Avicii - Levels.mp3,2011,English,1,Not On Label (Avicii),1,0,"House,Electro House,Dubstep,Upbeat,All Weather,All Season,Youth/adult"
Billie Eilish - BIRDS OF A FEATHER (Official Music Video),Billie Eilish - BIRDS OF A FEATHER (Official Music Video),Billie Eilish,"=""00:03:51""",Alternative,105,Billie Eilish - Birds of a fearther.mp3,2024,English,1,Billie Eilish,1,0,"Balanced,All Weather,All Season"
Run,Run,"Becky Hill, Galantis","=""00:03:10""",Dance,124,"Becky Hill, Galantis - Run.mp3",2022,English,1,"Polydor, Eko Records",1,0,"House,Pop Dance,Upbeat,All Weather,All Season,Youth/adult"
Hit it,HIT IT,"Black Eyed Peas, Saweetie, Lele Pons","=""00:03:57""",Pop,105,"Black Eyed Peas, Saweetie, Lele Pons - Hit it.mp3",2021,English,1,Epic,1,0,"Mainstream,All Weather,All Season,Youth/adult"
Just A Ghost,Just A Ghost,Claptone,"=""00:03:55""",Electronic,126,Claptone - Just A Ghost.mp3,2021,English,1,Different,1,0,"House,Pop Dance,Upbeat,All Weather,All Season,Youth/adult"
Living In A Zoo,Living In A Zoo,Brother Leo,"=""00:03:40""",Pop,142,Brother Leo - Living In A Zoo.mp3,2022,English,1,Oliniho Records,1,0,"Mainstream,All Weather,All Season,Youth/adult"
Feelslikeimfallinginlove,feelslikeimfallinginlove,Coldplay,"=""00:04:21""",Alternative,121,Coldplay - Feelslikeimfallinginlove.mp3,2024,English,1,WARNER Music Benelux,1,0,"Alternative Rock,Energetic,All Weather,All Season"
Run It,Run It,DJ Snake,"=""00:02:48""",Electronic,104,DJ Snake - Run It (ft. Rick Ross & Rich Brian).mp3,2021,English,1,"Marvel, Marvel Music, Inc.",1,0,"Bass Music,Electro House,Pop Rap,Upbeat,All Weather,All Season,Youth/adult"
My Way,My Way,Domino Saints,"=""00:02:39""",Pop,122,Domino Saints - My Way.mp3,2021,English,1,Domino Saints,1,0,"Balanced,All Weather,All Season"
Power power,Power Power,Duckwrth,"=""00:03:20""",Pop,120,Duckwrth - Power power.mp3,2022,English,1,"SuperGood, The Blind Youth",1,0,"Balanced,All Weather,All Season"
After You,After You,Gryffin & Jason Ross,"=""00:03:45""",Dance,145,Gryffin & Jason Ross - After You (ft. Calle Lehmann).mp3,2021,English,1,Darkroom,1,0,"Pop Dance,Upbeat,All Weather,All Season,Youth/adult"
Houdini,Houdini,Eminem,"=""00:04:57""",Hip Hop,127,Eminem - Houdini.mp3,2024,English,1,"Shady Records, Aftermath Entertainment, Interscope Records",1,0,"Pop Rap,Comedy,Mainstream,All Weather,All Season,Youth/adult"
In Da Getto,In Da Getto,"J. Balvin, Skrillex","=""00:02:54""",Pop,129,"J. Balvin, Skrillex - In Da Getto.mp3",2021,English,1,SMC,1,0,"Energetic,All Weather,All Season"
PULL UP (feat. Nile Rodgers),PULL UP (feat. Nile Rodgers),"J. Rey Soul, will.i.am","=""00:03:13""",Pop,120,"J. Rey Soul, will.i.am - Pull up.mp3",2021,English,1,SMC,1,0,"Mainstream,All Weather,All Season,Youth/adult"
You Were Loved,You Were Loved,Gryffin & OneRepublic,"=""00:03:45""",Dance,124,Gryffin & OneRepublic - You Were Loved.mp3,2022,English,1,"Darkroom, Interscope Records",1,0,"Pop Dance,Upbeat,All Weather,All Season,Youth/adult"
Justin Bieber - Honest ft. Don Toliver,Justin Bieber - Honest ft. Don Toliver,Justin Bieber,"=""00:03:32""",Pop,150,Justin Bieber - Honest ft. Don Toliver.mp3,2022,English,1,Justin Bieber,1,0,"Mainstream,All Weather,All Season,Youth/adult"
Don’t Wake Me Up,Don’t Wake Me Up,"Jonas Blue, Why Don't We","=""00:03:09""",Dance,124,"Jonas Blue, Why Don't We - Don’t Wake Me Up.mp3",2022,English,1,"Positiva, EMI",1,0,"Pop Dance,Upbeat,All Weather,All Season,Youth/adult"
Not Like Us,Not Like Us,Kendrick Lamar,"=""00:05:54""",Hip Hop,101,Kendrick Lamar - Not Like Us.mp3,2024,English,1,Interscope Records,1,0,"Hyphy,Conscious,Confident,All Weather,All Season,Youth/adult"
Love Me Now,The Dome Vol. 100,Kygo,"=""00:03:29""",Pop Dance,102,Kygo - Love Me Now.mp3,2021,English,1,"Kygo, RCA",1,0,"Upbeat,All Weather,All Season,Youth/adult"
Dancing Feet,Dancing Feet,Kygo,"=""00:03:47""",Electronic,106,Kygo - Dancing Feet.mp3,2022,English,1,"Kygo, RCA",1,0,"Synth-pop,Energetic,All Weather,All Season,Youth/adult"
Steal My Clothes,Blossom,Kito,"=""00:02:51""",Pop,98,Kito - Steal My Clothes.mp3,2021,English,1,Kito feat. Bea Miller,1,0,"Mainstream,All Weather,All Season,Youth/adult"
Undeniable,Undeniable,Kygo,"=""00:03:01""",Pop,108,Kygo - Undeniable.mp3,2021,English,1,"Kygo, RCA",1,0,"Pop Dance,Tropical House,Upbeat,All Weather,All Season,Youth/adult"
Me Myself & Adderall (feat. Goody Grace),"It's Not You, It's Me",Lost Kings,"=""00:02:34""",Dance,118,Lost Kings - Me Myself & Adderall ft. Goody Grace.mp3,2021,English,1,Disruptor Records,1,0,"Upbeat,All Weather,All Season,Youth/adult"
Blow the Roof,Joggen 2023,Louis the Child,"=""00:03:09""",Dance,105,Louis the Child - Blow the Roof.mp3,2022,English,1,Louis the Child,1,0,"Upbeat,All Weather,All Season,Youth/adult"
hate u cuz i don't,hate u cuz i don't,"Louis The Child, Bea Miller","=""00:02:46""",Dance,118,"Louis The Child, Bea Miller - hate u cuz i don't.mp3",2021,English,1,Interscope Records,1,0,"Upbeat,All Weather,All Season,Youth/adult"
Goosebumps,Brad Pitt / Goosebumps,MØ,"=""00:03:20""",Pop,123,MØ - Goosebumps.mp3,2021,English,1,"Chess Club Records, RCA Victor",1,0,"Mainstream,All Weather,All Season,Youth/adult"
Never A Good Time,Never A Good Time - Single,"NOTD, The Band Camino","=""00:03:29""",Pop,166,"NOTD, The Band Camino - Never A Good Time.mp3",2021,English,1,Universal Music AB,1,0,"Mainstream,All Weather,All Season,Youth/adult"
New Moon,Motordrome,MØ,"=""00:03:33""",Pop,108,MØ - New Moon.mp3,2022,English,1,"Chess Club Records, RCA Victor",1,0,"Mainstream,All Weather,All Season,Youth/adult"
Sweet Talker,Sweet Talker,"Olly Alexander, Galantis","=""00:03:01""",Pop,121,"Olly Alexander, Galantis - Sweet Talker.mp3",2021,English,1,Polydor,1,0,"Pop Dance,Upbeat,All Weather,All Season,Youth/adult"
Follow Me,Follow Me,"Pabllo Vittar, Rina Sawayama","=""00:03:09""",Electronic,129,"Pabllo Vittar, Rina Sawayama - Follow Me (feat. Rina Sawayama).mp3",2022,English,1,Dirty Hit,1,0,"Pop Dance,Upbeat,All Weather,All Season,Youth/adult"
Signals,Signals,"Regard, Kwabs","=""00:02:49""",Dance,120,"Regard, Kwabs - Signals.mp3",2021,English,1,Ministry Of Sound,1,0,"House,Upbeat,All Weather,All Season,Youth/adult"
CTRL + ALT + DEL,CTRL + ALT + DEL,Rêve,"=""00:02:38""",Dance,120,Rêve - CTRL + ALT + DEL.mp3,2021,English,1,31 East Inc.,1,0,"Pop Dance,Upbeat,All Weather,All Season,Youth/adult"
Smile,Smile - Single,Sam Kim,"=""00:02:29""",Pop,116,Sam Kim - Smile.mp3,2022,English,1,Sam Kim,1,0,"Balanced,All Weather,All Season"
Follow Me,Follow Me,"Sam Feldt, Rita Ora","=""00:03:02""",Dance,123,"Sam Feldt, Rita Ora - Follow Me.mp3",2021,English,1,Palm Tree Records,1,0,"Progressive house,Pop Dance,Upbeat,All Weather,All Season,Youth/adult"
"Screwly G x BloodHound Q50 - ""Make Me Mad pt.1"" (Official Video)","Screwly G x BloodHound Q50 - ""Make Me Mad pt.1"" (Official Video)",Screwly G x BloodHound Q50,"=""00:04:30""",Hip Hop,146,Screwly G x BloodHound Q50 - Make Me Mad pt.1.mp3,2024,English,1,SMC,1,0,"Electronic,Energetic,All Weather,All Season"
Melody,Melody,Sigala,"=""00:03:01""",Dance,123,Sigala - Melody.mp3,2022,English,1,"Ministry Of Sound, B1 Recordings",1,0,"Pop Dance,Upbeat,All Weather,All Season,Youth/adult"
Bella,Bella,Static & Ben El x 24kGoldn,"=""00:02:43""",Pop,105,Static & Ben El x 24kGoldn - Bella.mp3,2022,English,1,Static & Ben El x 24kGoldn,1,0,"Balanced,All Weather,All Season"
Bella,Isso,"Static, Ben El","=""00:02:23""",Pop,105,"Static, Ben El - Bella.mp3",2021,English,1,Georg Stengel,1,0,"Mainstream,All Weather,All Season,Youth/adult"
Burning,Born in the Wild,Tems,"=""00:02:57""",Pop,92,Tems - Burning.mp3,2024,English,1,"RCA, Since '93",1,0,"Balanced,All Weather,All Season"
It Gets Better,It Gets Better,Swedish House Mafia,"=""00:03:22""",Dance,119,Swedish House Mafia - It Gets Better.mp3,2021,English,1,Republic Records,1,0,"Experimental,Upbeat,All Weather,All Season,Youth/adult"
The Chainsmokers - The Making of iPad (Vevo Footnotes),The Chainsmokers - The Making of iPad (Vevo Footnotes),The Chemical Brothers,"=""00:03:58""",Pop,122,The Chainsmokers - The Making of iPad (Vevo Footnotes).mp3,2022,English,1,The Chemical Brothers,1,0,"Balanced,All Weather,All Season"
Jalebi Baby,Jalebi Baby,Tesher x Jason Derulo,"=""00:03:34""",Pop,93,Tesher x Jason Derulo - Jalebi Baby.mp3,2021,French,1,Capitol Records,1,0,"Mainstream,All Weather,All Season,Youth/adult"
High,High,The Chainsmokers,"=""00:03:16""",Pop,135,The Chainsmokers - High.mp3,2022,English,1,"Disruptor Records, Columbia",1,0,"Energetic,All Weather,All Season"
Girls,GIRLS - Single,The Kid Laroi,"=""00:02:34""",Pop,101,The Kid Laroi - Girls.mp3,2024,English,1,Columbia,1,0,"Mainstream,All Weather,All Season,Youth/adult"
Friday,Friday,"Timmy Trumpet, Blinkie","=""00:02:34""",Dance,121,"Timmy Trumpet, Blinkie - Friday.mp3",2021,English,1,"Universal Music Australia, Neon Records",1,0,"Tech House,Bassline,Deep House,Upbeat,All Weather,All Season,Youth/adult"
iPad,iPad,The Chainsmokers,"=""00:03:54""",Electronic,122,The Chainsmokers - iPad.mp3,2022,English,1,"Disruptor Records, Columbia",1,0,"Pop Dance,House,Upbeat,All Weather,All Season,Youth/adult"
Chain My Heart,Chain My Heart,Topic x Bebe Rexha,"=""00:02:28""",Electronic,124,Topic x Bebe Rexha - Chain My Heart.mp3,2021,English,1,Virgin,1,0,"Pop Dance,Upbeat,All Weather,All Season,Youth/adult"
How Will I Know,How Will I Know,"Whitney Houston, Clean Bandit","=""00:03:46""",Pop,119,"Whitney Houston, Clean Bandit - How Will I Know.mp3",2021,English,1,RCA,1,0,"Disco,Mainstream,All Weather,All Season,Youth/adult"
Ota minut tällaisena kuin oon,"Rakkaudella, Anna Puu",Anna Puu,"=""00:03:40""",Pop,144,Anna Puu - Ota minut tällaisena kuin oon.mp3,2015,Finnish,1,Fried Music,1,0,"Mainstream,All Weather,All Season,Youth/adult"
Odota,Tähtikaaren taa,Aikakone,"=""00:04:34""",Pop,140,Aikakone - Odota.mp3,1995,Finnish,1,"RCA, BMG Ariola Oy",1,0,"Mainstream,All Weather,All Season,Youth/adult"
Säännöt rakkaudelle,Antaudun,Anna Puu,"=""00:04:03""",Pop,128,Anna Puu - Säännöt rakkaudelle.mp3,2012,Finnish,1,RCA,1,0,"Mainstream,All Weather,All Season,Youth/adult"
Ilves,Ääriviivoja,Anssi Kela,"=""00:04:10""",Pop,88,Anssi Kela - Ilves.mp3,2018,Finnish,1,Capitol Records,1,0,"Mainstream,All Weather,All Season,Youth/adult"
Puistossa,Singlet 2000-2010,Anssi Kela,"=""00:04:33""",Pop,82,Anssi Kela - Puistossa (sanoilla).mp3,2010,English,1,Sony Music,1,0,"Mainstream,All Weather,All Season,Youth/adult"
Pahempi toistaan,Kiila,Apulanta,"=""00:04:49""",Rock,127,Apulanta - Pahempi toistaan.mp3,2005,English,1,Levy-yhtiö,1,0,"Energetic,All Weather,All Season"
Zombeja!,Zombeja!,Apulanta,"=""00:03:52""",Pop,96,Apulanta - Zombeja! Musiikkivideo.mp3,2012,English,1,Apulanta,1,0,"Balanced,All Weather,All Season"
Mökkitie,Arttu Wiskari,Arttu Wiskari,"=""00:03:13""",Pop,128,Arttu Wiskari - Mökkitie.mp3,2011,Finnish,1,Warner Music Finland,1,0,"Mainstream,All Weather,All Season,Youth/adult"
Suomen muotoisen pilven alla,Suomen muotoisen pilven alla,Arttu Wiskari,"=""00:03:30""",Pop,137,Arttu Wiskari - Suomen muotoisen pilven alla.mp3,2018,English,1,Warner Music Finland,1,0,"Mainstream,All Weather,All Season,Youth/adult"
Arttu Wiskari - Sirpa Feat. Ulpu (Official Video),Arttu Wiskari - Sirpa Feat. Ulpu (Official Video),Arttu Wiskari,"=""00:03:25""",Pop,94,Arttu Wiskari - Ulpu.mp3,2014,English,1,SMC,1,0,"Balanced,All Weather,All Season"
Princess '85,Princess '85,Bogart Co,"=""00:04:11""",Pop,118,Bogart Co - Princess '85.mp3,2009,English,1,Bogart Co.,1,0,"Balanced,All Weather,All Season"
All The Best Girls,All The Best Girls,Bogart Co.,"=""00:02:52""",Pop,123,Bogart Co. - All The Best Girls.mp3,1985,English,1,M & T Production,1,0,"Synth-pop,Mainstream,All Weather,All Season,Youth/adult"
Sabotage,Kun valaistun 2.0,Chisu,"=""00:04:03""",Pop,110,Chisu - Sabotage.mp3,2012,English,1,HMC,1,0,"Mainstream,All Weather,All Season,Youth/adult"
Sama nainen,Vapaa ja yksin,Chisu,"=""00:03:28""",Pop,104,Chisu - Sama nainen.mp3,2009,English,1,Warner Music Finland,1,0,"Mainstream,All Weather,All Season,Youth/adult"
Pieni ja hento ote,Kerran,Dave Lindholm,"=""00:07:59""",Rock,120,Dave Lindholm - Pieni ja hento ote.mp3,1992,English,1,EMI Finland,1,0,"Energetic,All Weather,All Season"
Levoton tuhkimo,Levoton Tuhkimo,Dingo,"=""00:04:24""",Pop,124,Dingo - Levoton tuhkimo.mp3,1984,English,1,Kräk!,1,0,"Mainstream,All Weather,All Season,Youth/adult"
Levottomat tuulet,Hittejä ja Idoleita,Disco,"=""00:03:57""",Pop,144,Disco - Levottomat tuulet.mp3,2002,Finnish,1,RCA,1,0,"Mainstream,All Weather,All Season,Youth/adult"
Epäröimättä hetkeekään,Uusia Muistoi,Elastinen,"=""00:03:21""",Pop,93,Elastinen - Epäröimättä hetkeekään.mp3,2020,Finnish,1,Warner Music Finland,1,0,"Balanced,All Weather,All Season"
Eteen Ja Ylös,Iso kuva,Elastinen,"=""00:03:53""",Pop,85,Elastinen - Eteen Ja Ylös.mp3,2015,Finnish,1,Rähinä Records,1,0,"Pop Rap,Mainstream,All Weather,All Season,Youth/adult"
Murheellisten laulujen maa,Klubiotteella - 4.2.2009 Oulu,Eppu Normaali,"=""00:03:22""",Rock,99,Eppu Normaali - Murheellisten laulujen maa.mp3,2009,English,1,Akun Tehdastuotanto,1,0,"Energetic,All Weather,All Season"
Suolaista Sadetta,Sadan Vuoden Päästäkin,Eppu Normaali,"=""00:04:39""",Pop,127,Eppu Normaali - Suolaista Sadetta.mp3,2004,Finnish,1,Poko Rekords,1,0,"Pop Rock,Mainstream,All Weather,All Season,Youth/adult"
Taxi Driver,Self Destruction Blues,Hanoi Rocks,"=""00:04:13""",Rock,123,Hanoi Rocks - Taxi Driver.mp3,1982,English,1,Johanna,1,0,"Energetic,All Weather,All Season"
Tehosekoitin,Tehosekoitin,Hetken tie on kevyt,"=""00:04:05""",Pop,90,Hetken tie on kevyt - Tehosekoitin.mp3,2011,English,1,Hetken Tie On Kevyt,1,0,"Balanced,All Weather,All Season"
Sanna sur la Croix,Babel Babel,Indochine,"=""00:05:05""",Rock,113,Indochine - Sanna sur la Croix.mp3,2024,English,1,"Indochine Records, RCA, Sony Music",1,0,"Pop Rock,Mainstream,All Weather,All Season,Youth/adult"
Haluun olla yksin,Haluun olla yksin,Irina,"=""00:03:53""",Pop,136,Irina - Haluun olla yksin (Audio).mp3,2019,English,1,"Ratas Music, Sony Music",1,0,"Pop Rock,Mainstream,All Weather,All Season,Youth/adult"
Hiljaisuus,Älä riko kaavaa,Irina,"=""00:04:03""",Pop,116,Irina - Hiljaisuus.mp3,2005,Finnish,1,Capitol Records,1,0,"Pop Rock,Mainstream,All Weather,All Season,Youth/adult"
Pokka,NRJ Hits 9,Irina,"=""00:04:08""",Rock,146,Irina - Pokka.mp3,2007,English,1,Sony BMG Music Entertainment,1,0,"Energetic,All Weather,All Season"
Haistakaa paska koko valtiovalta,Tähtisarja: 30 suosikkia,Irwin Goodman,"=""00:02:35""",Pop,122,Irwin Goodman - Haistakaa Paska.mp3,2006,Finnish,1,Warner Music Finland,1,0,"Mainstream,All Weather,All Season,Youth/adult"
Sä et ole hullu,Janna,JANNA,"=""00:03:38""",Pop,128,JANNA - Sä et ole hullu.mp3,2014,Finnish,1,Universal,1,0,"Mainstream,All Weather,All Season,Youth/adult"
Tarkenee,247365,JVG,"=""00:03:58""",Electronic,135,JVG - Tarkenee.mp3,2015,English,1,"PME Records, Warner Music Finland",1,0,"Hip Hop,Pop,Energetic,All Weather,All Season,Youth/adult"
Jannika B – Pyyntö | Vain elämää,Jannika B – Pyyntö | Vain elämää,Jannika B,"=""00:03:40""",Pop,145,Jannika B – Pyyntö Vain elämää.mp3,2020,Finnish,1,SMC,1,0,"Energetic,All Weather,All Season"
Duran Duran,Seili,Jenni Vartiainen,"=""00:04:06""",Pop,126,Jenni Vartiainen - Duran Duran.mp3,2010,English,1,WEA,1,0,"Mainstream,All Weather,All Season,Youth/adult"
Suru on kunniavieras,Terra,Jenni Vartiainen,"=""00:03:34""",Pop,66,Jenni Vartiainen - Suru on kunniavieras.mp3,2013,English,1,Warner Music Finland,1,0,"Mainstream,All Weather,All Season,Youth/adult"
Vie mut kotiin,Vie mut kotiin,Jesse Kaikuranta,"=""00:04:06""",Pop,162,Jesse Kaikuranta - Vie mut kotiin.mp3,2012,English,1,Universal Music Group,1,0,"Pop Rock,Synth-pop,Ballad,Downtempo,Mainstream,All Weather,All Season,Youth/adult"
Sun särkyä anna mä en,Marmoritaivas,Johanna Kurkela,"=""00:03:06""",Pop,155,Johanna Kurkela - Sun särkyä anna mä en.mp3,2007,Finnish,1,WEA,1,0,"Vocal,Mainstream,All Weather,All Season,Youth/adult"
Rakkauden haudalla,Helmiä ja sikoja,Jonna Tervomaa,"=""00:03:55""",Pop Rock,92,Jonna Tervomaa - Rakkauden haudalla.mp3,2003,Finnish,1,Universal,1,0,"Mainstream,All Weather,All Season,Youth/adult"
Kaksi puuta,Loistava kokoelma,Juha Tapio,"=""00:05:02""",Pop,90,Juha Tapio - Kaksi puuta.mp3,2016,English,1,Warner Music Finland,1,0,"Pop Rock,Mainstream,All Weather,All Season,Youth/adult"
Sinun vuorosi loistaa,Sinun vuorosi loistaa,Juha Tapio,"=""00:04:07""",Pop,136,Juha Tapio - Sinun vuorosi loistaa.mp3,2015,English,1,Kaiku Recordings,1,0,"Pop Rock,Mainstream,All Weather,All Season,Youth/adult"
Viidestoista Yö,Parasta ennen (Boheemin ja Senaattorin viimeiset nauhat),Juice Leskinen,"=""00:04:08""",Rock,136,Juice Leskinen - Viidestoista Yö.mp3,2017,Finnish,1,Juice Leskinen,1,0,"Energetic,All Weather,All Season"
Kuka Keksi Rakkauden,Kuka keksi rakkauden,Kaija Koo,"=""00:03:23""",Pop,125,Kaija Koo - Kuka Keksi Rakkauden.mp3,1993,English,1,wea,1,0,"Pop Rock,Mainstream,All Weather,All Season,Youth/adult"
Älä tyri nyt,Iskelmägaala 2013,Jukka Poika,"=""00:03:47""",Pop,172,Jukka Poika - Älä tyri nyt.mp3,2012,Finnish,1,Warner Music Finland,1,0,"Energetic,All Weather,All Season"
Nää yöt ei anna armoo,Sinun naisesi,Kaija Koo,"=""00:03:30""",Pop,155,Kaija Koo - Nää yöt ei anna armoo.mp3,2016,Finnish,1,Warner Music Finland,1,0,"Mainstream,All Weather,All Season,Youth/adult"
Vapaa,Vapaa,Kaija Koo,"=""00:04:18""",Pop,140,Kaija Koo - Vapaa.mp3,2010,English,1,Päijät-Hämeen Sorto ja Riisto,1,0,"Pop Rock,Synth-pop,Mainstream,All Weather,All Season,Youth/adult"
Sydänpuoli säätä vasten,Viimeiseen pisaraan,Kari Tapio,"=""00:04:10""",Pop,155,Kari Tapio - Sydänpuoli säätä vasten.mp3,2009,Finnish,1,AXR,1,0,"Mainstream,All Weather,All Season,Youth/adult"
Pienen pojan elämää,Jubelium!,Klamydia,"=""00:03:41""",Rock,101,Klamydia - Pienen pojan elämää.mp3,2005,Finnish,1,Kråklund Records,1,0,"Punk,Energetic,All Weather,All Season"
Pyyntö),Antisupersankarit,Klamydia,"=""00:03:27""",Punk,97,Klamydia - Pyyntö).mp3,2016,Finnish,1,Usvaputki Oy,1,0,"Balanced,All Weather,All Season"
Älä peitä mun aurinkoo,Älä Peitä Mun Aurinkoo,Klamydia,"=""00:03:27""",Rock,172,Klamydia - Älä peitä mun aurinkoo.mp3,2016,Finnish,1,Usvaputki Oy,1,0,"Punk,Energetic,All Weather,All Season"
Lapin kesä,Ensiaskeleet,Kristian Meurman,"=""00:04:58""",Pop,145,Kristian Meurman - Lapin kesä.mp3,2007,Finnish,1,Sony BMG Music Entertainment,1,0,"Mainstream,All Weather,All Season,Youth/adult"
Minun suomeni,Vien sut täältä kotiin,Lauri Tähkä,"=""00:03:51""",Pop,130,Lauri Tähkä - Minun suomeni.mp3,2016,Finnish,1,Warner Music Finland,1,0,"Mainstream,All Weather,All Season,Youth/adult"
Blaablaa (En kuule sanaakaan) [Vain elämää kausi 10],Blaablaa (En Kuule Sanaakaan),Lauri Tähkä,"=""00:03:25""",Pop,103,Lauri Tähkä - BlaaBlaa Vain elämää kausi 10.mp3,2019,Finnish,1,Warner Music Finland,1,0,"Ballad,Mainstream,All Weather,All Season,Youth/adult"
Pelimies,Pelimies,Martti Vainaa & Sallitut aineet,"=""00:03:23""",Pop,110,Martti Vainaa & Sallitut aineet - Pelimies.mp3,2005,English,1,UHO Production,1,0,"Pop Rock,Mainstream,All Weather,All Season,Youth/adult"
Pohjola,Olli Halonen,Olli Halonen,"=""00:02:56""",Pop,104,Olli Halonen - Pohjola.mp3,2021,English,1,"Mökkitie Records, Warner Music Finland",1,0,"Pop Rock,Mainstream,All Weather,All Season,Youth/adult"
Lautturi,Lautturi,PMMP,"=""00:04:05""",Pop,115,PMMP - Lautturi.mp3,2009,English,1,Sony Music,1,0,"Mainstream,All Weather,All Season,Youth/adult"
Kesäyö,Kaikki on satua,Pariisin Kevät,"=""00:03:55""",Pop,98,Pariisin Kevät - Kesäyö.mp3,2012,Finnish,1,"Columbia, Sony Music",1,0,"Mainstream,All Weather,All Season,Youth/adult"
Muutkin mokaa,Minä ja Hehkumo,Pauli Hanhiniemi,"=""00:03:24""",Pop,130,Pauli Hanhiniemi - Muutkin mokaa.mp3,2014,Finnish,1,Universal Music Group,1,0,"Pop Rock,Folk,Acoustic,Mainstream,All Weather,All Season,Youth/adult"
Rafaelin Enkeli!,Suomirokkia 5: 40 kaikkien aikojen suomirock-klassikkoa!,Pekka Ruuska,"=""00:04:26""",Pop,163,Pekka Ruuska - Rafaelin Enkeli!.mp3,2000,English,1,Poko Rekords,1,0,"Energetic,All Weather,All Season"
Hääkellot soi,Voitto,Popeda,"=""00:03:09""",Rock,90,Popeda - Hääkellot soi.mp3,2011,Finnish,1,Poko Rekords,1,0,"Energetic,All Weather,All Season"
Pitkä kuuma kesä,Aurinkoista suomipoppia,Popeda,"=""00:03:29""",Rock,163,Popeda - Pitkä kuuma kesä.mp3,2003,Finnish,1,BMG Finland,1,0,"Mainstream,All Weather,All Season"
Tahdotko mut tosiaan,H.Ö.N.Ö.,Popeda,"=""00:03:44""",Rock,93,Popeda - Tahdotko mut tosiaan.mp3,1994,Finnish,1,Poko Rekords,1,0,"Energetic,All Weather,All Season"
Vauhti Kiihtyy,Vauhti kiihtyy,Portion Boys & Matti ja Teppo,"=""00:03:45""",Pop,95,Portion Boys & Matti ja Teppo - Vauhti Kiihtyy.mp3,2021,English,1,MTR-Music,1,0,"Mainstream,All Weather,All Season,Youth/adult"
Kauas pois,Tuuliajolla,Raappana,"=""00:03:49""",Reggae,91,Raappana - Kauas pois.mp3,2012,English,1,Suomen Musiikki,1,0,"Balanced,All Weather,All Season"
Frontside Ollie,Me Tehtiin Tää 2012–2017,Robin,"=""00:03:01""",Pop,100,Robin - Frontside Ollie.mp3,2012,Finnish,1,Universal Music Group,1,0,"Mainstream,All Weather,All Season,Youth/adult"
Tähtipölyä,Pienellä kivellä,Samuli Edelmann,"=""00:03:47""",Pop,138,Samuli Edelmann - Tähtipölyä (uusi albumi nyt kaupoissa).mp3,2011,Finnish,1,wea,1,0,"Pop Rock,Mainstream,All Weather,All Season,Youth/adult"
Olet puolisoni nyt,Tavalliset hautajaiset,Samuli Putro,"=""00:04:01""",Pop,118,Samuli Putro - Olet puolisoni nyt.mp3,2012,English,1,Kaiku Recordings,1,0,"Pop Rock,Mainstream,All Weather,All Season,Youth/adult"
Leijailen,Purppura,Sig,"=""00:03:10""",Pop,133,Sig - Leijailen.mp3,1985,English,1,Pyramid,1,0,"Pop Rock,Mainstream,All Weather,All Season,Youth/adult"
Kaduilla kallion,Puoli viisi aamulla,Sir Elwoodin hiljaiset,"=""00:03:30""",Jazz,90,Sir Elwoodin hiljaiset - Kaduilla kallion.mp3,1995,Finnish,1,Herodes,1,0,"Relaxed,Rainy,All Season"
Bussi 17,Klassikot,Sir Elwoodin hiljaiset värit,"=""00:04:24""",Pop,89,Sir Elwoodin hiljaiset värit - Bussi 17.mp3,2012,Finnish,1,Herodes,1,0,"Balanced,All Weather,All Season"
Hollywood Hills,VR Transpoint HITS Vol. 1,Sunrise Avenue,"=""00:03:35""",Pop,137,Sunrise Avenue - Hollywood Hills.mp3,2011,English,1,Ratas Music Group,1,0,"Mainstream,All Weather,All Season,Youth/adult"
Hento kuiskaus,Särkyneiden sydänten tie,Suvi Teräsniska,"=""00:03:54""",Pop,88,Suvi Teräsniska - Hento kuiskaus.mp3,2008,Finnish,1,"WEA, HMC",1,0,"Mainstream,All Weather,All Season,Youth/adult"
Jos menet pois,Kuorosota 3,Suvi Teräsniska,"=""00:03:48""",Pop,172,Suvi Teräsniska - Jos menet pois.mp3,2010,Finnish,1,Universal,1,0,"Mainstream,All Weather,All Season,Youth/adult"
Maradona (Kesä '86),Isänpäivä,Teflon Brothers,"=""00:03:46""",Electronic,120,Teflon Brothers - Maradona.mp3,2014,Finnish,1,Johanna Kustannus,1,0,"Dance,Electro,House,Upbeat,All Weather,All Season,Youth/adult"
F-F-F-Falling,Into,The Rasmus,"=""00:03:41""",Rock,134,The Rasmus - F-F-F-Falling.mp3,2001,English,1,Playground Music Scandinavia,1,0,"Energetic,All Weather,All Season"
No Fear,No Fear,The Rasmus,"=""00:03:57""",Rock,118,The Rasmus - No Fear.mp3,2005,English,1,Playground Music Scandinavia,1,0,"Alternative Rock,Energetic,All Weather,All Season"
Tonnin stiflat,Dumari ja Spuget,Tuomari Nurmio,"=""00:04:36""",Rock,85,Tuomari Nurmio - Tonnin stiflat.mp3,2013,English,1,Ratas Music Group,1,0,"Energetic,All Weather,All Season"
Tuomittuna kulkemaan,Tuomittuna Kulkemaan,Vesa-Matti Loiri ja Samuli Edelmann,"=""00:03:54""",Pop,80,Vesa-Matti Loiri ja Samuli Edelmann - Tuomittuna kulkemaan.mp3,2012,Finnish,1,WEA,1,0,"Pop Rock,Ballad,Mainstream,All Weather,All Season,Youth/adult"
U Drive Me Crazy,Waldo's People,Waldo's People,"=""00:03:25""",Dance,135,Waldo's People - U Drive Me Crazy.mp3,1998,English,1,"RCA, BMG Finland Oy",1,0,"Electronic,House,Upbeat,All Weather,All Season,Youth/adult"
Kiitos ja Kunnia,Kiitos ja kunnia: 30v. juhlakokoelma,Yö,"=""00:03:49""",Rock,88,Yö - Kiitos ja Kunnia.mp3,2011,Finnish,1,Poko Rekords,1,0,"Energetic,All Weather,All Season"
teuvo maanteiden kuningas!,Matkamuistoja – Kaikki singlet 1978–2003,leevi and the leavings,"=""00:04:08""",Rock,123,leevi and the leavings - teuvo maanteiden kuningas!.mp3,2008,Finnish,1,Pyramid,1,0,"Pop,Mainstream,All Weather,All Season,Youth/adult"
Call Your Mom,Stick Season (We'll All Be Here Forever),Noah Kahan,"=""00:04:41""",Alternative,86,Noah Kahan - Call Your Mom.mp3,2023,English,1,"Mercury Records, Republic Records",1,0,"Balanced,All Weather,All Season"
Am I Bothering You,Reality Club Presents…,Reality Club,"=""00:03:46""",Pop,137,Reality Club - Am I Bothering You.mp3,2023,English,1,Reality Club,1,0,"Mainstream,All Weather,All Season,Youth/adult"
Tappat,Tappat - Single,Victor Leksell,"=""00:03:39""",Pop,100,Victor Leksell - Tappat.mp3,2018,English,1,Columbia,1,0,"Mainstream,All Weather,All Season,Youth/adult"
Zombeja!,Zombeja!,Apulanta,"=""00:03:52""",Pop,96,Apulanta - Zombeja!.mp3,2012,English,1,Apulanta Oy,1,0,"Punk,Energetic,All Weather,All Season"
Sisko ja sen veli,Sisko ja sen veli,AHTI,"=""00:03:08""",Electronic,138,AHTI - Sisko ja sen vejli.mp3,2026,English,1,Warner Music Finland,1,0,"Popular Music,Energetic,All Weather,All Season"
Freestyler,Freestyler,Bomfunk MC's,"=""00:04:52""",Electronic,164,Bomfunk MC's - Freestyler.mp3,2000,English,1,Epidrome,1,0,"Breakbeat,Drum N Bass,Energetic,All Weather,All Season"
Dragon,Hyperborean,Carl Moon,"=""00:04:47""",Pop,145,Carl Moon - Dragon.mp3,2017,English,1,Paleons,1,0,"Mainstream,All Weather,All Season,Youth/adult"
Syntisten pöytä,Erika Vikman,Erika Vikman,"=""00:03:46""",Pop,140,Erika Vikman - Syntisten pöytä.mp3,2020,Finnish,1,"Warner Music Finland, Mökkitie Records",1,0,"Mainstream,All Weather,All Season,Youth/adult"
Kuka sen opettaa,Kuka sen opettaa,Kaija Koo,"=""00:04:18""",Pop,110,Kaija Koo - Kuka sen opettaa.mp3,2014,English,1,"Warner Music Finland, WEA",1,0,"Pop Rock,Synth-pop,Europop,Mainstream,All Weather,All Season,Youth/adult"
Leijonat mm-kultaa 2011 (Poju - Poika saunoo),Leijonat mm-kultaa 2011 (Poju - Poika saunoo),Leijonat mm-kultaa 2011 (Poju,"=""00:03:00""",Pop,120,Leijonat mm-kultaa 2011 (Poju - Poika saunoo).mp3,2011,English,1,SMC,1,0,"Balanced,All Weather,All Season"
"Maisy Kay - ""The Storm"" Full Na'vi Version ( Video) (Lyrics)","Maisy Kay - ""The Storm"" Full Na'vi Version (Lyric Video)",Maisy Kay,"=""00:02:49""",Pop,94,Maisy Kay - The Storm Full Na'vi Version.mp3,2020,English,1,SMC,1,0,"Balanced,All Weather,All Season"
Det kommer aldrig va över för mig,Det kommer aldrig va över för mig,Håkan Hellström,"=""00:04:28""",Rock,127,Håkan Hellström - Det kommer aldrig va över för mig.mp3,2013,Swedish,1,"Stranded Rekords, Universal Music AB",1,0,"Pop,Mainstream,All Weather,All Season,Youth/adult"
Sunnanvind,Sunnanvind,Mares,"=""00:03:25""",Pop,104,Mares - Sunnanvind.mp3,2019,English,1,Tjoof,1,0,"Indie Pop,Mainstream,All Weather,All Season,Youth/adult"
My Guy,My Guy,MERCE,"=""00:03:07""",Pop,117,MERCE - My Guy.mp3,2026,English,1,MERCE,1,0,"Balanced,All Weather,All Season"
You Can’t Run From Yourself,You Can’t Run From Yourself,AURORA,"=""00:02:17""",Pop,129,AURORA - You Can’t Run From Yourself.mp3,2025,English,1,Universal,1,0,"Mainstream,All Weather,All Season,Youth/adult"
Ghost Town,Ghost Town,Adam Lambert,"=""00:03:37""",Pop,120,Adam Lambert - Ghost Town.mp3,2015,English,1,"Warner Music Central Europe, Warner Bros. Records",1,0,"Electro House,Upbeat,All Weather,All Season,Youth/adult"
Alone,Alone,Alan Walker,"=""00:02:43""",Electronic,96,Alan Walker - Alone.mp3,2016,English,1,"Sony Music, Relentless Records",1,0,"Downtempo,Electro House,Upbeat,All Weather,All Season,Youth/adult"
Broken Strings,Broken Strings,Alan Walker,"=""00:03:10""",Electronic,94,Alan Walker - Broken Strings.mp3,2026,English,1,Not On Label,1,0,"House,Upbeat,All Weather,All Season"
Faded,Faded,Alan Walker,"=""00:03:33""",Downtempo,90,Alan Walker - Faded.mp3,2015,English,1,"MER, Sony Music",1,0,"Electro House,Contemporary,Upbeat,All Weather,All Season"
Sing Me To Sleep,Sing Me To Sleep,Alan Walker,"=""00:03:12""",Electronic,88,Alan Walker - Sing Me To Sleep.mp3,2016,English,1,MER Musikk,1,0,"Downtempo,Electro House,Upbeat,All Weather,All Season,Youth/adult"
Tired,Tired,Alan Walker ft. Gavin James,"=""00:03:36""",Electronic,124,Alan Walker ft. Gavin James - Tired.mp3,2017,English,1,Sony Music,1,0,"Pop,Energetic,All Weather,All Season,Youth/adult"
Sailing,Sailing,Alan Walker x Old School RuneScape,"=""00:04:00""",Pop,122,Alan Walker x Old School RuneScape - Sailing.mp3,2025,English,1,Alan Walker x Old School RuneScape,0,1,"Balanced,All Weather,All Season"
Alan Walker – World of Walker: Rise of the Drones (Official Music Video),Alan Walker – World of Walker: Rise of the Drones (Official Music Video),Alan Walker,"=""00:03:52""",Electronic,92,Alan Walker – World of Walker Rise of the Drones.mp3,2025,English,1,SMC,1,0,"Ambient,Electro,Electronica,Energetic,Rainy,All Season"
Getaway,"World of Walker, Season One: Rise of the Drones","Alan Walker, Emyrson Flora","=""00:03:51""",Pop,164,"Alan Walker, Emyrson Flora - Getaway.mp3",2026,English,1,World of Walker Music,1,0,"Energetic,All Weather,All Season"
Monster,Monster,"Alan Walker, Emyrson Flora","=""00:02:39""",Pop,96,"Alan Walker, Emyrson Flora - Monster.mp3",2026,English,1,World of Walker Music,1,0,"Balanced,All Weather,All Season"
Heartbreak Melody,Heartbreak Melody,"Alan Walker, FAANGS","=""00:03:14""",Electronic,135,"Alan Walker, FAANGS - Heartbreak Melody.mp3",2025,English,1,"Tomorrowland Music, SoundOn",1,0,"Pop Dance,Upbeat,All Weather,All Season,Youth/adult"
Old Habits (From Delta Force Game),Old Habits (From Delta Force Game),"Alan Walker, Farruko & Sofia Reyes","=""00:03:25""",Pop,154,"Alan Walker, Farruko & Sofia Reyes - Old Habits.mp3",2025,English,1,World of Walker Music,1,0,"Energetic,All Weather,All Season"
Eroina,"World of Walker, Season One: Rise of the Drones","Alan Walker, Sorana","=""00:02:41""",Pop,95,"Alan Walker, Sorana - Eroina.mp3",2026,English,1,Alan Walker,1,0,"Balanced,All Weather,All Season"
Fly,Fly,"Alan Walker, Steve Aoki, Lonely Club","=""00:03:32""",Pop,162,"Alan Walker, Steve Aoki, Lonely Club - Fly.mp3",2025,English,1,"Alan Walker, Steve Aoki, Lonely Club",1,0,"Energetic,All Weather,All Season"
Fairytale,Fairytale,Alexander Rybak,"=""00:03:22""",Pop,108,Alexander Rybak - Fairytale.mp3,2009,English,1,NRK,1,0,"Europop,Vocal,Schlager,Mainstream,All Weather,All Season,Youth/adult"
Besame,Besame,Beroz Papito,"=""00:02:59""",Pop,115,Beroz Papito - Besame.mp3,2025,English,1,Beroz Papito,1,0,"Balanced,All Weather,All Season"
Ma Bella,Ma Bella - Single,Beroz Papito,"=""00:02:48""",Pop,100,Beroz Papito - Ma Bella.mp3,2026,English,1,Beroz Papito,1,0,"Balanced,All Weather,All Season"
Dancefloor Therapy,Dancefloor Therapy,Da Tweekaz & The Straikerz,"=""00:03:37""",Dance,162,Da Tweekaz & The Straikerz - Dancefloor Therapy.mp3,2026,English,1,Dirty Workz,1,0,"Hardstyle,Upbeat,All Weather,All Season,Youth/adult"
Summer Of 69,Summer Of 69,Da Tweekaz & TopModelz,"=""00:03:11""",Dance,154,Da Tweekaz & TopModelz - Summer Of 69.mp3,2025,English,1,Dirty Workz,1,0,"Hardstyle,Upbeat,All Weather,All Season,Youth/adult"
Arigato,Arigato,Julie Bergan,"=""00:02:52""",Pop,155,Julie Bergan - Arigato.mp3,2016,English,1,Warner Music Norway,1,0,"Mainstream,All Weather,All Season,Youth/adult"
Sunshine,Sunshine,K-391,"=""00:03:22""",Electronic,142,K-391 - Sunshine.mp3,2026,English,1,Not On Label (K-391 Self-Released),1,0,"Progressive house,Electro House,Dubstep,Upbeat,All Weather,All Season"
The Answer,The Answer,KREAM,"=""00:03:57""",Electronic,128,KREAM - The Answer.mp3,2026,English,1,KREAM,1,0,"Dance,House,Electro,Upbeat,All Weather,All Season,Youth/adult"
Where Are You Tonight,Where Are You Tonight,KREAM,"=""00:04:11""",Dance,130,KREAM - Where Are You Tonight.mp3,2024,English,1,Spinnin' Records,1,0,"Progressive house,Upbeat,All Weather,All Season,Youth/adult"
Annihilation,Annihilation,KREAM x KOROLOVA,"=""00:03:09""",Electronic,130,KREAM x KOROLOVA - Annihilation.mp3,2026,English,1,KREAM x KOROLOVA,1,0,"Dance,Electro,House,Electronica,Upbeat,All Weather,All Season,Youth/adult"
First Time,First Time,Kygo & Ellie Goulding,"=""00:03:14""",Electronic,178,Kygo & Ellie Goulding - First Time.mp3,2017,English,1,"Sony Music, Ultra Music",1,0,"Pop Dance,Tropical House,Upbeat,All Weather,All Season,Youth/adult"
Firestone,Firestone,Kygo,"=""00:03:42""",Electronic,113,Kygo - Firestone.mp3,2014,English,1,Kygo,1,0,"Deep House,Tropical House,Upbeat,All Weather,All Season"
Kygo - Stole The Show feat. Parson James [Official Music Video - YTMAs],Stole The Show,Kygo,"=""00:05:25""",Electronic,100,Kygo - Stole The Show feat. Parson James.mp3,2015,English,1,B1 Recordings,0,1,"Deep House,Tropical House,Upbeat,All Weather,All Season"
That's When You Know,That's When You Know,"Kygo, Carter Faith","=""00:04:54""",Dance,124,"Kygo, Carter Faith - That's When You Know.mp3",2026,English,1,"Kygo, Carter Faith",1,0,"Upbeat,All Weather,All Season,Youth/adult"
It Ain't Me,It Ain't Me,"Kygo, Selena Gomez","=""00:04:01""",Electronic,99,"Kygo, Selena Gomez - It Ain't Me.mp3",2017,English,1,"Smart, Sony Music",1,0,"House,Upbeat,All Weather,All Season,Youth/adult"
Necessary Evil,Necessary Evil,MIIA,"=""00:03:44""",Dance,139,MIIA - Necessary Evil.mp3,2026,English,1,Miia,1,0,"Upbeat,All Weather,All Season,Youth/adult"
Beggin,Beggin',Madcon,"=""00:03:44""",Hip Hop,129,Madcon - Beggin.mp3,2007,English,1,Not On Label,1,0,"House,Pop Rap,Electro,Euro House,Upbeat,All Weather,All Season,Youth/adult"
If A Song Could Get Me You,If A Song Could Get Me You,Marit Larsen,"=""00:03:34""",Pop,92,Marit Larsen - If A Song Could Get Me You.mp3,2009,English,1,Columbia SevenOne Music,1,0,"Acoustic,Pop Rock,Mainstream,All Weather,All Season,Youth/adult"
That's How You Know (feat. Kid Ink & Bebe Rexha),That's How You Know (feat. Kid Ink & Bebe Rexha),Nico & Vinz,"=""00:04:04""",Pop,104,Nico & Vinz - That's How You Kn.mp3,2015,English,1,Nico & Vinz,1,0,"Mainstream,All Weather,All Season,Youth/adult"
nobody,nobody,"oskar med k, Khalid","=""00:02:45""",Pop,125,"Oskar med k, Khalid - nobody (make me feel).mp3",2025,English,1,"oskar med k, Khalid",1,0,"Energetic,All Weather,All Season"
"Hush Baby, Hurry Slowly",There’s Always More That I Could Say,Sigrid,"=""00:02:46""",Pop,121,"Sigrid - Hush Baby, Hurry Slowly.mp3",2025,English,1,Sigrid,1,0,"Mainstream,All Weather,All Season,Youth/adult"
2002,2002,TNT,"=""00:03:08""",Dance,162,TNT - 2002.mp3,2025,English,1,TNT,1,0,"Electro,Experimental,Upbeat,All Weather,All Season,Youth/adult"
The Fox,The Fox,Ylvis,"=""00:03:45""",Pop,128,Ylvis - The Fox (What Does The Fox Say).mp3,2013,English,1,Parlophone,1,0,"Synth-pop,Mainstream,All Weather,All Season,Youth/adult"
Crying in the Rain,"East of the Sun, West of the Moon",a-ha,"=""00:04:28""",Pop,91,a-ha - Crying in the Rain.mp3,1990,English,1,Warner Bros. Records,1,0,"Mainstream,All Weather,All Season,Youth/adult"
Take On Me,Take On Me,a-ha,"=""00:04:04""",Pop,166,a-ha - Take On Me.mp3,1985,English,1,Warner Bros. Records,1,0,"Synth-pop,Mainstream,All Weather,All Season,Youth/adult"
Spellbound,Spellbound,oskar med k,"=""00:02:18""",Pop,129,oskar med k - Spellbound.mp3,2025,English,1,oskar med k,1,0,"Energetic,All Weather,All Season"
Sweet Nothings,feel,oskar med k,"=""00:02:55""",Pop,125,oskar med k - Sweet Nothings.mp3,2026,English,1,oskar med k,1,0,"Energetic,All Weather,All Season"
