title,album,artist,time,genre,tempo,filename,year,language,isDL,label,vocal,instrumental,tag
Kærlighed,Kærlighed,ATYPISK,"=""00:02:52""",Pop,115,ATYPISK - Kærlighed.mp4,2019,Danish,1,ATYPISK,1,0,"Balanced,All Weather,All Season"
ATYPISK - Kærlighed ft. Gilli & Kesi,ATYPISK - Kærlighed ft. Gilli & Kesi,ATYPISK,"=""00:02:52""",Pop,115,ATYPISK - Kærlighed ft. Gilli & Kesi.mp4,2019,Danish,1,ATYPISK,1,0,"Balanced,All Weather,All Season"
"Alok, SOMETHING ELSE– I Wonder If You Know (Official Video) (Lyrics)","Alok, SOMETHING ELSE– I Wonder If You Know (Official Lyric Video)","Alok, Something Else","=""00:03:14""",Pop,122,"Alok, Something Else – I Wonder If You Know.mp4",2026,English,1,SMC,1,0,"Balanced,All Weather,All Season"
hvad skal verden med sådan en som mig?,hvad skal verden med sådan en som mig?,Andreas Odbjerg,"=""00:02:53""",Pop,98,Andreas Odbjerg - hvad skal verden med sådan en som mig l Min.mp4,2022,Danish,1,Andreas Odbjerg,1,0,"Balanced,All Weather,All Season"
Tusind Stykker,Jeg Er Jo Lige Her,Anne Linnet,"=""00:04:22""",Pop,128,Anne Linnet - Tusind Stykker.mp4,1988,English,1,Pladecompagniet,1,0,"Mainstream,All Weather,All Season,Youth/adult"
Du Gør Det Godt,Du Gør Det Godt,Basim,"=""00:02:35""",Pop,103,Basim - Du Gør Det Godt.mp4,2021,Danish,1,Universal Music,1,0,"Mainstream,All Weather,All Season,Youth/adult"
Ibiza (feat. B.O.C),Mere End Musik (feat. B.O.C),"Benny Jamz, Gilli, Kesi","=""00:03:50""",Pop,133,"Benny Jamz, Gilli, Kesi - Ibiza ft. B.O.C.mp4",2021,English,1,SMC,1,0,"Energetic,All Weather,All Season"
Ibiza,Mere End Musik,"Benny Jamz, Gilli, Kesi","=""00:03:50""",Pop,135,"Benny Jamz, Gilli, Kesi - Ibiza.mp4",2021,English,1,disco:wax,1,0,"Balanced,All Weather,All Season"
Skør,Skør,Bro,"=""00:03:14""",Pop,98,Bro - Skør.mp4,2019,Danish,1,Universal Music,1,0,"Mainstream,All Weather,All Season,Youth/adult"
Sydpå,Sydpå,Bro,"=""00:03:34""",Pop,100,Bro - Sydpå.mp4,2018,French,1,Universal,1,0,"Mainstream,All Weather,All Season,Youth/adult"
BAGLÆNS (Lyrics),BAGLÆNS,D1MA,"=""00:03:28""",Hip Hop,128,D1MA - BAGLÆNS (Lyrics).mp4,2022,English,1,"7ouma Records, Universal",1,0,"Pop,Mainstream,All Weather,All Season,Youth/adult"
Love Maria,Love Maria,Crazy Loop,"=""00:03:53""",Electronic,120,Crazy Loop - Love Maria.mp4,2023,English,1,Cat Music,1,0,"Pop Dance,Upbeat,All Weather,All Season,Youth/adult"
Santa,Santa,DJ Nelson x Ferro,"=""00:03:15""",Pop,92,DJ Nelson x Ferro - Santa.mp4,2022,English,1,DJ Nelson x Ferro,1,0,"Balanced,All Weather,All Season"
Abu - Aura Freestyle,Abu - Aura Freestyle,Abu,"=""00:02:45""",Pop,88,Abu - Aura Freestyle.mp4,2025,English,1,SMC,1,0,"Balanced,All Weather,All Season"
White Boy Wasted,White Boy Wasted,Balistik,"=""00:02:18""",Hip Hop,142,Balistik - White Boy Wasted.mp4,2012,English,1,Famous Artist Music,1,0,"Electronic,Energetic,All Weather,All Season"
Pilot,Pilot - Single,Benny Jamz,"=""00:03:07""",Pop,100,Benny Jamz - Pilot.mp4,2025,English,1,Benny Jamz,1,0,"Balanced,All Weather,All Season"
Blod og Tårer,Blod og Tårer,Benny Jamz,"=""00:03:07""",Hip Hop,145,Benny Jamz - Blod og Tårer.mp4,2025,Danish,1,Benny Jamz,1,0,"Electronic,Energetic,All Weather,All Season"
Barndommen [BB1 Demo Leak (Lyrics),Barndommen,Branco,"=""00:01:55""",Pop,119,Branco - Barndommen [BB1 Demo Leak (Lyrics].mp4,2025,English,1,Branco,1,0,"Balanced,All Weather,All Season"
Aldrig Ro,Aldrig Ro,"Benny Jamz, Gilli, Govana","=""00:02:54""",Pop,80,"Benny Jamz, Gilli, Govana - Aldrig Ro.mp4",2025,English,1,"Benny Jamz, Gilli, Govana",1,0,"Calm,Rainy,All Season"
Orange Freestyle,Orange Freestyle,"Benny Jamz, Gilli","=""00:02:22""",Hip Hop,135,"Benny Jamz, Gilli - Orange Freestyle.mp4",2025,English,1,"Benny Jamz, Gilli",1,0,"Electronic,Energetic,All Weather,All Season"
TRAPSUPERHERO,BABA BUSINESS 3,Branco,"=""00:02:29""",Pop,129,Branco - TRAPSUPERHERO Ft. M Huncho.mp4,2024,English,1,Branco Label,1,0,"Energetic,All Weather,All Season"
Carmon - ICY ENVIRONMENT FRESTYLE PT. 1,Carmon - ICY ENVIRONMENT FRESTYLE PT. 1,Carmon,"=""00:02:26""",Hip Hop,101,Carmon - ICY ENVIRONMENT.mp4,2025,English,1,Carmon,1,0,"Balanced,All Weather,All Season"
26,26,Cizzo,"=""00:01:49""",Hip Hop,101,Cizzo - 26.mp4,2026,English,1,Cizzo,1,0,"R&B,Balanced,All Weather,All Season"
Kensington,Kensington,Cizzo,"=""00:01:57""",Pop,134,Cizzo - Kensington.mp4,2025,English,1,Cizzo,1,0,"Energetic,All Weather,All Season"
Cizzo - DamDam ft. Xabski,Cizzo - DamDam ft. Xabski,Cizzo,"=""00:02:00""",Pop,134,Cizzo - DamDam ft. Xabski.mp4,2025,English,1,SMC,1,0,"Energetic,All Weather,All Season"
Turbo S,Young & Heartless,Cizzo,"=""00:01:55""",Pop,96,Cizzo - Turbo S.mp4,2025,English,1,Cizzo,1,0,"Balanced,All Weather,All Season"
Cizzo x 3robi - Europa Favela (Official Clip),Cizzo x 3robi - Europa Favela (Official Clip),Cizzo x 3robi,"=""00:03:14""",Pop,132,Cizzo x 3robi - Europa Favela.mp4,2026,English,1,SMC,1,0,"Energetic,All Weather,All Season"
"Bunker Cypher #48 (Wilhook, GodDreng, SkyggeSiden, Adlyd) | OTS","Bunker Cypher #48 (Wilhook, GodDreng, SkyggeSiden, Adlyd) | OTS","Cypher #48 (Wilhook, GodDreng, SkyggeSiden, Adlyd)","=""00:03:54""",Hip Hop,95,"Cypher #48 (Wilhook, GodDreng, SkyggeSiden, Adlyd) - Bunker.mp4",2024,English,1,SMC,1,0,"Balanced,All Weather,All Season"
EDO6K x Jamaika - Koldere Brise [4K Promovideo],EDO6K x Jamaika - Koldere Brise [4K Promovideo],EDO6K x Jamaika,"=""00:01:08""",Pop,100,EDO6K x Jamaika - Koldere Brise.mp4,2025,English,1,SMC,1,0,"Balanced,All Weather,All Season"
Dread's Riddim (Lyrics),imellem,Fabian Mazur & Dread MC,"=""00:02:17""",Pop,80,Fabian Mazur & Dread MC - Dread's Riddim (Lyrics).mp4,2025,English,1,[no label],1,0,"Calm,Rainy,All Season"
Bounce 03,Bounce 03,Fabian Mazur,"=""00:02:35""",Pop,105,Fabian Mazur - Bounce 03.mp4,2025,English,1,[no label],1,0,"Balanced,All Weather,All Season"
Up Down,Up Down,"Fabian Mazur, Snavs","=""00:02:29""",Electronic,136,"Fabian Mazur, Snavs - Up Down.mp4",2026,English,1,"Fabian Mazur, Snavs",1,0,"Electro,Electronica,Dance,Upbeat,All Weather,All Season,Youth/adult"
Prize,Prize,"Fabian Mazur, Golden Child, Robu","=""00:02:17""",Electronic,81,"Fabian Mazur, Golden Child, Robu - Prize.mp4",2025,English,1,"Fabian Mazur, Golden Child, Robu",1,0,"Hip Hop,Electro,Electronica,Energetic,All Weather,All Season"
Butterflies,Butterflies,Ferdinand,"=""00:02:38""",Pop,128,Ferdinand - Butterflies.mp4,2025,English,1,Ferdinand,1,0,"Energetic,All Weather,All Season"
ICEKIID - ACCELERATION,ICEKIID - ACCELERATION,Icekod,"=""00:02:32""",Pop,111,Icekod - Accellaration.mp4,2026,English,1,SMC,1,0,"Balanced,All Weather,All Season"
Back it up,Back it up,Fernando Sucré,"=""00:02:54""",Pop,98,Fernando Sucré - Back it up.mp4,2024,English,1,Fernando Sucré,1,0,"Balanced,All Weather,All Season"
Ready Or not,Snogging and Shagging,J Mansa,"=""00:02:01""",Pop,143,J Mansa - Ready Or not.mp4,2026,English,1,Geffen Records,1,0,"Energetic,All Weather,All Season"
Bar Gør Det,BAR GØR DET,Jimilian,"=""00:02:07""",Pop,155,Jimilian - Bar Gør Det.mp4,2026,Norwegian,1,Jimilian,1,0,"Energetic,All Weather,All Season"
Dashni,Dashni,Jimilian,"=""00:02:30""",Pop,99,Jimilian - Dashni.mp4,2025,English,1,Jimilian,1,0,"Balanced,All Weather,All Season"
H.C.,H.C.,JEFF3,"=""00:03:34""",Hip Hop,137,JEFF3 - H.C..mp4,2026,English,1,JEFF3,1,0,"Energetic,All Weather,All Season"
Mercedes,Mercedes,Jimilian,"=""00:02:43""",Hip Hop,148,Jimilian - Mercedes.mp4,2025,English,1,Jimilian,1,0,"R&B,Electronic,Energetic,All Weather,All Season"
O MA BEBE,O MA BEBE,Jimilian x Capital T,"=""00:02:41""",Pop,145,Jimilian x Capital T - O MA BEBE.mp4,2025,English,1,Jimilian x Capital T,1,0,"Energetic,All Weather,All Season"
Hallelujastemning,Hallelujastemning,Joddski,"=""00:04:14""",Hip Hop,118,Joddski - Hallelujastemning.mp4,2025,English,1,"Knirckefritt, Mosvolddalen Records",1,0,"Confident,All Weather,All Season,Youth/adult"
"""Kinky Fætter"" - Juleudgave 🎄","""Kinky Fætter"" - Juleudgave 🎄",Kinky Fætter,"=""00:02:50""",Pop,128,Kinky Fætter - Juleudgave.mp4,2025,Danish,1,SMC,1,0,"Energetic,All Weather,All Season"
Freestyle,Freestyle,legobygger123,"=""00:01:09""",Hip Hop,143,LEGOBYGGER123 - Freestyle (Buzzin Barz).mp4,2026,English,1,legobygger123,1,0,"Electronic,Dance,Upbeat,All Weather,All Season,Youth/adult"
MALLO - BB Freestyle (Buzzin Barz),MALLO - BB Freestyle (Buzzin Barz),MALLO,"=""00:02:14""",Pop,135,MALLO - BB Freestyle (Buzzin Barz).mp4,2026,English,1,SMC,1,0,"Energetic,All Weather,All Season"
MANI - Real Life (Buzzin Barz),MANI - Real Life (Buzzin Barz),MANI,"=""00:02:23""",Hip Hop,126,MANI - Real Life (Buzzin Barz).mp4,2026,English,1,SMC,1,0,"Electronic,Energetic,All Weather,All Season"
Martin Hazy X Angelo Reira X Amadou X Spacewave - REGNET (Offisiell Musikkvideo),Martin Hazy X Angelo Reira X Amadou X Spacewave - REGNET (Offisiell Musikkvideo),Martin Hazy X Angelo Reira X Amadou X Spacewave,"=""00:03:32""",Pop,144,Martin Hazy X Angelo Reira X Amadou X Spacewave - Regnet.mp4,2025,English,1,SMC,1,0,"Energetic,All Weather,All Season"
Merro8 x Benny Jamz - 365 [Promovideo],Merro8 x Benny Jamz - 365 [Promovideo],Merro8 x Benny Jamz,"=""00:01:00""",Pop,130,Merro8 x Benny Jamz - 365.mp4,2025,English,1,SMC,1,0,"Energetic,All Weather,All Season"
Lamine Yamal,Lamine Yamal,MattiMillz,"=""00:02:32""",Pop,143,MattiMillz - Lamine Yamal.mp4,2026,English,1,MattiMillz,1,0,"Energetic,All Weather,All Season"
Nice,Nice,Michael Hausted,"=""00:02:30""",Pop,80,Michael Hausted - Nice.mp4,2025,English,1,Michael Hausted,1,0,"Mainstream,All Weather,All Season,Youth/adult"
Ghost,Mission: Impossible – Ghost Protocol (Music From The Motion Picture),Michael Williams,"=""00:02:04""",Electronic,95,Michael Williams - Ghost.mp4,2026,English,1,"Varèse Sarabande, Varèse Sarabande Records, Inc.",1,0,"Classical,Modern Classical,Ambient,Downtempo,Score,Soundtrack,Energetic,Rainy,All Season"
Pleasure,PLEASURE / RAINBOWFHISH - Single,Moore Kismet,"=""00:03:52""",Electronic,132,Moore Kismet - Pleasure.mp4,2025,English,1,Thrive Music,1,0,"Electro,Dance,Upbeat,All Weather,All Season,Youth/adult"
Guld&Grønne,Guld & Grønne,Noah Carter,"=""00:02:24""",Pop,135,Noah Carter - Guld & Grønne.mp4,2025,Danish,1,Noah Carter,1,0,"Energetic,All Weather,All Season"
Loco,Loco,Navid,"=""00:03:13""",Pop,136,Navid -Loco.mp4,2025,English,1,Navid,1,0,"Energetic,All Weather,All Season"
Storebror,Storebror,Noah Carter,"=""00:02:44""",Hip Hop,112,Noah Carter - Storebror.mp4,2025,English,1,Noah Carter,1,0,"Electronic,Energetic,All Weather,All Season"
Diablo,El fin del mundo - el comienzo,OMAR,"=""00:02:47""",Pop,135,OMAR - Diablo.mp4,2025,English,1,Omar Ruiz,1,0,"Mainstream,All Weather,All Season,Youth/adult"
Sune Skov - BB Freestyle (Buzzin Barz),Sune Skov - BB Freestyle (Buzzin Barz),Sune Skov,"=""00:00:59""",Hip Hop,140,Sune Skov - BB Freestyle (Buzzin Barz).mp4,2026,English,1,SMC,1,0,"Electronic,Energetic,All Weather,All Season"
Smukkeste Jeg Har Set,Smukkeste Jeg Har Set,Omar,"=""00:02:23""",Pop,163,Omar - Smukkeste Jeg Har Set (Live).mp4,2026,English,1,Omar,1,0,"Energetic,All Weather,All Season"
MA3LISH,Ma3lish,Tan,"=""00:02:27""",Pop,122,Tan - MA3LISH.mp4,2026,English,1,Tan,1,0,"Balanced,All Weather,All Season"
Ingen Hvile Ingen Pause,Ingen Hvile Ingen Pause,Tan x Rueco,"=""00:02:17""",Hip Hop,78,Tan x Rueco - Ingen Hvile Ingen Pause.mp4,2026,English,1,Tan x Rueco,1,0,"Electronic,Energetic,All Weather,All Season"
Tan - Sel3a ft Aim,Tan - Sel3a ft Aim,Tan,"=""00:03:06""",Pop,146,Tan - Sel3a ft Aim.mp4,2025,English,1,SMC,1,0,"Energetic,All Weather,All Season"
Regntid,VULKANØ,Tobias Rahim,"=""00:05:47""",Pop,142,Tobias Rahim - Regntid ft. Kabusa Oriental Choir.mp4,2025,Danish,1,Os Der Følger Floden ApS,1,0,"Mainstream,All Weather,All Season,Youth/adult"
Xabski - Three Flow Freestyle,Xabski - Three Flow Freestyle,Xabski,"=""00:01:41""",Pop,156,Xabski - Three Flow Freestyle.mp4,2026,English,1,SMC,1,0,"Energetic,All Weather,All Season"
Zuloo x Lamin - SIKKE EN TYPE [Promovideo],Zuloo x Lamin - SIKKE EN TYPE [Promovideo],Zuloo x Lamin,"=""00:01:09""",Pop,127,Zuloo x Lamin - Sikke en type.mp4,2025,English,1,SMC,1,0,"Energetic,All Weather,All Season"
En Dag Giver Alt Nok Mening,En Dag Giver Alt Nok Mening,Y99,"=""00:02:06""",Pop,162,Y99 - En Dag Giver Alt Nok Mening.mp4,2025,English,1,Y99,1,0,"Energetic,All Weather,All Season"
Place Of Peace,From A Man's Perspective,Dax,"=""00:02:50""",Pop,96,Dax - Place Of Peace.mp4,2024,English,1,Columbia Records,1,0,"Balanced,All Weather,All Season"
Soldier,From A Man's Perspective,Dax & Tom MacDonald,"=""00:04:27""",Pop,140,Dax - Soldier (Feat. Tom MacDonald).mp4,2024,English,1,Columbia Records,1,0,"Energetic,All Weather,All Season"
Soldier,From A Man's Perspective,Dax,"=""00:04:27""",Pop,140,Dax - Soldier.mp4,2024,English,1,Columbia Records,1,0,"Energetic,All Weather,All Season"
Fugle,Fugle,Djämes Braun,"=""00:04:09""",Pop,118,Djämes Braun - Fugle.mp4,2014,Danish,1,Warner Music Denmark,1,0,"Mainstream,All Weather,All Season,Youth/adult"
Taxi,TAXI,Eden Golan,"=""00:02:30""",Pop,122,Eden Golan - Taxi.mp4,2023,English,1,CAT Music,1,0,"Balanced,All Weather,All Season"
Stereo Love,Stereo Love,Edward Maya ft. Vika Jigulina,"=""00:03:05""",Pop,128,Edward Maya ft. Vika Jigulina - Stereo Love.mp4,2009,English,1,Sony Music,1,0,"Energetic,All Weather,All Season"
Copenhagen City,Copenhagen City,Emil Kruse,"=""00:02:32""",Pop,116,"Emil Kruse ft. OK OK, Anthon Edwards- Copenhagen City.mp4",2025,English,1,Sony Music Entertainment,1,0,"Balanced,All Weather,All Season"
Complicated,Dutty Love,FAVE,"=""00:02:41""",Pop,102,FAVE - Complicated (Live).mp4,2024,English,1,[no label],1,0,"Balanced,All Weather,All Season"
Kamæleon,Kamæleon,Fyr Og Flamme,"=""00:03:09""",Pop,118,Fyr Og Flamme - Kamæleon.mp4,2020,Danish,1,Universal Music,1,0,"Europop,Mainstream,All Weather,All Season,Youth/adult"
Gertrud,Gertrud,Gigis,"=""00:03:38""",Pop,116,Gigis - Gertrud.mp4,2017,English,1,disco:wax,1,0,"Mainstream,All Weather,All Season,Youth/adult"
Et Sted Herude (Lyrics),MELLEM HIMMEL & JORD,Gobs,"=""00:02:16""",Pop,135,Gobs - Et Sted Herude (Lyrics).mp4,2024,English,1,Warner Music Denmark,1,0,"Energetic,All Weather,All Season"
Igen & igen,"I DAG, I MORGEN, 4 EVIGT",Gobs,"=""00:02:47""",Pop,94,Gobs - Igen & igen.mp4,2025,English,1,Warner Music Denmark,1,0,"Mainstream,All Weather,All Season,Youth/adult"
Kig Min Vej,Kig Min Vej,Gobs,"=""00:03:01""",Pop,120,Gobs - Kig Min Vej.mp4,2021,English,1,Gobs,1,0,"Balanced,All Weather,All Season"
Sus (Gobs X Ricky Rich),Sus (Gobs X Ricky Rich),Gobs X Ricky Rich,"=""00:02:10""",Pop,130,Gobs X Ricky Rich - Sus.mp4,2022,English,1,SMC,1,0,"Energetic,All Weather,All Season"
Rejsen,Rejsen,Gobs,"=""00:02:20""",Pop,100,Gobs - Rejsen (Official Audio).mp4,2020,English,1,Gobs,1,0,"Balanced,All Weather,All Season"
Guld Jul,Guld Jul,Gulddreng,"=""00:03:53""",Pop,84,Gulddreng - Guld Jul.mp4,2016,English,1,Universal,1,0,"Mainstream,All Weather,All Season,Youth/adult"
Kongespil,Midt i En Drøm Eller Noget Der Ligner,Hjalmer,"=""00:02:53""",Pop,91,Hjalmer - Kongespil.mp4,2019,Danish,1,Universal Music,1,0,"Mainstream,All Weather,All Season,Youth/adult"
Kærlighedssangen,Kærlighedssangen,Jimilian,"=""00:02:53""",Pop,89,Jimilian - Kærlighedssangen.mp4,2021,Danish,1,Flexmusic,1,0,"Mainstream,All Weather,All Season,Youth/adult"
Too Late,Too Late,Jimilian,"=""00:02:24""",Pop,129,Jimilian - Too Late.mp4,2021,English,1,Jimilian,1,0,"Balanced,All Weather,All Season"
Million,Joey,Joey Moe,"=""00:03:05""",Pop,95,Joey Moe - Million.mp4,2014,English,1,Universal Music Group,1,0,"Mainstream,All Weather,All Season,Youth/adult"
Smukkest På En Søndag,Smukkest På En Søndag,Joey Moe,"=""00:03:24""",Pop,78,Joey Moe - Smukkest På En Søndag.mp4,2016,Danish,1,disco:wax,1,0,"Mainstream,All Weather,All Season,Youth/adult"
Josef - Er Det For Sent?,Er Det For Sent?,Josef,"=""00:02:11""",Pop,97,Josef - Er Det For Sent.mp4,2022,English,1,Universal Music Group,1,0,"Mainstream,All Weather,All Season,Youth/adult"
Lige Nu,Lige Nu,Josef,"=""00:02:38""",Pop,110,Josef - Lige Nu.mp4,2021,English,1,Universal Music Group,1,0,"Mainstream,All Weather,All Season,Youth/adult"
Jeg Skal Nok Vente ( Video) (Lyrics),Blitz,Jung,"=""00:03:12""",Rock,133,Jung - Jeg Skal Nok Vente (Lyric Video).mp4,2019,English,1,Universal Music Group,1,0,"Pop Rock,Synth-pop,New Wave,Mainstream,All Weather,All Season,Youth/adult"
Jeg Skal Nok Vente (Lyrics),Blitz,Jung,"=""00:03:12""",Rock,133,Jung - Jeg Skal Nok Vente (Lyrics).mp4,2019,English,1,Universal Music Group,1,0,"Pop Rock,Synth-pop,New Wave,Mainstream,All Weather,All Season,Youth/adult"
Solhverv,Solhverv,Lord Siva,"=""00:03:35""",Pop,140,Lord Siva - Solhverv.mp4,2020,English,1,disco:wax,1,0,"Mainstream,All Weather,All Season,Youth/adult"
Det Burde Være Mig,Det Burde Være Mig,Mads Christian,"=""00:02:53""",Pop,90,Mads Christian - Det Burde Være Mig.mp4,2021,Danish,1,Mads Christian,1,0,"Mainstream,All Weather,All Season,Youth/adult"
Stjernerne,Stjernerne,Lord Siva,"=""00:03:22""",Pop,131,Lord Siva - Stjernerne.mp4,2020,English,1,disco:wax,1,0,"Mainstream,All Weather,All Season,Youth/adult"
Bitter,Bitter - Single,Maisy Kay,"=""00:02:40""",Pop,93,Maisy Kay - Bitter.mp4,2026,English,1,Maisy Kay,1,0,"Balanced,All Weather,All Season"
Kalde Dem for du (Lyrics),Kalde Dem for Du - Single,Malte Ebert,"=""00:03:17""",Pop,144,Malte Ebert - Kalde Dem for du [Lyrics).mp4,2022,English,1,Island,1,0,"Mainstream,All Weather,All Season,Youth/adult"
Danser For Mig Selv,Danser For Mig Selv,Medina,"=""00:03:19""",Pop,135,Medina - Danser For Mig Selv.mp4,2023,English,1,Labelmade,1,0,"Pop Dance,Upbeat,All Weather,All Season,Youth/adult"
Kl. 10,For Altid,Medina,"=""00:03:47""",Pop,90,Medina - Kl. 10.mp4,2011,English,1,A:larm Music,1,0,"Mainstream,All Weather,All Season,Youth/adult"
Jalousi,Jalousi,Medina,"=""00:03:54""",Pop,124,Medina - Jalousi.mp4,2014,English,1,"Labelmade, A:larm Music",1,0,"Mainstream,All Weather,All Season,Youth/adult"
Vi To,"Hits for Kids, Volume 24",Medina,"=""00:04:07""",Pop,124,Medina - Vi To.mp4,2010,English,1,Medina,1,0,"Balanced,All Weather,All Season"
Tro På Dig Selv,Sådan synger børn i Danmark: 18 sange i arrangement,Michael Hausted,"=""00:02:35""",Pop,120,Michael Hausted - Tro På Dig Selv.mp4,2023,Danish,1,Lyren,1,0,"Mainstream,All Weather,All Season,Youth/adult"
Over Byen,Over Byen,NOAH,"=""00:04:10""",Pop,120,NOAH - Over Byen.mp4,2012,English,1,Copenhagen Records,1,0,"Mainstream,All Weather,All Season,Youth/adult"
Til Banken,Til Banken,"Natasja, Tessa, Karen Mukupa","=""00:03:07""",Hip Hop,90,"Natasja, Tessa, Karen Mukupa - Til Banken.mp4",2020,English,1,Universal Music A/S,1,0,"Reggae,Confident,All Weather,All Season,Youth/adult"
Pakker Bar,Pakker Bar,NODE,"=""00:03:30""",Pop,123,NODE - Pakker Bar.mp4,2016,English,1,Node,1,0,"Balanced,All Weather,All Season"
Gå med dig,Hjertestarter,Nephew,"=""00:04:06""",Rock,110,Nephew - Gå Med Dig Feat. Marie Key.mp4,2012,Danish,1,Copenhagen Records,1,0,"Energetic,All Weather,All Season"
Klovne,Klovne,RH,"=""00:02:39""",Pop,106,RH - Klovne.mp4,2020,English,1,Heritage,1,0,"Balanced,All Weather,All Season"
Grow Up,Here For A Reason,Quando Rondo,"=""00:02:50""",Pop,162,Quando Rondo - Grow Up.mp4,2024,English,1,"Atlantic, Never Broke Again, LLC, Quando Rondo, LLC",1,0,"Energetic,All Weather,All Season"
Hygge Mygge,BANDICOOT,RH,"=""00:02:53""",Pop,132,RH - Hygge Mygge.mp4,2022,English,1,Sony Music Entertainment,1,0,"Energetic,All Weather,All Season"
Supermand (Lyrics),Supermand,Rasmus Seebach,"=""00:03:16""",Pop,87,Rasmus Seebach - Supermand (Lyrics).mp4,2020,English,1,Capitol Records,1,0,"Mainstream,All Weather,All Season,Youth/adult"
Livstegn (Lyrics),Livstegn,Rasmus Seebach,"=""00:03:31""",Pop,139,Rasmus Seebach - Livstegn (Lyrics).mp4,2022,English,1,Capitol Records,1,0,"Synth-pop,Mainstream,All Weather,All Season,Youth/adult"
2017,Før Vi Mødte Dig,Rasmus Seebach,"=""00:04:53""",Pop,97,Rasmus Seebach - 2017.mp4,2017,Danish,1,ArtPeople,1,0,"Mainstream,All Weather,All Season,Youth/adult"
Zombie (Lyrics),4 Til Gulvet,Rasmus Seebach,"=""00:03:20""",Pop,130,Rasmus Seebach - Zombie (Lyrics).mp4,2022,English,1,Rasmus Seebach,1,0,"Mainstream,All Weather,All Season,Youth/adult"
Så Længe Vi Danser,4 Til Gulvet,Rasmus Seebach,"=""00:03:38""",Pop,156,Rasmus Seebach - Så Længe Vi Danser.mp4,2022,Danish,1,Capitol Records,1,0,"Mainstream,All Weather,All Season,Youth/adult"
Tusind Farver,Ingen Kan Love Dig I Morgen,Rasmus Seebach,"=""00:03:41""",Pop,124,Rasmus Seebach - Tusind Farver.mp4,2013,English,1,Rasmus Seebach,1,0,"Mainstream,All Weather,All Season,Youth/adult"
Lonely Road,Lonely Road,Roddy Ricch,"=""00:03:04""",Pop,130,Roddy Ricch - Lonely Road.mp4,2024,English,1,Atlantic,1,0,"Energetic,All Weather,All Season"
Dark Vibrations (Lyrics),Dark Vibrations - Single,Saveus,"=""00:03:32""",Pop,145,Saveus - Dark Vibrations (Lyrics).mp4,2022,English,1,Saveus,1,0,"Balanced,All Weather,All Season"
Som Fluer,Infinity Action,The Minds Of 99,"=""00:03:46""",Pop,144,The Minds Of 99 - Som Fluer.mp4,2022,English,1,No3,1,0,"Balanced,All Weather,All Season"
STOR MAND,Når Sjælen Kaster Op,Tobias Rahim & Andreas Odbjerg,"=""00:03:05""",Pop,145,Tobias Rahim & Andreas Odbjerg - STOR MAND.mp4,2021,Danish,1,Sony Music,1,0,"Mainstream,All Weather,All Season,Youth/adult"
Malaga,Helmig Herfra,Thomas Helmig,"=""00:04:13""",Pop,71,Thomas Helmig - Malaga.mp4,2006,English,1,"Genlyd, Sony Music",1,0,"Balanced,All Weather,All Season"
Når Mænd Græder,Når Sjælen Kaster Op,Tobias Rahim,"=""00:03:49""",Pop,120,Tobias Rahim - Når Mænd Græder.mp4,2022,Danish,1,Sony Music,1,0,"Mainstream,All Weather,All Season,Youth/adult"
Feberdrømmer Xx Dubai,Feberdrømmer Xx Dubai,Tobias Rahim,"=""00:03:41""",Pop,136,Tobias Rahim - Feberdrømmer Xx Dubai.mp4,2022,Danish,1,Sony Music,1,0,"Mainstream,All Weather,All Season,Youth/adult"
Mucki Bar,Mucki Bar,Tobias Rahim,"=""00:03:15""",Pop,137,Tobias Rahim - Mucki Bar.mp4,2022,English,1,Sony Music,1,0,"Mainstream,All Weather,All Season,Youth/adult"
Vi 1,Vi 1,Tobias Rahim,"=""00:02:49""",Pop,130,Tobias Rahim - Vi 1 (Vertical Video).mp4,2023,English,1,Os Der Følger Floden,1,0,"Mainstream,All Weather,All Season,Youth/adult"
Ozonlag A Energi,Når Sjælen Kaster Op,Tobias Rahim,"=""00:04:29""",Pop,130,Tobias Rahim - Ozonlag A Energi.mp4,2022,Danish,1,Sony Music,1,0,"Mainstream,All Weather,All Season,Youth/adult"
Velsignet,Velsignet,Ude Af Kontrol,"=""00:03:01""",Pop,129,Ude Af Kontrol - Velsignet.mp4,2018,English,1,Ude Af Kontrol,1,0,"Energetic,All Weather,All Season"
Langt Ude,Langt Ude,"Ude Af Kontrol, Faustix","=""00:02:56""",Pop,128,"Ude Af Kontrol, Faustix - Langt Ude.mp4",2019,English,1,"Aesthetic, Sony Music",1,0,"Mainstream,All Weather,All Season,Youth/adult"
Bellevue,Bellevue,Tobias Rahim ft. D1MA,"=""00:03:12""",Pop,100,Tobias Rahim ft. D1MA - Bellevue.mp4,2024,English,1,Os Der Følger Floden ApS,1,0,"Mainstream,All Weather,All Season,Youth/adult"
Fantino og Bonde på Dansktoppen,Fantino og Bonde på Dansktoppen,Vi kan godt li’ bajer,"=""00:02:56""",Pop,150,Vi kan godt li’ bajer - Fantino og Bonde på Dansktoppen.mp4,2022,Norwegian,1,Vi kan godt li’ bajer,1,0,"Energetic,All Weather,All Season"
Renegade (slowed tiktok version) (Lyrics),The Arrival,Aaryan Shah,"=""00:04:06""",Pop,94,Aaryan Shah - Renegade (slowed tiktok version) Lyrics.mp4,2019,English,1,[no label],1,0,"Balanced,All Weather,All Season"
It girl,IT GIRL,Aliyah’s Interlude,"=""00:02:42""",Pop,125,Aliyah’s Interlude - It girl.mp4,2023,English,1,Not On Label,1,0,"Mainstream,All Weather,All Season,Youth/adult"
Apple,BRAT,Charli xcx,"=""00:02:32""",Pop Dance,126,Charli xcx - Apple.mp4,2024,English,1,Atlantic,1,0,"Upbeat,All Weather,All Season,Youth/adult"
Guess,Brat and it’s the same but there’s three more songs so it’s not,Charli xcx,"=""00:02:41""",Electronic,130,Charli xcx - Guess.mp4,2024,English,1,Atlantic,1,0,"Pop,Energetic,All Weather,All Season,Youth/adult"
Give Me A Kiss,Give Me a Kiss - Single,Crash Adams,"=""00:02:52""",Pop,141,Crash Adams - Give Me A Kiss.mp4,2022,English,1,"Warner Music Canada Co., Warner Records Inc.",1,0,"Mainstream,All Weather,All Season,Youth/adult"
Feel It,Feel It,Cupidon & Milaa,"=""00:01:01""",Pop,122,Cupidon & Milaa - Feel It.mp4,2024,English,1,Sundae Sauuce,1,0,"Balanced,All Weather,All Season"
I'm Good (Blue) (Lyrics),I'm Good (Blue),David Guetta & Bebe Rexha,"=""00:02:57""",Dance,128,David Guetta & Bebe Rexha - I'm Good (Blue) [Lyrics).mp4,2022,English,1,Parlophone,1,0,"Pop Dance,Upbeat,All Weather,All Season,Youth/adult"
When We Were Young,When We Were Young (The Logical Song),David Guetta & Kim Petras,"=""00:02:45""",Dance,140,David Guetta & Kim Petras - When We Were Young (The Logical Song).mp4,2023,English,1,Parlophone,1,0,"Pop Dance,Upbeat,All Weather,All Season,Youth/adult"
Paint The Town Red (Lyrics),Paint the Town Red,Doja Cat,"=""00:03:52""",Hip Hop,100,Doja Cat - Paint The Town Red (Lyrics).mp4,2023,English,1,Not On Label (Doja Cat Self-released),1,0,"Confident,All Weather,All Season,Youth/adult"
Baby Girl (Lyrics),The Annual 2023 - Ministry of Sound,Disco Lines,"=""00:01:52""",Dance,121,Disco Lines - Baby Girl (Lyrics).mp4,2022,English,1,Ministry of Sound,1,0,"Upbeat,All Weather,All Season,Youth/adult"
Suave (TikTok Song sped up) Letra (Lyrics),El Alfa - Suave (TikTok Song/sped up) Letra/Lyrics,El Alfa,"=""00:03:26""",Pop,72,El Alfa - Suave (TikTok Song sped up) Letra Lyrics.mp4,2022,English,1,SMC,1,0,"Calm,Rainy,All Season"
B.O.T.A. (Baddest Of Them All) (Lyrics),B.O.T.A. (Baddest Of Them All),Eliza Rose,"=""00:03:47""",Dance,137,Eliza Rose - B.O.T.A. (Baddest Of Them All) (Lyrics).mp4,2022,English,1,Warner Records,1,0,"House,Upbeat,All Weather,All Season,Youth/adult"
Noble,NOBLE (with The Kid LAROI),F3miii,"=""00:03:18""",Pop,93,F3miii - Noble.mp4,2026,English,1,Robots + Humans,1,0,"Balanced,All Weather,All Season"
Gata Only (Lyrics),Gata Only,FloyyMenor,"=""00:03:42""",Latin,100,FloyyMenor - Gata Only (Lyrics).mp4,2024,English,1,Not On Label (FloyyMenor Self-released),1,0,"Reggaeton,Sunny,Summer,Youth/adult"
Lady Killers II (Christoph Andersson Remix) (Lyrics),Lady Killers II,G-Eazy,"=""00:04:58""",Hip Hop,136,G-Eazy - Lady Killers II (Christoph Andersson Remix) (Lyrics).mp4,2024,English,1,Not On Label (G-Eazy Self-released),1,0,"Confident,All Weather,All Season,Youth/adult"
I Adore You (Lyrics),I Adore You,HUGEL x Topic x Arash feat. Daecolm,"=""00:03:34""",Dance,120,HUGEL x Topic x Arash feat. Daecolm - I Adore You (Lyrics).mp4,2024,English,1,Virgin,1,0,"House,Upbeat,All Weather,All Season,Youth/adult"
I RUN (Lyrics),I Run,HAVEN.,"=""00:02:10""",AI Controversy,138,HAVEN. - I RUN (Lyrics).mp4,2025,English,1,AAO Music,1,0,"Energetic,All Weather,All Season"
Jamaican (Bam Bam) (Lyrics),Jamaican (Bam Bam),"HUGEL, SOLTO","=""00:02:37""",Electronic,122,"HUGEL, SOLTO - Jamaican (Bam Bam) (Lyrics).mp4",2026,English,1,MoBlack Records,1,0,"House,Latin,Upbeat,Sunny,Summer"
Big Dawgs,Big Dawgs,Hanumankind Ft. Kalmi,"=""00:03:15""",Alternative Rock,90,Hanumankind Ft. Kalmi - Big Dawgs.mp4,2024,English,1,Universal Music India Pvt. Ltd.,1,0,"Electronic,Energetic,All Weather,All Season"
Too Sweet,Unheard,Hozier,"=""00:03:11""",2024,135,Hozier - Too sweet (Remix).mp4,2024,English,1,"Island, Rubyworks",1,0,"Energetic,All Weather,All Season"
Magnetic (Lyrics),Super Real Me,ILLIT,"=""00:02:41""",Asian Music,131,ILLIT - Magnetic (Lyrics).mp4,2024,English,1,Belift Lab,1,0,"Energetic,All Weather,All Season"
favorite (Lyrics),Favorite,Isabel LaRosa,"=""00:02:11""",Pop,97,Isabel LaRosa - favorite (Lyrics).mp4,2024,English,1,"RCA, Slumbo Labs",1,0,"Alt-pop,Mainstream,All Weather,All Season,Youth/adult"
Ferrari,Ferrari,"James Hype, Miggy Dela Rosa","=""00:03:06""",Dance,124,"James Hype, Miggy Dela Rosa - Ferrari.mp4",2022,English,1,Cross Records,1,0,"House,Upbeat,All Weather,All Season,Youth/adult"
Makeba,Zanaka,Jain,"=""00:05:05""",Pop,126,Jain - Makeba (modish. Remix).mp4,2016,English,1,"Columbia, Spookland",1,0,"Mainstream,All Weather,All Season,Youth/adult"
Si Antes Te Hubiera Conocido,Si Antes Te Hubiera Conocido,KAROL G,"=""00:03:16""",Latin,128,KAROL G - Si Antes Te Hubiera Conocido.mp4,2024,English,1,Bichota Records,1,0,"Merengue,Sunny,Summer"
KEHLANI (Lyrics),Rap 'n' Drive,Jordan Adetunji,"=""00:02:03""",R&B,80,Jordan Adetunji - KEHLANI (Lyrics).mp4,2024,English,1,X5 Music Group,1,0,"Calm,Rainy,All Season"
The Spark (Lyrics),The Spark (WBBL 4x4 remix),Kabin Crew,"=""00:02:27""",Electronic,87,Kabin Crew - The Spark (Lyrics).mp4,2024,English,1,[no label],1,0,"Drum N Bass,Energetic,All Weather,All Season"
TQG (Lyrics),Bravo Hits Wiosna 2023,"KAROL G, Shakira","=""00:03:18""",Pop,90,"KAROL G, Shakira - TQG (Lyrics).mp4",2023,English,1,"KAROL G, Shakira",1,0,"Balanced,All Weather,All Season"
Turn the Lights Off,Turn The Lights Off,Kato feat. Jon,"=""00:02:56""",Electronic,130,Kato feat. Jon - Turn The Lights Off (Dj Dark Remix).mp4,2010,English,1,disco:wax,1,0,"Pop Dance,Upbeat,All Weather,All Season,Youth/adult"
Milkshake (Lyrics),The Hits,Kelis,"=""00:03:03""",House,113,Kelis - Milkshake (Lyrics).mp4,2008,English,1,Virgin,1,0,"Upbeat,All Weather,All Season"
JOYRIDE (Lyrics),Joyride,Kesha,"=""00:02:30""",Pop,116,Kesha - JOYRIDE (Lyrics).mp4,2024,English,1,Kesha Records,1,0,"Pop Dance,Upbeat,All Weather,All Season,Youth/adult"
ROCKSTAR (Lyrics),Rockstar,LISA,"=""00:02:18""",Hip Hop,140,LISA - ROCKSTAR (Lyrics).mp4,2024,English,1,"LLOUD, RCA, Sony Music",1,0,"Pop Rap,Mainstream,All Weather,All Season,Youth/adult"
Murder in my mind,Murder In My Mind,Kordhell,"=""00:02:25""",Drift Phonk,120,Kordhell - Murder in my mind.mp4,2022,English,1,Not On Label (Kordhell Self-released),1,0,"Funk,Balanced,All Weather,All Season"
Cough (Odo),Cough (Odo),Kizz Daniel,"=""00:02:56""",Pop,110,"Kizz Daniel, EMPIRE - Cough.mp4",2022,English,1,"EMPIRE, Flyboy I.N.C",1,0,"Balanced,All Weather,All Season"
SIX SEVEN 67 (Lyrics),SIX SEVEN 67,Laurinha Costa (DJ CABELO) (DJ TCHOUZEN),"=""00:01:40""",Pop,162,Laurinha Costa (DJ CABELO) (DJ TCHOUZEN) - SIX SEVEN 67 (Lyrics).mp4,2026,English,1,Laurinha Costa,1,0,"Energetic,All Weather,All Season"
Bloody Mary,UK Official Singles Chart Top40,Lady Gaga,"=""00:03:17""",Pop,124,Lady Gaga - Bloody Mary Wednesday (Soner Karaca Remix).mp4,2023,English,1,Lady Gaga,1,0,"Mainstream,All Weather,All Season,Youth/adult"
Rodeo Remix (Lyrics),Rodeo (remix),Lah Pat,"=""00:04:06""",Pop,120,Lah Pat - Rodeo Remix (Lyrics).mp4,2023,English,1,300 Entertainment,1,0,"Balanced,All Weather,All Season"
Pink Lemonade (Str8 Reload) (Lyrics),Pink Lemonade (Str8 Reload),LeoStayTrill,"=""00:02:02""",Pop,144,LeoStayTrill - Pink Lemonade (Str8 Reload) (Lyrics).mp4,2024,English,1,LeoStayTrill & Mr Reload It,1,0,"Energetic,All Weather,All Season"
Black Friday (Pretty Like The Sun) (Lyrics),"Tomorrowland 2024: Lost Frequencies at Mainstage, Weekend 2",Lost Frequencies & Tom Odell,"=""00:02:26""",Dance,124,Lost Frequencies & Tom Odell - Black Friday (Pretty Like The Sun) (Lyrics).mp4,2024,English,1,Tomorrowland Music,1,0,"Upbeat,All Weather,All Season,Youth/adult"
Mamushi (Lyrics),MEGAN,Megan Thee Stallion,"=""00:02:37""",Hip Hop,81,Megan Thee Stallion - Mamushi (Lyrics).mp4,2024,English,1,Hot Girl Productions,1,0,"Electronic,R&B,Energetic,All Weather,All Season"
Dior (Lyrics),MNM Big Hits - Best Of 2025,MK,"=""00:02:49""",Pop,129,MK - Dior (Lyrics).mp4,2025,English,1,MK,1,0,"Balanced,All Weather,All Season"
Metito - Drive (Visualizer),Metito - Drive (Visualizer),Metito,"=""00:01:31""",Pop,153,Metito - Drive (Visualizer).mp4,2026,English,1,SMC,1,0,"Energetic,All Weather,All Season"
No Untouchable (Lyrics),Thank You (Deluxe),Meghan Trainor,"=""00:03:34""",Pop,94,Meghan Trainor - No Untouchable (Lyrics).mp4,2016,English,1,Promo Only,1,0,"Mainstream,All Weather,All Season,Youth/adult"
Just The Way You Are,The Clubber’s Bible Winter 2003,Milky,"=""00:03:30""",Dance,130,Milky - Just The Way You Are.mp4,2002,English,1,Warner Strategic Marketing,1,0,"Upbeat,All Weather,All Season,Youth/adult"
Brother Louie Mix '98 (Lyrics),(Die große) Über 30 Party - Der ultimative Soundmix zur Party,Modern Talking ft Eric Singleton,"=""00:03:36""",Pop,118,Modern Talking ft Eric Singleton - Brother Louie Mix '98 (lyrics).mp4,2008,German,1,Sony BMG Music Entertainment,1,0,"Electronic,Energetic,All Weather,All Season,Youth/adult"
La la la ft. Sam Smith (Lyrics),Naughty Boy - La la la ft. Sam Smith (Lyrics),Naughty Boy,"=""00:03:43""",Pop,125,Naughty Boy - La la la ft. Sam Smith (Lyrics).mp4,2024,English,1,Naughty Boy,1,0,"Energetic,All Weather,All Season"
Shake It To The Max - Silent Addy (Lyrics),Shake It To The Max (Fly),Moliy,"=""00:02:05""",Electronic,98,Moliy - Shake It To The Max - Silent Addy (Lyrics).mp4,2024,English,1,Gamma.,1,0,"Afrobeat,Dancehall,Upbeat,All Weather,All Season,Youth/adult"
Bye Bye Bye( (Lyrics),No Strings Attached,NSYNC,"=""00:03:20""",Pop,172,NSYNC - Bye Bye Bye( (Lyrics).mp4,2000,English,1,Jive,1,0,"Mainstream,All Weather,All Season,Youth/adult"
Miss You (Lyrics),Miss You,Oliver Tree & Robin Schulz,"=""00:03:26""",Dance,144,Oliver Tree & Robin Schulz - Miss You [Lyrics).mp4,2022,English,1,Atlantic,1,0,"Upbeat,All Weather,All Season,Youth/adult"
Naïka - 1+1 (Tashriek X DJ Combo Remix),"No matter how many times, I vowed to call their names so that I wouldn’t forget them.",Naïka,"=""00:04:47""",Pop,124,Naïka - 1+1 (Tashriek X DJ Combo Remix).mp4,2024,English,1,[no label],1,0,"Balanced,All Weather,All Season"
Peggy Gou - (It Goes Like) Nanana - Official Video,Peggy Gou - (It Goes Like) Nanana - Official Video,Peggy Gou,"=""00:02:44""",Pop,130,Peggy Gou - (It Goes.mp4,2023,English,1,SMC,1,0,"Energetic,All Weather,All Season"
ALIBI (Letra ) (Lyrics),Alibi - Single,SEVDALIZA FT. PABLLO VITTAR & YSEULT,"=""00:03:14""",Pop,127,SEVDALIZA FT. PABLLO VITTAR & YSEULT - ALIBI (Letra Lyrics).mp4,2024,English,1,Twisted Elegance,1,0,"Energetic,All Weather,All Season"
APT,APT.,ROSÉ & Bruno Mars,"=""00:02:53""",Pop,149,ROSÉ & Bruno Mars - APT.mp4,2024,English,1,"Atlantic, The Black Label",1,0,"K-pop,Mainstream,All Weather,All Season,Youth/adult"
Soaked you get me hot i'm soaked (Lyrics),"Shy Smith - Soaked (Lyrics) ""you get me hot i'm soaked""",Shy Smith,"=""00:03:02""",Pop,109,Shy Smith - Soaked (Lyrics) you get me hot i'm soaked.mp4,2024,English,1,SMC,1,0,"Balanced,All Weather,All Season"
Give It Up To Me ft. Keyshia Cole (Lyrics),Give It Up To Me (feat. Keyshia Cole),Sean Paul,"=""00:04:05""",Pop,96,Sean Paul - Give It Up To Me (Lyrics) ft. Keyshia Cole.mp4,2006,English,1,Sean Paul,1,0,"R&B,Mainstream,All Weather,All Season,Youth/adult"
Unholy (ft. Kim Petras) (Lyrics),Unholy,Sam Smith,"=""00:02:37""",Pop,131,Sam Smith - Unholy (ft. Kim Petras) (Lyrics).mp4,2022,English,1,"Capitol Records UK, EMI",1,0,"Synth-pop,Electro,Pop Dance,House,Upbeat,All Weather,All Season,Youth/adult"
Nasty X Goodies (TikTok Mashup) (Lyrics),"Tinashe, Ciara - Nasty X Goodies (TikTok Mashup) [Lyrics]","Tinashe, Ciara","=""00:02:46""",Pop,102,"Tinashe, Ciara - Nasty X Goodies (TikTok Mashup) [Lyrics].mp4",2024,English,1,SMC,1,0,"Balanced,All Weather,All Season"
Disco (Lyrics),Disco,Surf Curse,"=""00:02:35""",Alternative,86,Surf Curse - Disco (Lyrics).mp4,2019,English,1,Vinyl Post,1,0,"Indie Rock,Post Rock,Surf,Energetic,All Weather,All Season"
DANCE,WOR$T GIRL AT COACHELLA,Slayyyter,"=""00:04:48""",Electronic,113,Slayyyter - DANCE.mp4,2026,English,1,Slayyyter,1,0,"Electro,Electronica,Upbeat,All Weather,All Season,Youth/adult"
CUANDO HABLES CON ÉL,CUARTO AZUL,Aitana,"=""00:03:23""",Pop,122,Aitana - cuando hablas con el.mp4,2025,Spanish,1,Universal Music Spain,1,0,"Mainstream,All Weather,All Season,Youth/adult"
Cómo sería,¿Y ahora qué +?,"Alejandro Sanz, Manuel Turizo","=""00:03:19""",Pop,106,"Alejandro Sanz, Manuel Turizo - Cómo sería.mp4",2025,Spanish,1,Sony Music,1,0,"Mainstream,All Weather,All Season,Youth/adult"
Las guapas,¿Y ahora qué +?,Alejandro Sanz,"=""00:03:32""",Pop,120,Alejandro Sanz - Las guapas.mp4,2025,Spanish,1,Sony Music,1,0,"Balanced,All Weather,All Season"
Problemas de Conversación,Se ha acabado el show,"Ana Torroja, Esteman","=""00:03:09""",Pop,91,"Ana Torroja, Esteman - Problemas de Conversación.mp4",2026,Spanish,1,Altafonte,1,0,"Balanced,All Weather,All Season"
Little Demon,Little Demon,Anuel AA,"=""00:02:39""",Hip Hop,100,Anuel AA LITTLE DEMON.mp4,2025,English,1,Real Hasta La Muerte,1,0,"Trap,Confident,Sunny,Summer,Youth/adult"
mad koknut,BORONDO (2025),Beéle,"=""00:02:10""",Pop,106,Beéle - mad koknut.mp4,2025,Spanish,1,Beéle,1,0,"Balanced,All Weather,All Season"
quédate (Lyrics),BORONDO,Beéle,"=""00:02:57""",Pop,84,Beéle - quédate (Lyrics).mp4,2025,French,1,5020 Records,1,0,"Balanced,All Weather,All Season"
Yo No Juego,Yo No Juego,Camin,"=""00:02:26""",Pop,100,Camin - Yo No Juego.mp4,2025,English,1,Camin,1,0,"Balanced,All Weather,All Season"
Algo de Mí,70,Camilo Sesto,"=""00:04:03""",Pop,152,Camilo Sesto - Algo de Mí.mp4,2016,Spanish,1,Legacy,1,0,"Vocal,Ballad,Mainstream,All Weather,All Season,Youth/adult"
Amor De Manicomio,Amor De Manicomio,Cano,"=""00:02:43""",Pop,124,Cano - Amor De Manicomio.mp4,2026,English,1,Cano,1,0,"Mainstream,All Weather,All Season,Youth/adult"
CANELITA - AMOR MÍO (VIDEOCLIP OFICIAL),CANELITA - AMOR MÍO (VIDEOCLIP OFICIAL),Cnelito,"=""00:03:23""",Pop,102,Cnelito - Amor mio.mp4,2025,Portuguese,1,SMC,1,0,"Balanced,All Weather,All Season"
Tamo Bien (Lyrics),Tamo Bien,Enrique Iglesias x Pitbull x IAmChino,"=""00:03:20""",Pop,126,Enrique Iglesias x Pitbull x IAmChino - Tamo Bien (Lyrics).mp4,2025,English,1,Enrique Iglesias x Pitbull x IAmChino,1,0,"Energetic,All Weather,All Season"
Se Me Enamora el Alma,Nuestros clásicos contemporáneos (1989): Los Héroes conquistan Europa,Isabel Pantoja,"=""00:05:07""",Pop,113,Isabel Pantoja - Se Me Enamora el Alma.mp4,1996,Spanish,1,Planeta,1,0,"Mainstream,All Weather,All Season,Youth/adult"
FLIPA,NACER DE NUEVO,JC Reyes & Dei V,"=""00:02:46""",Pop,100,JC REYES - FLIPA FT DEI V.mp4,2025,English,1,JC Reyes & Dei V,1,0,"Balanced,All Weather,All Season"
TE REGALO (Acústico),A MEDIA LUZ (Acústico),"J ABECIA, RELS B","=""00:04:03""",Pop,95,"J ABECIA, RELS B - TE REGALO (Acústico).mp4",2025,Portuguese,1,Salud Y Libertad,1,0,"Mainstream,All Weather,All Season,Youth/adult"
REMEDIO,NACER DE NUEVO,JC REYES,"=""00:02:18""",Hip Hop,85,JC REYES - REMEDIO.mp4,2025,English,1,JC Reyes,1,0,"R&B,Balanced,All Weather,All Season"
TATAMI,TATAMI,JC REYES,"=""00:02:07""",Pop,114,JC REYES - TATAMI.mp4,2025,English,1,JC Reyes,1,0,"Balanced,All Weather,All Season"
NO WAY,VIVIR PA' QUEDARSE,JC REYES,"=""00:02:45""",Pop,139,JC REYES - NO WAY.mp4,2025,English,1,[no label],1,0,"Energetic,All Weather,All Season"
Con las Cartas en la Mesa,Con las Cartas en la Mesa,Javi Medina,"=""00:02:36""",Pop,98,Javi Median - Con las cartas in la mesa.mp4,2025,English,1,Javi Medina,1,0,"Balanced,All Weather,All Season"
Pinceles,Pinceles,Javi Medina y Camilo,"=""00:03:00""",Pop,93,Javi Medina y Camilo - Pinceles.mp4,2025,English,1,Javi Medina & Camilo,1,0,"Mainstream,All Weather,All Season,Youth/adult"
Quiero Perderme Contigo (Lyrics),Secretos,José José,"=""00:05:07""",Pop,124,José José - Quiero Perderme Contigo (Lyrics).mp4,1984,Spanish,1,Ariola,1,0,"Ballad,Balanced,All Weather,All Season"
Hey! (Hey!),Amor: The Best of Julio Iglesias,Julio Iglesias,"=""00:05:00""",Pop,103,Julio Iglesias - Hey.mp4,2011,English,1,Sony Music,1,0,"Mainstream,All Weather,All Season,Youth/adult"
Todo el Amor Que Te Hace Falta,Un Hombre Solo,Julio Iglesias,"=""00:05:18""",Latin,112,Julio Iglesias - Todo el Amor Que Te Hace Falta.mp4,1987,English,1,CBS,1,0,"Pop,Mainstream,Sunny,Summer,Youth/adult"
PENSANDO EN TI,PENSANDO EN TI,"LOS YAKIS, JOSUÉ RARUJO, OBED HERNÁNDEZ","=""00:04:47""",Pop,108,"LOS YAKIS, JOSUÉ RARUJO, OBED HERNÁNDEZ - PENSANDO EN TI.mp4",2025,English,1,SMC,1,0,"Balanced,All Weather,All Season"
LALELOLA,LALELOLA,"LOS YAKIS, LAS RODES","=""00:04:02""",Pop,112,"LOS YAKIS, LAS RODES - LALELOLA.mp4",2025,English,1,"Los Yakis, Las Rodes",1,0,"Balanced,All Weather,All Season"
Todos Estamos Bailando La Misma Canción,Todos Estamos Bailando La Misma Canción,La Oreja de Van Gogh,"=""00:04:02""",Pop,108,La Oreja de Van Gogh - Todos Estamos Bailando La Misma Canción.mp4,2025,Spanish,1,Sony Music,1,0,"Mainstream,All Weather,All Season,Youth/adult"
Fuiste Mía un Verano (Lyrics),Los años 60,Leonardo Favio,"=""00:02:56""",Pop,120,Leonardo Favio - Fuiste Mía un Verano (Lyrics).mp4,1993,Spanish,1,Sony Discos,1,0,"Mainstream,All Weather,All Season,Youth/adult"
LAMINE,Reinsertado 2.0,MORAD,"=""00:03:27""",Pop,130,MORAD - LAMINE.mp4,2025,English,1,Morad,1,0,"Energetic,All Weather,All Season"
SENTIR,Reinsertado 2.0,MORAD FT BABY GANG,"=""00:03:21""",Electronic,124,MORAD FT BABY GANG - SENTIR.mp4,2025,English,1,Morad & Baby Gang,1,0,"Electro,Dance,Upbeat,All Weather,All Season,Youth/adult"
"Te Quise, Te Quiero Y Te Querré",20 grandes éxitos,Manolo Galván,"=""00:03:39""",Pop,98,"Manolo Galván - Te Quise, Te Quiero Y Te Querré.mp4",2017,Spanish,1,Manolo Galván,1,0,"Balanced,All Weather,All Season"
Quién Fuera Tuyo,Quién Fuera Tuyo,Pablo de Juana,"=""00:02:51""",Pop,133,Pablo de Juana - Quien Fuera Tuyo.mp4,2025,Spanish,1,Pablo de Juana,1,0,"Energetic,All Weather,All Season"
Caminos de guanajuato,De Jiménez a Jiménez,Natalia Jiménez,"=""00:03:41""",Latin,94,Natalia Jiménez - Caminos de Guanajuato (Live).mp4,2024,Spanish,1,Sony Music,1,0,"Sunny,Summer"
SOLEAO,SOLEAO,Myke Towers & Quevedo,"=""00:03:50""",Pop,104,Myke Towers & Quevedo - Soleado.mp4,2025,English,1,WEA Latina,1,0,"Balanced,All Weather,All Season"
Amigos de qué,Amigos de Qué?,Pablo de Juana,"=""00:02:59""",Pop,105,Pablo de Juana - Amigos de qué.mp4,2025,Portuguese,1,Pablo de Juana,1,0,"Balanced,All Weather,All Season"
Pica-Pica - BLANCANIEVES feat. Lero Lero (Videoclip Oficial) #videosparaniños,Pica-Pica - BLANCANIEVES feat. Lero Lero (Videoclip Oficial) #videosparaniños,Pica-Pica,"=""00:04:49""",Pop,128,Pica-Pica - BLANCANIEVES.mp4,2025,Spanish,1,SMC,1,0,"Energetic,All Weather,All Season"
ANGATAFE,ANGATAFE,"Phenomeno, afrosao, Trapboy GM","=""00:03:29""",Hip Hop,69,"Phenomeno, afrosao, Trapboy GM - ANGATAFE.mp4",2026,English,1,SMC,1,0,"Calm,Rainy,All Season"
LA CANCIÓN DE LOS SABORES,Hola Caracola,Pica-Pica,"=""00:04:05""",Pop,120,Pica-Pica - LA CANCIÓN DE LOS SABORES.mp4,2025,Spanish,1,Pica-Pica,1,0,"Balanced,All Weather,All Season"
ME SACO UN MOCO,Hola Caracola,Pica-Pica,"=""00:03:18""",Pop,152,Pica-Pica - ME SACO UN MOCO.mp4,2025,English,1,Pica-Pica,1,0,"Energetic,All Weather,All Season"
La Perla,LUX,ROSALÍA,"=""00:03:30""",Pop,147,ROSALÍA - La Perla.mp4,2025,Spanish,1,Columbia,1,0,"Mainstream,All Weather,All Season,Youth/adult"
Dardos,Better Late Than Never,"Romeo Santos, Prince Royce","=""00:04:07""",Pop,127,"Romeo Santos, Prince Royce - Dardos.mp4",2025,English,1,"Romeo Santos, Prince Royce",1,0,"Energetic,All Weather,All Season"
Quevedo,Quevedo,TUCHAT,"=""00:03:49""",Pop,98,TUCHAT - Quevedo.mp4,2025,English,1,TUCHAT,1,0,"Balanced,All Weather,All Season"
CIBELES,CIBELES,Sergio Ramos,"=""00:03:01""",Latin,100,Sergio Ramos - CIBELES.mp4,2025,English,1,Rimas Entertainment Europa,1,0,"Pop,Mainstream,Sunny,Summer,Youth/adult"
En Privado,En Privado,"Xavi, Manuel Turizo","=""00:03:19""",Pop,128,"Xavi, Manuel Turizo - En Privado.mp4",2025,English,1,Interscope Records,1,0,"Energetic,All Weather,All Season"
Yo No He Llorado,Yo No He Llorado,Yenddi,"=""00:03:45""",Pop,130,Yenddi - Yo No He Llorado.mp4,2025,English,1,Yenddi,1,0,"Energetic,All Weather,All Season"
Yapi - DONDE TE ESCONDES? 2.0 ft JC Reyes (Video Oficial),Yapi - DONDE TE ESCONDES? 2.0 ft JC Reyes (Video Oficial),Yapi,"=""00:02:52""",Pop,94,Yapi - DONDE TE ESCONDES.mp4,2025,English,1,Yapi,1,0,"Balanced,All Weather,All Season"
ICYAPA,ICYAPA,Young Sai,"=""00:02:07""",Pop,74,Young Sai - ICYAPA.mp4,2026,English,1,Young Sai,1,0,"Calm,Rainy,All Season"
MILLION DOLLAR BABY (Lyrics),Million Dollar Baby,Tommy Richman,"=""00:02:35""",Hip Hop,137,Tommy Richman - MILLION DOLLAR BABY (Lyrics).mp4,2024,English,1,Not On Label (Tommy Richman Self-released),1,0,"Confident,All Weather,All Season,Youth/adult"
CHANEL (Lyrics),CHANEL,Tyla,"=""00:03:08""",Pop,115,Tyla - CHANEL (Lyrics).mp4,2026,English,1,"Epic, Fax Records, Sony Music",1,0,"Afrobeat,R&B,African,Mainstream,All Weather,All Season,Youth/adult"
Water,Water,Tyla,"=""00:03:12""",Pop,123,Tyla - Water (Marshmello Remix).mp4,2023,English,1,[no label],1,0,"Mainstream,All Weather,All Season,Youth/adult"
Sugar On My Tongue (Lyrics),DON’T TAP THE GLASS,"Tyler, The Creator","=""00:02:33""",1–4 Wochen,126,"Tyler, The Creator - Sugar On My Tongue (Lyrics).mp4",2025,English,1,Columbia,1,0,"Energetic,All Weather,All Season"
Snow Strippers,Snow Strippers,Under your spell,"=""00:03:39""",Electronic,145,Under your spell - Snow Strippers.mp4,2024,English,1,Under Your Spell,1,0,"Dance,Electro,Upbeat,All Weather,All Season,Youth/adult"
Lush Life (Lyrics),Lush Life,Zara Larsson,"=""00:03:42""",Pop,98,Zara Larsson - Lush Life (Lyrics).mp4,2015,English,1,"TEN Music Group, Epic, Black Butter Records, Sony Music",1,0,"Mainstream,All Weather,All Season,Youth/adult"
Midnight Sun,Midnight Sun,Zara Larsson,"=""00:03:14""",Pop,150,Zara Larsson - Midnight Sun.mp4,2025,English,1,"Epic, Sommer House, Sony Music",1,0,"Pop Dance,Europop,Upbeat,All Weather,All Season,Youth/adult"
GIGACHAD THEME,GigaChad Theme (Retrowave remix),g3ox_em,"=""00:02:26""",Electronic,128,g3ox_em - GigaChad Theme (Phonk House Version).mp4,2022,English,1,[no label],1,0,"Dance,Electro,Electronica,Upbeat,All Weather,All Season,Youth/adult"
The Lost Soul Down,The Lost Soul Down,NBSPLV,"=""00:02:38""",Pop,124,nbsplv - the lost soul down (sped up).mp4,2015,English,1,NBSPLV,1,0,"Warm,All Weather,All Season"
Barbie Girl (Tiësto Remix) (Lyrics),Aquarium,AQUA,"=""00:02:35""",Pop,130,AQUA - Barbie Girl (Tiësto Remix) [Lyrics).mp4,1997,English,1,Universal,1,0,"Tribal House,Euro House,Europop,Upbeat,All Weather,All Season,Youth/adult"
Close To Mine,Close to mine,Ada Petcu,"=""00:02:06""",Dance,128,Ada Petcu - Close To Mine.mp4,2026,English,1,Ada Petcu,1,0,"Upbeat,All Weather,All Season,Youth/adult"
Move (Switch Disco Remix),Move (Switch Disco Remix),Adam Port& Stryv feat. Malachiii,"=""00:05:53""",Electronic,120,"Adam Port, Stryv - Move feat. Malachiii.mp4",2024,English,1,Adam Port& Stryv feat. Malachiii,1,0,"Energetic,All Weather,All Season"
Right Now (Na Na Na),Right Now (Na Na Na),Akon,"=""00:04:04""",Electronic,129,Akon - Right Now (AIZZO Remix).mp4,2008,English,1,Universal Motown,1,0,"Pop Rap,Hip Hop,Energetic,All Weather,All Season,Youth/adult"
Hero,Hero,Alan Walker & Sasha Alex Sloan,"=""00:02:52""",Electronic,124,Alan Walker & Sasha Alex Sloan - Hero.mp4,2023,English,1,MER Recordings,1,0,"Progressive house,Upbeat,All Weather,All Season"
The Drum,The Drum,Alan Walker,"=""00:03:08""",Electro House,127,Alan Walker - The Drum.mp4,2022,English,1,MER,1,0,"Upbeat,All Weather,All Season"
Not Home (Lyrics),Not Home,"Alan Walker, Alessia Labate","=""00:02:00""",Pop,94,"Alan Walker, Alessia Labate - Not Home (Lyrics).mp4",2026,English,1,World of Walker Music,1,0,"Balanced,All Weather,All Season"
"Better Off (Alone, Pt. III)","Kontor – Top of the Clubs, Volume 99","Alan Walker, Dash Berlin & Vikkstar","=""00:02:31""",Dance,129,"Alan Walker, Dash Berlin & Vikkstar - Better Off.mp4",2023,English,1,Kontor Records,1,0,"Upbeat,All Weather,All Season,Youth/adult"
Heart over Mind,Walkerworld,"Alan Walker, Daya","=""00:03:59""",Dance,117,"Alan Walker, Daya - Heart over Mind.mp4",2023,English,1,Kreatell Music,1,0,"Upbeat,All Weather,All Season,Youth/adult"
Team Side,Team Side,"Alan Walker, Sofiloud","=""00:03:00""",Dance,97,"Alan Walker, Sofiloud - Team Side.mp4",2024,English,1,Kreatell Music,1,0,"Upbeat,All Weather,All Season,Youth/adult"
Aleks Born - On Sight | Spider-Man,Aleks Born - On Sight | Spider-Man,Aleks Born,"=""00:02:20""",Pop,103,Aleks Born - On Sight Spider-Man.mp4,2024,English,1,SMC,1,0,"Balanced,All Weather,All Season"
Alok & DENNIS – Mimosa (Now And Forever) feat. Nyasia (Official Live Video),Alok & DENNIS – Mimosa (Now And Forever) feat. Nyasia (Official Live Video),Alok & DENNIS,"=""00:01:57""",Pop,128,Alok & DENNIS – Mimosa (Now And Forever) (Live).mp4,2025,English,1,SMC,1,0,"Energetic,All Weather,All Season"
Summer's Bac ) (Lyrics),Summer's Back,Alok & Jess Glynne,"=""00:02:28""",Dance,126,Alok & Jess Glynne - Summer's Bac (Lyrics)).mp4,2024,English,1,Columbia,1,0,"Electronic,House,Upbeat,All Weather,All Season,Youth/adult"
Summer's Back (Lyrics),Summer's Back,Alok & Jess Glynne,"=""00:02:28""",Electronic,126,Alok & Jess Glynne - Summer's Back (Lyric).mp4,2024,English,1,"Columbia, B1 Recordings",1,0,"Pop Dance,House,Upbeat,All Weather,All Season,Youth/adult"
Dive Into Me ) (Lyrics),Dive Into Me,Alok & Khalid,"=""00:02:47""",Dance,126,Alok & Khalid - Dive Into Me (Lyrics)).mp4,2026,English,1,"Columbia, B1 Recordings",1,0,"House,Upbeat,All Weather,All Season,Youth/adult"
last night i dreamt i fell in love,last night i dreamt i fell in love,Alok & Kylie Minogue,"=""00:02:09""",Dance,130,Alok & Kylie Minogue - last night i dreamt i fell in love.mp4,2025,English,1,"Columbia, B1 Recordings",1,0,"House,Upbeat,All Weather,All Season,Youth/adult"
Kiss It Better,Kiss It Better,Aluna & MK,"=""00:04:28""",Electronic,127,Aluna & MK - Kiss It Better.mp4,2022,English,1,Mad Decent,1,0,"House,Upbeat,All Weather,All Season,Youth/adult"
All By Myself,All by Myself (club mix),Alok x Sigala x Ellie Goulding,"=""00:02:52""",Pop,123,Alok x Sigala x Ellie Goulding - All By Myself.mp4,2022,English,1,B1 Recordings,1,0,"Balanced,All Weather,All Season"
Beautiful,Beautiful,"Anyma, Joji","=""00:03:34""",Dance,126,"Anyma, Joji - Beautiful.mp4",2026,English,1,The End Of Genesys,1,0,"Progressive house,Upbeat,All Weather,All Season,Youth/adult"
Bad Angel,Bad Angel,Anyma & LISA,"=""00:02:30""",Dance,128,"Anyma, LISA - Bad Angel (with LISA).mp4",2026,English,1,The End Of Genesys,1,0,"House,Upbeat,All Weather,All Season,Youth/adult"
Bad Angel,Bad Angel,"Anyma, LISA","=""00:02:30""",Dance,128,"Anyma, LISA - Bad Angel.mp4",2026,English,1,The End Of Genesys,1,0,"House,Upbeat,All Weather,All Season,Youth/adult"
i like the way you kiss me,i like the way you kiss me,Artemas,"=""00:02:35""",Electronic,152,Artemas - i like the way you kiss me.mp4,2024,English,1,Not On Label (Artemas Self-released),1,0,"Alternative Rock,Indie Rock,Synth-pop,Alt-pop,Energetic,All Weather,All Season,Youth/adult"
My Oh My,My Oh My,Ava Max,"=""00:02:34""",Pop,117,Ava Max - My Oh My.mp4,2024,English,1,Atlantic,1,0,"Pop Dance,Electro,Synth-pop,Upbeat,All Weather,All Season,Youth/adult"
Stop With It (La La La La),STOP WITH IT (La La La La),Axemo,"=""00:03:01""",Dance,135,Axemo - Stop With It (La La La La).mp4,2024,English,1,Axemo,1,0,"Upbeat,All Weather,All Season,Youth/adult"
Kisses (Chris Barnes remix),Kisses & Join Hands Remixes,BL3SS x CamrinWatsin feat. bbyclose,"=""00:02:18""",Dance,143,BL3SS x CamrinWatsin - Kisses (ft. bbyclose).mp4,2024,English,1,[no label],1,0,"Electronic,Pop,Upbeat,All Weather,All Season,Youth/adult"
New Religion,New Religion,Bebe Rexha & Faithless,"=""00:02:53""",Dance,129,Bebe Rexha & Faithless - New Religion.mp4,2026,English,1,Empire,1,0,"House,Trance,Tech House,Garage House,Progressive house,Electro House,Upbeat,All Weather,All Season,Youth/adult"
Chase It (Mmm Da Da Da),Chase It (Mmm Da Da Da),Bebe Rexha,"=""00:02:38""",Pop,132,Bebe Rexha - Chase It (Mmm Da Da Da).mp4,2024,English,1,Warner Records,1,0,"House,Upbeat,All Weather,All Season,Youth/adult"
Hysteria,Dirty Blonde (Sad Girls Edition),Bebe Rexha,"=""00:02:23""",Pop,144,Bebe Rexha - Hysteria.mp4,2026,English,1,"Bebe Rexha Music LLC, EMPIRE",1,0,"Energetic,All Weather,All Season"
Outside Of Love,Outside Of Love,Becky Hill,"=""00:02:56""",Dance,126,Becky Hill - Outside Of Love.mp4,2024,English,1,"Polydor, Eko Records",1,0,"Pop Dance,Upbeat,All Weather,All Season,Youth/adult"
Simply the best,ELEVATION,"Black Eyed Peas, Anitta, El Alfa","=""00:04:00""",Pop,123,"Black Eyed Peas, Anitta, El Alfa - Simply the best.mp4",2022,English,1,"Epic, Polydor",1,0,"Balanced,All Weather,All Season"
SIMPLY THE BEST,ELEVATION,"Black Eyed Peas, Anitta & El Alfa","=""00:04:00""",Pop,123,"Black Eyed Peas, Anitta, El Alfa - Simply thebest.mp4",2022,English,1,"Epic, Polydor",1,0,"Balanced,All Weather,All Season"
Ocean Roads (Lyrics),Ocean Roads,Braaten & Aron Matthews,"=""00:02:53""",Pop,118,Braaten & Aron Matthews - Ocean Roads (Lyrics).mp4,2024,English,1,Braaten & Aron Matthews,1,0,"Balanced,All Weather,All Season"
Stumblin' In,Stumblin' In,CYRIL,"=""00:03:34""",Dance,124,CYRIL - Stumblin' In.mp4,2023,English,1,Spinnin' Records,1,0,"House,Upbeat,All Weather,All Season,Youth/adult"
Feel The Love,Feel The Love,Cahill & Kimberley Locke,"=""00:03:25""",Dance,129,Cahill & Kimberley Locke - Feel The Love.mp4,2013,English,1,3Beat Productions,1,0,"Trance,House,Upbeat,All Weather,All Season,Youth/adult"
Blessings,2025 MegaMix,"Calvin Harris, Clementine Douglas","=""00:03:40""",Dance,129,"Calvin Harris, Clementine Douglas - Blessings.mp4",2025,English,1,[no label],1,0,"Upbeat,All Weather,All Season,Youth/adult"
Free (Lyrics),Free (Remixes),"Calvin Harris, Ellie Goulding","=""00:03:32""",Dance,137,"Calvin Harris, Ellie Goulding - Free (Lyrics).mp4",2024,English,1,Columbia,1,0,"Upbeat,All Weather,All Season,Youth/adult"
Miracle,Miracle,"Calvin Harris, Ellie Goulding","=""00:03:05""",Dance,143,"Calvin Harris, Ellie Goulding - Miracle.mp4",2023,English,1,[no label],1,0,"Trance,House,Euro House,Upbeat,All Weather,All Season,Youth/adult"
Ocean,"Club Sounds: The Ultimate Club Dance Collection, Vol. 108","Calvin Harris, Jessie Reyez","=""00:03:38""",Dance,136,"Calvin Harris, Jessie Reyez - Ocean.mp4",2025,English,1,Columbia,1,0,"Upbeat,All Weather,All Season,Youth/adult"
Desire ) (Lyrics),Desire,"Calvin Harris, Sam Smith","=""00:03:00""",Dance,139,"Calvin Harris, Sam Smith - Desire (Lyrics)).mp4",2023,English,1,Columbia,1,0,"Trance,Pop Dance,House,Upbeat,All Weather,All Season,Youth/adult"
Ta danca ta danca,Liberdade (Volume 6),Campira,"=""00:07:23""",Pop,123,Campira - Ta danca ta danca.mp4,2025,English,1,CAMPIRA,1,0,"Balanced,All Weather,All Season"
6am,6am,Channel Tres,"=""00:03:49""",Pop,124,Channel Tres - 6am.mp4,2023,English,1,Tomorrowland Music,1,0,"Balanced,All Weather,All Season"
The Days,The Days,Chrystel,"=""00:03:53""",Dance,137,Chrystel - The Days.mp4,2024,English,1,SMC,1,0,"Ambient,Electronica,Upbeat,Rainy,All Season,Youth/adult"
Don’t Leave Me Lonely (Lyrics),Clean Bandit x Elley Duhé – Don’t Leave Me Lonely (Official Lyric Video),Clean Bandit x Elley Duhé,"=""00:02:53""",Pop,70,Clean Bandit x Elley Duhé – Don’t Leave Me Lonely (Lyrics).mp4,2022,English,1,SMC,1,0,"Calm,Rainy,All Season"
Tell Me Where U Go,Tell Me Where U Go,Clean Bandit x Tiësto x Leony,"=""00:02:59""",Electronic,142,Clean Bandit x Tiësto x Leony - Tell Me Where U Go.mp4,2025,English,1,"B1 Recordings, Ministry Of Sound",1,0,"Pop Dance,Upbeat,All Weather,All Season,Youth/adult"
A Ring Ding Ding Ding,A Ring Ding Ding Ding,Crazy Frog,"=""00:02:13""",Pop,129,Crazy Frog - A Ring Ding Ding Ding.mp4,2022,English,1,Mach 1 Records,1,0,"Pop Dance,Upbeat,All Weather,All Season,Youth/adult"
Hands Up,Hands Up,Crazy Frog,"=""00:01:49""",Pop,140,Crazy Frog - Hands Up.mp4,2024,English,1,Mach1 Records GmbH & Co KG,1,0,"Mainstream,All Weather,All Season,Youth/adult"
Tricky,Tricky,Crazy Frog,"=""00:02:37""",Pop,137,Crazy Frog - Tricky (Director's Cut).mp4,2021,English,1,Mach1 Records GmbH & Co KG,1,0,"Europop,Electro House,Upbeat,All Weather,All Season,Youth/adult"
Creeds – Push Up (Main Edit) Official Video,Creeds – Push Up (Main Edit) Official Video,Creeds,"=""00:02:22""",Electronic,150,Creeds – Push Up.mp4,2023,English,1,SMC,1,0,"Ambient,Electro,Electronica,Energetic,Rainy,All Season"
Cream,Cream,DJ Kuba & Neitan,"=""00:02:43""",Dance,136,DJ Kuba & Neitan - Cream.mp4,2020,English,1,Spinnin’ Records,1,0,"Electro House,Electro,Upbeat,All Weather,All Season,Youth/adult"
Never Going Home Tonight,Never Going Home Tonight,David Guetta & Alesso,"=""00:02:44""",Dance,126,David Guetta & Alesso - Never Going Home Tonight.mp4,2024,English,1,Parlophone,1,0,"Pop Dance,Progressive house,Upbeat,All Weather,All Season,Youth/adult"
I'm Good (Blue),Now That's What I Call... Pop!,David Guetta & Bebe Rexha,"=""00:02:57""",Dance,128,David Guetta & Bebe Rexha - I'm Good (Blue).mp4,2022,English,1,Sony Music,1,0,"Upbeat,All Weather,All Season,Youth/adult"
I Don't Wanna Wait,Die ultimative Chartshow: Die erfolgreichsten Hits 2024,David Guetta & OneRepublic,"=""00:02:35""",Pop,130,David Guetta & OneRepublic - I Don't Wanna Wait.mp4,2024,English,1,Polystar,1,0,"Mainstream,All Weather,All Season,Youth/adult"
Beautiful People (Lyrics),Beautiful People,David Guetta & Sia,"=""00:03:07""",Dance,127,David Guetta & Sia - Beautiful People (Lyrics).mp4,2025,English,1,Atlantic,1,0,"House,Upbeat,All Weather,All Season,Youth/adult"
Beautiful People,Beautiful People,David Guetta & Sia,"=""00:03:24""",Dance,130,David Guetta & Sia - Beautiful People.mp4,2025,English,1,Atlantic,1,0,"House,Upbeat,All Weather,All Season,Youth/adult"
Big FU,Big FU,"David Guetta, Ayra Starr & Lil Durk","=""00:02:42""",Dance,124,"David Guetta, Ayra Starr & Lil Durk - Big FU.mp4",2023,English,1,Warner Music,1,0,"Pop Dance,Upbeat,All Weather,All Season,Youth/adult"
Gone Gone Gone,Gone Gone Gone,"David Guetta, Teddy Swims, Tones and I","=""00:03:18""",Pop,131,"David Guetta, Teddy Swims, Tones and I - Gone Gone Gone.mp4",2025,English,1,Atlantic,1,0,"Mainstream,All Weather,All Season,Youth/adult"
BDSM (,BDSM,DeathbyRomy,"=""00:03:37""",Electronic,123,DeathbyRomy - BDSM (.mp4,2026,English,1,Not On Label (DeathbyRomy Self-released),1,0,"Alternative Rock,Energetic,All Weather,All Season"
Move Your Body,Move Your Body,Dimitri Vegas & Like Mike & Timmy Trumpet & Sub Zero Project,"=""00:02:51""",Electronic,154,Dimitri Vegas & Like Mike & Timmy Trumpet & Sub Zero Project - Move Your Body.mp4,2025,English,1,Smash The House,1,0,"Hardstyle,Energetic,All Weather,All Season"
Thank You,Thank You (Not So Bad) (Extended),Dimitri Vegas & Like Mike & Tiësto & Dido & W&W,"=""00:02:20""",Electronic,150,Dimitri Vegas & Like Mike & Tiësto & Dido & W&W - Thank You (Not So Bad).mp4,2023,English,1,Sony Music CG,1,0,"Electro House,Upbeat,All Weather,All Season,Youth/adult"
Bam Bam (Lyrics),"Dimitri Vegas & Like Mike, Gabry Ponte, Banfy – Bam Bam (with Sheridan) Official Lyric Video","Dimitri Vegas & Like Mike, Gabry Ponte, Banfy","=""00:02:24""",Dance,155,"Dimitri Vegas & Like Mike, Gabry Ponte, Banfy – Bam Bam (Lyrics).mp4",2025,English,1,SMC,1,0,"Electronic,Electro,Upbeat,All Weather,All Season,Youth/adult"
"She’s Gone, Dance On","Live at Hï Ibiza: Glitterbox, Aug 4, 2024",Disclosure,"=""00:03:46""",Dance,134,"Disclosure - She’s Gone, Dance On.mp4",2024,English,1,Disclosure,1,0,"Upbeat,All Weather,All Season,Youth/adult"
Monster (Lyrics),Monster,Don Diablo & Felix Jaehn,"=""00:02:24""",Electronic,144,Don Diablo & Felix Jaehn - Monster (Lyrics).mp4,2024,English,1,HEXAGON,1,0,"Future House,Upbeat,All Weather,All Season"
Go Home With a Stranger,Go Home With A Stranger,"Don Diablo, Wiz Khalifa & Chri$tian Gate$","=""00:03:06""",Pop,130,"Don Diablo, Wiz Khalifa & Chri$tian Gate$ - Go Home With A Strange.mp4",2026,English,1,"HEXAGON, TH3RD BRAIN",1,0,"Energetic,All Weather,All Season"
Go Home With A Stranger,Go Home With A Stranger,"Don Diablo, Wiz Khalifa & Chri$tian Gate$","=""00:03:06""",Pop,130,"Don Diablo, Wiz Khalifa & Chri$tian Gate$ - Go Home With A Stranger.mp4",2026,English,1,HEXAGON,1,0,"House,Upbeat,All Weather,All Season"
Dance the Night,Dance The Night,Dua Lipa,"=""00:03:32""",Pop,109,Dua Lipa - Dance The Night (From Barbie The Album).mp4,2023,English,1,"Atlantic, Mattel, WaterTower Music",1,0,"Soundtrack,Pop Dance,Nu-Disco,Upbeat,All Weather,All Season,Youth/adult"
Illusion,Illusion,Dua Lipa,"=""00:03:07""",Pop,127,Dua Lipa - Illusion.mp4,2024,English,1,Warner Records,1,0,"Pop Dance,Synth-pop,Nu-Disco,Funk,Upbeat,All Weather,All Season,Youth/adult"
Break the Distance,Break the Distance,ELYAZ,"=""00:04:02""",Dance,128,ELYAZ - Break the Distance.mp4,2018,English,1,ELYAZ,1,0,"Pop Dance,Progressive house,Upbeat,All Weather,All Season,Youth/adult"
Body Moving,Body Moving,"Eliza Rose, Calvin Harris","=""00:02:34""",Dance,129,"Eliza Rose, Calvin Harris - Body Moving.mp4",2023,English,1,Ministry Of Sound,1,0,"House,Upbeat,All Weather,All Season,Youth/adult"
Forget You (Lyrics),Bravo Hits Wiosna 2023,FAST BOY x Topic,"=""00:02:29""",Pop,128,FAST BOY x Topic - Forget You (Lyrics).mp4,2023,English,1,Magic Records,1,0,"Energetic,All Weather,All Season"
Young (Lyrics),Young,"FIXL, KAYDI, LoudNæss","=""00:03:00""",Dance,114,"FIXL, KAYDI, LoudNæss - Young (Lyrics).mp4",2024,English,1,"FIXL, KAYDI, LoudNæss",1,0,"Upbeat,All Weather,All Season,Youth/adult"
Freak In Me,Freak in Me,FOVOS,"=""00:03:03""",Electronic,155,FOVOS - Freak In Me.mp4,2025,English,1,FOVOS,1,0,"Dance,Electro,Electronica,Upbeat,All Weather,All Season,Youth/adult"
Atmosphere (Lyrics),Atmosphere,Fisher x Kita Alexander,"=""00:03:03""",Electronic,126,Fisher x Kita Alexander - Atmosphere (Lyrics).mp4,2023,English,1,Catch & Release,1,0,"Tech House,Upbeat,All Weather,All Season"
Holla At A Player,Holla At A Player,HNTR & Juicy J,"=""00:03:02""",Pop,132,HNTR & Juicy J - Holla At A Player (Live).mp4,2026,English,1,HNTR & Juicy J,1,0,"Energetic,All Weather,All Season"
Tarantella,Tarantella,"Gabry Ponte, KEL","=""00:02:26""",Pop,140,"Gabry Ponte, KEL - Tarantella.mp4",2024,English,1,Warner Music Central Europe,1,0,"Psy-trance,Mainstream,All Weather,All Season,Youth/adult"
I Adore You,I Adore You,HUGEL x Topic x Arash feat. Daecolm,"=""00:03:34""",Dance,120,HUGEL x Topic x Arash feat. Daecolm - I Adore You.mp4,2024,English,1,Virgin,1,0,"House,Upbeat,All Weather,All Season,Youth/adult"
Think Of Me (Lyrics),Think Of Me,"HUGEL, David Guetta, Kehlani, Daecolm","=""00:02:50""",Electronic,120,"HUGEL, David Guetta, Kehlani, Daecolm - Think Of Me (Lyrics).mp4",2025,English,1,Virgin,1,0,"House,Upbeat,All Weather,All Season,Youth/adult"
Timberlake,Timberlake - Single,Hayit Murat,"=""00:10:04""",Pop,104,Hayit Murat - Timberlake.mp4,2024,English,1,Hayit Murat,1,0,"Mainstream,All Weather,All Season,Youth/adult"
With All My Heart (With JVKE) (Lyrics),With All My Heart,ILLENIUM,"=""00:02:58""",Pop,100,ILLENIUM - With All My Heart (With JVKE) [Lyrics].mp4,2023,English,1,Warner Records,1,0,"Mainstream,All Weather,All Season,Youth/adult"
Die Living (Lyrics),Die Living,"ILLENIUM, David Guetta, Dustin Lynch","=""00:02:51""",Dance,128,"ILLENIUM, David Guetta, Dustin Lynch - Die Living (Lyrics).mp4",2026,English,1,ILLENIUM LLC,1,0,"Upbeat,All Weather,All Season,Youth/adult"
Don't Want Your Love,ODYSSEY,"ILLENIUM, Ellie Goulding","=""00:03:12""",Dance,124,"ILLENIUM, Ellie Goulding - Don't Want Your Love.mp4",2026,English,1,Republic Records,1,0,"Upbeat,All Weather,All Season,Youth/adult"
Beside You,Beside You,James Blunt,"=""00:03:04""",Pop,124,James Blunt - Beside You.mp4,2023,English,1,Atlantic,1,0,"Mainstream,All Weather,All Season,Youth/adult"
Whistle,Whistle,"Jax Jones, Calum Scott","=""00:03:15""",Dance,123,"Jax Jones, Calum Scott - Whistle.mp4",2023,English,1,Polydor,1,0,"House,Pop Dance,Upbeat,All Weather,All Season,Youth/adult"
Jaxomy x Agatino Romero x Raffaella Carrà – Pedro (Official Video),Jaxomy x Agatino Romero x Raffaella Carrà – Pedro (Official Video),Jaxomy x Agatino Romero x Raffaella Carrà,"=""00:02:25""",Pop,151,Jaxomy x Agatino Romero x Raffaella Carrà – Pedro.mp4,2024,Italian,1,SMC,1,0,"Energetic,All Weather,All Season"
Giving Me,Giving Me,Jazzy,"=""00:02:49""",Dance,127,Jazzy - Giving Me.mp4,2023,English,1,Chaos,1,0,"House,Upbeat,All Weather,All Season,Youth/adult"
Make Up,Oh Jazzy,Jazzy,"=""00:02:29""",Pop,136,Jazzy - Make Up.mp4,2024,English,1,Jazzy,1,0,"Relaxed,Rainy,All Season"
No Bad Vibes,No Bad Vibes,"Jazzy, KILIMANJARO","=""00:02:40""",Dance,120,"Jazzy, KILIMANJARO - No Bad Vibes.mp4",2024,English,1,"Chaos, Polydor",1,0,"Deep House,Upbeat,Chillout,Rainy,All Season,Youth/adult"
Save Me Tonight,Save Me Tonight,Jennifer Lopez & David Guetta,"=""00:03:16""",Dance,126,Jennifer Lopez & David Guetta - Save Me Tonight.mp4,2026,English,1,Warner Records,1,0,"Pop Dance,Upbeat,All Weather,All Season,Youth/adult"
Lionheart,Lionheart (Fearless),Joel Corry & Tom Grennan,"=""00:03:07""",Electronic,126,Joel Corry & Tom Grennan - Lionheart (Fearless).mp4,2022,English,1,DMC,1,0,"House,Upbeat,All Weather,All Season"
With me,WITH ME,John Summit & Julia Wolf,"=""00:03:03""",Dance,144,John Summit & Julia Wolf - With me.mp4,2026,English,1,"Darkroom Records, Experts Only",1,0,"House,Speed Garage,Upbeat,All Weather,All Season,Youth/adult"
Jovani x Chris Crone - I'll Fly With You (L'Amour Toujours) [Official Video],Jovani x Chris Crone - I'll Fly With You (L'Amour Toujours) [Official Video],Jovani x Chris Crone,"=""00:03:03""",Pop,140,Jovani x Chris Crone - I'll Fly With You (L'Amour Toujours).mp4,2024,English,1,SMC,1,0,"Energetic,All Weather,All Season"
July on Your Lips - Darco Polo Summer Hit 2026,July on Your Lips - Darco Polo Summer Hit 2026,July on Your Lips,"=""00:03:26""",Pop,129,July on Your Lips - Darco Polo.mp4,2026,English,1,SMC,1,0,"Energetic,All Weather,All Season"
Let's Go Back,Let's Go Back,Jungle,"=""00:03:29""",Funk / Soul,143,Jungle - Let's Go Back.mp4,2024,English,1,Caiola Records,1,0,"Neo Soul,Warm,All Weather,All Season"
Arrival,Arrival,KREAM,"=""00:03:24""",Dance,126,KREAM - Arrival.mp4,2025,English,1,Liquid Lab,1,0,"Progressive house,Upbeat,All Weather,All Season,Youth/adult"
Whatever,Whatever,"Kygo, Ava Max","=""00:03:09""",Electronic,108,"Kygo, Ava Max - Whatever.mp4",2024,English,1,Polystar,1,0,"Pop Dance,Upbeat,All Weather,All Season,Youth/adult"
That's When You Know,That's When You Know,"Kygo, Carter Faith","=""00:04:54""",Dance,124,"Kygo, Carter Faith - That's When You Know.mp4",2026,English,1,Kygo,1,0,"Upbeat,All Weather,All Season,Youth/adult"
Save My Love (Lyrics),Save My Love,"Kygo, Khalid, Gryffin","=""00:03:30""",Dance,126,"Kygo, Khalid, Gryffin - Save My Love (Lyrics).mp4",2026,English,1,Kygo,1,0,"Pop Dance,Upbeat,All Weather,All Season,Youth/adult"
For Life,Ultimix 326,"Kygo, Zak Abel","=""00:02:59""",Pop,122,"Kygo, Zak Abel - For Life.mp4",2024,English,1,Ultimix Records,1,0,"Balanced,All Weather,All Season"
For Life,Summertime Sounds 2024,"Kygo, Zak Abel ft. Nile Rodgers","=""00:02:59""",Pop,122,"Kygo, Zak Abel ft. Nile Rodgers - For Life.mp4",2024,English,1,Apple Music,1,0,"Balanced,All Weather,All Season"
My Oh My,My Oh My,Kylie Minogue,"=""00:03:03""",Pop,123,Kylie Minogue - My Oh My (with Bebe Rexha & Tove Lo).mp4,2024,English,1,BMG,1,0,"Pop Dance,Upbeat,All Weather,All Season,Youth/adult"
Padam Padam,Padam Padam,Kylie Minogue,"=""00:02:46""",Pop,128,Kylie Minogue - Padam Padam.mp4,2023,English,1,BMG,1,0,"Mainstream,All Weather,All Season,Youth/adult"
Hungry (For Love) (Lyrics),Hungry (For Love),LF SYSTEM,"=""00:02:09""",Dance,128,LF SYSTEM - Hungry (For Love) (Lyrics).mp4,2022,English,1,Warner Records,1,0,"House,Disco,Upbeat,All Weather,All Season,Youth/adult"
Abracadabra,Abracadabra,Lady Gaga,"=""00:04:29""",Pop,126,Lady Gaga - Abracadabra.mp4,2025,English,1,"Interscope Records, Streamline Records",1,0,"Pop Dance,Synth-pop,Eurodance,Upbeat,All Weather,All Season,Youth/adult"
Garden Of Eden,MAYHEM,Lady Gaga,"=""00:04:00""",Pop,125,Lady Gaga - Garden Of Eden.mp4,2025,English,1,"Interscope Records, Streamline Records",1,0,"Mainstream,All Weather,All Season,Youth/adult"
The Dead Dance,The Dead Dance,Lady Gaga,"=""00:04:47""",Pop,123,Lady Gaga - The Dead Dance.mp4,2025,English,1,Interscope Records,1,0,"Pop Dance,Upbeat,All Weather,All Season,Youth/adult"
In My Bones,In My Bones,Lost Frequencies & David Kushner,"=""00:02:36""",Electronic,128,Lost Frequencies & David Kushner - In My Bones.mp4,2024,English,1,Epic Amsterdam,1,0,"House,Upbeat,All Weather,All Season,Youth/adult"
Where Are You Now,"Crosswalk, Vol. 1",Lost Frequencies ft. Calum Scott,"=""00:02:53""",Pop,122,Lost Frequencies ft. Calum Scott - Where Are You Now.mp4,2021,English,1,Epic Amsterdam,1,0,"Balanced,All Weather,All Season"
Comeback (Lyrics),Comeback,Lost In Reveries & Namté,"=""00:03:02""",Pop,120,Lost In Reveries & Namté - Comeback (Lyrics).mp4,2024,English,1,Lost In Reveries & Namté,1,0,"Balanced,All Weather,All Season"
Fire - Official UEFA EURO 2024 Song,Die ultimative Chartshow: Die erfolgreichsten Hits 2024,"MEDUZA, OneRepublic, Leony","=""00:02:51""",Dance,130,"MEDUZA, OneRepublic, Leony - Fire.mp4",2024,English,1,Polystar,1,0,"Upbeat,All Weather,All Season,Youth/adult"
"Ring, Ring",Best Modern Swing Music Playlist,MIRA,"=""00:02:26""",Pop,102,"MIRA - Ring, Ring.mp4",2024,English,1,Mira,1,0,"Mainstream,All Weather,All Season,Youth/adult"
Dior (Lyrics),Tomorrowland Belgium 2025: R3HAB,MK ft. Chrystal,"=""00:02:49""",Pop,128,MK ft. Chrystal - Dior (Lyrics).mp4,2025,English,1,Tomorrowland Music,1,0,"Energetic,All Weather,All Season"
Unforgettable (Lyrics),Unforgettable,Marcus & Martinus,"=""00:02:49""",Pop,117,Marcus & Martinus - Unforgettable (Lyrics).mp4,2024,English,1,Universal,1,0,"Pop Dance,Electro,Upbeat,All Weather,All Season,Youth/adult"
Phoenix,Phoenix,Marshmello x Portugal. The Man,"=""00:02:25""",Dance,129,Marshmello x Portugal. The Man - Phoenix.mp4,2026,English,1,Joytime Collective,1,0,"Pop,Electronic,House,Upbeat,All Weather,All Season,Youth/adult"
Miles On It,Miles on It (Remixes),"Marshmello, Kane Brown","=""00:04:31""",Pop,129,"Marshmello, Kane Brown - Miles On It.mp4",2024,English,1,RCA Nashville,1,0,"Energetic,All Weather,All Season"
El Merengue,El Merengue,"Marshmello, Manuel Turizo","=""00:03:38""",Pop,124,"Marshmello, Manuel Turizo - El Merengue.mp4",2023,English,1,"Marshmello, Manuel Turizo",1,0,"Balanced,All Weather,All Season"
Repeat It,Repeat It,Martin Garrix & Ed Sheeran,"=""00:03:17""",Electronic,129,Martin Garrix & Ed Sheeran - Repeat It.mp4,2026,English,1,STMPD RCRDS,1,0,"Progressive house,Pop Dance,Upbeat,All Weather,All Season,Youth/adult"
Mad,MAD,Martin Garrix & Lauv,"=""00:03:25""",Dance,128,Martin Garrix & Lauv - Mad.mp4,2025,English,1,"Virgin, Casablanca",1,0,"House,Pop Dance,Upbeat,All Weather,All Season,Youth/adult"
Waterfall,Waterfall,Michael Schulte x R3HAB,"=""00:02:18""",Pop,126,Michael Schulte x R3HAB - Waterfall.mp4,2023,English,1,Polydor,1,0,"Mainstream,All Weather,All Season,Youth/adult"
Love Bites,Love Bites,"Nelly Furtado, Tove Lo, SG Lewis","=""00:02:50""",Pop,128,"Nelly Furtado, Tove Lo, SG Lewis - Love Bites.mp4",2024,English,1,"Nelstar, 21 Entertainment Group, Inc., Universal Music Canada Inc.",1,0,"Pop Dance,Upbeat,All Weather,All Season,Youth/adult"
Kiss Me (Lyrics),Kiss Me,Nemanja Kostic,"=""00:02:58""",Pop,117,Nemanja Kostic - Kiss Me (Lyrics).mp4,2026,English,1,Nemanja Kostic,1,0,"Mainstream,All Weather,All Season,Youth/adult"
Birds In The Sky,Birds In The Sky,NewEra,"=""00:02:24""",Dance,123,NewEra - Birds In The Sky.mp4,2023,English,1,FFRR,1,0,"House,Upbeat,All Weather,All Season,Youth/adult"
Here We Go Again (Lyrics),Here We Go Again,Oliver Tree & David Guetta,"=""00:02:56""",Pop,124,Oliver Tree & David Guetta - Here We Go Again (Lyrics).mp4,2023,English,1,Atlantic,1,0,"House,Eurodance,Upbeat,All Weather,All Season,Youth/adult"
Miss You,Miss You,Oliver Tree & Robin Schulz,"=""00:02:49""",Dance,137,Oliver Tree & Robin Schulz - Miss You.mp4,2022,English,1,Emmanating Records,1,0,"Hard House,Upbeat,All Weather,All Season,Youth/adult"
Dizzy,Dizzy,Olly Alexander,"=""00:02:50""",Pop,126,Olly Alexander - Dizzy.mp4,2024,English,1,Polydor,1,0,"Europop,Mainstream,All Weather,All Season,Youth/adult"
Aeiou,AEIOU,"PNAU, Empire Of The Sun","=""00:03:15""",Pop,132,"PNAU, Empire Of The Sun - Aeiou.mp4",2023,English,1,etcetc,1,0,"Synth-pop,Mainstream,All Weather,All Season,Youth/adult"
Paul Kalkbrenner feat. Norma Jean Martine – Time To Dance (Official Video),Paul Kalkbrenner feat. Norma Jean Martine – Time To Dance (Official Video),Paul Kalkbrenner ft. Norma Jean Martine,"=""00:02:58""",Pop,135,Paul Kalkbrenner ft. Norma Jean Martine – Time To Dance.mp4,2026,English,1,SMC,1,0,"Upbeat,All Weather,All Season"
Peggy Gou - Find The Way | Coke Studio,Peggy Gou - Find The Way | Coke Studio,Peggy Gou,"=""00:03:05""",Dance,131,Peggy Gou - Find The Way Coke Studio.mp4,2024,English,1,SMC,1,0,"Electronic,House,Pop,Upbeat,All Weather,All Season,Youth/adult"
Find The Way,Find The Way,Peggy Gou,"=""00:03:05""",Electronic,131,Peggy Gou - Find The Way.mp4,2024,English,1,Gudu Records,1,0,"House,Upbeat,All Weather,All Season"
Nanana (It Goes Like) (Lyrics),Apple Music Live: NYE 2024,Peggy Gou,"=""00:03:50""",Dance,130,Peggy Gou - Nanana (It Goes Like) (Lyrics).mp4,2023,English,1,Apple Music,1,0,"Upbeat,All Weather,All Season,Youth/adult"
Damn I Love Miami,Bad Boys For Life Soundtrack,Pitbull & Lil Jon,"=""00:03:03""",Pop,124,Pitbull & Lil Jon - Damn I Love Miami.mp4,2025,English,1,Mr. 305 Records,1,0,"Balanced,All Weather,All Season"
Satalanaaa,Satalanaaa,Pitbull & Lil Jon,"=""00:02:21""",Pop,129,Pitbull x Lil Jon - Satalanaaa (Party On The Island).mp4,2026,English,1,Mr. 305 Records,1,0,"Energetic,All Weather,All Season"
Hold You Right (Lyrics),Hold You Right,"Planet Wave House, Kelo, Luna Belle","=""00:03:16""",Pop,113,"Planet Wave House, Kelo, Luna Belle - Hold You Right (Lyrics).mp4",2024,English,1,"Planet Wave House, Kelo, Luna Belle",1,0,"Balanced,All Weather,All Season"
Halo (Lyrics),Future Trance 100,Prezioso x Harris & Ford feat. Shibui,"=""00:02:32""",Pop,135,Prezioso x Harris & Ford feat. Shibui - Halo (Lyrics).mp4,2022,English,1,Polystar,1,0,"Energetic,All Weather,All Season"
Honey Boy,Honey Boy,"Purple Disco Machine, Benjamin Ingrosso feat. Nile Rodgers & Shenseea","=""00:03:52""",Dance,120,"Purple Disco Machine, Benjamin Ingrosso feat. Nile Rodgers & Shenseea - Honey Boy.mp4",2024,English,1,Sweat It Out!,1,0,"Upbeat,All Weather,All Season,Youth/adult"
In The Dark,In The Dark,"Purple Disco Machine, Sophie and the Giants","=""00:03:11""",Dance,117,"Purple Disco Machine, Sophie and the Giants - In The Dark.mp4",2022,English,1,"Sweat It Out!, Columbia",1,0,"House,Nu-Disco,Upbeat,All Weather,All Season,Youth/adult"
Mon Amour,Mon Amour - Single,REEA,"=""00:02:55""",Pop,90,REEA - Mon Amour.mp4,2024,English,1,Reea,1,0,"Balanced,All Weather,All Season"
Sun Will Shine,Sun Will Shine,Robin Schulz & Tom Walker,"=""00:03:26""",Dance,126,Robin Schulz & Tom Walker - Sun Will Shine.mp4,2022,English,1,Warner Music Germany,1,0,"Upbeat,All Weather,All Season,Youth/adult"
Embers (Lyrics),Embers,Robin Schulz,"=""00:03:02""",Dance,129,Robin Schulz - Embers (Lyrics).mp4,2026,English,1,Warner Music Group Central Europe,1,0,"Upbeat,All Weather,All Season,Youth/adult"
Sweet Goodbye,Sweet Goodbye,Robin Schulz,"=""00:02:38""",Dance,123,Robin Schulz - Sweet Goodbye.mp4,2023,English,1,Warner Music Central Europe,1,0,"Pop Dance,House,Upbeat,All Weather,All Season,Youth/adult"
Only Way Is Up,Pop Hits Central,Robin Schulz ft. Izzy Bizu,"=""00:02:30""",Dance,133,Robin Schulz ft. Izzy Bizu - Only Way Is Up.mp4,2024,English,1,X5 Music Group,1,0,"Electronic,Pop,House,Upbeat,All Weather,All Season,Youth/adult"
All I Know,All I Know,"Rudimental, Khalid","=""00:02:58""",Dance,90,"Rudimental, Khalid - All I Know.mp4",2025,English,1,Room Two Recordings,1,0,"Drum N Bass,Upbeat,All Weather,All Season,Youth/adult"
Wherever I go,001 - Single,STARGUIDE,"=""00:03:47""",Pop,129,STARGUIDE - Wherever I go.mp4,2026,English,1,STARGUIDE,1,0,"Energetic,All Weather,All Season"
Let It Talk To Me,Let It Talk To Me,Sean Paul x INNA,"=""00:02:35""",Pop,120,Sean Paul x INNA - Let It Talk To Me.mp4,2025,English,1,Global Records,1,0,"Electro,Energetic,All Weather,All Season,Youth/adult"
A New Day,A New Day,Sebastian Ingrosso,"=""00:04:24""",Electronic,132,Sebastian Ingrosso - A New Day.mp4,2025,English,1,Superhuman Music,1,0,"Progressive house,Upbeat,All Weather,All Season"
A New Day,A New Day,Sebastian Ingrosso ft.Celine Dion,"=""00:04:24""",Dance,132,Sebastian Ingrosso ft.Celine Dion - A New Day.mp4,2025,English,1,SUPERHUMAN,1,0,"Electronic,Pop,House,Electro,Upbeat,All Weather,All Season,Youth/adult"
All This Time (Lyrics),All This Time,Sonny Fodera & Jazzy,"=""00:03:44""",Electronic,172,Sonny Fodera & Jazzy - All This Time [Lyrics].mp4,2025,English,1,Solotoko,1,0,"House,Upbeat,All Weather,All Season"
Somedays,Somedays,"Sonny Fodera, Jazzy, D.O.D","=""00:03:31""",Pop,128,"Sonny Fodera, Jazzy, D.O.D - Somedays.mp4",2024,English,1,Solotoko,1,0,"Energetic,All Weather,All Season"
I'm Still Standing,I'm Still Standing,Sound Of Legend,"=""00:02:24""",Pop,148,Sound Of Legend - I'm Still Standing.mp4,2025,English,1,"Livetop Music, RIPMusic",1,0,"Energetic,All Weather,All Season"
Go Down Deh,Go Down Deh,"Spice, Sean Paul, Shaggy","=""00:02:36""",Reggae,90,"Spice, Sean Paul, Shaggy - Go Down Deh.mp4",2021,English,1,VP Records,1,0,"Dancehall,Upbeat,All Weather,All Season,Youth/adult"
Wait So long,Wait So Long,Swedish House Mafia,"=""00:03:20""",Dance,130,Swedish House Mafia - Wait So long.mp4,2025,English,1,Superhuman Music,1,0,"Progressive house,Upbeat,All Weather,All Season,Youth/adult"
Lioness,Lioness - Single,Swedish House Mafia ft. Niki & The Dove,"=""00:02:51""",Dance,128,Swedish House Mafia ft. Niki & The Dove - Lioness.mp4,2024,English,1,Swedish House Mafia,1,0,"Upbeat,All Weather,All Season,Youth/adult"
REACT (feat. Ella Henderson) (Lyrics),REACT (instrumental & a cappella),Switch Disco,"=""00:03:21""",Electronic,126,Switch Disco - REACT (feat. Ella Henderson) (Lyrics).mp4,2023,English,1,Relentless Records,1,0,"Pop Dance,Drum N Bass,Upbeat,All Weather,All Season,Youth/adult"
React (Lyrics),REACT (instrumental & a cappella),Switch Disco,"=""00:03:21""",Electronic,126,Switch Disco - React (Lyrics).mp4,2023,English,1,Relentless Records,1,0,"Pop Dance,Drum N Bass,Upbeat,All Weather,All Season,Youth/adult"
Rock That Body,Rock That Body,Black Eyed Peas,"=""00:02:00""",Pop,131,The Black Eyed Peas - Rock That Body (Zusebi Remix).mp4,2010,English,1,Not On Label (Black Eyed Peas),1,0,"House,Hip-house,Upbeat,All Weather,All Season,Youth/adult"
Edge Of Saturday Night,The Blessed Madonna at Kappa FuturFestival 2024,The Blessed Madonna & Kylie Minogue,"=""00:03:30""",Pop,130,The Blessed Madonna & Kylie Minogue - Edge Of Saturday Night.mp4,2024,English,1,The Blessed Madonna,1,0,"Energetic,All Weather,All Season"
Happier,The Blessed Madonna at Kappa FuturFestival 2024,The Blessed Madonna,"=""00:04:50""",Pop,126,The Blessed Madonna - Happier (feat. Clementine Douglas).mp4,2024,English,1,The Blessed Madonna,1,0,"Energetic,All Weather,All Season"
Smooth,Smooth,The Chainsmokers,"=""00:02:55""",Electronic,126,The Chainsmokers - Smooth.mp4,2025,English,1,"Disruptor Records, Columbia",1,0,"Pop Dance,Upbeat,All Weather,All Season,Youth/adult"
Breathe,The Fat of the Land,The Prodigy,"=""00:02:05""",Electronic,124,The Prodigy - Breathe.mp4,1996,English,1,XL Recordings,1,0,"Dance,House,Electro,Upbeat,All Weather,All Season,Youth/adult"
Popular,Popular (The Remixes),"The Weeknd, Madonna, Playboi Carti","=""00:03:36""",Electronic,99,"The Weeknd, Madonna, Playboi Carti - Popular.mp4",2023,English,1,Not On Label (The Weeknd),1,0,"R&B,Pop Rap,Pop Dance,House,Amapiano,Nu-Disco,Deep House,Trap,Trance,Upbeat,All Weather,All Season,Youth/adult"
My Heart Will Go On,The Best Millennium Non‐Stop Party Album,Titanic,"=""00:03:08""",Pop,128,Titanic - My Heart Will Go On.mp4,2000,English,1,avex trax,1,0,"Energetic,All Weather,All Season"
2 Die 4,Dirt Femme,Tove Lo,"=""00:03:23""",Dance,118,Tove Lo - 2 Die 4.mp4,2022,English,1,"mTheory, Pretty Swede Records",1,0,"Upbeat,All Weather,All Season,Youth/adult"
WORTH NOTHING (hanahata remix),a few old compilation tracks & remixes,TWISTED,"=""00:02:45""",Pop,137,Twisted - Worth nothing.mp4,2022,English,1,[no label],1,0,"Energetic,All Weather,All Season"
OIIA OIIA (Spinning Cat),OIIA OIIA (Spinning Cat),W&W,"=""00:02:15""",Electronic,151,W&W - OIIA OIIA (Spinning Cat).mp4,2025,English,1,Rave Culture,1,0,"Psy-trance,Techno,Energetic,All Weather,All Season"
Every Minute (Lyrics),Every Minute,"Yann Muller, SEM & Dela Utca","=""00:03:03""",Dance,123,"Yann Muller, SEM & Dela Utca - Every Minute (Lyrics).mp4",2024,English,1,"Yann Muller, Sem & Dela Utca",1,0,"Upbeat,All Weather,All Season,Youth/adult"
Mwaki,Tomorrowland 2024 - Life - Official Compilation,Zerb,"=""00:03:41""",Dance,120,Zerb - Mwaki.mp4,2024,English,1,Tomorrowland Music,1,0,"Upbeat,All Weather,All Season,Youth/adult"
Mwaki,MWAKI: REFRESHED,Zerb ft. @Sofiya Nzau,"=""00:03:41""",Pop,120,Zerb ft. @Sofiya Nzau - Mwaki.mp4,2024,English,1,TH3RD BRAIN,1,0,"Balanced,All Weather,All Season"
1-800,1-800,bbno$,"=""00:03:28""",Hip Hop,132,bbno$ - 1-800.mp4,2025,English,1,broke,1,0,"Pop Rap,Mainstream,All Weather,All Season,Youth/adult"
it boy (Lyrics),it boy,bbno$,"=""00:02:26""",Bass House,129,bbno$ - it boy (Lyrics).mp4,2024,English,1,[no label],1,0,"Upbeat,All Weather,All Season"
two,two,bbno$,"=""00:02:17""",Electronic,128,bbno$ - two.mp4,2024,English,1,broke,1,0,"Pop Rap,Hip-house,Upbeat,All Weather,All Season,Youth/adult"
Me forever ( (Lyrics),Us Forever,samxemma,"=""00:03:24""",Pop,140,samxemma - Me forever ( (lyrics).mp4,2025,English,1,Sony Music Entertainment,1,0,"Energetic,All Weather,All Season"
Cover Up My Face,Cover Up My Face - Single,southstar,"=""00:03:24""",Pop,155,southstar - Cover Up My Face.mp4,2023,English,1,B1 Recordings,1,0,"Energetic,All Weather,All Season"
Set Me Free,Set Me Free,Abelon,"=""00:02:20""",Pop,129,Abelon - Set Me Free.mp4,2026,English,1,Abelon,1,0,"Energetic,All Weather,All Season"
Alan Walker - Ignite (Overmoon Remix) | The Transporter Refueled,Alan Walker - Ignite (Overmoon Remix) | The Transporter Refueled,Alan Walker,"=""00:03:46""",Pop,110,Alan Walker - Ignite (Overmoon Remix) The Transporter Refueled.mp4,2024,English,1,SMC,1,0,"Balanced,All Weather,All Season"
Ignite,Ignite,Alan Walker,"=""00:03:46""",Electronic,110,Alan Walker - Ignite (Overmoon Remix).mp4,2018,English,1,Sony Music,1,0,"Pop Dance,Electro House,Downtempo,Upbeat,All Weather,All Season,Youth/adult"
Excess,Excess,Aleks Born,"=""00:03:08""",Dance,124,Aleks Born - Excess.mp4,2023,English,1,Aleks Born,1,0,"Upbeat,All Weather,All Season,Youth/adult"
I Wonder If You Know (Lyrics),"Alok, SOMETHING ELSE– I Wonder If You Know (Official Lyric Video)","Alok, Something else","=""00:03:14""",Electronic,122,"Alok, Something else – I Wonder If You Know (Lyrics).mp4",2026,English,1,SMC,1,0,"Electronica,Ambient,Energetic,Chillout,Rainy,All Season"
The Let Go,The Let Go,Amy Correa Bell,"=""00:04:30""",Pop,128,Amy Correa Bell - Go! (Golden Go Remix).mp4,2026,English,1,Amy Correa-Bell,1,0,"Energetic,All Weather,All Season"
Euphoria,Euphoria,Angel + Dren,"=""00:04:14""",Electronic,123,Angel + Dren - Euphoria.mp4,2026,English,1,Angel + Dren,1,0,"Electro,Electronica,Energetic,All Weather,All Season"
Upside Down,Upside Down,AprilGirl,"=""00:02:45""",Pop,129,AprilGirl - Upside Down.mp4,2025,English,1,Selected.,1,0,"Energetic,All Weather,All Season"
Hearts Up (Lyrics),Ashley Paul x Luv Foundation (UK) - Hearts Up Extended,Ashley Paul x Luv Foundation (UK),"=""00:03:09""",Pop,128,Ashley Paul x Luv Foundation (UK) - Hearts Up (Lyrics).mp4,2024,English,1,Ashley Paul & Luv Foundation,1,0,"Energetic,All Weather,All Season"
Jungles,Jungles,Bakhor Rafikov,"=""00:03:35""",Dance,126,Bakhor Rafikov - Jungles.mp4,2025,English,1,Bakhor Rafikov,1,0,"House,Electro,Electronica,Upbeat,All Weather,All Season,Youth/adult"
Pontiac,Pontiac,"Beelie, Deelize & Kean Dysso","=""00:03:00""",Pop,123,"Beelie, Deelize & Kean Dysso - Pontiac.mp4",2026,English,1,"BEELIE, DEELIZE & KEAN DYSSO",1,0,"Balanced,All Weather,All Season"
LooseScrew,SparrowsCreek,Bones & Eddy Baker,"=""00:07:09""",Pop,100,Bones & Eddy Baker - LooseScrew.mp4,2019,English,1,HealthySESH,1,0,"Balanced,All Weather,All Season"
CJ - Whoopty (Robert Cristian Remix) | Captain America: Civil War [Airport Battle Scene],CJ - Whoopty (Robert Cristian Remix) | Captain America: Civil War [Airport Battle Scene],CJ,"=""00:04:30""",Pop,156,CJ - Whoopty (Robert Cristian Remix) Captain America Civil War.mp4,2026,English,1,SMC,1,0,"Energetic,All Weather,All Season"
Whoopty,RAP 2022,CJ,"=""00:04:30""",Pop,156,CJ - Whoopty (Robert Cristian Remix).mp4,2021,English,1,Warner Special Marketing,1,0,"Energetic,All Weather,All Season"
The Power of Love,The Colour of My Love,Céline Dion,"=""00:04:45""",Pop,128,Celine Dion - Power Of Love (CYRIL TikTok Remix).mp4,1993,English,1,"Columbia, SMV Enterprises",1,0,"Mainstream,All Weather,All Season,Youth/adult"
DJ Belite & Kamro - 2Pac All Eyez on Me Pt 2 (Gangsta Remix Official Music Video),DJ Belite & Kamro - 2Pac All Eyez on Me Pt 2 (Gangsta Remix Official Music Video),DJ Belite & Kamro,"=""00:03:35""",Pop,101,DJ Belite & Kamro - 2Pac All Eyez on M.mp4,2023,English,1,SMC,1,0,"Balanced,All Weather,All Season"
Closure (Lyrics),Closure,D.O.D & Hayley May,"=""00:02:28""",Dance,128,D.O.D & Hayley May - Closure (Lyrics).mp4,2026,English,1,Armada Music,1,0,"Electronic,House,Electro,Upbeat,All Weather,All Season,Youth/adult"
2Pac All Eyez on Me Pt 2,2Pac All Eyez on Me Pt 2,Dj Belite & Kamro,"=""00:03:35""",Pop,101,DJ Belite & Kamro - 2Pac All Eyez on Me Pt 2 (Gangsta Remix Official Music Video).mp4,2023,English,1,Dj Belite & Kamro,1,0,"Balanced,All Weather,All Season"
Let Me Love You,Encore,DJ Snake,"=""00:03:25""",Electronic,99,DJ Snake - Let Me Love You.mp4,2016,English,1,FP,1,0,"Energetic,All Weather,All Season"
More Than Love,More Than Love,DNDM,"=""00:08:11""",Electronic,110,DNDM - More Than Love (2025 Mix).mp4,2025,English,1,DNDM,1,0,"Ambient,Electronica,Energetic,Chillout,Rainy,All Season"
Forget The Past,Forget the Past,Damián Liax,"=""00:03:05""",Dance,123,Damián Liax - Forget The Past.mp4,2024,English,1,Damián Liax,1,0,"Upbeat,All Weather,All Season,Youth/adult"
David Guetta - Hey Mama (MXEEN Remix) | Deadpool car chase,David Guetta - Hey Mama (MXEEN Remix) | Deadpool car chase,David Guetta,"=""00:03:22""",Pop,98,David Guetta - Hey Mama (MXEEN Remix) Deadpool car chase.mp4,2024,English,1,SMC,1,0,"Balanced,All Weather,All Season"
Y Que Fue?,Y Que Fue?,Dancing Green Alien,"=""00:02:03""",Pop,134,Dancing Green Alien - Y Qué Fue.mp4,2026,English,1,"Columbia, B1 Recordings",1,0,"Reggaeton,Mainstream,Sunny,All Season,Youth/adult"
Hey Mama,Listen,David Guetta,"=""00:03:22""",Dance,98,David Guetta - Hey Mama (MXEEN Remix).mp4,2015,English,1,"Columbia, Sony Music",1,0,"Upbeat,All Weather,All Season,Youth/adult"
The Sound of Silence,Immortalized,Disturbed,"=""00:03:03""",Rock,126,Disturbed - The Sound Of Silence (CYRIL Remix).mp4,2015,English,1,Reprise Records,1,0,"Nu Metal,Energetic,All Weather,All Season"
Slow Down,Slow Down,Don Tobol & Rusakov,"=""00:02:52""",Dance,102,Don Tobol & Rusakov - Slow Down.mp4,2024,English,1,Don Tobol,1,0,"Upbeat,All Weather,All Season,Youth/adult"
Lose Sleep,Lose Sleep,Don Tobol,"=""00:03:04""",Dance,120,Don Tobol - Lose Sleep.mp4,2023,English,1,Don Tobol,1,0,"Upbeat,All Weather,All Season,Youth/adult"
Na-Na,Na-Na,Don Tobol,"=""00:03:18""",Dance,120,Don Tobol - Na-Na.mp4,2023,English,1,Don Tobol,1,0,"Upbeat,All Weather,All Season,Youth/adult"
Shot Shot,Shot Shot,Don Tobol,"=""00:03:27""",Dance,109,Don Tobol - Shot Shot.mp4,2023,English,1,Don Tobol,1,0,"Upbeat,All Weather,All Season,Youth/adult"
Let's Go,Let's Go,Ella Sakalis,"=""00:03:39""",Pop,120,Ella Sakalis - Let's Go.mp4,2025,English,1,Ella Sakalis,1,0,"Balanced,All Weather,All Season"
Caucasus,Caucasus,Emin Nilsen,"=""00:04:08""",Pop,90,Emin Nilsen - Caucasus.mp4,2025,English,1,Emin Nilsen,1,0,"Balanced,All Weather,All Season"
Holla At A Player- LIVE at EDC Las Vegas 2026,Holla At A Player- LIVE at EDC Las Vegas 2026,HNTR & Juicy J,"=""00:03:02""",Pop,132,HNTR & Juicy J - Holla At A Player- LIVE at EDC Las Vegas 2026.mp4,2026,English,1,HNTR & Juicy J,1,0,"Energetic,All Weather,All Season"
Until You,Until You,Hamidshax,"=""00:06:27""",Pop,101,Hamidshax - Until You.mp4,2025,English,1,Hamidshax,1,0,"Balanced,All Weather,All Season"
Easy,Easy,Housenick,"=""00:06:38""",Pop,114,Housenick - Easy.mp4,2025,English,1,Housenick,1,0,"Balanced,All Weather,All Season"
Obsessed,Obsessed,Housenick,"=""00:06:00""",Pop,115,Housenick - Obsessed.mp4,2025,English,1,Housenick,1,0,"Balanced,All Weather,All Season"
Take Your Chance,Take Your Chance,Housenick,"=""00:05:44""",Pop,120,Housenick - Take Your Chance.mp4,2026,English,1,Housenick,1,0,"Balanced,All Weather,All Season"
Dance Alone,Dance Alone,INNA x The Victor,"=""00:02:55""",Pop,125,INNA x The Victor - Dance Alone.mp4,2023,English,1,INNA x The Victor,1,0,"Upbeat,All Weather,All Season"
Jeff Schubert - One Stupid Owner (Official Music Video),Jeff Schubert - One Stupid Owner (Official Music Video),Jeff Schubert,"=""00:02:57""",Pop,126,Jeff Schubert - One Stupid Owner.mp4,2026,English,1,SMC,1,0,"Energetic,All Weather,All Season"
KARINA PETRO - BABYDRIVER (Official Music Video),KARINA PETRO - BABYDRIVER (Official Music Video),KARINA PETRO,"=""00:02:58""",Pop,135,KARINA PETRO - Babydrive.mp4,2026,English,1,SMC,1,0,"Energetic,All Weather,All Season"
Umbrella (Lyrics),Umbrella,Kav Verhouzer,"=""00:02:21""",Dance,118,Kav Verhouzer - Umbrella (Lyrics).mp4,2023,English,1,Kav Verhouzer,1,0,"Upbeat,All Weather,All Season,Youth/adult"
Afterglow,Afterglow,"Klangkarussell, Givven","=""00:06:18""",Electronic,113,"Klangkarussell, Givven - Afterglow.mp4",2024,English,1,Bias Beach Records,1,0,"Dance,House,Electronica,Upbeat,Chillout,Rainy,All Season,Youth/adult"
Loreen - Tattoo (Wekllez Remix) | Transformers,Loreen - Tattoo (Wekllez Remix) | Transformers,Loreen,"=""00:02:38""",Pop,123,Loreen - Tattoo (Wekllez Remix) Transformers.mp4,2023,English,1,SMC,1,0,"Balanced,All Weather,All Season"
Tattoo,Tattoo,Loreen,"=""00:03:37""",Pop,127,Loreen - Tattoo (Dj Dark & Mentol Remix).mp4,2023,English,1,Universal Music,1,0,"Trance,Europop,Mainstream,All Weather,All Season,Youth/adult"
Relax (Take It Easy),Live in Cartoon Motion,MIKA,"=""00:02:11""",Pop,122,"MIKA - Relax, Take It Easy (RUSAKOV Remix) It Chapter Two.mp4",2007,English,1,MIKA,1,0,"Balanced,All Weather,All Season"
"Relax, Take It Easy",A Collection of Great Music,MIKA,"=""00:02:11""",Pop,122,"MIKA - Relax, Take It Easy (Rusakov Remix).mp4",2007,English,1,Universal,1,0,"Mainstream,All Weather,All Season,Youth/adult"
Look into My Eyes,Look into My Eyes,Massane ft. Moglii,"=""00:02:28""",Pop,132,Massane ft. Moglii - Look into My Eyes.mp4,2026,English,1,SMC,1,0,"Energetic,All Weather,All Season"
Just The Way You Are (Lyrics),Just The Way You Are (David Guetta Remix),Milky x David Guetta,"=""00:03:01""",Dance,130,Milky x David Guetta - Just The Way You Are (Lyrics).mp4,2026,English,1,Ministry Of Sound,1,0,"House,Upbeat,All Weather,All Season,Youth/adult"
Come On Over,Come On Over,Moromo,"=""00:02:30""",Pop,94,Moromo - Come On Over.mp4,2026,English,1,Moromo,1,0,"Mainstream,All Weather,All Season,Youth/adult"
One Chase,One Chase,Mvdnes,"=""00:02:25""",Electronic,162,Mvdnes - One Chase.mp4,2023,English,1,[no label],1,0,"Electronica,Electro,Energetic,All Weather,All Season"
All I Need,All I Need,Notsobad,"=""00:03:21""",Pop,127,Notsobad - All I Need.mp4,2023,English,1,Selected.,1,0,"Energetic,All Weather,All Season"
New Ways To Love Now (Lyrics),New Ways To Love Now,"Nito-Onna, Poylux, Klement","=""00:02:30""",Dance,110,"Nito-Onna, Poylux, Klement - New Ways To Love Now (Lyrics).mp4",2024,English,1,"Nito-Onna, Poylux, Klement",1,0,"Upbeat,All Weather,All Season,Youth/adult"
Paul Kalkbrenner feat. Norma Jean Martine – Time To Dance (Official Video),Paul Kalkbrenner feat. Norma Jean Martine – Time To Dance (Official Video),Paul Kalkbrenner feat. Norma Jean Martine,"=""00:02:58""",Pop,135,Paul Kalkbrenner feat. Norma Jean Martine – Time To Dance.mp4,2026,English,1,SMC,1,0,"Upbeat,All Weather,All Season"
To The Ones,To the Ones,PJ,"=""00:03:38""",Pop,143,PJ - To The Ones.mp4,2026,English,1,PJ,1,0,"Energetic,All Weather,All Season"
Give Me Everything ft,Give Me Everything ft,Pitbull,"=""00:02:35""",Dance,128,"Pitbull - Give Me Everything ft. Ne-Yo, Afrojack, Nayer (dizzy l9ve remix) Herbie Fully Loan.mp4",2011,English,1,Pitbull,1,0,"Upbeat,All Weather,All Season,Youth/adult"
"Push Out - Tito Ice, Deny Nice (official video)","Push Out - Tito Ice, Deny Nice (official video)",Push Out,"=""00:03:30""",Electronic,128,"Push Out - Tito Ice, Deny Nice (official video).mp4",2026,English,1,SMC,1,0,"Dance,Electro,Upbeat,All Weather,All Season,Youth/adult"
RUSAKOV - HUSTLER | Godzilla x Kong,RUSAKOV - HUSTLER | Godzilla x Kong,RUSAKOV,"=""00:04:39""",Pop,100,RUSAKOV - HUSTLER Godzilla x Kong.mp4,2025,English,1,SMC,1,0,"Balanced,All Weather,All Season"
RUSAKOV - SAGA | The Avengers,RUSAKOV - SAGA | The Avengers,RUSAKOV,"=""00:04:36""",Pop,112,RUSAKOV - SAGA The Avengers.mp4,2024,English,1,SMC,1,0,"Balanced,All Weather,All Season"
Heal me,Heal Me,Regan Lili,"=""00:02:23""",Pop,126,Regan Lili - Heal me.mp4,2026,English,1,Regan Lili,1,0,"Energetic,All Weather,All Season"
One By One (feat. Oaks),One By One (feat. Oaks),Robin Schulz & Topic ft. Oaks,"=""00:02:41""",Dance,129,Robin Schulz & Topic ft. Oaks - One By One.mp4,2024,English,1,SMC,1,0,"Upbeat,All Weather,All Season,Youth/adult"
Hustler,HUSTLER,Rusakov,"=""00:04:39""",Pop,100,Rusakov - Hustler.mp4,2025,English,1,Rusakov,1,0,"Balanced,All Weather,All Season"
Saga,SAGA,Rusakov,"=""00:04:36""",Dance,112,Rusakov - Saga.mp4,2024,English,1,Rusakov,1,0,"Upbeat,All Weather,All Season,Youth/adult"
SOALEX - Somebody | Goosebumps,SOALEX - Somebody | Goosebumps,SOALEX,"=""00:03:56""",Electronic,99,SOALEX - Somebody Goosebumps.mp4,2025,English,1,SMC,1,0,"Dance,Ambient,Electronica,Upbeat,Rainy,All Season,Youth/adult"
Bigger Than Us,001 - Single,STARGUIDE,"=""00:03:49""",Pop,129,STARGUIDE - Bigger Than Us.mp4,2026,English,1,STARGUIDE,1,0,"Energetic,All Weather,All Season"
Wolves,Wolves,Selena Gomez & Marshmello,"=""00:03:10""",Electronic,125,Selena Gomez & Marshmello - Wolves (The Unique Remix).mp4,2024,English,1,"Interscope Records, Universal Music International",1,0,"Pop Dance,Upbeat,All Weather,All Season,Youth/adult"
Cry Me A River (Lyrics),Cry Me A River,"Shoby, Raphael DeLove","=""00:02:43""",Dance,122,"Shoby, Raphael DeLove - Cry Me A River (Lyrics).mp4",2023,English,1,"Shoby, Raphael DeLove",1,0,"Upbeat,All Weather,All Season,Youth/adult"
Somebody,Somebody,Soalex,"=""00:03:56""",Dance,99,Soalex - Somebody.mp4,2024,English,1,Soalex,1,0,"Ambient,Electronica,Upbeat,Rainy,All Season,Youth/adult"
Desert Rose,Brand New Day,Sting,"=""00:02:44""",Pop,120,Sting - Desert Rose (Dj Dark Remix).mp4,1999,English,1,A&M Records,1,0,"Mainstream,All Weather,All Season,Youth/adult"
"Storm - Tito Ice, Deny Nice (LIVE VIDEO)","Storm - Tito Ice, Deny Nice (LIVE VIDEO)",Storm,"=""00:03:55""",Pop,129,"Storm - Tito Ice, Deny Nice (LIVE VIDEO).mp4",2025,English,1,SMC,1,0,"Energetic,All Weather,All Season"
Bad Dreams,Bad Dreams,Teddy Swims,"=""00:02:53""",Pop,124,Teddy Swims - Bad Dreams (Dj Dark Remix).mp4,2024,English,1,Warner Records,1,0,"Rhythm & Blues,Mainstream,All Weather,All Season,Youth/adult"
The Door,I've Tried Everything But Therapy (Part 1),Teddy Swims,"=""00:03:06""",Pop,128,Teddy Swims - The Door (Dj Dark Remix).mp4,2024,English,1,Teddy Swims,1,0,"Mainstream,All Weather,All Season,Youth/adult"
Go,Go,The Chemical Brothers,"=""00:02:04""",Electronic,126,The Chemical Brothers - Go (CYRIL Remix).mp4,2015,English,1,Virgin EMI Records,1,0,"Big Beat,Electro,Energetic,All Weather,All Season"
TOBOLSKIY - LOVE | SKETCH,TOBOLSKIY - LOVE | SKETCH,Tobolsky,"=""00:02:37""",Electronic,110,Tobolsky - Love.mp4,2025,English,1,SMC,0,1,"Ambient,Electronica,Energetic,Chillout,Rainy,All Season"
Silence,Silence,Tom Ferry & Going Deeper & Sylvie,"=""00:03:42""",Electronic,128,Tom Ferry & Going Deeper & Sylvie - Silence.mp4,2024,English,1,Tom Ferry & Going Deeper & Sylvie,1,0,"Dance,House,Electro,Upbeat,All Weather,All Season,Youth/adult"
Lost,Lost,"Vintage Culture, Gabss","=""00:03:37""",Dance,128,"Vintage Culture, Gabss - Lost.mp4",2025,English,1,Affairs Records,1,0,"Progressive house,Upbeat,All Weather,All Season,Youth/adult"
Addicted,Addicted,Zerb & The Chainsmokers,"=""00:02:35""",Dance,119,Zerb & The Chainsmokers - Addicted.mp4,2024,English,1,ZERB & The Chainsmokers,1,0,"Upbeat,All Weather,All Season,Youth/adult"
mudekhar - Day and Night | Kong Skull Island,mudekhar - Day and Night | Kong Skull Island,mudekhar,"=""00:02:00""",Pop,114,mudekhar - Day and Night Kong Skull Island.mp4,2024,English,1,SMC,1,0,"Balanced,All Weather,All Season"
Day and Night,Day and Night,mudekhar,"=""00:02:00""",Dance,114,mudekhar - Day and Night.mp4,2023,English,1,mudekhar,1,0,"Upbeat,All Weather,All Season,Youth/adult"
Je T'Aime,Je T'Aime,DE SOFFER,"=""00:03:13""",Pop,123,DE SOFFER - Je T'Aime.mp4,2026,English,1,DE SOFFER,1,0,"Balanced,All Weather,All Season"
"Platform 2 by Rzn8Str - Dance on the edge of space and time, with Resonate Star #discovibes #summer","Platform 2 by Rzn8Str - Dance on the edge of space and time, with Resonate Star #discovibes #summer",Platform 2 by Rzn8Str,"=""00:03:36""",Pop,104,Platform 2 by Rzn8Str - Dance on the edge of space and time.mp4,2026,English,1,SMC,1,0,"Upbeat,All Weather,All Season"
Showtek Ft. Leon Sherman - Listen To Your Momma (Wildstylez Remix),Showtek Ft. Leon Sherman - Listen To Your Momma (Wildstylez Remix),Showtek,"=""00:02:47""",Electronic,149,Showtek Ft. Leon Sherman - Listen To Your Momma (Wildstylez Remix).mp4,2019,English,1,Showtek,1,0,"Energetic,All Weather,All Season"
Moonlight (Lyrics),Smooth Operator - Moonlight - Lyrics,Smooth Operator,"=""00:02:03""",Pop,130,Smooth Operator - Moonlight (Lyrics).mp4,2023,English,1,SMC,1,0,"Energetic,All Weather,All Season"
Tell Me Why,Tell Me Why,Supermode,"=""00:02:56""",Electronic,129,Supermode - Tell Me Why.mp4,2006,English,1,Data Records,1,0,"House,Upbeat,All Weather,All Season"
Zhurek,Zhurek,Adam,"=""00:03:19""",Pop,178,Adam Zhurek #adam #Zhurek.mp4,2023,English,1,Adam,1,0,"Mainstream,All Weather,All Season,Youth/adult"
That's My Name,That's My Name,Akcent,"=""00:04:14""",Electronic,129,Akcent - That's My Name.mp4,2010,English,1,Do It Yourself Entertainment,1,0,"House,Electro,Upbeat,All Weather,All Season"
All I need is love,All I need is love,Alan Murin,"=""00:03:24""",Pop,139,Alan Murin - All I need is love.mp4,2026,English,1,Alan Murin,1,0,"Mainstream,All Weather,All Season,Youth/adult"
Queen of Kings,Queen of Kings,Alessandra,"=""00:02:53""",Pop,129,Alessandra - Queen of Kings.mp4,2023,English,1,Universal Music AS,1,0,"Mainstream,All Weather,All Season,Youth/adult"
Eternity,"You'll Be Alright, Kid",Alex Warren,"=""00:03:25""",Pop,140,Alex Warren - Eternity.mp4,2025,English,1,Alex Warren,1,0,"Mainstream,All Weather,All Season,Youth/adult"
Fever dream,Fever Dream,Alex Warren,"=""00:04:10""",Pop,108,Alex Warren - Fever dream.mp4,2026,English,1,Atlantic,1,0,"Mainstream,All Weather,All Season,Youth/adult"
Ordinary,Ordinary,Alex Warren,"=""00:03:07""",Pop,111,Alex Warren - Ordinary.mp4,2025,English,1,Atlantic,1,0,"Ballad,Mainstream,All Weather,All Season,Youth/adult"
Passenger,WILDCHILD,Alex Warren,"=""00:02:47""",Pop,136,Alex Warren - Passenger.mp4,2026,English,1,Alex Warren,1,0,"Mainstream,All Weather,All Season,Youth/adult"
Mon Amour,Mon Amour,Annalisa,"=""00:03:24""",Pop,123,Annalisa - Mon Amour.mp4,2023,English,1,Warner Music Italy,1,0,"Disco,Mainstream,All Weather,All Season,Youth/adult"
Sinceramente,Sinceramente,Annalisa,"=""00:03:50""",Pop,126,Annalisa - Sinceramente.mp4,2024,English,1,"Warner Music Italy, Warner Music Group",1,0,"Mainstream,All Weather,All Season,Youth/adult"
Mirage,MIRAGE,"AriBeatz, Ozuna, Sfera Ebbasta, GIMS","=""00:03:32""",Pop,85,"AriBeatz, Ozuna, Sfera Ebbasta, GIMS - Mirage.mp4",2023,English,1,"AriBeatz, Ozuna, Sfera Ebbasta, GIMS",1,0,"Balanced,All Weather,All Season"
we can't be friends,eternal sunshine,Ariana Grande,"=""00:04:43""",Pop,115,Ariana Grande - we can't be friends (wait for your love).mp4,2024,English,1,Republic Records,1,0,"Mainstream,All Weather,All Season,Youth/adult"
Satisfaction,Satisfaction,Benny Benassi,"=""00:02:27""",Electronic,130,Benny Benassi - Satisfaction.mp4,2002,English,1,Submental Records,1,0,"House,Electro,Upbeat,All Weather,All Season"
Beautiful Things,Beautiful Things,Benson Boone,"=""00:03:13""",Pop,105,Benson Boone - Beautiful Things.mp4,2024,English,1,"Night Street Records, Warner Records",1,0,"Indie Pop,Mainstream,All Weather,All Season,Youth/adult"
Mystical Magical (Lyrics),American Heart,Benson Boone,"=""00:02:46""",Pop,120,Benson Boone - Mystical Magical (Lyrics).mp4,2025,English,1,Benson Boone,1,0,"Mainstream,All Weather,All Season,Youth/adult"
Slow It Down,Slow It Down,Benson Boone,"=""00:03:04""",Pop,91,Benson Boone - Slow It Down.mp4,2024,English,1,Benson Boone,1,0,"Mainstream,All Weather,All Season,Youth/adult"
BigXthaPlug - Cold feat. Post Malone (Official Music Video),BigXthaPlug - Cold feat. Post Malone (Official Music Video),BigXthaPlug,"=""00:03:08""",Pop,156,BigXthaPlug - Cold feat. Post Malone.mp4,2025,English,1,BigXthaPlug,1,0,"Energetic,All Weather,All Season"
Birds of a feather (Lyrics),HIT ME HARD AND SOFT,Billie Eilish,"=""00:03:31""",Alternative,105,Billie Eilish - Birds of a feather (Lyrics).mp4,2024,English,1,"Darkroom, Interscope Records",1,0,"Balanced,All Weather,All Season"
Lunch,HIT ME HARD AND SOFT,Billie Eilish,"=""00:03:23""",Alternative,124,Billie Eilish - Lunch.mp4,2024,English,1,Billie Eilish,1,0,"Balanced,All Weather,All Season"
What Was I Made For,What Was I Made For?,Billie Eilish,"=""00:04:09""",Pop,78,Billie Eilish - What Was I Made For.mp4,2023,English,1,"Darkroom, Interscope Records",1,0,"Ballad,Mainstream,All Weather,All Season,Youth/adult"
Wildflower,HIT ME HARD AND SOFT,Billie Eilish,"=""00:04:18""",Alternative,74,Billie Eilish - Wildflower.mp4,2024,English,1,Billie Eilish,1,0,"Calm,Rainy,All Season"
I Just Might,The Romantic,Bruno Mars,"=""00:03:33""",Pop,103,Bruno Mars - I Just Might.mp4,2026,English,1,Atlantic,1,0,"Mainstream,All Weather,All Season,Youth/adult"
Risk It All,The Romantic,Bruno Mars,"=""00:03:31""",Pop,172,Bruno Mars - Risk It All.mp4,2026,English,1,Bruno Mars,1,0,"Mainstream,All Weather,All Season,Youth/adult"
Stumblin' In (Lyrics),Stumblin' In,CYRIL,"=""00:03:33""",Dance,124,CYRIL - Stumblin' In (Lyrics).mp4,2023,English,1,Spinnin' Records,1,0,"House,Upbeat,All Weather,All Season,Youth/adult"
Wagwan,ALL ROADS LEAD HOME,Central Cee,"=""00:03:03""",Rap,140,Central Cee - Wagwan.mp4,2026,English,1,Central Cee,1,0,"Electronic,Energetic,All Weather,All Season"
Pink Pony Club (Lyrics),Pink Pony Club,Chappell Roan,"=""00:04:18""",Pop,107,Chappell Roan - Pink Pony Club (Lyrics).mp4,2024,English,1,"Amusement Records, Island Records",1,0,"Mainstream,All Weather,All Season,Youth/adult"
The Subway,The Subway,Chappell Roan,"=""00:04:31""",Pop,165,Chappell Roan - The Subway.mp4,2025,English,1,"Island Records, Amusement Records",1,0,"Ballad,Mainstream,All Weather,All Season,Youth/adult"
SS26,SS26,Charli xcx,"=""00:02:53""",Pop,133,Charli xcx - SS26.mp4,2026,English,1,Atlantic,1,0,"Mainstream,All Weather,All Season,Youth/adult"
party 4 u,how i'm feeling now,Charli xcx,"=""00:04:57""",Pop,162,Charli xcx - party 4 u.mp4,2020,English,1,Charli xcx,1,0,"Mainstream,All Weather,All Season,Youth/adult"
Ladada,Ladada (Mon Dernier Mot),Claude,"=""00:02:52""",Pop,118,Claude - Ladada (Mon Dernier Mot).mp4,2022,English,1,Cloud 9 Digital,1,0,"Pop Dance,Upbeat,All Weather,All Season,Youth/adult"
Who Knows (Lyrics),Son Of Spergy,Daniel Caesar,"=""00:03:46""",Singer Songwriter,121,Daniel Caesar - Who Knows (Lyrics).mp4,2025,English,1,Daniel Caesar,1,0,"Balanced,All Weather,All Season"
Sandstorm,Sandstorm,Darude,"=""00:03:52""",Electronic,136,Darude - Sandstorm.mp4,1999,English,1,Neo,0,1,"Trance,Energetic,All Weather,All Season"
Raindance,The Boy Who Played the Harp,Dave,"=""00:03:41""",Pop,143,Dave - Raindance.mp4,2025,English,1,Dave,1,0,"Upbeat,All Weather,All Season"
No Broke Boys (Lyrics),No Broke Boys,Disco Lines & Tinashe,"=""00:02:51""",Dance,130,Disco Lines & Tinashe - No Broke Boys (Lyrics).mp4,2025,English,1,"Nice Life, Atlantic",1,0,"House,Upbeat,All Weather,All Season,Youth/adult"
No Broke Boys,No Broke Boys,Disco Lines & Tinashe,"=""00:02:44""",Dance,131,Disco Lines & Tinashe - No Broke Boys.mp4,2025,English,1,"Nice Life, Atlantic",1,0,"House,Upbeat,All Weather,All Season,Youth/adult"
End Of Beginning (Lyrics),DECIDE,Djo,"=""00:02:40""",Alternative,161,Djo - End Of Beginning (Lyrics).mp4,2024,English,1,AWAL Recordings,1,0,"Alternative Rock,Alt-pop,Mainstream,All Weather,All Season,Youth/adult"
Gorgeous,Vie,Doja Cat,"=""00:04:27""",Pop,89,Doja Cat - Gorgeous.mp4,2025,English,1,Doja Cat,1,0,"Mainstream,All Weather,All Season,Youth/adult"
Jealous Type,Jealous Type,Doja Cat,"=""00:03:09""",Pop,121,Doja Cat - Jealous Type.mp4,2025,English,1,Doja Cat,1,0,"Mainstream,All Weather,All Season,Youth/adult"
Babydoll,"Don't Forget About Me, Demos [Explicit]",Dominic Fike,"=""00:01:38""",Alternative,165,Dominic Fike - Babydoll.mp4,2018,English,1,Dominic Fike,1,0,"Energetic,All Weather,All Season"
A Little More,A Little More,Ed Sheeran,"=""00:04:36""",Pop,148,Ed Sheeran - A Little More.mp4,2025,English,1,"Gingerbread Man Records, Atlantic",1,0,"Mainstream,All Weather,All Season,Youth/adult"
Azizam,Azizam,Ed Sheeran,"=""00:03:27""",Pop,128,Ed Sheeran - Azizam.mp4,2025,English,1,"Gingerbread Man Records, Atlantic",1,0,"Mainstream,All Weather,All Season,Youth/adult"
Sapphire,Sapphire,Ed Sheeran,"=""00:03:03""",Pop,94,Ed Sheeran - Sapphire.mp4,2025,English,1,Gingerbread Man Records,1,0,"Mainstream,All Weather,All Season,Youth/adult"
Stereo Love,Stereo Love,Edward Maya & Vika Jigulina,"=""00:04:13""",Electronic,128,Edward Maya & Vika Jigulina - Stereo Love.mp4,2009,English,1,Dance On The Beat,1,0,"House,Electro,Upbeat,All Weather,All Season"
Little Birds,Little Birds,Elizabeth Nichols,"=""00:02:31""",Pop,98,Elizabeth Nichols - Little Birds.mp4,2025,English,1,Elizabeth Nichols,1,0,"Balanced,All Weather,All Season"
Bonbon,Bonbon,Era Istrefi,"=""00:02:59""",Dance,95,Era Istrefi - Bonbon.mp4,2016,English,1,Catchy Tunes,1,0,"House,Deep House,Hip Hop,Dancehall,Tropical House,Upbeat,All Weather,All Season,Youth/adult"
Call On Me,Call On Me,Eric Prydz,"=""00:02:52""",Electronic,126,Eric Prydz - Call On Me.mp4,2004,English,1,"Data Records, Ministry Of Sound",1,0,"House,Electro House,Progressive house,Upbeat,All Weather,All Season"
EsDeeKid ft. Timothée Chalamet - 4 Raws Remix (Official Music Video),EsDeeKid ft. Timothée Chalamet - 4 Raws Remix (Official Music Video),EsDeeKid ft. Timothée Chalamet,"=""00:01:39""",Pop,144,EsDeeKid ft. Timothée Chalamet - 4 Raws Remix.mp4,2025,English,1,SMC,1,0,"Energetic,All Weather,All Season"
Cupid (Lyrics),The Beginning: Cupid,FIFTY FIFTy,"=""00:03:00""",Electronic,120,FIFTY FIFTy - Cupid (Lyric).mp4,2023,English,1,Attrakt,1,0,"K-pop,Pop Dance,Nu-Disco,Upbeat,All Weather,All Season,Youth/adult"
scared,scared,Fred again.. & Young Thug,"=""00:03:28""",Pop,126,Fred again.. & Young Thug - scared (brandon's night pt. 2).mp4,2026,English,1,Fred again.. & Young Thug,1,0,"Energetic,All Weather,All Season"
baby,baby,Gabriel Jacoby,"=""00:03:03""",Pop,84,Gabriel Jacoby - baby.mp4,2025,English,1,Gabriel Jacoby,1,0,"Balanced,All Weather,All Season"
the one,the one,Gabriel Jacoby,"=""00:02:26""",Pop,101,Gabriel Jacoby - the one.mp4,2025,English,1,Gabriel Jacoby,1,0,"Balanced,All Weather,All Season"
KATSEYE,NOW That's What I Call Music! 122 [Clean] [Clean],Gabriela,"=""00:03:18""",Pop,146,Gabriela - KATSEYE.mp4,2025,English,1,Capybara Piano,1,0,"Energetic,All Weather,All Season"
Dance Dance,Dance Dance,Gabry Ponte,"=""00:02:32""",Dance,124,Gabry Ponte - Dance Dance.mp4,2023,English,1,Gabry Ponte,1,0,"Upbeat,All Weather,All Season,Youth/adult"
Sailor Song,Sailor Song,Gigi Perez,"=""00:03:36""",Pop,126,Gigi Perez - Sailor Song.mp4,2025,English,1,Island Records,1,0,"Vocal,Mainstream,All Weather,All Season,Youth/adult"
Hit the Wall,Daughter from Hell,Gracie Abrams,"=""00:03:16""",Pop,161,Gracie Abrams - Hit the Wall.mp4,2026,English,1,Gracie Abrams,1,0,"Mainstream,All Weather,All Season,Youth/adult"
American Girls,"Kiss All The Time. Disco, Occasionally.",Harry Styles,"=""00:03:47""",Pop,102,Harry Styles - American Girls.mp4,2026,English,1,Harry Styles,1,0,"Mainstream,All Weather,All Season,Youth/adult"
Aperture,Aperture,Harry Styles,"=""00:05:51""",Pop,128,Harry Styles - Aperture.mp4,2026,English,1,Columbia,1,0,"Mainstream,All Weather,All Season,Youth/adult"
Dance No More,"Kiss All The Time. Disco, Occasionally.",Harry Styles,"=""00:03:21""",Pop,117,Harry Styles - Dance No More.mp4,2026,English,1,Harry Styles,1,0,"Upbeat,All Weather,All Season,Youth/adult"
Ruleta,Ruleta,INNA,"=""00:03:14""",Dance,101,INNA - Ruleta.mp4,2017,English,1,Global Records,1,0,"Pop Dance,Upbeat,All Weather,All Season,Youth/adult"
Up,Up,INNA x Sean Paul,"=""00:02:30""",Pop,98,INNA x Sean Paul - Up.mp4,2021,English,1,Global Records,1,0,"Mainstream,All Weather,All Season,Youth/adult"
Mantra,Mantra,JENNIE,"=""00:02:27""",Electronic,117,JENNIE - Mantra.mp4,2024,English,1,Columbia,1,0,"Freestyle,Electro,R&B,Pop Dance,Upbeat,All Weather,All Season,Youth/adult"
Eyes closed,EYES CLOSED,JISOO X ZAYN,"=""00:03:12""",Pop,148,JISOO X ZAYN - Eyes closed.mp4,2025,English,1,JISOO X ZAYN,1,0,"Energetic,All Weather,All Season"
They Don't Love It,Jackman.,Jack Harlow,"=""00:02:00""",Hip Hop,99,Jack Harlow - They Don't Love It.mp4,2023,English,1,Jack Harlow,1,0,"R&B,Balanced,All Weather,All Season"
Oh!,Songs for Young Lovers,Johnny Orlando,"=""00:02:27""",Pop,145,Johnny Orlando - Oh!.mp4,2026,English,1,Johnny Orlando,1,0,"Mainstream,All Weather,All Season,Youth/adult"
LED Moon,LED Moon,Jordan Joy,"=""00:03:18""",Alternative,111,Jordan Joy - LED Moon.mp4,2026,English,1,Jordan Joy,1,0,"Balanced,All Weather,All Season"
Yukon,SWAG,Justin Bieber,"=""00:03:03""",Pop,127,Justin Bieber - Yukon.mp4,2025,English,1,Justin Bieber,1,0,"Mainstream,All Weather,All Season,Youth/adult"
Golden (Lyrics),Golden,KPop Demon Hunters,"=""00:03:19""",Pop,123,KPop Demon Hunters - Golden (Lyrics).mp4,2025,English,1,KPop Demon Hunters,1,0,"Balanced,All Weather,All Season"
Boys in Skirts,American Teenage Prophecy - EP,Kid Sistr,"=""00:04:07""",Alternative,162,Kid Sistr - Boys in Skirts.mp4,2026,English,1,Kid Sistr,1,0,"Energetic,All Weather,All Season"
Gorgeous,Gorgeous,Kunmie & Lojay,"=""00:03:10""",Pop,86,Kunmie & Lojay - Gorgeous.mp4,2026,English,1,Kunmie & Lojay,1,0,"Balanced,All Weather,All Season"
Confession,Confession,Kunmie,"=""00:02:36""",Pop,185,Kunmie - Confession.mp4,2026,English,1,Kunmie,1,0,"Energetic,All Weather,All Season"
Les Menottes,Les menottes - Single,L'Algérino,"=""00:02:54""",Pop,95,L'Algérino - Les Menottes.mp4,2017,French,1,L'Algérino,1,0,"Balanced,All Weather,All Season"
Bloody Mary,Bloody Mary,Lady Gaga,"=""00:03:12""",Pop,129,Lady Gaga - Bloody Mary (TikTok Remix).mp4,2011,English,1,"Interscope Records, Streamline Records",1,0,"Hip-house,Electro,Synth-pop,Pop Dance,Upbeat,All Weather,All Season,Youth/adult"
Die With A Smile,Die With A Smile,"Lady Gaga, Bruno Mars","=""00:04:12""",Pop,104,"Lady Gaga, Bruno Mars - Die With A Smile.mp4",2024,English,1,"Interscope Records, Streamline Records",1,0,"Ballad,Mainstream,All Weather,All Season,Youth/adult"
Runway,Runway,"Lady Gaga, Doechii","=""00:02:58""",Pop,120,"Lady Gaga, Doechii - Runway.mp4",2026,English,1,"Interscope Records, Capitol Records",1,0,"Pop Dance,House,Upbeat,All Weather,All Season,Youth/adult"
All My Life,All My Life (Remixes),Lil Durk,"=""00:04:04""",Pop,143,Lil Durk - All My Life.mp4,2023,English,1,Lil Durk,1,0,"Energetic,All Weather,All Season"
What You Saying,What You Saying,Lil Uzi Vert,"=""00:03:02""",Hip Hop,129,Lil Uzi Vert - What You Saying.mp4,2025,English,1,Cor(e),1,0,"Jersey Club,Pop Rap,Mainstream,All Weather,All Season,Youth/adult"
Messy,Messy,Lola Young,"=""00:04:44""",Pop,111,Lola Young - Messy.mp4,2024,English,1,Island Records,1,0,"Indie Pop,Soul,Mainstream,All Weather,All Season,Youth/adult"
The Feeling,The Feeling,Lost Frequencies,"=""00:02:37""",Electronic,132,Lost Frequencies - The Feeling.mp4,2023,English,1,Epic Amsterdam,1,0,"House,Upbeat,All Weather,All Season,Youth/adult"
Back To You,Back To You,"Lost Frequencies, Elley Duhé, X Ambassadors","=""00:02:40""",Electronic,117,"Lost Frequencies, Elley Duhé, X Ambassadors - Back To You.mp4",2022,English,1,Epic Amsterdam,1,0,"House,Upbeat,All Weather,All Season,Youth/adult"
Mahmut Orhan - Feel feat. Sena Sener (Official Video) [Ultra Records],Feel [Radio Edit],Mahmut Orhan,"=""00:03:27""",Electronic,120,Mahmut Orhan - Feel feat. Sena Sener.mp4,2016,English,1,Ultra Music,1,0,"House,Progressive house,Upbeat,All Weather,All Season"
Mood,Mood - Single,Makar,"=""00:02:32""",Pop,124,Makar - Mood.mp4,2022,English,1,Makar,1,0,"Balanced,All Weather,All Season"
Earrings (Lyrics),Sweet Boy,Malcolm Todd,"=""00:02:32""",Alternative,156,Malcolm Todd - Earrings (Lyrics).mp4,2024,English,1,Malcolm Todd,1,0,"Energetic,All Weather,All Season"
Belong Together,Belong Together,Mark Ambor,"=""00:02:32""",Pop,185,Mark Ambor - Belong Together.mp4,2024,English,1,Mark Ambor,1,0,"Mainstream,All Weather,All Season,Youth/adult"
Flowers,Flowers,Miley Cyrus,"=""00:03:22""",Pop,118,Miley Cyrus - Flowers.mp4,2023,English,1,Columbia,1,0,"Mainstream,All Weather,All Season,Youth/adult"
Super Shy,Get Up,NewJeans,"=""00:03:21""",You Don't Even Know My Name Do Ya,150,NewJeans - Super Shy.mp4,2023,English,1,NewJeans,1,0,"Energetic,All Weather,All Season"
Dragostea Din Tei,DiscO-Zone,O-Zone,"=""00:04:46""",Pop,129,O-Zone - Dragostea Din Tei.mp4,2004,English,1,O-Zone,1,0,"Mainstream,All Weather,All Season,Youth/adult"
Overdrive feat. Norma Jean Martine,Overdrive (feat. Norma Jean Martine),Ofenbach,"=""00:02:59""",Pop,126,Ofenbach - Overdrive feat. Norma Jean Martine.mp4,2023,English,1,Ofenbach,1,0,"Energetic,All Weather,All Season"
Man I Need,Man I Need,Olivia Dean,"=""00:03:22""",Pop,118,Olivia Dean - Man I Need.mp4,2025,English,1,Capitol Records,1,0,"Mainstream,All Weather,All Season,Youth/adult"
Nice To Each Other,Nice To Each Other,Olivia Dean,"=""00:03:44""",Pop,130,Olivia Dean - Nice To Each Other.mp4,2025,English,1,Capitol Records,1,0,"Mainstream,All Weather,All Season,Youth/adult"
So Easy,The Art of Loving,Olivia Dean,"=""00:03:17""",Pop,142,Olivia Dean - So Easy (To Fall In Love).mp4,2025,English,1,Capitol Records,1,0,"Indie Pop,Neo Soul,Mainstream,All Weather,All Season,Youth/adult"
stupid song,you seem pretty sad for a girl so in love,Olivia Rodrigo,"=""00:03:37""",Pop,128,Olivia Rodrigo - stupid song.mp4,2026,English,1,Olivia Rodrigo,1,0,"Mainstream,All Weather,All Season,Youth/adult"
the cure,The Cure,Olivia Rodrigo,"=""00:05:14""",Pop,143,Olivia Rodrigo - the cure.mp4,2026,English,1,Geffen Records,1,0,"Indie Pop,Mainstream,All Weather,All Season,Youth/adult"
Nanana,Apple Music Live: NYE 2024,Peggy Gou,"=""00:02:44""",Dance,130,Peggy Gou - (It Goes Like) Nanana.mp4,2023,English,1,Apple Music,1,0,"Upbeat,All Weather,All Season,Youth/adult"
Girl Like Me,Fancy That,PinkPantheress,"=""00:02:37""",Pop,137,PinkPantheress - Girl Like Me.mp4,2025,English,1,Warner Records,1,0,"Mainstream,All Weather,All Season,Youth/adult"
Stateside,Stateside,PinkPantheress,"=""00:03:13""",Pop,123,PinkPantheress - Stateside.mp4,2026,English,1,Warner Records,1,0,"Pop Dance,Upbeat,All Weather,All Season,Youth/adult"
"""PINKY UP"" MV (Choreography Ver.) | KATSEYE","""PINKY UP"" MV (Choreography Ver.) | KATSEYE",Pinky Up,"=""00:02:21""",Pop,151,Pinky Up - Katseye.mp4,2026,English,1,SMC,1,0,"Energetic,All Weather,All Season"
Wine & Jiggle,Wine & Jiggle,Popcaan,"=""00:02:51""",Pop,92,Popcaan - Wine & Jiggle.mp4,2026,English,1,Popcaan,1,0,"Balanced,All Weather,All Season"
I Had Some Help,I Had Some Help,Post Malone,"=""00:03:21""",Pop,129,Post Malone - I Had Some Help.mp4,2024,English,1,"Mercury, Republic Records",1,0,"Country,Mainstream,All Weather,All Season,Youth/adult"
Where is my husband,Where Is My Husband!,RAYE,"=""00:03:18""",Pop,117,RAYE - Where is my husband.mp4,2025,English,1,Human Re Sources,1,0,"Contemporary Jazz,Mainstream,Rainy,All Season,Youth/adult"
Escapism.,Escapism. / The Thrill Is Gone.,"RAYE, 070 Shake","=""00:04:33""",Pop,95,"RAYE, 070 Shake - Escapism..mp4",2022,English,1,Human Re Sources,1,0,"Mainstream,All Weather,All Season,Youth/adult"
Berghain,Berghain,ROSALÍA ft. Björk & Yves Tumor,"=""00:03:27""",Pop,124,ROSALÍA ft. Björk & Yves Tumor - Berghain.mp4,2025,English,1,SMC,1,0,"Balanced,All Weather,All Season"
Love Me Not,Love Me Not,Ravyn Lenae,"=""00:03:39""",Funk / Soul,114,Ravyn Lenae - Love Me Not.mp4,2024,English,1,Atlantic,1,0,"R&B,Mainstream,All Weather,All Season,Youth/adult"
Ride It,Ride It,Regard,"=""00:03:54""",Dance,118,Regard - Ride It.mp4,2019,English,1,Ministry Of Sound,1,0,"Pop Dance,House,Upbeat,All Weather,All Season,Youth/adult"
Espresso,Espresso,Sabrina Carpenter,"=""00:03:21""",Pop,104,Sabrina Carpenter - Espresso.mp4,2024,English,1,Island Records,1,0,"Pop Dance,Bubblegum,Upbeat,All Weather,All Season,Youth/adult"
Manchild,Manchild,Sabrina Carpenter,"=""00:03:56""",Pop,123,Sabrina Carpenter - Manchild.mp4,2025,English,1,Island Records,1,0,"Pop Dance,Country,Disco,Upbeat,All Weather,All Season,Youth/adult"
Please Please Please,Please Please Please,Sabrina Carpenter,"=""00:04:23""",Pop,107,Sabrina Carpenter - Please Please Please.mp4,2024,English,1,Island Records,1,0,"Mainstream,All Weather,All Season,Youth/adult"
Tears,Man’s Best Friend,Sabrina Carpenter,"=""00:05:03""",Pop,112,Sabrina Carpenter - Tears.mp4,2025,English,1,Island Records,0,1,"Mainstream,All Weather,All Season,Youth/adult"
Rein Me In,Rein Me In,"Sam Fender, Olivia Dean","=""00:05:38""",Alternative,123,"Sam Fender, Olivia Dean - Rein Me In.mp4",2025,English,1,Polydor,1,0,"Pop Rock,Vocal,Mainstream,All Weather,All Season,Youth/adult"
Bushwick,BUSHWICK,Samara Cyn,"=""00:02:28""",Pop,132,Samara Cyn - Bushwick.mp4,2026,English,1,Samara Cyn,1,0,"Energetic,All Weather,All Season"
A Bar Song,A Bar Song (Tipsy),Shaboozey,"=""00:02:53""",Hip Hop,162,Shaboozey - A Bar Song (Tipsy).mp4,2024,English,1,"American Dogwood, Empire",1,0,"Country,Confident,All Weather,All Season,Youth/adult"
Dai Dai,Dai Dai,"Shakira, Burna Boy","=""00:04:00""",Latin,115,"Shakira, Burna Boy - Dai Dai.mp4",2026,English,1,Sony Music Latin,1,0,"Pop,Mainstream,Sunny,Summer,Youth/adult"
I Thought I Saw Your Face Today (Lyrics),Volume One,She & Him,"=""00:02:50""",Indie,163,She & Him - I Thought I Saw Your Face Today (Lyrics).mp4,2008,English,1,She & Him,1,0,"Fresh,All Weather,All Season"
You Broke Me,You Broke Me,Sierra,"=""00:01:41""",Pop,98,Sierra - You Broke Me.mp4,2026,English,1,Sierra,1,0,"Balanced,All Weather,All Season"
Walls,Walls,Sierra Spirit,"=""00:03:08""",Pop,103,Sierra Spirit - Walls.mp4,2026,English,1,Sierra Spirit,1,0,"Balanced,All Weather,All Season"
Everybody Knows,Justice League (Original Motion Picture Soundtrack),Sigrid,"=""00:02:28""",Pop,109,Sigrid - Everybody Knows (Mahmut Orhan Remix).mp4,2017,English,1,Danny Elfman,1,0,"Balanced,All Weather,All Season"
Family Matters,NOW That's What I Call Music! 122 [Clean] [Clean],Skye Newman,"=""00:02:58""",Pop,100,Skye Newman - Family Matters.mp4,2025,English,1,Skye Newman,1,0,"Balanced,All Weather,All Season"
Alors on danse,Alors On Danse,Stromae,"=""00:03:56""",Dance,118,Stromae - Alors on danse.mp4,2010,English,1,"Mosaert, Polydor, Universal Music France",1,0,"Hip Hop,Tech House,Upbeat,All Weather,All Season,Youth/adult"
Just Keep Watching,Just Keep Watching (From F1® The Movie),Tate McRae,"=""00:02:27""",Pop,130,Tate McRae - Just Keep Watching.mp4,2025,English,1,Atlantic,1,0,"Soundtrack,Mainstream,All Weather,All Season,Youth/adult"
Tit for tat (Lyrics),TIT FOR TAT,Tate McRae,"=""00:02:56""",Pop,166,Tate McRae - Tit for tat (Lyrics).mp4,2025,English,1,RCA,1,0,"Mainstream,All Weather,All Season,Youth/adult"
Fortnight,THE TORTURED POETS DEPARTMENT,Taylor Swift,"=""00:04:09""",Pop,96,Taylor Swift - Fortnight.mp4,2024,English,1,Republic Records,1,0,"Mainstream,All Weather,All Season,Youth/adult"
Opalite,The Life of a Showgirl,Taylor Swift,"=""00:06:00""",Pop,124,Taylor Swift - Opalite.mp4,2025,English,1,Republic Records,1,0,"Mainstream,All Weather,All Season,Youth/adult"
The Fate of Ophelia,The Life of a Showgirl,Taylor Swift,"=""00:03:58""",Pop,123,Taylor Swift - The Fate of Ophelia.mp4,2025,English,1,Republic Records,1,0,"Mainstream,All Weather,All Season,Youth/adult"
The Life of a Showgirl (Lyrics),The Life Of A Showgirl,Taylor Swift,"=""00:04:05""",Pop,156,Taylor Swift - The Life of a Showgirl (Lyrics).mp4,2025,English,1,Republic Records,1,0,"Synth-pop,Ballad,Downtempo,Soft Rock,Pop Dance,Upbeat,All Weather,All Season,Youth/adult"
Italodisco,Italodisco,The Kolors,"=""00:03:39""",Pop,122,The Kolors - Italodisco (Karaoke).mp4,2023,English,1,Warner Music Italy,1,0,"Disco,Europop,Mainstream,All Weather,All Season,Youth/adult"
1035,1035,Tiësto,"=""00:03:01""",Dance,118,Tiësto - 1035.mp4,2022,English,1,Tiësto,1,0,"Upbeat,All Weather,All Season,Youth/adult"
K-POP,K-Pop,"Travis Scott, Bad Bunny, The Weeknd","=""00:03:30""",Hip Hop,121,"Travis Scott, Bad Bunny, The Weeknd - K-POP.mp4",2023,English,1,"Cactus Jack, Epic",1,0,"Dancehall,Pop Rap,Afrobeat,R&B,Upbeat,Sunny,Summer,Youth/adult"
Chanel,CHANEL,Tyla,"=""00:03:09""",Pop,115,Tyla - Chanel.mp4,2026,English,1,"Epic, Fax Records, Sony Music",1,0,"Afrobeat,R&B,African,Mainstream,All Weather,All Season,Youth/adult"
SHE DID IT AGAIN (feat. Zara Larsson),SHE DID IT AGAIN (feat. Zara Larsson),Tyla,"=""00:03:35""",Pop,97,Tyla ft. Zara Larsson - She did it again.mp4,2026,English,1,Tyla,1,0,"Mainstream,All Weather,All Season,Youth/adult"
Show Me Love,Show Me Love,"WizTheMc, bees & honey","=""00:02:54""",Pop,107,"WizTheMc, bees & honey - Show Me Love.mp4",2025,English,1,Bamboo Artists,1,0,"Mainstream,All Weather,All Season,Youth/adult"
ZEP - DON'T BREAK (Official Music Video),ZEP - DON'T BREAK (Official Music Video),ZEP,"=""00:02:58""",Alternative,118,ZEP - Don't break.mp4,2026,English,1,ZEP,1,0,"Balanced,All Weather,All Season"
Moonboy,The Prototype,boombby,"=""00:03:07""",Pop,140,boombby - Moonboy.mp4,2026,English,1,Boombby,1,0,"Energetic,All Weather,All Season"
12 to 12,12 to 12,sombr,"=""00:04:03""",Disco,123,sombr - 12 to 12.mp4,2025,English,1,sombr,1,0,"Balanced,All Weather,All Season"
Homewrecker,Homewrecker,sombr,"=""00:04:14""",Pop,99,sombr - Homewrecker.mp4,2026,English,1,Warner Records,1,0,"Mainstream,All Weather,All Season,Youth/adult"
back to friends,back to friends,sombr,"=""00:03:22""",Pop,92,sombr - back to friends.mp4,2025,English,1,Warner Records,1,0,"Alt-pop,Mainstream,All Weather,All Season,Youth/adult"
undressed (Lyrics),undressed - Single,sombr,"=""00:03:02""",Pop,115,sombr - undressed (Lyrics).mp4,2025,English,1,Warner Records,1,0,"Mainstream,All Weather,All Season,Youth/adult"
Baby,Baby,Al Shami,"=""00:03:36""",Pop,106,Al Shami - Baby.mp4,2026,English,1,AL SHAMI,1,0,"Mainstream,All Weather,All Season,Youth/adult"
Headlights (feat. KIDDO),Headlights (feat. KIDDO),Alok & Alan Walker,"=""00:02:46""",Dance,100,Alok & Alan Walker - Headline.mp4,2022,English,1,Alok & Alan Walker,1,0,"Upbeat,All Weather,All Season,Youth/adult"
Forever Young,Forever Young,Alphaville,"=""00:03:43""",Pop,137,Alphaville - Forever Young.mp4,1984,English,1,WEA,1,0,"Synth-pop,Mainstream,All Weather,All Season,Youth/adult"
Desperado,Desperado,Annika,"=""00:03:13""",Pop,132,Annika - Desperado.mp4,2026,English,1,Annika,1,0,"Soul,Mainstream,All Weather,All Season,Youth/adult"
hate that i made you love me,hate that i made you love me,Ariana Grande,"=""00:05:00""",Pop,97,Ariana Grande - hate that i made you love me.mp4,2026,English,1,Republic Records,1,0,"Mainstream,All Weather,All Season,Youth/adult"
Copines,NAKAMURA,Aya Nakamura,"=""00:02:58""",Jay Te Amo,90,Aya Nakamura - Copines.mp4,2018,English,1,Rec. 118,1,0,"Balanced,All Weather,All Season"
Boten Anna,Now You're Gone - The Album,BASSHUNTER,"=""00:03:32""",Dance,140,BASSHUNTER - Boten Anna.mp4,2006,English,1,Basshunter,1,0,"Upbeat,All Weather,All Season,Youth/adult"
Dynamite,Dynamite,BTS,"=""00:03:43""",Pop,113,BTS - Dynamite.mp4,2020,English,1,Big Hit Entertainment,1,0,"K-pop,Mainstream,All Weather,All Season,Youth/adult"
Livin' On A Prayer,Slippery When Wet,Bon Jovi,"=""00:04:09""",Rock,123,Bon Jovi - Livin' On A Prayer.mp4,1986,English,1,Mercury,1,0,"Energetic,All Weather,All Season"
Holding Out For A Hero (Lyrics),Holding Out For A Hero,Bonnie Tyler,"=""00:05:48""",Rock,151,Bonnie Tyler - Holding Out For A Hero (Lyrics).mp4,1984,English,1,CBS,1,0,"Soft Rock,Power Pop,Theme,Mainstream,All Weather,All Season,Youth/adult"
It's A Heartache,It's A Heartache,Bonnie Tyler,"=""00:03:24""",Pop,118,Bonnie Tyler - It's A Heartache.mp4,1977,English,1,"RCA Victor, RCA",1,0,"Soft Rock,Pop Rock,Mainstream,All Weather,All Season,Youth/adult"
Total Eclipse of the Heart,Faster Than the Speed of Night,Bonnie Tyler,"=""00:05:34""",80s,129,Bonnie Tyler - Total Eclipse of the Heart (Turn Around).mp4,1983,English,1,CBS,1,0,"Energetic,All Weather,All Season"
Haaland Song,Haaland Song (Ha Ha Ha),CTID,"=""00:03:06""",Dance,132,CTID - Haaland Song (Ha Ha Ha).mp4,2024,English,1,Xploded,1,0,"House,Upbeat,All Weather,All Season,Youth/adult"
Kingdom of Fear,Deep Water,Cameron Whitcomb,"=""00:02:54""",Linedance Catalan,133,Cameron Whitcomb - Kingdom of Fear.mp4,2026,English,1,Cameron Whitcomb,1,0,"Upbeat,All Weather,All Season,Youth/adult"
Mi Chico,Mi Chico,Dj Goja,"=""00:01:56""",Electronic,112,Dj Goja - Mi Chico.mp4,2026,English,1,Gamma.,1,0,"Afrobeat,House,Upbeat,All Weather,All Season"
Y Que Fue,Y Que Fue,Don Miguelo,"=""00:02:44""",Pop,133,Don Miguelo - Y Que Fue.mp4,2020,English,1,Don Miguelo,1,0,"Energetic,All Weather,All Season"
Dans Med Mig,MGP 2017,Edward,"=""00:03:06""",Pop,118,Edward - Dans med mig (Live).mp4,2017,English,1,Edward,1,0,"Mainstream,All Weather,All Season,Youth/adult"
Choosin' Texas,Choosin’ Texas,Ella Langley,"=""00:07:01""",Country,114,Ella Langley - Choosin' Texas.mp4,2025,English,1,Ella Langley,1,0,"Balanced,All Weather,All Season"
Freaked out,FREAKED OUT,Fat Papi and prodshushy,"=""00:02:51""",Pop,166,Fat Papi and prodshushy - Freaked out.mp4,2026,English,1,Fat Papi and Prodshushy,1,0,"Energetic,All Weather,All Season"
Freed from desire,Freed From Desire,GALA,"=""00:03:34""",Dance,129,GALA - Freed from desire.mp4,1996,English,1,Nitelite Records,1,0,"Euro House,Italodance,Upbeat,All Weather,All Season,Youth/adult"
Ara Beni,H.,Hadise,"=""00:02:24""",Pop,132,Hadise - Ara Beni.mp4,2026,English,1,Hadise,1,0,"Mainstream,All Weather,All Season,Youth/adult"
It’s Me,MAMIHLAPINATAPAI,ILLIT,"=""00:02:26""",Pop,145,ILLIT - It’s Me.mp4,2026,English,1,ILLIT,1,0,"Energetic,All Weather,All Season"
World Cup,World Cup - Single,IShowSpeed,"=""00:04:29""",Pop,172,IShowSpeed - World Cup.mp4,2022,English,1,IShowSpeed,1,0,"Energetic,All Weather,All Season"
Like a Prayer (Lyrics),Like a Prayer,Josh Fawaz,"=""00:02:10""",Pop,126,Josh Fawaz - Like a Prayer (Lyrics).mp4,2026,English,1,Josh Fawaz,1,0,"Energetic,All Weather,All Season"
Beauty And A Beat,Believe,Justin Bieber,"=""00:04:53""",Pop,129,Justin Bieber - Beauty And A Beat.mp4,2012,English,1,Justin Bieber,1,0,"Mainstream,All Weather,All Season,Youth/adult"
The One That Got Away,Teenage Dream,Katy Perry,"=""00:04:50""",Pop,135,Katy Perry - The One That Got Away.mp4,2011,English,1,Katy Perry,1,0,"Mainstream,All Weather,All Season,Youth/adult"
"Kygo Jo - Flow Kingz, JMK w/ Lyng (Kygo Remix)","Kygo Jo - Flow Kingz, JMK w/ Lyng (Kygo Remix)",Kygo Jo,"=""00:02:33""",Pop,102,"Kygo Jo - Flow Kingz, JMK w Lyng (Kygo Remix).mp4",2026,English,1,SMC,1,0,"Balanced,All Weather,All Season"
Pilé,Pilé (Gospel),MAUVAIS DJO,"=""00:02:36""",Pop,130,MAUVAIS DJO - Pilé.mp4,2026,French,1,Z Agency,1,0,"Folk,World,& Country,Mainstream,All Weather,All Season,Youth/adult"
La Isla Bonita,True Blue,Madonna,"=""00:04:01""",Pop,100,Madonna - La Isla Bonita.mp4,1986,English,1,Sire,1,0,"Mainstream,All Weather,All Season,Youth/adult"
Family Affair,Family Affair,Mary J. Blige,"=""00:03:45""",R&B,92,Mary J. Blige - Family Affair.mp4,2001,English,1,MCA Records,1,0,"Smooth,All Weather,All Season"
Down Under,Down Under,Men At Work,"=""00:03:41""",Rock,107,Men At Work - Down Under.mp4,1982,English,1,CBS,1,0,"New Wave,Pop Rock,Mainstream,All Weather,All Season,Youth/adult"
Bad,Bad,Michael Jackson,"=""00:04:20""",Pop,113,Michael Jackson - Bad.mp4,1987,English,1,Epic,1,0,"Pop Rock,Soul,Funk,Pop Dance,Synth-pop,R&B,Upbeat,All Weather,All Season,Youth/adult"
Beat It,Beat It,Michael Jackson,"=""00:04:59""",Pop,138,Michael Jackson - Beat It.mp4,1983,English,1,Epic,1,0,"Pop Rock,Mainstream,All Weather,All Season,Youth/adult"
Billie Jean,Billie Jean,Michael Jackson,"=""00:04:56""",Pop,117,Michael Jackson - Billie Jean.mp4,2009,English,1,Epic,1,0,"Disco,Funk,Mainstream,All Weather,All Season,Youth/adult"
Chicago,Xscape,Michael Jackson,"=""00:04:07""",Pop,88,Michael Jackson - Chicago.mp4,2014,English,1,Michael Jackson,1,0,"Mainstream,All Weather,All Season,Youth/adult"
Dirty Diana,Bad 25th Anniversary,Michael Jackson,"=""00:05:06""",Pop,132,Michael Jackson - Dirty Diana.mp4,2012,English,1,Michael Jackson,1,0,"Mainstream,All Weather,All Season,Youth/adult"
Don't Stop 'Til You Get Enough,The Essential Michael Jackson,Michael Jackson,"=""00:04:13""",Pop,119,Michael Jackson - Don't Stop 'Til You Get Enough.mp4,1979,English,1,Michael Jackson,1,0,"Mainstream,All Weather,All Season,Youth/adult"
Human Nature,Human Nature,Michael Jackson,"=""00:04:27""",Pop,93,Michael Jackson - Human Nature.mp4,1983,English,1,Epic,1,0,"Ballad,Mainstream,All Weather,All Season,Youth/adult"
Smooth Criminal,Smooth Criminal,Michael Jackson,"=""00:09:26""",Pop,118,Michael Jackson - Smooth Criminal.mp4,1988,English,1,Epic,1,0,"Synth-pop,Mainstream,All Weather,All Season,Youth/adult"
They Don't Care About Us,They Don't Care About Us,Michael Jackson,"=""00:04:42""",Pop,178,Michael Jackson - They Don't Care About Us.mp4,2009,English,1,Epic,1,0,"Pop Rock,R&B,House,Upbeat,All Weather,All Season,Youth/adult"
Thriller,Thriller,Michael Jackson,"=""00:03:21""",Pop,118,Michael Jackson - Thriller.mp4,1982,English,1,Epic,1,0,"R&B,Disco,Soul,Mainstream,All Weather,All Season,Youth/adult"
EPIC VIKING SONG,EPIC VIKING SONG,NORTH WIND CALLS,"=""00:03:19""",Pop,185,NORTH WIND CALLS - EPIC VIKING SONG.mp4,2026,English,1,NORTH WIND CALLS,1,0,"Energetic,All Weather,All Season"
Say It Right,Loose,Nelly Furtado,"=""00:03:55""",Pop,117,Nelly Furtado - Say It Right.mp4,2006,English,1,Nelly Furtado,1,0,"Mainstream,All Weather,All Season,Youth/adult"
Cheerleader,Cheerleader (Remixes),OMI,"=""00:03:09""",Electronic,117,OMI - Cheerleader.mp4,2014,English,1,Omi,1,0,"Reggae,Energetic,All Weather,All Season"
Wonderwall,(What's the Story) Morning Glory?,Oasis,"=""00:04:39""",Rock,115,Oasis - Wonderwall.mp4,1995,English,1,Oasis,1,0,"Britpop,Mainstream,All Weather,All Season,Youth/adult"
Life Goes On,"Ugly is Beautiful: Shorter, Thicker & Uglier (Deluxe)",Oliver Tree,"=""00:03:27""",Alternative,162,Oliver Tree - Life Goes On.mp4,2021,English,1,Oliver Tree,1,0,"Energetic,All Weather,All Season"
No Lie,No Lie,Sean Paul,"=""00:03:49""",Reggae,101,Sean Paul - No Lie.mp4,2017,English,1,Island Records,1,0,"Dancehall,Upbeat,All Weather,All Season,Youth/adult"
Hips Don't Lie,Hips Don't Lie,Shakira,"=""00:03:38""",Hip Hop,99,Shakira - Hips Don't Lie.mp4,2006,English,1,Epic,1,0,"Rock,Latin,Pop,Mainstream,Sunny,Summer,Youth/adult"
La La La,Shakira. (Deluxe Version),Shakira,"=""00:03:30""",Pop,128,Shakira - La La La.mp4,2014,English,1,Shakira,1,0,"Energetic,All Weather,All Season"
Shakira - Waka Waka (This Time for Africa) (The Official 2010 FIFA World Cup™ Song),Sale el Sol,Shakira,"=""00:03:31""",Pop,127,Shakira - Waka Waka (This Time for Africa).mp4,2010,English,1,Shakira,1,0,"Energetic,All Weather,All Season"
"Whenever, Wherever",Laundry Service,Shakira,"=""00:03:16""",Pop,108,"Shakira - Whenever, Wherever.mp4",2009,English,1,Shakira,1,0,"Mainstream,All Weather,All Season,Youth/adult"
Cheap Thrills,This Is Acting,Sia,"=""00:03:38""",Pop,89,Sia - Cheap Thrills.mp4,2016,English,1,Sia,1,0,"Mainstream,All Weather,All Season,Youth/adult"
KIYAMAM,KIYAMAM,Sibel Can & Eypio,"=""00:02:28""",Pop,100,Sibel Can & Eypio - KIYAMAM.mp4,2026,English,1,Sibel Can & Eypio,1,0,"Mainstream,All Weather,All Season,Youth/adult"
Nothing's Gonna Stop Us Now,Nothing's Gonna Stop Us Now,Starship,"=""00:04:28""",Rock,96,Starship - Nothing's Gonna Stop Us Now.mp4,1987,English,1,Grunt,1,0,"Pop Rock,Synth-pop,Mainstream,All Weather,All Season,Youth/adult"
papaoutai,Racine carrée,Stromae,"=""00:03:53""",French,115,Stromae - papaoutai.mp4,2013,French,1,Stromae,1,0,"Balanced,All Weather,All Season"
Self Aware,Self Aware,Temper City,"=""00:03:01""",Alternative,162,Temper City - Self Aware.mp4,2026,English,1,Temper City,1,0,"Energetic,All Weather,All Season"
LET ME BE,LET ME BE,The Second Voice,"=""00:04:16""",Dance,113,The Second Voice - LET ME BE.mp4,2026,English,1,The Second Voice,1,0,"Upbeat,All Weather,All Season,Youth/adult"
Don't Tell Your Dreams (feat. Harry Nolan),Don't Tell Your Dreams (feat. Harry Nolan),Viral Music Zone,"=""00:02:22""",Pop,132,Viral Music Zone - Don't Tell Your Dreams.mp4,2026,English,1,Viral Music Zone,1,0,"Mainstream,All Weather,All Season,Youth/adult"
Lush Life,Lush Life,Zara Larsson,"=""00:03:22""",Pop,98,Zara Larsson - Lush Life.mp4,2015,English,1,"TEN Music Group, Epic, Black Butter Records, Sony Music",1,0,"Mainstream,All Weather,All Season,Youth/adult"
misery. (Lyrics),misery.,pupsies,"=""00:02:46""",I Miss That Kind Of Misery,118,pupsies - misery. (Lyrics).mp4,2026,English,1,pupsies,1,0,"Electro,Dance,Indie,Electronica,Upbeat,All Weather,All Season,Youth/adult"
ABSquared - Insane ft. Brian Maloney,ABSquared - Insane ft. Brian Maloney,ABSquared ft. Brian Maloney,"=""00:05:09""",Pop,111,ABSquared ft. Brian Maloney - Insane.mp4,2024,English,1,SMC,1,0,"Balanced,All Weather,All Season"
shake dat ahh (Lyrics),Shake Dat Ahh,Bossman Dlow,"=""00:02:59""",Pop,172,Bossman Dlow - shake dat ahh (Lyrics).mp4,2024,English,1,Bossman Dlow,1,0,"Energetic,All Weather,All Season"
butterflies,Icon,Brent Faiyaz,"=""00:04:02""",Pop,124,Brent Faiyaz - butterflies.mp4,2026,English,1,Brent Faiyaz,1,0,"Balanced,All Weather,All Season"
Like What (Freestyle),Like What (Freestyle),Cardi B,"=""00:02:16""",Pop,114,Cardi B - Like What (Freestyle).mp4,2024,English,1,Cardi B,1,0,"Balanced,All Weather,All Season"
Angel Numbers / Ten Toes,11:11,Chris Brown,"=""00:05:07""",Pop,157,Chris Brown - Angel Numbers Ten Toes.mp4,2023,English,1,Chris Brown,1,0,"Energetic,All Weather,All Season"
DaBaby - POP DAT THANG (Clean),DaBaby - POP DAT THANG (Clean),DaBaby,"=""00:02:20""",Pop,139,DaBaby - Pop that thgang.mp4,2026,English,1,DaBaby,1,0,"Mainstream,All Weather,All Season"
Temptation,Temptation,Dax,"=""00:03:05""",Pop,172,Dax - Temptation.mp4,2026,English,1,Dax,1,0,"Energetic,All Weather,All Season"
Anxiety (Lyrics),Anxiety,Doechii,"=""00:04:08""",Hip Hop,129,Doechii - Anxiety (Lyrics).mp4,2025,English,1,"Capitol Records, Top Dawg Entertainment",1,0,"Pop Rap,Mainstream,All Weather,All Season,Youth/adult"
Agora Hills (Lyrics),Scarlet,Doja Cat,"=""00:04:26""",R&B,123,Doja Cat - Agora Hills (Lyrics).mp4,2023,English,1,Doja Cat,1,0,"Balanced,All Weather,All Season"
Little Things,3,Ella Mai,"=""00:02:53""",Pop,136,Ella Mai - Little Things.mp4,2024,English,1,Ella Mai,1,0,"Energetic,All Weather,All Season"
Wanna Be (Lyrics),Wanna Be,"GloRilla, Megan Thee Stallion","=""00:02:37""",Hip Hop,135,"GloRilla, Megan Thee Stallion - Wanna Be (Lyrics).mp4",2024,English,1,"CMG, Interscope Records",1,0,"R&B,Confident,All Weather,All Season,Youth/adult"
Barbie World ) (Lyrics),Ice Spice & Nicki Minaj - Barbie World (Clean Lyrics),Ice Spice & Nicki Minaj,"=""00:01:50""",Pop,72,Ice Spice & Nicki Minaj - Barbie World Lyrics).mp4,2023,English,1,Ice Spice & Nicki Minaj,1,0,"Calm,Rainy,All Season"
Drip Too Lit,Drip Too Lit - Single,Jasper Boyz,"=""00:03:11""",Pop,102,Jasper Boyz - Drip Too Lit.mp4,2026,English,1,Jasper Boyz,1,0,"Balanced,All Weather,All Season"
More Than Friends,More Than Friends,Jay Mompre,"=""00:04:13""",Pop,85,Jay Mompre - More Than Friends.mp4,2026,English,1,Jay Mompre,1,0,"Balanced,All Weather,All Season"
My Name Is Jay Mompre,My Name Is Jay Mompre - Single,Jay Mompre,"=""00:01:11""",Pop,109,Jay Mompre - My Name Is Jay Mompre.mp4,2026,English,1,Jay Mompre,1,0,"Balanced,All Weather,All Season"
Kehlani,Kehlani,Jordan Adetunji,"=""00:02:20""",R&B,80,Jordan Adetunji - Kehlani.mp4,2024,English,1,300 Entertainment,1,0,"Hip Hop,Confident,All Weather,All Season,Youth/adult"
Empty Out Your Pockets,The Party Never Ends 2.0,Juice WRLD,"=""00:02:21""",Melodic Rap,92,Juice WRLD - Empty Out Your Pockets.mp4,2024,English,1,Juice WRLD,1,0,"Balanced,All Weather,All Season"
euphoria (Lyrics),euphoria,Kendrick Lamar,"=""00:06:24""",Hip Hop,140,Kendrick Lamar - euphoria (Lyrics).mp4,2024,English,1,Interscope Records,1,0,"Trap,Conscious,Confident,All Weather,All Season,Youth/adult"
Fuck U Thought,Fuck U Thought,Lil Durk,"=""00:03:20""",Pop,162,Lil Durk - Fuck U Thought.mp4,2023,English,1,Lil Durk,1,0,"Energetic,All Weather,All Season"
Bad Booty,Bad Booty,MIRA,"=""00:02:34""",Pop,120,MIRA - Bad Booty.mp4,2024,English,1,Mira,1,0,"Mainstream,All Weather,All Season,Youth/adult"
Come With Me,Come With Me,MIRA,"=""00:02:48""",Pop,116,MIRA - Come With Me.mp4,2023,English,1,Mira,1,0,"Mainstream,All Weather,All Season,Youth/adult"
Duro (Lyrics),Duro,MIRA,"=""00:02:45""",Pop,85,MIRA - Duro (Lyrics).mp4,2024,English,1,Mira,1,0,"Mainstream,All Weather,All Season,Youth/adult"
Don't say the words,Don't Say the Words,Manana,"=""00:03:45""",Pop,102,Manana - Don't say the words.mp4,2026,English,1,Manana,1,0,"Balanced,All Weather,All Season"
Call Your Friends,Call Your Friends,Rod Wave,"=""00:02:33""",Hip Hop,111,Rod Wave - Call Your Friends.mp4,2023,English,1,"Alamo Records, Sony Music",1,0,"Confident,All Weather,All Season,Youth/adult"
Checkmate (Lyrics),Nostalgia,Rod Wave,"=""00:03:18""",Pop,163,Rod Wave - Checkmate (Lyrics).mp4,2023,English,1,Rod Wave,1,0,"Energetic,All Weather,All Season"
Issues,Issues - Single,Rylai,"=""00:03:40""",Pop,123,Rylai - Issues.mp4,2026,English,1,Rylai,1,0,"Balanced,All Weather,All Season"
Semajrnb - Love Ain’t Fair (Official Music Video),Semajrnb - Love Ain’t Fair (Official Music Video),Semajrnb,"=""00:03:29""",Pop,151,Semajrnb - Love Ain’t Fair.mp4,2026,English,1,SMC,1,0,"Energetic,All Weather,All Season"
Two Feet,Two Feet,"Toesup, Smiley","=""00:02:52""",Dance,109,"Toesup, Smiley - Two Feet.mp4",2024,English,1,"Toesup, Smiley",1,0,"Upbeat,All Weather,All Season,Youth/adult"
MY EYES (Lyrics),UTOPIA,Travis Scott,"=""00:04:13""",Cloud Rap,117,Travis Scott - MY EYES (Lyrics).mp4,2023,English,1,Travis Scott,1,0,"Balanced,All Weather,All Season"
FE!N (Lyrics),FE!N,"Travis Scott, Playboi Carti & Sheck Wes","=""00:03:13""",Pop,147,"Travis Scott, Playboi Carti & Sheck Wes - FE!N (Lyrics).mp4",2023,English,1,"Travis Scott, Playboi Carti & Sheck Wes",1,0,"Energetic,All Weather,All Season"
Art,TYLA,Tyla,"=""00:02:46""",Pop,152,Tyla - Art.mp4,2024,English,1,Tyla,1,0,"Mainstream,All Weather,All Season,Youth/adult"
Push 2 start,TYLA +,Tyla,"=""00:02:38""",Pop,93,Tyla - Push 2 start.mp4,2024,English,1,Tyla,1,0,"Mainstream,All Weather,All Season,Youth/adult"
Water (Lyrics),Water,Tyla,"=""00:03:20""",Pop,115,Tyla - Water (Lyrics).mp4,2023,English,1,[no label],1,0,"Mainstream,All Weather,All Season,Youth/adult"
I Miss You (feat. Julia Michaels),I Miss You,Clean Bandit,"=""00:03:36""",Electronic,103,Clean Bandit - I Miss You.mp4,2017,English,1,Atlantic,1,0,"Pop Dance,Upbeat,All Weather,All Season,Youth/adult"
Heartless,Diplo Presents Thomas Wesley: Chapter 1 - Snake Oil,Diplo presents Thomas Wesley,"=""00:02:52""",Pop,111,Diplo presents Thomas Wesley - Heartless.mp4,2020,English,1,Diplo,1,0,"Balanced,All Weather,All Season"
Peer Pressure,Peer Pressure,James Bay ft. Julia Michaels,"=""00:03:01""",Alternative,136,James Bay ft. Julia Michaels - Peer Pressure.mp4,2019,English,1,James Bay,1,0,"Energetic,All Weather,All Season"
17,Frühlings Hits 2021,Julia Michaels,"=""00:03:06""",Pop,98,Julia Michaels - 17.mp4,2019,English,1,Julia Michaels,1,0,"Mainstream,All Weather,All Season,Youth/adult"
All Your Exes (Lyrics),New pop,Julia Michaels,"=""00:03:31""",Pop,112,Julia Michaels - All Your Exes (Lyrics).mp4,2021,English,1,Julia Michaels,1,0,"Mainstream,All Weather,All Season,Youth/adult"
All Your Exes,New pop,Julia Michaels,"=""00:03:36""",Pop,111,Julia Michaels - All Your Exes.mp4,2021,English,1,Julia Michaels,1,0,"Mainstream,All Weather,All Season,Youth/adult"
Apple,"Inner Monologue, Pt. 1 - EP",Julia Michaels,"=""00:02:43""",Pop,126,Julia Michaels - Apple.mp4,2019,English,1,Julia Michaels,1,0,"Mainstream,All Weather,All Season,Youth/adult"
Body,"Inner Monologue, Pt. 2",Julia Michaels,"=""00:03:02""",Pop,93,Julia Michaels - Body.mp4,2019,English,1,Julia Michaels,1,0,"Mainstream,All Weather,All Season,Youth/adult"
Deep,Inner Monologue Part 1,Julia Michaels,"=""00:02:47""",Pop,136,Julia Michaels - Deep.mp4,2019,English,1,Julia Michaels,1,0,"Mainstream,All Weather,All Season,Youth/adult"
Happy,Vaccine of Joy,Julia Michaels,"=""00:03:13""",Pop,126,Julia Michaels - Happy.mp4,2019,English,1,Julia Michaels,1,0,"Mainstream,All Weather,All Season,Youth/adult"
History,Not In Chronological Order,Julia Michaels,"=""00:02:19""",Pop,139,Julia Michaels - History.mp4,2021,English,1,Julia Michaels,1,0,"Mainstream,All Weather,All Season,Youth/adult"
If You Need Me,If You Need Me,Julia Michaels,"=""00:04:32""",Pop,147,Julia Michaels - If You Need Me.mp4,2019,English,1,Republic Records,1,0,"Mainstream,All Weather,All Season,Youth/adult"
Issues,Issues,Julia Michaels,"=""00:03:03""",Pop,113,Julia Michaels - Issues.mp4,2017,English,1,"Polydor, Universal Music",1,0,"Mainstream,All Weather,All Season,Youth/adult"
Lie Like This (Lyrics),Lie Like This,Julia Michaels,"=""00:03:39""",Pop,121,Julia Michaels - Lie Like This (Lyrics).mp4,2020,English,1,Julia Michaels,1,0,"Mainstream,All Weather,All Season,Youth/adult"
Lie Like This,Lie Like This,Julia Michaels,"=""00:03:43""",Pop,121,Julia Michaels - Lie Like This.mp4,2020,English,1,Julia Michaels,1,0,"Mainstream,All Weather,All Season,Youth/adult"
Little Did I Know,Not In Chronological Order,Julia Michaels,"=""00:03:39""",Pop,137,Julia Michaels - Little Did I Know.mp4,2021,English,1,Julia Michaels,1,0,"Mainstream,All Weather,All Season,Youth/adult"
Love Is Weird (Lyrics),Not in Chronological Order,Julia Michaels,"=""00:02:32""",Pop,112,Julia Michaels - Love Is Weird (Lyrics).mp4,2021,English,1,Julia Michaels,1,0,"Mainstream,All Weather,All Season,Youth/adult"
Orange Magic (Lyrics),Not In Chronological Order,Julia Michaels,"=""00:02:54""",Pop,162,Julia Michaels - Orange Magic (Lyrics).mp4,2021,English,1,Julia Michaels,1,0,"Mainstream,All Weather,All Season,Youth/adult"
Pessimist (Lyrics),Not In Chronological Order,Julia Michaels,"=""00:03:20""",Pop,137,Julia Michaels - Pessimist (Lyrics).mp4,2021,English,1,Julia Michaels,1,0,"Mainstream,All Weather,All Season,Youth/adult"
Priest,Inner Monologue Part 2,Julia Michaels,"=""00:03:18""",Pop,87,Julia Michaels - Priest.mp4,2019,English,1,Julia Michaels,1,0,"Mainstream,All Weather,All Season,Youth/adult"
Uh Huh,Nervous System,Julia Michaels,"=""00:03:29""",Pop,138,Julia Michaels - Uh Huh.mp4,2017,English,1,Republic Records,1,0,"Mainstream,All Weather,All Season,Youth/adult"
Undertone (Lyrics),Not In Chronological Order,Julia Michaels,"=""00:03:18""",Pop,147,Julia Michaels - Undertone (Lyrics).mp4,2021,English,1,Julia Michaels,1,0,"Electronica,Energetic,All Weather,All Season,Youth/adult"
Julia Michaels - What A Time (Acoustic) ft. Niall Horan,Julia Michaels - What A Time (Acoustic) ft. Niall Horan,Julia Michaels,"=""00:03:02""",Pop,126,Julia Michaels - What A Time (Acoustic) ft. Niall Horan.mp4,2019,English,1,Julia Michaels,1,0,"Mainstream,All Weather,All Season,Youth/adult"
Wrapped Around (Lyrics),Not In Chronological Order,Julia Michaels,"=""00:02:43""",Pop,123,Julia Michaels - Wrapped Around (Lyrics).mp4,2021,English,1,Julia Michaels,1,0,"Mainstream,All Weather,All Season,Youth/adult"
What A Time,What A Time,Julia Michaels ft. Niall Horan,"=""00:02:58""",Pop,133,Julia Michaels ft. Niall Horan - What A Time.mp4,2019,English,1,Julia Michaels,1,0,"Mainstream,All Weather,All Season,Youth/adult"
Jump,Jump,"Julia Michaels, Trippie Redd","=""00:03:35""",Pop,172,"Julia Michaels, Trippie Redd - Jump.mp4",2018,English,1,Julia Michaels,1,0,"Mainstream,All Weather,All Season,Youth/adult"
Coming Home (Lyrics),Coming Home,Keith Urban ft. Julia Michaels,"=""00:03:35""",Pop,96,Keith Urban ft. Julia Michaels - Coming Home(Lyrics).mp4,2018,English,1,Keith Urban,1,0,"Balanced,All Weather,All Season"
Carry Me (feat. Julia Michaels),Cloud Nine,Kygo,"=""00:03:15""",Pop,105,Kygo ft. Julia Michaels - Carry Me.mp4,2016,English,1,Kygo,1,0,"Balanced,All Weather,All Season"
Okay,Okay,"Lany, Julia Michaels","=""00:02:50""",Pop,120,"Lany, Julia Michaels - Okay.mp4",2019,English,1,Universal Music Group,1,0,"Indie Pop,Mainstream,All Weather,All Season,Youth/adult"
There's No Way,There's No Way,Lauv ft. Julia Michaels,"=""00:03:00""",Pop,147,Lauv ft. Julia Michaels - There's No Way.mp4,2018,English,1,SMC,1,0,"Mainstream,All Weather,All Season,Youth/adult"
Help Me Out (Lyrics),Help Me Out,"Maroon 5, Julia Michaels","=""00:03:12""",Pop,115,"Maroon 5, Julia Michaels - Help Me Out (Lyrics).mp4",2017,English,1,Universal Music,1,0,"Mainstream,All Weather,All Season,Youth/adult"
Dans mes bras,Tubes 2021,Kendji Girac,"=""00:03:16""",Pop,91,Kendji Girac - Dans mes bras.mp4,2021,English,1,Kendji Girac,1,0,"Balanced,All Weather,All Season"
Amor De Mis Amores,Vivre... (Noël acoustique),Kendji Girac,"=""00:03:18""",Pop,107,Kendji Girac - Amor De Mis Amores (guitare voix).mp4,2024,Spanish,1,Kendji Girac,1,0,"Balanced,All Weather,All Season"
Andalouse,Kendji,Kendji Girac,"=""00:03:23""",Pop,112,Kendji Girac - Andalouse.mp4,2015,English,1,Kendji Girac,1,0,"Balanced,All Weather,All Season"
Bebeto,Bebeto (Remix),Kendji Girac,"=""00:03:26""",Pop,111,Kendji Girac - Bebeto.mp4,2021,English,1,Island Def Jam,1,0,"Folk,Mainstream,All Weather,All Season,Youth/adult"
Besame (Lyrics),Ensemble (Deluxe Version),Kendji Girac,"=""00:03:30""",Pop,113,Kendji Girac - Besame (Lyrics).mp4,2015,English,1,Kendji Girac,1,0,"Balanced,All Weather,All Season"
C'est Trop,Ensemble (Deluxe Version),Kendji Girac,"=""00:02:56""",Pop,115,Kendji Girac - C'est Trop.mp4,2015,English,1,Kendji Girac,1,0,"Balanced,All Weather,All Season"
Kendji Girac chante par surprise sur un balcon parisien | Deezer Session,Kendji Girac chante par surprise sur un balcon parisien | Deezer Session,Kendji Girac,"=""00:07:57""",Pop,103,Kendji Girac - Chante par surprise sur un balcon parisien.mp4,2021,English,1,SMC,1,0,"Balanced,All Weather,All Season"
Color Gitano,Kendji,Kendji Girac,"=""00:03:15""",Pop,117,Kendji Girac - Color Gitano.mp4,2015,English,1,Kendji Girac,1,0,"Chanson,Vocal,Balanced,All Weather,All Season"
Comme avant,Vivre...,Kendji Girac,"=""00:03:10""",Pop,99,Kendji Girac - Comme avant (guitare voix).mp4,2024,English,1,Kendji Girac,1,0,"Balanced,All Weather,All Season"
Conmigo,Kendji,Kendji Girac,"=""00:03:06""",Latin,102,Kendji Girac - Conmigo.mp4,2015,English,1,Kendji Girac,1,0,"Pop,Mainstream,Sunny,Summer,Youth/adult"
Conquistador,Mi Vida (Edition de Noël),Kendji Girac,"=""00:03:41""",Pop,123,Kendji Girac - Conquistador.mp4,2021,French,1,Kendji Girac,1,0,"Balanced,All Weather,All Season"
Cool,Kendji,Kendji Girac,"=""00:03:20""",Pop,108,Kendji Girac - Cool.mp4,2015,English,1,Kendji Girac,1,0,"Balanced,All Weather,All Season"
Dernier métro,Dernier Métro,Kendji Girac,"=""00:03:51""",Latin,172,Kendji Girac - Dernier métro.mp4,2020,French,1,Def Jam Recordings France,1,0,"Pop,Mainstream,Sunny,Summer,Youth/adult"
Desperado,Desperado,Kendji Girac,"=""00:03:29""",Reggae,140,Kendji Girac - Desperado.mp4,2023,English,1,K7G Productions,1,0,"Reggae-pop,Mainstream,All Weather,All Season,Youth/adult"
Elle M'a Aimé,Kendji,Kendji Girac,"=""00:04:04""",Latin,117,Kendji Girac - Elle M'a Aimé.mp4,2015,French,1,Kendji Girac,1,0,"Pop,Mainstream,Sunny,Summer,Youth/adult"
Encore,L'école de la vie,Kendji Girac,"=""00:04:07""",Pop,148,Kendji Girac - Encore.mp4,2023,French,1,Kendji Girac,1,0,"Energetic,All Weather,All Season"
Eva,Eva,Kendji Girac,"=""00:03:23""",Pop,185,Kendji Girac - Eva (Acoustic).mp4,2022,English,1,K7G Productions,1,0,"Ballad,Mainstream,All Weather,All Season,Youth/adult"
Evidemment,Les plus belles voix Chérie FM 2021,Kendji Girac,"=""00:03:51""",Pop,163,Kendji Girac - Evidemment (Acoustic).mp4,2020,French,1,Kendji Girac,1,0,"Energetic,All Weather,All Season"
Habibi,Habibi,Kendji Girac,"=""00:02:09""",Pop,105,Kendji Girac - Habibi (Guitare Voix).mp4,2020,English,1,Island Def Jam,1,0,"Mainstream,All Weather,All Season,Youth/adult"
J’ai changé,J'ai Changé,Kendji Girac,"=""00:03:08""",Pop,98,Kendji Girac - J'ai changé (a cappella).mp4,2025,French,1,K7G Productions,1,0,"Mainstream,All Weather,All Season,Youth/adult"
Kendji Girac - Jamais trop tard - Paroles,Kendji Girac - Jamais trop tard - Paroles,Kendji Girac,"=""00:03:33""",Pop,106,Kendji Girac - Jamais trop tard - Paroles.mp4,2015,English,1,SMC,1,0,"Balanced,All Weather,All Season"
L' École de la vie,L'école de la vie,Kendji Girac,"=""00:03:05""",Pop,96,Kendji Girac - L' École de la vie.mp4,2022,French,1,"Universal Music Group, Island Records, Def Jam Recordings",1,0,"Flamenco,Mainstream,All Weather,All Season,Youth/adult"
La bohème,Kendji,Kendji Girac,"=""00:03:23""",Pop,92,Kendji Girac - La Boheme.mp4,2014,French,1,Kendji Girac,1,0,"Balanced,All Weather,All Season"
Le feu,L'école de la vie,Kendji Girac,"=""00:03:00""",Pop,178,Kendji Girac - Le Feu (Live).mp4,2023,French,1,Kendji Girac,1,0,"Energetic,All Weather,All Season"
Les yeux de la mama,Ensemble,Kendji Girac,"=""00:03:22""",Pop,178,Kendji Girac - Les yeux de la mama.mp4,2015,English,1,Kendji Girac,1,0,"Energetic,All Weather,All Season"
Ma câlina,Ensemble (Deluxe Version),Kendji Girac,"=""00:04:01""",Pop,101,Kendji Girac - Ma câlina.mp4,2016,French,1,Kendji Girac,1,0,"Balanced,All Weather,All Season"
Maria Maria,Maria Maria,Kendji Girac,"=""00:09:59""",Latin,92,Kendji Girac - Maria Maria.mp4,2018,English,1,Mercury,0,1,"Chanson,Flamenco,Mainstream,Sunny,Summer,Youth/adult"
Me Quemo,Ensemble,Kendji Girac,"=""00:03:24""",Latin,118,Kendji Girac - Me Quemo.mp4,2015,English,1,Kendji Girac,1,0,"Pop,Mainstream,Sunny,Summer,Youth/adult"
Oh ! Prends mon âme (Lyrics),Mi Vida,Kendji Girac,"=""00:04:09""",Pop,97,Kendji Girac - Oh ! Prends mon âme (Lyrics).mp4,2020,English,1,Kendji Girac,1,0,"Mainstream,All Weather,All Season,Youth/adult"
Petit Papa Noël,Petit Papa Noël,Kendji Girac,"=""00:04:01""",Pop,114,Kendji Girac - Petit Papa Noël.mp4,2018,French,1,Mercury Music Group,1,0,"Europop,Mainstream,All Weather,All Season,Youth/adult"
Pour oublier,Pour Oublier,Kendji Girac,"=""00:03:51""",Latin,123,Kendji Girac - Pour oublier.mp4,2018,English,1,Mercury,1,0,"Chanson,Flamenco,Mainstream,Sunny,Summer,Youth/adult"
Si seulement...,Si Seulement...,Kendji Girac,"=""00:02:58""",Pop,130,Kendji Girac - Si seulement (piano edit).mp4,2024,English,1,K7G Productions,1,0,"Ballad,Mainstream,All Weather,All Season,Youth/adult"
Sonrisa,Ensemble (Deluxe Version),Kendji Girac,"=""00:03:42""",Pop,99,Kendji Girac - Sonrisa.mp4,2016,English,1,Kendji Girac,1,0,"Balanced,All Weather,All Season"
Tiago,Amigo,Kendji Girac,"=""00:02:57""",Latin,123,Kendji Girac - Tiago.mp4,2018,English,1,"Island Records, Def Jam Recordings, Universal Music France",1,0,"Flamenco,Mainstream,Sunny,Summer,Youth/adult"
Tu Y Yo,Ensemble (Deluxe Version),Kendji Girac,"=""00:04:00""",Pop,100,Kendji Girac - Tu Y Yo.mp4,2016,English,1,Kendji Girac,1,0,"Balanced,All Weather,All Season"
Mi Amor,Kendji,Kendji Girac,"=""00:02:28""",Pop,144,Kendji Girac - Un Amor (Cover Gipsy Kings).mp4,2021,English,1,Kendji Girac,1,0,"Energetic,All Weather,All Season"
"Un, Dos, Tres","Un, Dos, Tres",Kendji Girac,"=""00:02:40""",Latin,129,"Kendji Girac - Un, Dos, Tres.mp4",2025,English,1,K7G Productions,1,0,"Europop,Mainstream,Sunny,Summer,Youth/adult"
Viens chez nous,Kendji,Kendji Girac,"=""00:03:31""",Pop,108,Kendji Girac - Viens chez nous.mp4,2014,English,1,Kendji Girac,1,0,"Balanced,All Weather,All Season"
Que Dieu me pardonne,Amigo,"Kendji Girac, Claudio Capeo","=""00:03:30""",Pop,105,"Kendji Girac, Claudio Capeo - Que Dieu me pardonne.mp4",2018,English,1,Kendji Girac,1,0,"Balanced,All Weather,All Season"
"Kendji Girac, Soolking, Naps - Bebeto (remix) ft Soprano",Bebeto (Remix),"Kendji Girac, Soolking, Naps","=""00:03:58""",Pop,111,"Kendji Girac, Soolking, Naps - Bebeto.mp4",2021,English,1,Island Def Jam,1,0,"Folk,Mainstream,All Weather,All Season,Youth/adult"
No Me Mirès Màs,No Me Mirès Màs,"Kendji Girac, Soprano","=""00:03:31""",Hip Hop,94,"Kendji Girac, Soprano - No Me Mirès Màs.mp4",2016,French,1,"Universal Licensing Music (ULM), Mercury Music Group, Universal Music France",1,0,"Reggaeton,Mainstream,Sunny,Summer,Youth/adult"
"Kendji girac , toi et moi !",Kendji Girac,Kendji Girac,"=""00:04:15""",Pop,130,Kendji girac - toi et moi !.mp4,2014,English,1,Kendji Girac,1,0,"Energetic,All Weather,All Season"
Golden Hour,Golden Hour,217HALO,"=""00:03:16""",Pop,99,217HALO - Golden Hour.mp4,2026,English,1,217HALO,1,0,"Balanced,All Weather,All Season"
GLOW,Tru,Aliza Li,"=""00:03:34""",Pop,133,Aliza Li - GLOW.mp4,2025,English,1,Aliza Li,1,0,"Energetic,All Weather,All Season"
Bloom,Bloom,Aqyila,"=""00:02:57""",Pop,105,Aqyila - Bloom.mp4,2024,English,1,Aqyila,1,0,"Balanced,All Weather,All Season"
Up Late,Shea Butter Baby,Ari Lennox,"=""00:04:28""",Pop,162,Ari Lennox - Up Late.mp4,2019,English,1,Ari Lennox,1,0,"Energetic,All Weather,All Season"
Strange,Not Your Muse (Deluxe),Celeste,"=""00:03:30""",Pop,112,Celeste - Strange.mp4,2019,English,1,Celeste,1,0,"Mainstream,All Weather,All Season,Youth/adult"
Sweet Blue,Sweet Blue,Cleo Sol,"=""00:04:04""",Pop,81,Cleo Sol - Sweet Blue.mp4,2019,English,1,Cleo Sol,1,0,"Balanced,All Weather,All Season"
Disillusioned (Lyrics),NEVER ENOUGH,Daniel Caesar,"=""00:03:59""",Pop,97,Daniel Caesar - Disillusioned (Lyrics).mp4,2023,English,1,Daniel Caesar,1,0,"Balanced,All Weather,All Season"
Superpowers ) (Lyrics),NEVER ENOUGH (Bonus Version),Daniel Caesar,"=""00:02:54""",Pop,108,Daniel Caesar - Superpowers (Lyrics)).mp4,2023,English,1,Daniel Caesar,1,0,"Balanced,All Weather,All Season"
Toronto 2014 ) (Lyrics),Toronto 2014,Daniel Caesar,"=""00:04:38""",Pop,135,Daniel Caesar - Toronto 2014 (Lyrics)).mp4,2023,English,1,Daniel Caesar,1,0,"Energetic,All Weather,All Season"
Debbie - Cousins Car ft. BERWYN,Debbie - Cousins Car ft. BERWYN,Debbie,"=""00:02:45""",Pop,89,Debbie ft. Berwyn - Cousins Car.mp4,2022,English,1,Debbie,1,0,"Balanced,All Weather,All Season"
You Gotta Be,Supernatural,Des'ree,"=""00:04:01""",Pop,95,Des'ree - You Gotta Be.mp4,1994,English,1,Des'ree,1,0,"Balanced,All Weather,All Season"
LIVID,Livid - Single,ELIZA,"=""00:04:13""",Pop,88,ELIZA - LIVID.mp4,2018,English,1,ELIZA,1,0,"Rhythm & Blues,Mainstream,All Weather,All Season,Youth/adult"
Crystal Tears,Crystal Tears,Elmiene,"=""00:05:52""",Pop,172,Elmiene - Crystal Tears.mp4,2024,English,1,Elmiene,1,0,"Energetic,All Weather,All Season"
Diane,Marking My Time (Again),Elmiene,"=""00:03:21""",Pop,136,Elmiene - Diane.mp4,2023,English,1,Elmiene,1,0,"Energetic,All Weather,All Season"
Someday,Marking My Time,Elmiene,"=""00:03:05""",Pop,132,Elmiene - Someday (Live).mp4,2023,English,1,Elmiene,1,0,"Energetic,All Weather,All Season"
Sweetness,Sweetness,Elmiene,"=""00:04:39""",Pop,143,Elmiene - Sweetness.mp4,2024,English,1,Elmiene,1,0,"Energetic,All Weather,All Season"
Erykah Badu - Love Of My Life (An Ode To Hip Hop) ft. Common,Erykah Badu - Love Of My Life (An Ode To Hip Hop) ft. Common,Erykah Badu,"=""00:04:28""",Pop,89,Erykah Badu - Love Of My Life (An Ode To Hip Hop) ft. Common.mp4,2013,English,1,Erykah Badu,1,0,"Confident,All Weather,All Season"
On & On,On & On,Erykah Badu,"=""00:04:41""",Soul,80,Erykah Badu - On & On (Remix Edit).mp4,1997,English,1,Universal Records,1,0,"R&B,Drum N Bass,Smooth,All Weather,All Season"
Love Like Ours,Love Like Ours,Estelle,"=""00:03:58""",Reggae,166,Estelle - Love Like Ours.mp4,2017,English,1,VP Records,1,0,"Dancehall,Dub,Upbeat,All Weather,All Season,Youth/adult"
The First Time I Got High,The First Time I Got High,Femi Tahiru,"=""00:03:32""",Pop,155,Femi Tahiru - The First Time I Got High.mp4,2023,English,1,Femi Tahiru,1,0,"Energetic,All Weather,All Season"
Say Yes,Floetic,Floetry,"=""00:04:00""",Pop,118,Floetry - Say Yes.mp4,2002,English,1,Floetry,1,0,"Balanced,All Weather,All Season"
Jezebel,BELOVED: ACT II,GIVĒON,"=""00:04:21""",Pop,105,GIVĒON - Jezebel.mp4,2026,English,1,GIVĒON,1,0,"Balanced,All Weather,All Season"
Crazy,St. Elsewhere,Gnarls Barkley,"=""00:03:01""",Soul,112,Gnarls Barkley - Crazy.mp4,2006,English,1,Gnarls Barkley,1,0,"Warm,All Weather,All Season"
Nah It Ain't The Same,Nah It Ain't The Same - Single,Greentea Peng,"=""00:04:15""",Alternative,85,Greentea Peng - Nah It Ain't The Same.mp4,2021,English,1,AMF Records,1,0,"R&B,Neo Soul,Downtempo,Smooth,All Weather,All Season"
Queeen Dem,Queeen Dem,Harleighblu & Bluestaeb,"=""00:03:14""",Pop,91,Harleighblu & Bluestaeb - Queeen Dem.mp4,2019,English,1,Bluestaeb,1,0,"Balanced,All Weather,All Season"
Won't Work,Truth Ep. 2,IYAMAH,"=""00:03:11""",Pop,84,IYAMAH - Won't Work.mp4,2020,English,1,Iyamah,1,0,"Balanced,All Weather,All Season"
For no reason,We Used to Dream,Jake Isaac,"=""00:03:09""",Pop,125,Jake Isaac - For no reason.mp4,2023,English,1,Jake Isaac,1,0,"Energetic,All Weather,All Season"
Little Blue Moon,Little Blue Moon,Jaz Karis,"=""00:02:48""",Pop,104,Jaz Karis - Little Blue Moon.mp4,2023,English,1,Jaz Karis,1,0,"Balanced,All Weather,All Season"
Baby Powder,Division,Jenevieve,"=""00:03:01""",Funk / Soul,155,Jenevieve - Baby Powder.mp4,2021,English,1,Joyface Records,1,0,"Warm,All Weather,All Season"
By Any Means,By Any Means,Jorja Smith,"=""00:04:57""",Funk / Soul,104,Jorja Smith - By Any Means.mp4,2020,English,1,FAMM,1,0,"R&B,Neo Soul,Smooth,All Weather,All Season"
Feelings,Feelings,Jorja Smith,"=""00:05:13""",Pop,95,Jorja Smith - Feelings.mp4,2023,English,1,Jorja Smith,1,0,"Balanced,All Weather,All Season"
Teenage Fantasy,Teenage Fantasy,Jorja Smith,"=""00:04:29""",Pop,87,Jorja Smith - Teenage Fantasy.mp4,2017,English,1,Jorja Smith,0,1,"Balanced,All Weather,All Season"
Feet Don't Fail Me Now,Skin,Joy Crookes,"=""00:03:19""",Pop,112,Joy Crookes - Feet Don't Fail Me Now.mp4,2021,English,1,Joy Crookes,1,0,"Mainstream,All Weather,All Season,Youth/adult"
Jungle - Pretty Little Thing feat. Bas (Official Video),Jungle - Pretty Little Thing feat. Bas (Official Video),Jungle,"=""00:03:23""",Pop,83,Jungle - Pretty Little Thing feat. Bas.mp4,2023,English,1,Jungle,1,0,"Balanced,All Weather,All Season"
Lover & Friend,Lover & Friend,Kadeem Tyrell,"=""00:03:06""",Pop,163,Kadeem Tyrell - Lover & Friend.mp4,2023,English,1,Kadeem Tyrell,1,0,"Energetic,All Weather,All Season"
"Kali Uchis - After The Storm ft. Tyler, The Creator, Bootsy Collins",After The Storm,Kali Uchis,"=""00:03:29""",Pop,155,"Kali Uchis - After The Storm ft. Tyler, The Creator, Bootsy Collins.mp4",2018,English,1,Kali Uchis,1,0,"Energetic,All Weather,All Season"
I Wish you Roses,I Wish You Roses,Kali Uchis,"=""00:03:44""",Psychedelic Soul,143,Kali Uchis - I Wish you Roses.mp4,2023,English,1,Kali Uchis,1,0,"Warm,All Weather,All Season"
Moonlight,Red Moon In Venus,Kali Uchis,"=""00:03:08""",Funk,136,Kali Uchis - Moonlight.mp4,2023,English,1,Kali Uchis,1,0,"Energetic,All Weather,All Season"
Outstanding,Outstanding,Kenny Thomas,"=""00:03:55""",Funk / Soul,101,Kenny Thomas - Outstanding.mp4,1990,English,1,Cooltempo,1,0,"Downtempo,Soul,R&B,Smooth,All Weather,All Season"
Lost A Little,Am I an Adult Yet?,Lizzie Berchie,"=""00:02:41""",Pop,88,Lizzie Berchie - Lost A Little.mp4,2023,English,1,Lizzie Berchie,1,0,"Balanced,All Weather,All Season"
Lynden David Hall - Do I Qualify? (1997) - Official music video / videoclip,Lynden David Hall - Do I Qualify? (1997) - Official music video / videoclip,Lynden David Hall,"=""00:03:43""",Pop,84,Lynden David Hall - Do I Qualify (1997) - Official.mp4,2013,English,1,Lynden David Hall,1,0,"Balanced,All Weather,All Season"
Love Again (Lyrics),Love Again - Single,MIRA,"=""00:02:47""",Pop,151,MIRA - Love Again (Lyrics).mp4,2024,English,1,Mira,1,0,"Energetic,All Weather,All Season"
Waiting For You (feat. Naomi Sharon),Waiting For You,Majid Jordan,"=""00:03:40""",Funk / Soul,164,Majid Jordan - Waiting For You (ft. Naomi Sharon).mp4,2023,English,1,"OVO Sound, Warner Records",1,0,"R&B,Smooth,All Weather,All Season"
Far Away,Far Away,Marsha Ambrosius,"=""00:04:33""",Funk / Soul,139,Marsha Ambrosius - Far Away.mp4,2011,English,1,J Records,1,0,"R&B,Smooth,All Weather,All Season"
Tadow,Tadow,Masego & FKJ,"=""00:03:47""",Electronic,123,Masego & FKJ - Tadow.mp4,2017,English,1,Not On Label,1,0,"Future Jazz,Neo Soul,Energetic,All Weather,All Season"
Mystery Lady,Mystery Lady,"Masego, Don Toliver","=""00:03:51""",Hip Hop,152,"Masego, Don Toliver - Mystery Lady.mp4",2020,English,1,"EQT Recordings, Capitol Records",1,0,"R&B,Smooth,All Weather,All Season,Youth/adult"
Tadow (Lyrics),Tadow,"Masego, FKJ","=""00:05:34""",Electronic,123,"Masego, FKJ - Tadow (Lyrics).mp4",2017,English,1,Not On Label,0,1,"Future Jazz,Neo Soul,Energetic,All Weather,All Season"
Good Man,Don't Forget to Look Up,Maverick Sabre,"=""00:03:29""",Pop,155,Maverick Sabre - Good Man.mp4,2022,English,1,Maverick Sabre,1,0,"Energetic,All Weather,All Season"
Ascension,Ascension (Don't Ever Wonder) The Tribute,Maxwell,"=""00:04:16""",Electronic,96,Maxwell - Ascension (Don't Ever Wonder).mp4,1996,English,1,Columbia,1,0,"Dub,Downtempo,Neo Soul,Energetic,All Weather,All Season"
Breathe Life Into Me,So Good (Deluxe Edition),Mica Paris,"=""00:04:09""",Pop,89,Mica Paris - Breathe Life Into Me.mp4,2011,English,1,Mica Paris,1,0,"Balanced,All Weather,All Season"
Half Love,Half Love,Morskov & Angelique Jackson,"=""00:02:46""",Pop,90,Morskov & Angelique Jackson - Half Love (LIVE).mp4,2026,English,1,Morskov & Angelique Jackson,1,0,"Balanced,All Weather,All Season"
Black And White,Zulu Man With Some Power,"Nasty C, Ari Lennox","=""00:03:37""",Pop,143,"Nasty C, Ari Lennox - Black And White.mp4",2020,English,1,Nasty C,1,0,"Energetic,All Weather,All Season"
Pools,Free,Natalie Duncan,"=""00:03:26""",Pop,130,Natalie Duncan - Pools.mp4,2020,English,1,Natalie Duncan,1,0,"Energetic,All Weather,All Season"
Give Up The Fear,Give Up The Fear,Nia Smith,"=""00:03:18""",Funk / Soul,90,Nia Smith - Give Up The Fear.mp4,2024,English,1,Polydor Records,1,0,"Soul,Warm,All Weather,All Season"
Messy,Messy,Olivia Dean,"=""00:04:20""",Funk / Soul,145,Olivia Dean - Messy (Live).mp4,2023,English,1,EMI,1,0,"Pop,Mainstream,All Weather,All Season,Youth/adult"
Time,Time,Olivia Dean,"=""00:03:47""",Pop,172,Olivia Dean - Time.mp4,2024,English,1,EMI,1,0,"Mainstream,All Weather,All Season,Youth/adult"
Pass It On,The Anthology,Omar,"=""00:04:15""",Pop,99,Omar - Pass It On.mp4,2020,English,1,Omar,1,0,"Balanced,All Weather,All Season"
There's Nothing Like This,There's Nothing Like This,Omar,"=""00:04:01""",Electronic,144,Omar - There's Nothing Like This.mp4,1991,English,1,"Talkin' Loud, Kongo Dance",1,0,"Downtempo,Energetic,All Weather,All Season"
Where Did It All Go Wrong (Live),Where Did It All Go Wrong? (Live),Saint Joshua,"=""00:03:38""",Pop,164,Saint Joshua - Where Did It All Go Wrong (Live).mp4,2023,English,1,Saint Joshua,1,0,"Energetic,All Weather,All Season"
Sweet Distraction,Sweet Distraction,"Sam Wills, Kofi Stone, Jake Milliner","=""00:03:30""",Pop,84,"Sam Wills, Kofi Stone, Jake Milliner - Sweet Distraction.mp4",2022,English,1,"Sam Wills, Kofi Stone, Jake Milliner",1,0,"Balanced,All Weather,All Season"
All Good (Lyrics),All Good - Single,Samm Henshaw,"=""00:02:49""",Pop,162,Samm Henshaw - All Good (Lyrics).mp4,2020,English,1,Samm Henshaw,1,0,"Energetic,All Weather,All Season"
Hold Up,Hold Up - Single,Sasha Keable,"=""00:02:28""",Pop,88,Sasha Keable - Hold Up.mp4,2024,English,1,Sasha Keable,1,0,"Balanced,All Weather,All Season"
Take Your Time,Take Your Time,Sasha Keable,"=""00:03:56""",Pop,165,Sasha Keable - Take Your Time.mp4,2024,English,1,Sasha Keable,1,0,"Energetic,All Weather,All Season"
Killing Me,Intermission,"Sasha Keable, Jorja Smith","=""00:03:27""",Pop,79,"Sasha Keable, Jorja Smith - Killing Me.mp4",2021,English,1,"Sasha Keable, Jorja Smith",1,0,"Calm,Rainy,All Season"
Don't Mind,Don't Mind,Sentury,"=""00:04:42""",Pop,114,Sentury - Don't Mind.mp4,2026,English,1,Sentury,1,0,"Balanced,All Weather,All Season"
SiR - John Redcorn | A COLORS SHOW,SiR - John Redcorn | A COLORS SHOW,SiR,"=""00:03:34""",Pop,143,SiR - John Redcorn A colours show.mp4,2019,English,1,SiR,1,0,"Energetic,All Weather,All Season"
Stickin,Stickin',Sinead Harnett,"=""00:03:15""",Funk / Soul,83,Sinead Harnett - Stickin.mp4,2020,English,1,Thairish Limited,1,0,"R&B,Vocal,Mainstream,All Weather,All Season,Youth/adult"
I Want You Around,I Want You Around,Snoh Aalegra,"=""00:03:54""",Funk / Soul,84,Snoh Aalegra - I Want You Around.mp4,2019,English,1,ARTium Recordings,1,0,"R&B,Smooth,All Weather,All Season"
Whoa,"- Ugh, those feels again",Snoh Aalegra,"=""00:03:21""",Pop,94,Snoh Aalegra - Whoa.mp4,2019,English,1,ARTium Recordings,1,0,"R&B,Smooth,All Weather,All Season"
Back To Life,Keep On Movin',Soul II Soul,"=""00:03:53""",Pop,101,Soul II Soul - Back To Life (However Do You Want Me).mp4,1989,English,1,Soul II Soul,1,0,"Balanced,All Weather,All Season"
Helmet,Gemini Rights,Steve Lacy,"=""00:03:34""",Neo Soul,97,Steve Lacy - Helmet.mp4,2022,English,1,Steve Lacy,1,0,"Warm,All Weather,All Season"
Static (Lyrics),Gemini Rights,Steve Lacy,"=""00:02:30""",Indie Pop,79,Steve Lacy - Static (Lyrics).mp4,2022,English,1,Steve Lacy,1,0,"Mainstream,All Weather,All Season,Youth/adult"
Never Stop,The Brand New Heavies,The brand new Heavies,"=""00:04:14""",Pop,101,The brand new Heavies - Never Stop.mp4,1990,English,1,The Brand New Heavies,1,0,"Balanced,All Weather,All Season"
Cinnamon Curls ) (Lyrics),Cinnamon Curls,Tom Misch,"=""00:04:07""",Pop,145,Tom Misch - Cinnamon Curls (Lyrics)).mp4,2024,English,1,Tom Misch,1,0,"Energetic,All Weather,All Season"
Alone,Alone,Alan Walker,"=""00:02:43""",Electronic,96,Alan Walker - Alone.mp4,2016,English,1,"Sony Music, Relentless Records",1,0,"Downtempo,Electro House,Upbeat,All Weather,All Season,Youth/adult"
Faded,Faded,Alan Walker,"=""00:03:33""",Electronic,178,Alan Walker - Faded.mp4,2015,English,1,"MER, Sony Music",1,0,"Electro House,Downtempo,Contemporary,Upbeat,All Weather,All Season,Youth/adult"
Sing Me To Sleep,Sing Me To Sleep,Alan Walker,"=""00:03:12""",Electronic,88,Alan Walker - Sing Me To Sleep.mp4,2016,English,1,MER Musikk,1,0,"Downtempo,Electro House,Upbeat,All Weather,All Season,Youth/adult"
Tired,Tired,Alan Walker ft. Gavin James,"=""00:03:36""",Electronic,124,Alan Walker ft. Gavin James - Tired.mp4,2017,English,1,Sony Music,1,0,"Pop,Energetic,All Weather,All Season,Youth/adult"
Abba,Abba,Chris Holsten,"=""00:04:14""",Pop,108,Chris Holsten - Abba (Live Akustisk).mp4,2026,English,1,Chris Holsten,1,0,"Mainstream,All Weather,All Season,Youth/adult"
Arigato,Arigato,Julie Bergan,"=""00:02:53""",Pop,151,Julie Bergan - Arigato.mp4,2016,English,1,Warner Music Norway,1,0,"Mainstream,All Weather,All Season,Youth/adult"
First Time,First Time,Kygo & Ellie Goulding,"=""00:03:14""",Electronic,178,Kygo & Ellie Goulding - First Time.mp4,2017,English,1,"Sony Music, Ultra Music",1,0,"Pop Dance,Tropical House,Upbeat,All Weather,All Season,Youth/adult"
Firestone,Firestone,Kygo,"=""00:03:42""",Electronic,114,Kygo - Firestone.mp4,2014,English,1,Kygo,1,0,"Deep House,Tropical House,Upbeat,All Weather,All Season"
Stole The Show,Stole The Show,Kygo,"=""00:05:25""",Electronic,99,Kygo - Stole The Show.mp4,2015,English,1,B1 Recordings,1,0,"Deep House,Tropical House,Upbeat,All Weather,All Season"
It Ain't Me,It Ain't Me,"Kygo, Selena Gomez","=""00:04:01""",Electronic,100,"Kygo, Selena Gomez - It Ain't Me.mp4",2017,English,1,"Smart, Sony Music",1,0,"House,Upbeat,All Weather,All Season,Youth/adult"
Beggin,Beggin',Madcon,"=""00:03:44""",Electronic,129,Madcon - Beggin.mp4,2007,English,1,Not On Label,1,0,"House,Pop Rap,Electro,Euro House,Upbeat,All Weather,All Season,Youth/adult"
Am I Wrong,Black Star Elephant,Nico & Vinz,"=""00:05:05""",Pop,118,Nico & Vinz - Am I Wrong.mp4,2014,English,1,"Warner Bros. Records, 5 Star Entertainment",1,0,"Mainstream,All Weather,All Season,Youth/adult"
That's How You Know,That's How You Know,Nico & Vinz,"=""00:04:05""",Pop,104,Nico & Vinz - That's How You Know.mp4,2015,English,1,"Warner Bros. Records, 5 Star Entertainment",1,0,"Mainstream,All Weather,All Season,Youth/adult"
Eli (Lyrics),Eli - Single,Tobias Sten,"=""00:03:25""",Pop,132,Tobias Sten - Eli (Lyrics).mp4,2025,English,1,Tobias Sten,1,0,"Energetic,All Weather,All Season"
Fy faen du e deili (Lyrics),Tobias Sten [Explicit],Tobias Sten,"=""00:03:35""",Pop,128,Tobias Sten - Fy faen du e deili (Lyrics).mp4,2025,English,1,Tobias Sten,1,0,"Energetic,All Weather,All Season"
Ingen her e deg,Tobias Sten (Utvida),"Tobias Sten, Synne Vo","=""00:04:04""",Pop,87,"Tobias Sten, Synne Vo - Ingen her e deg.mp4",2025,English,1,Tobias Sten,1,0,"Balanced,All Weather,All Season"
The Fox,The Fox,Ylvis,"=""00:03:45""",Pop,128,Ylvis - The Fox (What Does The Fox Say).mp4,2013,English,1,Parlophone,1,0,"Synth-pop,Mainstream,All Weather,All Season,Youth/adult"
Crying in the Rain,"East of the Sun, West of the Moon",a-ha,"=""00:04:28""",Pop,185,a-ha - Crying in the Rain.mp4,1990,English,1,Warner Bros. Records,1,0,"Mainstream,All Weather,All Season,Youth/adult"
Take On Me,Take On Me,a-ha,"=""00:04:04""",Pop,167,a-ha - Take On Me.mp4,1985,English,1,Warner Bros. Records,0,1,"Synth-pop,Mainstream,All Weather,All Season,Youth/adult"
Hey Mama (feat. Capri Everitt) [Les Bisous Remix],Hey Mama (feat. Capri Everitt) [Les Bisous Remix],AALLAR & Naxsy,"=""00:03:13""",Pop,105,AALLAR & Naxsy - Hey Mama.mp4,2025,English,1,SMC,1,0,"Balanced,All Weather,All Season"
Whataya Want from Me,Whataya Want From Me,Adam Lambert,"=""00:03:45""",Pop,92,Adam Lambert - Whataya Want from Me.mp4,2010,English,1,"19 Recordings, RCA",1,0,"Pop Rock,Mainstream,All Weather,All Season,Youth/adult"
You Make Me Feel (Mighty Real) ] (Lyrics),Adam Lambert x Sigala - You Make Me Feel (Mighty Real) [Lyric Video],Adam Lambert x Sigala,"=""00:03:32""",Pop,130,Adam Lambert x Sigala - You Make Me Feel (Mighty Real) (Lyrics)].mp4,2023,English,1,SMC,1,0,"Mainstream,All Weather,All Season,Youth/adult"
Darlin',Darlin',"Arno Cost, Norman Doray","=""00:02:56""",Dance,122,"Arno Cost, Norman Doray - Darlin'.mp4",2020,English,1,"Positiva, Virgin EMI Records",1,0,"House,Upbeat,All Weather,All Season,Youth/adult"
Shooting Stars,Shooting Stars,Bag Raiders,"=""00:03:52""",Electronic,123,Bag Raiders - Shooting Stars.mp4,2009,English,1,Modular Recordings,1,0,"House,Electro House,Upbeat,All Weather,All Season,Youth/adult"
Temptation,Temptation,Bakermat,"=""00:03:23""",Dance,120,Bakermat - Temptation (feat. Elise LeGrow).mp4,2022,English,1,Big Top Amsterdam,1,0,"House,Upbeat,All Weather,All Season,Youth/adult"
In Love,"Nervous Brooklyn Sessions 2020, Vol. 2",Ben Delay,"=""00:03:00""",Dance,123,Ben Delay - In Love.mp4,2020,English,1,Ben Delay,1,0,"Upbeat,All Weather,All Season,Youth/adult"
Already Knew It,Already Knew It,Big Grip,"=""00:02:28""",Pop,79,Big Grip - Already Knew It.mp4,2026,English,1,Big Grip,1,0,"Calm,Rainy,All Season"
Fio Maravilha,Fio Maravilha,Bon Entendeur vs Nicoletta,"=""00:03:20""",Pop,124,Bon Entendeur vs Nicoletta - Fio Maravilha.mp4,2024,English,1,Bon Entendeur vs Nicoletta,1,0,"Balanced,All Weather,All Season"
I Love To Love,I Love To Love,Bon Entendeur vs Tina Charles,"=""00:05:24""",Pop,108,Bon Entendeur vs Tina Charles - I Love To Love.mp4,2021,English,1,BON ENTENDEUR vs TINA CHARLES,1,0,"Mainstream,All Weather,All Season,Youth/adult"
Mvinline,Mvinline,Boys Noize,"=""00:05:08""",Electronic,124,Boys Noize - Mvinline.mp4,2020,English,1,Defected,1,0,"House,Upbeat,All Weather,All Season"
Dancing In The Moonlight (Lyrics),Dancing In The Moonlight,Braaten,"=""00:02:20""",Pop,120,Braaten - Dancing In The Moonlight (Lyrics).mp4,2024,English,1,Braaten,1,0,"Balanced,All Weather,All Season"
Rhythm Is A Dancer (Lyrics),Rhythm Is A Dancer,Braaten,"=""00:02:28""",Pop,120,Braaten - Rhythm Is A Dancer (Lyrics).mp4,2024,English,1,Braaten,1,0,"Upbeat,All Weather,All Season"
Out Of Touch (Lyrics),Out of Touch (feat. EMMY),Braaten ft. Emmy,"=""00:02:28""",Pop,120,Braaten ft. Emmy - Out Of Touch (Lyrics).mp4,2024,English,1,Braaten,1,0,"Balanced,All Weather,All Season"
Ain't Nobody (Lyrics),Ain't Nobody,"Braaten, EMMY","=""00:02:56""",Pop,120,"Braaten, EMMY - Ain't Nobody (Lyrics).mp4",2024,English,1,"Braaten, EMMY",1,0,"Balanced,All Weather,All Season"
Baby I'm Yours,Baby I'm Yours,Breakbot,"=""00:02:35""",Electronic,120,Breakbot - Baby I'm Yours.mp4,2010,English,1,"Ed Banger Records, Because Music",1,0,"House,Disco,Upbeat,All Weather,All Season"
Be Mine Tonight,Be Mine Tonight,Breakbot,"=""00:02:30""",Electronic,117,Breakbot - Be Mine Tonight.mp4,2020,English,1,"Ed Banger Records, Because Music",1,0,"Nu-Disco,Synth-pop,Energetic,All Weather,All Season,Youth/adult"
Do It Tonight,Do It Tonight,Cedric Gervais,"=""00:02:06""",Electronic,125,Cedric Gervais - Do It Tonight.mp4,2018,English,1,"Armada, Delecta Records, Kontor Records",1,0,"House,Upbeat,All Weather,All Season"
Cosmo's Midnight - C.U.D.I (Can U Dig It) (Official Video),What Comes Next,Cosmo's Midnight,"=""00:03:43""",Electronic,114,Cosmo's Midnight - C.U.D.I (Can U Dig It).mp4,2019,English,1,Sony Music,1,0,"Pop Dance,Synth-pop,House,Hip Hop,Trap,Upbeat,All Weather,All Season,Youth/adult"
100% Pure Love,100% Pure Love,Crystal Waters,"=""00:03:09""",Pop,120,Crystal Waters - 100% Pure Love.mp4,1994,English,1,Mercury,1,0,"House,Upbeat,All Weather,All Season,Youth/adult"
Get Lucky (Lyrics),Get Lucky (Daft Punk Remix),Daft Punk,"=""00:04:06""",Electronic,117,Daft Punk - Get Lucky (Lyrics).mp4,2013,English,1,Columbia,1,0,"Disco,Funk,Electro,Energetic,All Weather,All Season"
Giorgio by Moroder,Random Access Memories,Daft Punk,"=""00:09:14""",Electronic,112,Daft Punk - Giorgio by Moroder.mp4,2013,English,1,Daft Punk,1,0,"Energetic,All Weather,All Season"
Give Life Back to Music,Random Access Memories,Daft Punk,"=""00:04:43""",Rock,118,Daft Punk - Give Life Back to Music.mp4,2013,English,1,"Columbia, Sony Music",1,0,"Energetic,All Weather,All Season"
"Harder, Better, Faster, Stronger",Discovery,Daft Punk,"=""00:03:43""",Electronic,124,"Daft Punk - Harder, Better, Faster, Stronger.mp4",2001,English,1,Virgin,1,0,"Energetic,All Weather,All Season"
Lose Yourself to Dance (feat. Pharrell Williams),Random Access Memories,Daft Punk,"=""00:04:10""",Electronic,100,Daft Punk - Lose Yourself to Dance.mp4,2013,English,1,Daft Punk,1,0,"Funk / Soul,Pop,Upbeat,All Weather,All Season,Youth/adult"
One More Time,Discovery,Daft Punk,"=""00:05:21""",Electronic,118,Daft Punk - One More Time.mp4,2000,English,1,Virgin,1,0,"Energetic,All Weather,All Season"
Touch (feat. Paul Williams),Random Access Memories,Daft Punk,"=""00:08:28""",Pop,115,Daft Punk - Touch.mp4,2013,English,1,Daft Punk,1,0,"Balanced,All Weather,All Season"
Baby Girl,BABY GIRL,Disco Lines,"=""00:02:00""",Dance,121,Disco Lines - Baby Girl.mp4,2022,English,1,Disco Lines,1,0,"Upbeat,All Weather,All Season,Youth/adult"
Don't Start Now,Don't Start Now,Dua Lipa,"=""00:03:35""",Pop,124,Dua Lipa - Don't Start Now [Purple Disco Machine Remix].mp4,2019,English,1,Warner Records,1,0,"Disco,Nu-Disco,Mainstream,All Weather,All Season,Youth/adult"
New Rules @initialtalk,New Rules @initialtalk,Dua Lipa,"=""00:03:44""",Pop,116,Dua Lipa - New Rules [Initial Talk 80s Rules Remix] @initialtalk.mp4,2017,English,1,Dua Lipa,1,0,"Balanced,All Weather,All Season"
Inhale,Inhale,"Duke Dumont, Ebenezer","=""00:03:19""",Dance,118,"Duke Dumont, Ebenezer - Inhale.mp4",2018,English,1,Virgin EMI Records,1,0,"House,Upbeat,All Weather,All Season,Youth/adult"
Hold Me Closer,Hold Me Closer,"Elton John, Britney Spears","=""00:03:25""",Pop,123,"Elton John, Britney Spears - Hold Me Closer.mp4",2022,English,1,EMI,1,0,"Mainstream,All Weather,All Season,Youth/adult"
Cold Heart,Cold Heart (PNAU Remix),"Elton John, Dua Lipa","=""00:04:14""",Pop,116,"Elton John, Dua Lipa - Cold Heart (PNAU Remix).mp4",2021,English,1,EMI,1,0,"Pop Dance,Upbeat,All Weather,All Season,Youth/adult"
Music On The Radio (Adam Ten Remix),Music On The Radio (Adam Ten Remix),"Empire Of The Sun, Adam Ten","=""00:03:54""",Electronic,124,"Empire Of The Sun, Adam Ten - Music On The Radio.mp4",2025,English,1,SMC,1,0,"House,Electro,Dance,Electronica,Upbeat,All Weather,All Season,Youth/adult"
Secret Indictment,Secret Indictment,Enphamus ft. Project Pat,"=""00:03:18""",Pop,137,Enphamus ft. Project Pat - Secret Indictment.mp4,2026,English,1,SMC,1,0,"Energetic,All Weather,All Season"
Body Over Mind (Lyrics),Body Over Mind,FDVM,"=""00:02:51""",Pop,120,FDVM - Body Over Mind (Lyrics).mp4,2023,English,1,FDVM,1,0,"Balanced,All Weather,All Season"
'Day By Day' (Lyrics),Day By Day,Framed Stories,"=""00:03:03""",Dance,127,Framed Stories - 'Day By Day' [Lyrics).mp4,2026,English,1,Framed Stories,1,0,"House,Electronic,Pop,Upbeat,All Weather,All Season,Youth/adult"
"Yes Sir, I Can Boogie",Yes Sir I Can Boogie (Paul Keenan Remix),GBX,"=""00:02:48""",Dance,130,"GBX, Baccara - Yes Sir, I Can Boogie (Paul Keenan Remix).mp4",2021,English,1,Casual Jam Records,1,0,"Pop Dance,Upbeat,All Weather,All Season,Youth/adult"
Mr. Belt & Wezol (Lyrics),It's Not Right But It's Okay - Mr. Belt & Wezol (Lyrics),It's Not Right But It's Okay,"=""00:02:32""",Dance,128,It's Not Right But It's Okay - Mr. Belt & Wezol (Lyrics).mp4,2024,English,1,SMC,1,0,"Pop,House,Electronic,R&B,Upbeat,All Weather,All Season,Youth/adult"
Back On 74,Volcano,Jungle,"=""00:04:00""",My Top Songs,144,Jungle - Back On 74.mp4,2023,English,1,Caiola Records,1,0,"Energetic,All Weather,All Season"
D.A.N.C.E.,Justice,Justice,"=""00:03:01""",Electronic,112,Justice - D.A.N.C.E..mp4,2007,English,1,"Ed Banger Records, Because Music",1,0,"Electro,Dance,Upbeat,All Weather,All Season,Youth/adult"
Justice – Neverender (Starring Tame Impala) (Official Video),Justice – Neverender (Starring Tame Impala) (Official Video),Justice,"=""00:03:20""",Pop,118,Justice – Neverender (Starring Tame Impala).mp4,2024,English,1,SMC,1,0,"Balanced,All Weather,All Season"
Boy In The Picture,Boy In The Picture,"Kid Crème, Jolyon Petch","=""00:03:27""",Dance,124,"Kid Crème, Jolyon Petch - Boy In The Picture.mp4",2017,English,1,Virgin,1,0,"House,Upbeat,All Weather,All Season,Youth/adult"
Clap Your Hands,Clap Your Hands,Kungs,"=""00:03:22""",Electronic,124,Kungs - Clap Your Hands.mp4,2022,English,1,Island Records,1,0,"Nu-Disco,House,Upbeat,All Weather,All Season,Youth/adult"
Lipstick,Lipstick,Kungs,"=""00:03:01""",Electronic,126,Kungs - Lipstick.mp4,2021,English,1,Island Records,1,0,"Nu-Disco,House,Upbeat,All Weather,All Season,Youth/adult"
Never Going Home,Never Going Home,Kungs,"=""00:03:03""",Electronic,122,Kungs - Never Going Home.mp4,2021,English,1,Island Records,1,0,"Nu-Disco,House,Upbeat,All Weather,All Season,Youth/adult"
All Night Long,All Night Long,"Kungs, David Guetta, Izzy Bizu","=""00:03:47""",Electronic,126,"Kungs, David Guetta, Izzy Bizu - All Night Long.mp4",2024,English,1,"Island Records, Def Jam Recordings",1,0,"House,Upbeat,All Weather,All Season"
Dancing Feet (feat. DNCE),Dancing Feet,Kygo,"=""00:03:47""",Electronic,105,Kygo - Dancing Feet.mp4,2022,English,1,"Kygo, RCA",1,0,"Synth-pop,Energetic,All Weather,All Season,Youth/adult"
Dancing Cliche,Dancing Cliché,LF SYSTEM,"=""00:02:33""",Dance,128,LF SYSTEM - Dancing Cliche.mp4,2021,English,1,Warner Records,1,0,"House,Upbeat,All Weather,All Season,Youth/adult"
Trojan Horse,Trojan Horse,Luv',"=""00:02:40""",Pop,127,Luv' - Trojan Horse (Kav Verhouzer Remix).mp4,1978,English,1,Philips,1,0,"Disco,Mainstream,All Weather,All Season,Youth/adult"
Smooth Operator,Smooth Operator,"MOONLIGHT, nowifi","=""00:01:59""",Pop,130,"MOONLIGHT, nowifi - Smooth Operator.mp4",2023,English,1,"MOONLIGHT, nowifi",1,0,"Energetic,All Weather,All Season"
Rasputin (Lyrics),Rasputin,"Majestic, Boney M.","=""00:03:08""",Electronic,128,"Majestic, Boney M. - Rasputin (Lyrics).mp4",2021,English,1,Nitron Music,1,0,"House,Disco,Upbeat,All Weather,All Season"
All 4 Love,All 4 Love,Mark Knight & Rene Amesz,"=""00:03:43""",Electronic,124,Mark Knight & Rene Amesz - All 4 Love.mp4,2020,English,1,Toolroom Records,1,0,"House,Upbeat,All Weather,All Season"
Let the Sun Shine,Let The Sun Shine,Milk & Sugar,"=""00:02:49""",Electronic,123,Milk & Sugar - Let the Sun Shine (Purple Disco Machine Remix).mp4,2003,English,1,Zeitgeist,1,0,"House,Upbeat,All Weather,All Season"
Lady,Modjo (Remastered),Modjo,"=""00:03:41""",Electronic,126,Modjo - Lady (Hear Me Tonight).mp4,2013,English,1,Modjo,1,0,"Energetic,All Weather,All Season"
Don't Stop Lovin',Don't Stop Lovin',Mr. Belt & Wezol,"=""00:02:14""",Pop,109,Mr. Belt & Wezol - Don't Stop Lovin'.mp4,2025,English,1,Mr. Belt & Wezol,1,0,"Balanced,All Weather,All Season"
I Lost Myself,I Lost Myself,Mr.Nu,"=""00:02:47""",Pop,107,Mr.Nu - I Lost Myself.mp4,2023,English,1,Mr.Nu,1,0,"Balanced,All Weather,All Season"
Baby Doll,Baby Doll - Single,Møme & Ricky Ducati,"=""00:04:25""",Pop,124,Møme & Ricky Ducati - Baby Doll.mp4,2023,English,1,Møme & Ricky Ducati,1,0,"Balanced,All Weather,All Season"
ROSES (Lyrics),Roses,"Natty Rico, Les Bisous","=""00:02:56""",Pop,124,"Natty Rico, Les Bisous - ROSES (Lyrics).mp4",2025,English,1,"Natty Rico, Les Bisous",1,0,"Balanced,All Weather,All Season"
I Was Made For Lovin' You,I Was Made For Lovin' You,Oliver Heldens,"=""00:02:38""",Dance,126,Oliver Heldens - I Was Made For Lovin' You.mp4,2022,English,1,"Kangarooli Tracks, RCA",1,0,"House,Upbeat,All Weather,All Season,Youth/adult"
Solid Gold,Solid Gold (Illyus & Barrientos Remix),PNAU,"=""00:03:26""",Pop,104,PNAU - Solid Gold.mp4,2019,English,1,PNAU,1,0,"Mainstream,All Weather,All Season,Youth/adult"
Tieduprightnow,Tieduprightnow / Tape,Parcels,"=""00:04:19""",Alternative,102,Parcels - Tieduprightnow.mp4,2018,English,1,"Because Music, Kitsuné Musique",1,0,"Nu-Disco,Funk,Balanced,All Weather,All Season"
Starry Night,Moment - Single,Peggy Gou,"=""00:05:12""",Pop,123,Peggy Gou - Starry Night.mp4,2019,English,1,Peggy Gou,1,0,"Balanced,All Weather,All Season"
"Pete Tong, Becky Hill - You Got the Love (Live) ft. Jules Buckley, The Heritage Orchestra","Pete Tong, Becky Hill - You Got the Love (Live) ft. Jules Buckley, The Heritage Orchestra","Pete Tong, Becky Hill","=""00:04:01""",Dance,107,"Pete Tong, Becky Hill - You Got the Love (Live).mp4",2021,English,1,Pete Tong,1,0,"Upbeat,All Weather,All Season,Youth/adult"
I'll Be Missing You,I'll Be Missing You,Puff Daddy [feat. Faith Evans & 112],"=""00:04:32""",Hip Hop,110,Puff Daddy [feat. Faith Evans & 112] - I'll Be Missing You.mp4,1997,English,1,Bad Boy Entertainment,1,0,"Pop Rap,Mainstream,All Weather,All Season,Youth/adult"
Body Funk,Soulmatic,Purple Disco Machine,"=""00:04:16""",Electronic,122,Purple Disco Machine - Body Funk.mp4,2019,English,1,Purple Disco Machine,1,0,"Energetic,All Weather,All Season"
Dopamine,Dopamine,Purple Disco Machine,"=""00:03:58""",Dance,118,Purple Disco Machine - Dopamine.mp4,2021,English,1,Sweat It Out!,1,0,"House,Upbeat,All Weather,All Season,Youth/adult"
Emotion,Emotion EP,Purple Disco Machine,"=""00:03:05""",Dance,122,Purple Disco Machine - Emotion.mp4,2019,English,1,Purple Disco Machine,1,0,"Upbeat,All Weather,All Season,Youth/adult"
Fireworks,Fireworks,Purple Disco Machine,"=""00:03:52""",Dance,118,Purple Disco Machine - Fireworks.mp4,2021,English,1,Columbia,1,0,"House,Upbeat,All Weather,All Season,Youth/adult"
In My Arms,In My Arms,Purple Disco Machine,"=""00:03:25""",Dance,120,Purple Disco Machine - In My Arms.mp4,2020,English,1,Club Sweat,1,0,"House,Nu-Disco,Upbeat,All Weather,All Season,Youth/adult"
Playbox,Playbox,Purple Disco Machine,"=""00:03:58""",Dance,124,Purple Disco Machine - Playbox.mp4,2021,English,1,Sweat It Out!,1,0,"House,Nu-Disco,Upbeat,All Weather,All Season,Youth/adult"
Wake Up!,Wake Up!,"Purple Disco Machine, Bosq","=""00:03:54""",Dance,122,"Purple Disco Machine, Bosq - Wake Up!.mp4",2022,English,1,Sweat It Out!,1,0,"Nu-Disco,Upbeat,All Weather,All Season,Youth/adult"
Something On My Mind,Something On My Mind,"Purple Disco Machine, Duke Dumont, Nothing But Thieves","=""00:03:36""",Dance,118,"Purple Disco Machine, Duke Dumont, Nothing But Thieves - Something On My Mind.mp4",2023,English,1,Sony Music,1,0,"House,Upbeat,All Weather,All Season,Youth/adult"
Substitution,Substitution,"Purple Disco Machine, Kungs","=""00:03:02""",Electronic,124,"Purple Disco Machine, Kungs - Substitution.mp4",2023,English,1,Columbia,1,0,"Nu-Disco,Energetic,All Weather,All Season"
At The Disko,Exotica,"Purple Disco Machine, Lorenz Rhode","=""00:04:31""",Dance,122,"Purple Disco Machine, Lorenz Rhode - At The Disko.mp4",2022,English,1,Purple Disco Machine,1,0,"Upbeat,All Weather,All Season,Youth/adult"
Hypnotized,Hypnotized,"Purple Disco Machine, Sophie and the Giants","=""00:03:16""",Dance,108,"Purple Disco Machine, Sophie and the Giants - Hypnotized.mp4",2020,English,1,Sweat It Out!,1,0,"House,Upbeat,All Weather,All Season,Youth/adult"
Beat Of Your Heart,Beat Of Your Heart,"Purple Disco Machine, ÁSDÍS","=""00:03:48""",Dance,121,"Purple Disco Machine, ÁSDÍS - Beat Of Your Heart.mp4",2024,English,1,Columbia,1,0,"Nu-Disco,House,Upbeat,All Weather,All Season,Youth/adult"
She's On My Mind,Mid Air,Romy,"=""00:03:01""",Dance,119,Romy - She's On My Mind.mp4,2023,English,1,Romy,1,0,"Upbeat,All Weather,All Season,Youth/adult"
Spiller ft. Sophie Ellis-Bextor - Groovejet [Purple Disco Machine & Lorenz Rhode Extended Remix],Spiller ft. Sophie Ellis-Bextor - Groovejet [Purple Disco Machine & Lorenz Rhode Extended Remix],Spiller ft. Sophie Ellis-Bextor,"=""00:07:06""",Pop,123,Spiller ft. Sophie Ellis-Bextor - Groovejet.mp4,2021,English,1,SMC,1,0,"Balanced,All Weather,All Season"
Music Sounds Better With You,Music Sounds Better With You,Stardust,"=""00:04:23""",Electronic,123,Stardust - Music Sounds Better With You.mp4,1998,English,1,Roulé,1,0,"House,French House,Upbeat,All Weather,All Season"
Disco Inferno,Disco Inferno - Single,Syzz & Nora Van Elken,"=""00:02:12""",Pop,126,Syzz & Nora Van Elken - Disco Inferno.mp4,2022,English,1,Syzz & Nora Van Elken,1,0,"Energetic,All Weather,All Season"
Sunshine ft Dan Harkna,Sunshine,TIEKS,"=""00:03:02""",Dance,117,TIEKS - Sunshine ft Dan Harkna.mp4,2016,English,1,TIEKS,1,0,"Upbeat,All Weather,All Season,Youth/adult"
Waterfalls (DE SOFFER Official Remix) (Lyrics),CrazySexyCool,TLC,"=""00:03:51""",90s,118,TLC - Waterfalls (DE SOFFER Official Remix) [Lyrics].mp4,1994,English,1,TLC,1,0,"R&B,Smooth,All Weather,All Season"
Don't You Want Me,Dare,The Human League,"=""00:03:30""",New Wave,122,The Human League - Don't You Want Me.mp4,1981,English,1,Virgin,1,0,"Synth-pop,Mainstream,All Weather,All Season,Youth/adult"
One On One,One On One,The Knocks & SOFI TUKKER,"=""00:03:41""",Dance,124,The Knocks & SOFI TUKKER - One On One.mp4,2023,English,1,Sofi Tukker LLC,1,0,"Disco,Nu-Disco,Upbeat,All Weather,All Season,Youth/adult"
How Will I Know ) (Lyrics),Whitney Houston (The Deluxe Anniversary Edition),Whitney Houston,"=""00:04:34""",Pop,119,Whitney Houston - How Will I Know (Lyrics)).mp4,1985,English,1,Whitney Houston,1,0,"Mainstream,All Weather,All Season,Youth/adult"
Dance and Chant,Dance And Chant,Yolanda Be Cool,"=""00:03:11""",Electronic,124,Yolanda Be Cool - Dance and Chant.mp4,2019,English,1,"Sweat It Out!, Kontor Records",1,0,"House,Upbeat,All Weather,All Season"
Give In To Me,Give In To Me,ay-Mill & Lucas Meyer & DeejaVu,"=""00:02:47""",Pop,109,ay-Mill & Lucas Meyer & DeejaVu - Give In To Me.mp4,2025,English,1,SMC,1,0,"Balanced,All Weather,All Season"
Amateur at best,AMATEUR AT BEST,Brenn!,"=""00:03:25""",Folk,150,Brenn! - Amateur at best.mp3,2026,English,1,Brenn!,1,0,"Energetic,All Weather,All Season"
Shoshana Ami (Lyrics),You Break Me - Shoshana Ami (Official Lyric Video),You Break Me,"=""00:03:43""",Pop,74,You Break Me - Shoshana Ami (Lyrics).mp3,2025,English,1,Ed Sheeran,1,0,"Calm,Rainy,All Season"
Flue i et spind,Vild Ungdom,APHACA,"=""00:04:14""",Pop,130,APHACA - Flue i et spind (Live).mp4,2026,English,1,APHACA,1,0,"Mainstream,All Weather,All Season,Youth/adult"
Diet Pepsi (Lyrics),Diet Pepsi,Addison Rae,"=""00:02:46""",Pop,150,Addison Rae - Diet Pepsi (Lyrics).mp4,2024,English,1,Columbia,1,0,"Future Pop,Mainstream,All Weather,All Season,Youth/adult"
Fever Dream (Lyrics),Fever Dream,Alex Warren,"=""00:02:51""",Pop,108,Alex Warren - Fever Dream (Lyrics).mp4,2026,English,1,Atlantic,1,0,"Mainstream,All Weather,All Season,Youth/adult"
I just might,I just might,Alexia,"=""00:02:09""",Pop,125,Alexia - I just might.mp4,2026,English,1,Alexia,1,0,"Energetic,All Weather,All Season"
ANNA BUTKEVYCH - LOVE HIGH,ANNA BUTKEVYCH - LOVE HIGH,Anna Butkevych,"=""00:03:26""",Pop,122,Anna Butkevych - Love high.mp4,2026,English,1,SMC,1,0,"Balanced,All Weather,All Season"
ANOTR ft. 54 Ultra - Talk To You [No Art],ANOTR ft. 54 Ultra - Talk To You [No Art],Anotr ft. 54 Ultra,"=""00:03:09""",Electronic,132,Anotr ft. 54 Ultra - Talk To You.mp4,2026,English,1,SMC,1,0,"Dance,Electro,House,Upbeat,All Weather,All Season,Youth/adult"
hate that i made you love me (Lyrics),hate that i made you love me,Ariana Grande,"=""00:03:18""",Pop,96,Ariana Grande - hate that i made you love me (Lyrics).mp4,2026,English,1,Republic Records,1,0,"Mainstream,All Weather,All Season,Youth/adult"
SWIM (Lyrics),ARIRANG,BTS,"=""00:02:38""",Pop,185,BTS - SWIM (Lyrics).mp4,2026,English,1,BTS,1,0,"Mainstream,All Weather,All Season,Youth/adult"
iloveitiloveitiloveit (Lyrics),iloveitiloveitiloveit,Bella Kay,"=""00:03:03""",Indie,143,Bella Kay - iloveitiloveitiloveit (Lyrics).mp4,2026,English,1,Bella Kay,1,0,"Fresh,All Weather,All Season"
Beautiful Things (Lyrics),Beautiful Things,Benson Boone,"=""00:03:01""",Pop,106,Benson Boone - Beautiful Things (Lyrics).mp4,2024,English,1,"Night Street Records, Warner Records",1,0,"Indie Pop,Mainstream,All Weather,All Season,Youth/adult"
Sorry I'm Here For Someone Else,Sorry I'm Here For Someone Else,Benson Boone,"=""00:02:36""",Pop,151,Benson Boone - Sorry I'm Here For Someone Else.mp4,2025,English,1,Benson Boone,1,0,"Energetic,All Weather,All Season"
All Facts,All Facts - Single,Big Grip,"=""00:02:26""",Electronic,136,Big Grip - All Facts.mp4,2026,English,1,Big Grip,1,0,"Hip Hop,Electronica,Ambient,Energetic,Rainy,All Season"
Birds of a feather,HIT ME HARD AND SOFT,Billie Eilish,"=""00:03:51""",Alternative,105,Billie Eilish - Birds of a feather.mp4,2024,English,1,"Darkroom, Interscope Records",1,0,"Balanced,All Weather,All Season"
Michael Jackson (Lyrics),Michael Jackson,Billie Jean,"=""00:04:55""",Pop,117,Billie Jean - Michael Jackson (Lyrics).mp4,2025,English,1,Billie Jean,1,0,"Balanced,All Weather,All Season"
So What,So What?,Blair Davie,"=""00:02:53""",Alternative,124,Blair Davie - So What.mp4,2026,English,1,Blair Davie,1,0,"Balanced,All Weather,All Season"
Locked Out Of Heaven,Unorthodox Jukebox,Bruno Mars,"=""00:03:54""",Pop,144,Bruno Mars - Locked Out Of Heaven.mp4,2012,English,1,Atlantic,1,0,"Mainstream,All Weather,All Season,Youth/adult"
Risk It All (Lyrics),The Romantic,Bruno Mars,"=""00:03:24""",Pop,172,Bruno Mars - Risk It All (Lyrics).mp4,2026,English,1,Bruno Mars,1,0,"Mainstream,All Weather,All Season,Youth/adult"
When I Was Your Man,Unorthodox Jukebox,Bruno Mars,"=""00:03:34""",Pop,143,Bruno Mars - When I Was Your Man.mp4,2012,English,1,Atlantic,1,0,"Mainstream,All Weather,All Season,Youth/adult"
Who Knows,Son Of Spergy,Daniel Caesar,"=""00:03:46""",Singer Songwriter,121,Daniel Caesar - Who Knows.mp4,2025,English,1,Daniel Caesar,1,0,"Balanced,All Weather,All Season"
Darin feat. Eloise - Falling In love (Music Video),Darin feat. Eloise - Falling In love (Music Video),Darin feat. Eloise,"=""00:02:01""",Pop,95,Darin feat. Eloise - Falling In love.mp4,2026,English,1,SMC,1,0,"Balanced,All Weather,All Season"
Raindance (Lyrics),The Boy Who Played the Harp,"Dave, Tems","=""00:03:39""",Pop,142,"Dave, Tems - Raindance (Lyrics).mp4",2025,English,1,Dave,1,0,"Upbeat,All Weather,All Season"
Freakin’ Out (Lyrics),Freakin' Out Single,Dexter and The Moonrocks,"=""00:03:38""",Rock,124,Dexter and The Moonrocks - Freakin’ Out (Lyrics).mp4,2026,English,1,Severance Records,1,0,"Grunge,Country Rock,Alternative Rock,Energetic,All Weather,All Season"
End Of Beginning,DECIDE,Djo,"=""00:02:39""",Alternative,161,Djo - End Of Beginning.mp4,2022,English,1,AWAL Recordings,1,0,"Alternative Rock,Alt-pop,Mainstream,All Weather,All Season,Youth/adult"
Anxiety,Anxiety,Doechii,"=""00:04:09""",Hip Hop,129,Doechii - Anxiety.mp4,2025,English,1,"Capitol Records, Top Dawg Entertainment",1,0,"Pop Rap,Mainstream,All Weather,All Season,Youth/adult"
Babydoll (Lyrics),"Don't Forget About Me, Demos [Explicit]",Dominic Fike,"=""00:01:38""",Alternative,165,Dominic Fike - Babydoll (Lyrics).mp4,2018,English,1,Dominic Fike,1,0,"Energetic,All Weather,All Season"
White Keys (Lyrics),White Keys,Dominic Fike,"=""00:02:25""",Alternative,163,Dominic Fike - White Keys (Lyrics).mp4,2025,English,1,Columbia,1,0,"Energetic,All Weather,All Season"
Janice STFU,ICEMAN,Drake,"=""00:03:56""",Rage,126,Drake - Janice STFU.mp4,2026,English,1,Drake,1,0,"Energetic,All Weather,All Season"
National Treasures,ICEMAN,Drake,"=""00:03:28""",Pop Rap,129,Drake - National Treasures.mp4,2026,English,1,Drake,1,0,"Mainstream,All Weather,All Season,Youth/adult"
Azizam (Lyrics),Azizam,Ed Sheeran,"=""00:02:42""",Pop,129,Ed Sheeran - Azizam (Lyrics).mp4,2025,English,1,"Gingerbread Man Records, Atlantic",1,0,"Mainstream,All Weather,All Season,Youth/adult"
Sapphire (Lyrics),Sapphire,Ed Sheeran,"=""00:02:59""",Pop,95,Ed Sheeran - Sapphire (Lyrics).mp4,2025,English,1,Gingerbread Man Records,1,0,"Mainstream,All Weather,All Season,Youth/adult"
Choosin' Texas (Lyrics),Choosin’ Texas,Ella Langley,"=""00:03:52""",Country,112,Ella Langley - Choosin' Texas (Lyrics).mp4,2025,English,1,Ella Langley,1,0,"Balanced,All Weather,All Season"
NOBLE (Lyrics),NOBLE,F3miii,"=""00:03:06""",Pop,93,F3miii - NOBLE (Lyrics).mp4,2026,English,1,F3miii,1,0,"Balanced,All Weather,All Season"
Mi Corazon,Mi Corazon,Fly Project,"=""00:02:30""",Pop,98,Fly Project - Mi Corazon (bam bam bam).mp4,2026,English,1,Fly Project,1,0,"Mainstream,All Weather,All Season,Youth/adult"
GETRICHZAY - Geekin All Night (Official Video),GETRICHZAY - Geekin All Night (Official Video),Getrichzaj,"=""00:02:01""",Pop,145,Getrichzaj - Geekin All Night.mp4,2026,English,1,SMC,1,0,"Energetic,All Weather,All Season"
Hit the Wall (Lyrics),Gracie Abrams – Hit the Wall (Lyrics),Gracie Abrams,"=""00:03:15""",Pop,161,Gracie Abrams – Hit the Wall (Lyrics).mp4,2026,English,1,SMC,1,0,"Energetic,All Weather,All Season"
As It Was,As It Was,Harry Styles,"=""00:02:46""",Pop,172,Harry Styles - As It Was.mp4,2022,English,1,"Erskine Records, Columbia, Sony Music",1,0,"Mainstream,All Weather,All Season,Youth/adult"
drunk text (Lyrics),drunk text,Henry Moodie,"=""00:03:07""",Pop,126,Henry Moodie - drunk text (Lyrics).mp4,2023,English,1,Henry Moodie,1,0,"Mainstream,All Weather,All Season,Youth/adult"
Hildah Watiri ft Jaywillz Worst Dayz [Official Video],Hildah Watiri ft Jaywillz Worst Dayz [Official Video],Hildah Watiri ft. Jaywillz,"=""00:02:59""",Pop,103,Hildah Watiri ft. Jaywillz - Worst Dayz.mp4,2026,English,1,SMC,1,0,"Balanced,All Weather,All Season"
Golden (Lyrics),GOLDEN,Huntrix,"=""00:03:12""",Pop,123,Huntrix - Golden (Lyrics).mp4,2025,English,1,Huntrix,1,0,"Balanced,All Weather,All Season"
"Big Guy (from ""The SpongeBob Movie: Search for SquarePants”)",Big Guy,Ice Spice,"=""00:02:38""",Pop,115,Ice Spice - Big Guy from.mp4,2025,English,1,Ice Spice,1,0,"Mainstream,All Weather,All Season,Youth/adult"
Car's Outside (Lyrics),You,James Arthur,"=""00:04:08""",Pop,149,James Arthur - Car's Outside (Lyrics).mp4,2019,English,1,Columbia,1,0,"Mainstream,All Weather,All Season,Youth/adult"
Train Wreck (Lyrics),Back from the Edge,James Arthur,"=""00:03:29""",Pop,75,James Arthur - Train Wreck (Lyrics).mp4,2016,English,1,James Arthur,1,0,"Mainstream,All Weather,All Season,Youth/adult"
On the Floor (feat. Pitbull),LOVE? (Deluxe Edition),Jennifer Lopez,"=""00:04:45""",Pop,130,Jennifer Lopez - On The Floor.mp4,2011,English,1,Jennifer Lopez,1,0,"Mainstream,All Weather,All Season,Youth/adult"
Daisies,SWAG,Justin Bieber,"=""00:02:56""",Pop,110,Justin Bieber - Daisies.mp4,2025,English,1,Justin Bieber,1,0,"Mainstream,All Weather,All Season,Youth/adult"
Beauty And A Beat (Lyrics),"Justin Bieber, Nicki Minaj – Beauty And A Beat (Lyrics)","Justin Bieber, Nicki Minaj","=""00:03:48""",Electronic,128,"Justin Bieber, Nicki Minaj – Beauty And A Beat (Lyrics).mp4",2025,English,1,SMC,1,0,"Dance,Electro,House,Pop,Upbeat,All Weather,All Season,Youth/adult"
PINKY UP (Lyrics),PINKY UP,KATSEYE,"=""00:02:12""",Pop,152,KATSEYE - PINKY UP (Lyrics).mp4,2026,English,1,HYBE/Geffen,1,0,"Mainstream,All Weather,All Season,Youth/adult"
Golden,Golden,KPop Demon Hunters,"=""00:03:19""",Pop,123,KPop Demon Hunters - Golden.mp4,2025,English,1,KPop Demon Hunters,1,0,"Balanced,All Weather,All Season"
How it's done,How It's Done,KPop Demon Hunters,"=""00:03:04""",Pop,162,KPop Demon Hunters - How it's done.mp4,2025,English,1,KPop Demon Hunters,1,0,"Energetic,All Weather,All Season"
Soda Pop (Lyrics),Soda Pop,KPop Demon Hunters,"=""00:02:50""",Pop,124,KPop Demon Hunters - Soda Pop (Lyrics).mp4,2025,English,1,KPop Demon Hunters,1,0,"Mainstream,All Weather,All Season"
Internet Girl,Internet Girl,Katseye,"=""00:02:46""",Pop,130,Katseye - Internet Girl.mp4,2026,English,1,"HYBE X Geffen, HYBE UMG LLC",1,0,"K-pop,Mainstream,All Weather,All Season,Youth/adult"
The One That Got Away (Lyrics),Katy Perry – The One That Got Away (Lyrics),Katy Perry,"=""00:03:47""",Pop,134,Katy Perry – The One That Got Away (Lyrics).mp4,2026,English,1,SMC,1,0,"Energetic,All Weather,All Season"
Luther,GNX,Kendrick Lamar,"=""00:02:58""",Pop,137,Kendrick Lamar - Luther.mp4,2024,English,1,Kendrick Lamar,1,0,"Energetic,All Weather,All Season"
TV off,GNX,Kendrick Lamar,"=""00:03:41""",Hip Hop,100,Kendrick Lamar - TV off.mp4,2024,English,1,Kendrick Lamar,1,0,"Balanced,All Weather,All Season"
luther (Lyrics),GNX,Kendrick Lamar,"=""00:02:58""",Pop,137,Kendrick Lamar - luther (Lyrics).mp4,2024,English,1,Kendrick Lamar,1,0,"Energetic,All Weather,All Season"
All The Stars,All The Stars,"Kendrick Lamar, SZA","=""00:03:50""",Hip Hop,97,"Kendrick Lamar, SZA - All The Stars.mp4",2018,English,1,"Top Dawg Entertainment, Aftermath Entertainment, Interscope Records",1,0,"Confident,All Weather,All Season,Youth/adult"
See You Dancing (Lyrics),See You Dancing,Kids That Fly,"=""00:03:57""",Alternative,92,Kids That Fly - See You Dancing (Lyrics).mp4,2026,English,1,Kids That Fly,1,0,"Balanced,All Weather,All Season"
Madwoman,A Matter of Time: The Final Hour,Laufey,"=""00:04:44""",Pop,116,Laufey - Madwoman.mp4,2026,English,1,Laufey,1,0,"Mainstream,All Weather,All Season,Youth/adult"
Industry Baby (Lyrics),Industry Baby,Lil Nas X,"=""00:03:33""",Hip Hop,150,Lil Nas X - Industry Baby (Lyrics).mp4,2021,English,1,Kiss Klassics,1,0,"Pop Rap,Mainstream,All Weather,All Season,Youth/adult"
Geeker,GEEKER,LilGoatD3,"=""00:02:16""",Hip Hop,105,LilGoatD3 - Geeker.mp4,2026,English,1,Lilgoatd3,1,0,"Electronic,Energetic,All Weather,All Season"
Humble Flex,Humble Flex,MC Jin,"=""00:02:54""",Pop,172,MC Jin - Humble Flex.mp4,2026,English,1,MC Jin,1,0,"Energetic,All Weather,All Season"
Baby Blue,Baby Blue,Mai Anna,"=""00:04:21""",Pop,136,Mai Anna - Baby Blue.mp4,2026,English,1,Mai Anna,1,0,"Energetic,All Weather,All Season"
Beautiful Freeks,Beautiful Freeks,Meek,"=""00:02:37""",Pop,95,Meek - Beautiful Freeks.mp4,2026,English,1,MEEK,1,0,"Mainstream,All Weather,All Season,Youth/adult"
Chicago (Lyrics),Xscape,Michael Jackson,"=""00:04:05""",Pop,178,Michael Jackson - Chicago (Lyrics).mp4,2014,English,1,Michael Jackson,1,0,"Mainstream,All Weather,All Season,Youth/adult"
Human Nature (Lyrics),Michael Jackson – Human Nature (Lyrics),Michael Jackson,"=""00:04:08""",Pop,92,Michael Jackson – Human Nature (Lyrics).mp4,2026,English,1,SMC,1,0,"Balanced,All Weather,All Season"
What I Want,I’m The Problem,"Morgan Wallen, Tate McRae","=""00:03:05""",Pop,115,"Morgan Wallen, Tate McRae - What I Want.mp4",2025,English,1,Morgan Wallen,1,0,"Balanced,All Weather,All Season"
Stargazing,Stargazing,Myles Smith,"=""00:02:53""",Pop,123,Myles Smith - Stargazing.mp4,2024,English,1,"RCA, Sony Music",1,0,"Mainstream,All Weather,All Season,Youth/adult"
Leverage,Leverage,NoCap,"=""00:02:54""",Pop,124,NoCap - Leverage.mp4,2026,English,1,NoCap,1,0,"Balanced,All Weather,All Season"
Man I Need (Lyrics),Man I Need,Olivia Dean,"=""00:03:04""",Pop,119,Olivia Dean - Man I Need (Lyrics).mp4,2025,English,1,Capitol Records,1,0,"Mainstream,All Weather,All Season,Youth/adult"
So Easy (To Fall In Love) (Lyrics),The Art of Loving,Olivia Dean,"=""00:02:49""",Pop,140,Olivia Dean - So Easy (To Fall In Love) (Lyrics).mp4,2025,English,1,Capitol Records,1,0,"Indie Pop,Neo Soul,Mainstream,All Weather,All Season,Youth/adult"
Honeybee,you seem pretty sad for a girl so in love,Olivia Rodrigo,"=""00:03:45""",Pop,133,Olivia Rodrigo - Honeybee.mp4,2026,English,1,Geffen Records,1,0,"Mainstream,All Weather,All Season,Youth/adult"
drop dead (Lyrics),you seem pretty sad for a girl so in love,Olivia Rodrigo,"=""00:03:44""",Pop,129,Olivia Rodrigo - drop dead (Lyrics).mp4,2026,English,1,Geffen Records,1,0,"Mainstream,All Weather,All Season,Youth/adult"
the cure (Lyrics),The Cure,Olivia Rodrigo,"=""00:04:57""",Pop,144,Olivia Rodrigo - the cure (Lyrics).mp4,2026,English,1,Geffen Records,1,0,"Indie Pop,Mainstream,All Weather,All Season,Youth/adult"
OneShotAce - More To Life ft. Lihtz (Official Video),OneShotAce - More To Life ft. Lihtz (Official Video),OneShotAce,"=""00:03:03""",Pop,111,OneShotAce - More To Life.mp4,2026,English,1,OneShotAce,1,0,"Balanced,All Weather,All Season"
Click Clack Symphony. (feat. Hans Zimmer),Click Clack Symphony.,RAYE,"=""00:05:11""",Pop,94,RAYE - Click Clack Symphony.mp4,2026,English,1,Human Re Sources,1,0,"Rhythm & Blues,Contemporary,Mainstream,All Weather,All Season,Youth/adult"
Calm Down,Calm Down,"Rema, Selena Gomez","=""00:03:59""",Folk,107,"Rema, Selena Gomez - Calm Down.mp4",2022,English,1,Interscope Records,1,0,"African,Balanced,All Weather,All Season"
The Visitor (Lyrics),The Visitor,SIENNA SPIRO,"=""00:03:54""",Pop,144,SIENNA SPIRO - The Visitor (Lyrics).mp4,2026,English,1,Capitol Records,1,0,"Ballad,Mainstream,All Weather,All Season,Youth/adult"
You Stole The Show (Lyrics),You Stole The Show,SIENNA SPIRO,"=""00:03:27""",Pop,123,SIENNA SPIRO - You Stole The Show (Lyrics).mp4,2025,English,1,SIENNA SPIRO,1,0,"Mainstream,All Weather,All Season,Youth/adult"
BMF (Lyrics),SOS Deluxe: LANA,SZA,"=""00:02:58""",Bossa Nova,128,SZA - BMF (Lyrics).mp4,2025,English,1,SZA,1,0,"Energetic,All Weather,All Season"
Manchild (Lyrics),Manchild,Sabrina Carpenter,"=""00:03:34""",Pop,123,Sabrina Carpenter - Manchild (Lyrics).mp4,2025,English,1,Island Records,1,0,"Pop Dance,Country,Disco,Upbeat,All Weather,All Season,Youth/adult"
Please Please Please (Lyrics),Please Please Please,Sabrina Carpenter,"=""00:03:06""",Pop,106,Sabrina Carpenter - Please Please Please (Lyrics).mp4,2024,English,1,Island Records,1,0,"Mainstream,All Weather,All Season,Youth/adult"
Rein Me In (Lyrics),Rein Me In,"Sam Fender, Olivia Dean","=""00:05:37""",Alternative,124,"Sam Fender, Olivia Dean - Rein Me In (Lyrics).mp4",2025,English,1,Polydor,1,0,"Pop Rock,Vocal,Mainstream,All Weather,All Season,Youth/adult"
In The Dark,In The Dark,Selena Gomez,"=""00:03:04""",Pop,120,Selena Gomez - In The Dark.mp4,2025,English,1,Selena Gomez,1,0,"Mainstream,All Weather,All Season,Youth/adult"
Dai Dai (World Cup Song 2026) (Lyrics),Dai Dai,Shakira & Burna Boy,"=""00:03:44""",Electronic,117,Shakira & Burna Boy - Dai Dai (World Cup Song 2026) (Lyrics).mp4,2026,English,1,Sony Music Latin,1,0,"Latin Pop,House,Pop Dance,Upbeat,Sunny,Summer,Youth/adult"
I Thought I Saw Your Face Today,Volume One,She & Him,"=""00:02:50""",Indie,163,She & Him - I Thought I Saw Your Face Today.mp4,2008,English,1,She & Him,1,0,"Fresh,All Weather,All Season"
Homewrecker (Lyrics),Homewrecker,Sombr,"=""00:03:29""",Pop,99,Sombr - Homewrecker (Lyrics).mp4,2026,English,1,Warner Records,1,0,"Mainstream,All Weather,All Season,Youth/adult"
undressed (official ) (Lyrics),undressed - Single,Sombr,"=""00:03:02""",Pop,115,Sombr - undressed (official Lyrics).mp4,2025,English,1,Warner Records,1,0,"Mainstream,All Weather,All Season,Youth/adult"
Dracula,Dracula,Tame Impala,"=""00:03:53""",Alternative,117,Tame Impala - Dracula.mp4,2025,English,1,Tame Impala,1,0,"Balanced,All Weather,All Season"
Love You Right,Love You Right,Tanner Grigoli,"=""00:03:08""",Pop,121,Tanner Grigoli - Love You Right.mp4,2026,English,1,Tanner Grigoli,1,0,"Mainstream,All Weather,All Season,Youth/adult"
Sports car,Sports Car / Revolving Door,Tate McRae,"=""00:03:08""",Pop,107,Tate McRae - Sports car.mp4,2025,English,1,RCA,1,0,"Pop Dance,Jersey Club,Upbeat,All Weather,All Season,Youth/adult"
TIT FOR TAT,TIT FOR TAT,Tate McRae,"=""00:02:56""",Pop,166,Tate McRae - Tit fot tat.mp4,2025,English,1,Tate McRae,1,0,"Mainstream,All Weather,All Season,Youth/adult"
greedy (Lyrics),greedy,Tate McRae,"=""00:02:12""",Pop,111,Tate McRae - greedy (Lyrics).mp4,2023,English,1,Tate McRae,1,0,"Mainstream,All Weather,All Season,Youth/adult"
greedy,greedy,Tate McRae,"=""00:02:34""",Pop,110,Tate McRae - greedy.mp4,2023,English,1,Tate McRae,1,0,"Mainstream,All Weather,All Season,Youth/adult"
Enchanted,Speak Now,Taylor Swift,"=""00:05:52""",Country,164,Taylor Swift - Enchanted.mp4,2023,English,1,Taylor Swift,1,0,"Energetic,All Weather,All Season"
The Fate of Ophelia (Lyrics),The Life of a Showgirl,Taylor Swift,"=""00:03:46""",Pop,124,Taylor Swift - The Fate of Ophelia (Lyrics).mp4,2025,English,1,Republic Records,1,0,"Mainstream,All Weather,All Season,Youth/adult"
Bad Dreams (Lyrics),Bad Dreams,Teddy Swims,"=""00:03:05""",Pop,123,Teddy Swims - Bad Dreams (Lyrics).mp4,2024,English,1,Warner Records,1,0,"Rhythm & Blues,Mainstream,All Weather,All Season,Youth/adult"
Lose Control (Lyrics),I've Tried Everything But Therapy (Part 1),Teddy Swims,"=""00:03:28""",Pop,162,Teddy Swims - Lose Control (Lyrics).mp4,2023,English,1,Warner Records,1,0,"Mainstream,All Weather,All Season,Youth/adult"
Lose Control,I've Tried Everything But Therapy (Part 1),Teddy Swims,"=""00:03:28""",Pop,162,Teddy Swims - Lose.mp4,2023,English,1,Warner Records,1,0,"Mainstream,All Weather,All Season,Youth/adult"
Mr. Know It All,Mr. Know It All,Teddy Swims,"=""00:03:18""",Pop,126,Teddy Swims - Mr. Know It All.mp4,2026,English,1,Warner Records,1,0,"R&B,Mainstream,All Weather,All Season,Youth/adult"
The Door (Lyrics),I've Tried Everything But Therapy (Part 1),Teddy Swims,"=""00:03:33""",Pop,128,Teddy Swims - The Door (Lyrics).mp4,2024,English,1,Teddy Swims,1,0,"Mainstream,All Weather,All Season,Youth/adult"
Self Aware (Lyrics),Self Aware,Temper City,"=""00:02:59""",Alternative,162,Temper City - Self Aware (Lyrics).mp4,2026,English,1,Temper City,1,0,"Energetic,All Weather,All Season"
Downtown Dreamin',Downtown Dreamin' - Single,The 046,"=""00:03:25""",Hip Hop,91,The 046 -Downtown dreaming.mp4,2026,English,1,The 046,1,0,"R&B,Balanced,All Weather,All Season"
About You,Being Funny In A Foreign Language,The 1975,"=""00:05:27""",Alternative,96,The 1975 - About You.mp4,2022,English,1,Dirty Hit,1,0,"Balanced,All Weather,All Season"
Sweet Nothings,Sweet Nothings,Yella Beezy,"=""00:03:23""",Pop,149,Yella Beezy - Sweet Nothings.mp4,2026,English,1,Yella Beezy,1,0,"Energetic,All Weather,All Season"
One day,One Day,Zlata Ognevich,"=""00:03:51""",Pop,93,Zlata Ognevich - One day.mp4,2026,English,1,Zlata Ognevich,1,0,"Balanced,All Weather,All Season"
undressed,undressed - Single,sombr,"=""00:03:17""",Pop,115,sombr - undressed.mp4,2025,English,1,Warner Records,1,0,"Mainstream,All Weather,All Season,Youth/adult"
blue,blue,yung kai,"=""00:03:41""",Alternative,97,yung kai - blue.mp4,2025,English,1,BMG,1,0,"Indie Pop,Mainstream,All Weather,All Season,Youth/adult"
"031Choppa, Al Xapo & Benzoo - Fast Fast (feat. Roscosteazy, Optimist Music ZA & JussGigi) (Audio)","031Choppa, Al Xapo & Benzoo - Fast Fast (feat. Roscosteazy, Optimist Music ZA & JussGigi) (Audio)","031Choppa, Al Xapo & Benzoo","=""00:04:00""",Pop,113,"031Choppa, Al Xapo & Benzoo - Fast Fast.mp4",2026,English,1,SMC,1,0,"Balanced,All Weather,All Season"
What's Up (Lyrics),What's Up?,4 Non Blondes,"=""00:04:15""",Rock,136,4 Non Blondes - What's Up (Lyrics).mp4,1993,English,1,Interscope Records,1,0,"Pop Rock,Mainstream,All Weather,All Season,Youth/adult"
What's Up x Beez In The Trap (djauxlord Mashup) (Lyrics),What's Up x Beez In The Trap,4 Non Blondes x Nicki Minaj,"=""00:00:54""",Pop,150,4 Non Blondes x Nicki Minaj - What's Up x Beez In The Trap (djauxlord Mashup) [Lyrics].mp4,2025,English,1,4 Non Blondes x Nicki Minaj,1,0,"Energetic,All Weather,All Season"
Passo Bem Solto (Slowed),PASSO BEM SOLTO,ATLXS,"=""00:01:56""",Pop,115,ATLXS - Passo Bem Solto (Slowed).mp4,2024,English,1,ATLXS,1,0,"Balanced,All Weather,All Season"
Dancin (KRONO Remix) (Lyrics),Dancin',Aaron Smith,"=""00:03:15""",Electronic,118,Aaron Smith - Dancin (KRONO Remix) - Lyrics.mp4,2006,English,1,Spinnin' Records,1,0,"House,Upbeat,All Weather,All Season"
I Want You ( Video) (Lyrics),Happy,Alexia,"=""00:02:46""",Pop,109,Alexia - I Want You (Lyric Video).mp4,1999,English,1,Alexia,1,0,"Balanced,All Weather,All Season"
No One (Lyrics),As I Am,Alicia Keys,"=""00:04:14""",Soul,89,Alicia Keys - No One (Lyrics).mp4,2007,English,1,J Records,1,0,"R&B,Smooth,All Weather,All Season"
Sad Girlz Luv Money Remix (Lyrics),Sad Girlz Luv Money Remix,Amaarae,"=""00:03:24""",Electronic,123,Amaarae - Sad Girlz Luv Money Remix (Lyrics).mp4,2021,English,1,Golden Child Entertainment Ltd,1,0,"Afrobeat,R&B,Energetic,All Weather,All Season,Youth/adult"
Envolver (Letra ) (Lyrics),Envolver,Anitta,"=""00:03:11""",Electronic,91,Anitta - Envolver (Letra Lyrics).mp4,2021,English,1,Warner Records,1,0,"Reggaeton,Energetic,Sunny,Summer,Youth/adult"
we can't be friends (Lyrics),eternal sunshine,Ariana Grande,"=""00:03:49""",Pop,115,Ariana Grande - we can't be friends (Lyrics).mp4,2024,English,1,Republic Records,1,0,"Mainstream,All Weather,All Season,Youth/adult"
i like the way you kiss me (Lyrics),i like the way you kiss me,Artemas,"=""00:02:23""",Electronic,151,Artemas - i like the way you kiss me (Lyrics).mp4,2024,English,1,Not On Label (Artemas Self-released),1,0,"Alternative Rock,Indie Rock,Synth-pop,Alt-pop,Energetic,All Weather,All Season,Youth/adult"
Jump (Color Coded ) (Lyrics),JUMP,Blackping,"=""00:03:00""",Pop,144,Blackping - Jump (Color Coded Lyrics).mp4,2025,English,1,BLACKPINK,1,0,"Energetic,All Weather,All Season"
Money Pull Up (Lyrics),Money Pull Up,Blaiz Fayah X Maureen,"=""00:02:09""",Pop,100,Blaiz Fayah X Maureen - Money Pull Up (Lyrics).mp4,2025,English,1,Blaiz Fayah X Maureen,1,0,"Balanced,All Weather,All Season"
Years & Years (Lyrics),Years & Years,Breathe,"=""00:03:53""",Pop,92,Breathe - Years & Years (Lyrics).mp4,2015,English,1,Breathe,1,0,"Balanced,All Weather,All Season"
Move your body (sped up) (Lyrics),MOVE YO BODY,Bryansanon,"=""00:02:16""",Pop,144,Bryansanon - Move your body (sped up) Lyrics.mp4,2023,English,1,Bryansanon,1,0,"Energetic,All Weather,All Season"
Bunna Summa (Lyrics),Bunna Summa,BunnaB,"=""00:02:28""",Hip Hop,147,BunnaB - Bunna Summa (Lyrics).mp4,2025,English,1,"Ice Cream Girl Entertainment, Artist Partner Group",1,0,"Confident,All Weather,All Season,Youth/adult"
Scared (Sped Up) (Lyrics),W241,Bushy B,"=""00:03:08""",Pop,125,Bushy B - Scared (Sped Up) (Lyrics).mp4,2025,English,1,Bushy B,1,0,"Energetic,All Weather,All Season"
CPK Shawn - Pop like this Pt. 2 (Slowed),CPK Shawn - Pop like this Pt. 2 (Slowed),CPK Shawn,"=""00:02:03""",Pop,79,CPK Shawn - Pop like this Pt. 2 (Slowed).mp4,2024,English,1,SMC,1,0,"Mainstream,All Weather,All Season"
party 4 u (Lyrics),how i'm feeling now,Charli XCX,"=""00:04:57""",Pop,155,Charli XCX - party 4 u (Lyrics).mp4,2020,English,1,Charli xcx,1,0,"Mainstream,All Weather,All Season,Youth/adult"
Pretty Little Baby,Pretty Little Baby,Connie Francis,"=""00:02:19""",Pop,122,Connie Francis - Pretty Little Baby.mp4,2025,English,1,Republic Records,1,0,"Vocal,Mainstream,All Weather,All Season,Youth/adult"
I Love You (Lyrics),Falling Into You,Céline Dion,"=""00:05:34""",Pop,172,Céline Dion - I Love You (Lyrics).mp4,1996,English,1,Céline Dion,1,0,"Mainstream,All Weather,All Season,Youth/adult"
I'm Gone,I'm Gone,Darin,"=""00:02:16""",Pop,98,Darin - I'm Gone.mp4,1959,English,1,Atco Records,1,0,"Vocal,Mainstream,All Weather,All Season,Youth/adult"
Austin (Lyrics),Austin,Dasha,"=""00:02:52""",Folk,115,Dasha - Austin (Lyrics).mp4,2024,English,1,"Warner Records, Version III",1,0,"World,& Country,Balanced,All Weather,All Season"
Denial is a river (Lyrics),Alligator Bites Never Heal,Doechii,"=""00:02:40""",Hip Hop,93,Doechii - Denial is a river (Lyrics).mp4,2024,English,1,"Top Dawg Entertainment, Capitol Records",1,0,"R&B,Balanced,All Weather,All Season"
Jealous Type (Lyrics),Jealous Type,Doja Cat,"=""00:02:44""",Pop,118,Doja Cat - Jealous Type (Lyrics).mp4,2025,English,1,Doja Cat,1,0,"Mainstream,All Weather,All Season,Youth/adult"
White Ferrari (Lyrics),Blonde,Frank Ocean,"=""00:04:09""",Pop,109,Frank Ocean - White Ferrari (Lyrics).mp4,2016,English,1,Frank Ocean,1,0,"Mainstream,All Weather,All Season,Youth/adult"
Warm Sweet Love,Warm Sweet Love - Single,Free Hugs Tomorrow,"=""00:02:38""",Dance,124,Free Hugs Tomorrow - Warm Sweet Love.mp4,2026,English,1,Free Hugs Tomorrow,1,0,"Upbeat,All Weather,All Season,Youth/adult"
All my fellas (Lyrics),ALL MY FELLAS,Frizk,"=""00:02:21""",Electronic,80,Frizk - All my fellas (Lyrics).mp4,2023,English,1,Not On Label (Frizk Self-released),1,0,"Pop Dance,Upbeat,All Weather,All Season,Youth/adult"
Sailor Song (Lyrics),Sailor Song,Gigi Perez,"=""00:03:30""",Pop,94,Gigi Perez - Sailor Song (Lyrics).mp4,2025,English,1,Island Records,1,0,"Vocal,Mainstream,All Weather,All Season,Youth/adult"
That’s So True (Lyrics),The Secret of Us (Deluxe),Gracie Abrams,"=""00:02:47""",Pop,108,Gracie Abrams - That’s So True (Lyrics).mp4,2024,English,1,Interscope Records,1,0,"Mainstream,All Weather,All Season,Youth/adult"
Too Sweet i take my whiskey neat (Lyrics),Unheard,Hozier,"=""00:04:11""",Pop,117,Hozier - Too Sweet (Lyrics) i take my whiskey neat.mp4,2024,English,1,Hozier,1,0,"Balanced,All Weather,All Season"
Golden KPop Demon Hunters (Lyrics),Golden KPop Demon Hunters,Huntrix,"=""00:03:12""",Pop,123,Huntrix - Golden (Lyrics) KPop Demon Hunters.mp4,2025,English,1,Huntrix,1,0,"Mainstream,All Weather,All Season"
How It's Done K-Pop Demon Hunters (Lyrics),Huntrix - How It's Done (Lyrics) | K-Pop Demon Hunters,Huntrix,"=""00:02:56""",Pop,162,Huntrix - How It's Done (Lyrics) K-Pop Demon Hunters.mp4,2025,English,1,SMC,1,0,"Mainstream,All Weather,All Season"
Headlock (Lyrics),Speak for Yourself,Imogen Heap,"=""00:03:36""",Lush,120,Imogen Heap - Headlock (Lyrics).mp4,2006,English,1,Imogen Heap,1,0,"Balanced,All Weather,All Season"
Surround Sound ft. 21 Savage & Baby Tate (Lyrics),JID - Surround Sound (Lyrics) ft. 21 Savage & Baby Tate,JID,"=""00:03:50""",Pop,152,JID - Surround Sound (Lyrics) ft. 21 Savage & Baby Tate.mp4,2022,English,1,JID,1,0,"Energetic,All Weather,All Season"
Hold My Hand (Lyrics),I Cry When I Laugh,Jess Glynne,"=""00:03:47""",Pop,123,Jess Glynne - Hold My Hand (Lyrics).mp4,2015,English,1,Atlantic,1,0,"Mainstream,All Weather,All Season,Youth/adult"
Jiandro - Confess your love (Audio) ft. ola.wav,Jiandro - Confess your love (Audio) ft. ola.wav,Jiandro,"=""00:02:11""",Pop,100,Jiandro - Confess your love (Audio) ft. ola.wav.mp4,2025,English,1,Jiandro,1,0,"Balanced,All Weather,All Season"
Gabriela,Gabriela,KATSEYE,"=""00:03:18""",Pop,146,Katseye - Gabriella.mp4,2025,English,1,KATSEYE,1,0,"Mainstream,All Weather,All Season,Youth/adult"
Folded (Lyrics),Kehlani,Kehlani,"=""00:03:58""",R&B,136,Kehlani - Folded (Lyrics).mp4,2025,English,1,Kehlani,1,0,"Smooth,All Weather,All Season"
luther ft. SZA (Lyrics),GNX,Kendrick Lamar,"=""00:02:58""",Pop,137,Kendrick Lamar - luther ft. SZA (Lyrics).mp4,2024,English,1,Kendrick Lamar,1,0,"Energetic,All Weather,All Season"
Your Love Is My Drug,Animal,Kesha,"=""00:03:07""",Pop,120,Kesha - Your Love Is My Drug.mp4,2010,English,1,Kesha,1,0,"Mainstream,All Weather,All Season,Youth/adult"
Maui Wowie (Lyrics),a KiD named CuDi,Kid Cudi,"=""00:02:24""",Hip Hop,123,Kid Cudi - Maui Wowie (Lyrics).mp4,2025,English,1,Kid Cudi,1,0,"Balanced,All Weather,All Season"
Not My Problem (Lyrics),Not My Problem (Flyer Than U) - Single,Laila!,"=""00:02:12""",Pop,138,Laila! - Not My Problem (Lyrics).mp4,2024,English,1,Laila!,1,0,"Energetic,All Weather,All Season"
Big Energy (Lyrics),Big Energy,Latto,"=""00:02:53""",Hip Hop,106,Latto - Big Energy (Lyrics).mp4,2021,English,1,"Streamcut, RCA",1,0,"Pop Rap,Mainstream,All Weather,All Season,Youth/adult"
Ick he gave me the ick (Lyrics),"Lay Bankz - Ick (Lyrics) ""he gave me the ick""",Lay Bankz,"=""00:02:00""",Pop,138,Lay Bankz - Ick (Lyrics) he gave me the ick.mp4,2023,English,1,Lay Bankz,1,0,"Energetic,All Weather,All Season"
Olivia Dean (Lyrics),Olivia Dean,Man I Need,"=""00:03:04""",Pop,118,Man I Need - Olivia Dean (Lyrics).mp4,2025,English,1,Man I Need,1,0,"Balanced,All Weather,All Season"
Young Black & Rich (Lyrics),Young Black & Rich,Melly Mike,"=""00:02:35""",Hip Hop,129,Melly Mike - Young Black & Rich (Lyrics).mp4,2024,English,1,Not On Label (Melly Mike Self-released),1,0,"Confident,All Weather,All Season,Youth/adult"
Mila J - My Main ft. Ty Dolla $ign,Mila J - My Main ft. Ty Dolla $ign,Mila J,"=""00:03:33""",Pop,95,Mila J - My Main ft. Ty Dolla $ign.mp4,2014,English,1,Mila J,1,0,"Balanced,All Weather,All Season"
Twin where have you been (Made For Me) (Lyrics),Twin where have you been,Muni Long,"=""00:02:46""",Pop,120,Muni Long - Twin where have you been (Made For Me) (Lyrics).mp4,2024,English,1,Muni Long,1,0,"Balanced,All Weather,All Season"
Bye Bye Bye (Deadpool 3 Soundtrack) (Lyrics),No Strings Attached,NSYNC,"=""00:03:20""",Pop,172,NSYNC - Bye Bye Bye (Lyrics) (Deadpool 3 Soundtrack).mp4,2000,English,1,*NSYNC,1,0,"Mainstream,All Weather,All Season,Youth/adult"
Unwritten (Lyrics),Unwritten,Natasha Bedingfield,"=""00:04:08""",Pop,100,Natasha Bedingfield - Unwritten (Lyrics).mp4,2004,English,1,"Phonogenic, BMG UK & Ireland",1,0,"Pop Rock,Ballad,R&B,Mainstream,All Weather,All Season,Youth/adult"
La La La (Lyrics),La La La (Remixes),"Naughty Boy, Sam Smith","=""00:03:41""",Pop,125,"Naughty Boy, Sam Smith - La La La (Lyrics).mp4",2013,English,1,Universal Music,1,0,"UK Garage,House,Dubstep,Upbeat,All Weather,All Season,Youth/adult"
Ndotz - Embrace It | miss if you got a bumper then shake it,Ndotz - Embrace It | miss if you got a bumper then shake it,Ndotz,"=""00:02:13""",Pop,114,Ndotz - Embrace It miss if you got a bumper then shake it.mp4,2024,English,1,Ndotz,1,0,"Balanced,All Weather,All Season"
Stromae,Stromae,Papaoutai (Afro Soul),"=""00:04:40""",Pop,101,Papaoutai (Afro Soul) - Stromae.mp4,2026,English,1,Papaoutai,1,0,"Balanced,All Weather,All Season"
Jessie J (Lyrics),Jessie J,Price Tag,"=""00:03:58""",Pop,172,Price Tag - Jessie J (Lyrics).mp4,2020,English,1,Price Tag,1,0,"Energetic,All Weather,All Season"
WHERE IS MY HUSBAND! (Lyrics),WHERE IS MY HUSBAND!,RAYE,"=""00:03:18""",Pop,115,RAYE - WHERE IS MY HUSBAND! (Lyrics).mp4,2025,English,1,Human Re Sources,1,0,"Contemporary Jazz,Mainstream,Rainy,All Season,Youth/adult"
My Bubble Gum (Lyrics),Dat Type of Gurl,Rasheeda,"=""00:03:27""",Pop,162,Rasheeda - My Bubble Gum (Lyrics).mp4,2011,English,1,Rasheeda,1,0,"Energetic,All Weather,All Season"
Breakin’ Dishes (Lyrics),Breakin' Dishes,Rihanna,"=""00:03:21""",Electronic,125,Rihanna - Breakin’ Dishes (Lyrics).mp4,2007,English,1,Def Jam Recordings,1,0,"House,Vocal,Upbeat,All Weather,All Season,Youth/adult"
Snooze (Lyrics),SOS,SZA,"=""00:03:23""",Funk / Soul,143,SZA - Snooze (Lyrics).mp4,2023,English,1,"Top Dawg Entertainment, RCA",1,0,"R&B,Smooth,All Weather,All Season"
Pastlives (Lyrics),Past Lives,Sapientdream,"=""00:02:33""",Pop,117,Sapientdream - Pastlives (lyrics).mp4,2023,English,1,sapientdream,1,0,"Mainstream,All Weather,All Season,Youth/adult"
Maybe This Time (Lyrics),Maybe This Time (Original Motion Picture Soundtrack),Sarah Geronimo,"=""00:04:16""",Pop,135,Sarah Geronimo - Maybe This Time (Lyrics).mp4,2024,English,1,Sarah Geronimo,1,0,"Energetic,All Weather,All Season"
Ride Or Die Pt. 2 Ft. Tokischa & Villano Antillano (Lyrics),Ride Or Die Pt​.​2,Sevdaliza,"=""00:02:39""",Pop,140,Sevdaliza - Ride Or Die Pt. 2 Ft. Tokischa & Villano Antillano (Lyrics).mp4,2024,German,1,Not On Label (Sevdaliza Self-Released),1,0,"Mainstream,All Weather,All Season,Youth/adult"
Me And The Devil (Lyrics),Sugarbread,Soap&Skin,"=""00:03:05""",Alternative,90,Soap&Skin - Me And The Devil (Lyrics).mp4,2013,English,1,Soap&Skin,1,0,"Balanced,All Weather,All Season"
Now Or Never,NOW OR NEVER,TKANDZ,"=""00:02:04""",UK Drill,142,TKANDZ - Now Or Never.mp4,2025,English,1,Tkandz,1,0,"Energetic,All Weather,All Season"
The Man Who Can't Be Moved (Lyrics),The Script,The Script,"=""00:04:02""",Pop,100,The Script - The Man Who Can't Be Moved (Lyrics).mp4,2008,English,1,The Script,1,0,"Mainstream,All Weather,All Season,Youth/adult"
Die For You (Remix )) (Lyrics),Die For You (Remix),"The Weeknd, Ariana Grande","=""00:03:53""",Pop,66,"The Weeknd, Ariana Grande - Die For You (Remix Lyrics)).mp4",2023,English,1,SMC,1,0,"Calm,Rainy,All Season"
One Of The Girls (Lyrics),One Of The Girls,"The Weeknd, JENNIE, Lily-Rose Depp","=""00:04:04""",Electronic,172,"The Weeknd, JENNIE, Lily-Rose Depp - One Of The Girls (Lyrics).mp4",2023,English,1,"XO, Republic Records",1,0,"Soundtrack,Synth-pop,R&B,Energetic,All Weather,All Season,Youth/adult"
Popular (Lyrics),Popular,"The Weeknd, Playboi Carti & Madonna","=""00:03:35""",Electronic,99,"The Weeknd, Playboi Carti & Madonna - Popular (Lyrics).mp4",2023,English,1,"XO, Republic Records",1,0,"R&B,Pop Rap,Pop Dance,Soundtrack,Upbeat,All Weather,All Season,Youth/adult"
Another Love (Lyrics),Long Way Down (Deluxe),Tom Odell,"=""00:04:02""",Indie,121,Tom Odell - Another Love (Lyrics).mp4,2013,English,1,Tom Odell,1,0,"Fresh,All Weather,All Season"
Hey Daddy (Daddy's Home) (Lyrics),Raymond v Raymond (Expanded Edition),Usher,"=""00:03:44""",Pop,95,Usher - Hey Daddy (Daddy's Home) (Lyrics).mp4,2009,English,1,Usher,1,0,"Balanced,All Weather,All Season"
Ma Tnsani (Yalla Habibi) (Lyrics),Vanco ft. Aya - Ma Tnsani (Yalla Habibi) (Lyrics),Vanco ft. Aya,"=""00:03:41""",Electronic,120,Vanco ft. Aya - Ma Tnsani (Yalla Habibi) (Lyrics).mp4,2025,English,1,Vanco,1,0,"Dance,Electro,House,Electronica,Upbeat,All Weather,All Season,Youth/adult"
Diamondz n Roses,Diamondz n Roses - Single,VaporGod,"=""00:02:33""",Dance,119,VaporGod - Diamondz n Roses (best part).mp4,2023,English,1,VaporGod,1,0,"Upbeat,All Weather,All Season,Youth/adult"
Into Your Arms ft. Ava Max - [No Rap] (Lyrics),Into Your Arms,Witt Lowry,"=""00:02:20""",Pop,113,Witt Lowry - Into Your Arms (Lyrics) ft. Ava Max - [No Rap].mp4,2018,English,1,"Warner Dance Labels, Warner Music Sweden",1,0,"Mainstream,All Weather,All Season,Youth/adult"
Show Me Love (Lyrics),Show Me Love,"WizTheMc, bees & honey","=""00:02:57""",Pop,107,"WizTheMc, bees & honey - Show Me Love (Lyrics).mp4",2025,English,1,Bamboo Artists,1,0,"Mainstream,All Weather,All Season,Youth/adult"
Harpy Hare (Lyrics),Harpy Hare,Yaelokre,"=""00:03:01""",Electronic,130,Yaelokre - Harpy Hare (Lyrics).mp4,2024,English,1,MIRAKLE,1,0,"Experimental,Breakcore,Drum N Bass,Folk,Glitch,Shoegaze,Energetic,All Weather,All Season"
HBO,HBO,Yung Gravy,"=""00:03:47""",Pop,164,Yung Gravy - HBO.mp4,2026,English,1,Yung Gravy,1,0,"Energetic,All Weather,All Season"
Symphony,Symphony,Clean Bandit,"=""00:03:33""",Pop,123,"Zara Larsson, Clean Bandit - Symphony (Sub. Español).mp4",2017,English,1,Clean Bandit,1,0,"Balanced,All Weather,All Season"
ETERNO,BPP (Live),ANJOS,"=""00:04:48""",Pop,137,ANJOS - ETERNO.mp4,2018,English,1,Anjos,1,0,"Mainstream,All Weather,All Season,Youth/adult"
O Erro Mais Bonito,Hits Pop PT,Ana Bacalhau,"=""00:03:05""",Pop,97,Ana Bacalhau - O Erro Mais Bonito.mp4,2019,English,1,Ana Bacalhau,1,0,"Mainstream,All Weather,All Season,Youth/adult"
NO CHÃO NOVINHA,NO CHÃO NOVINHA,"Anitta, PEDRO SAMPAIO","=""00:02:29""",Electronic,142,"Anitta, PEDRO SAMPAIO - NO CHÃO NOVINHA.mp4",2021,Portuguese,1,Warner Music Brasil,1,0,"Favela Funk,Energetic,Sunny,Summer,Youth/adult"
Contra Probabilidades,Contra Probabilidades,BISPO,"=""00:03:23""",Pop,126,BISPO - Contra Probabilidades.mp4,2024,English,1,Bispo,1,0,"Energetic,All Weather,All Season"
O Teu Cheiro,O Teu Cheiro,BISPO,"=""00:02:50""",Pop,148,BISPO - O Teu Cheiro.mp4,2024,English,1,Bispo,1,0,"Energetic,All Weather,All Season"
Carro,Finda,Bárbara Bandeira,"=""00:03:39""",Pop,115,Bárbara Bandeira - Carro.mp4,2023,Portuguese,1,Bárbara Bandeira,1,0,"Mainstream,All Weather,All Season,Youth/adult"
Como Tu,Como Tu,Bárbara Bandeira,"=""00:03:30""",Pop,94,Bárbara Bandeira - Como Tu.mp4,2022,Portuguese,1,Bárbara Bandeira,1,0,"Mainstream,All Weather,All Season,Youth/adult"
Fumaça,Fumaça,Bárbara Bandeira,"=""00:03:26""",Pop,92,Bárbara Bandeira - Fumaça.mp4,2024,Portuguese,1,Bárbara Bandeira,1,0,"Mainstream,All Weather,All Season,Youth/adult"
Não Gosta,Lusa: ato I,Bárbara Bandeira,"=""00:03:29""",Pop,132,Bárbara Bandeira - Não Gosta.mp4,2025,Portuguese,1,Bárbara Bandeira,1,0,"Mainstream,All Weather,All Season,Youth/adult"
Onde Vais,Onde Vais,Bárbara Bandeira,"=""00:04:00""",Pop,91,Bárbara Bandeira - Onde Vais.mp4,2021,Portuguese,1,Bárbara Bandeira,1,0,"Mainstream,All Weather,All Season,Youth/adult"
Antes Dela Dizer Que Sim,Antes Dela Dizer Que Sim,Bárbara Tinoco,"=""00:03:15""",Pop,118,Bárbara Tinoco - Antes Dela Dizer Que Sim.mp4,2019,Portuguese,1,Primeira Linha Lda,1,0,"Mainstream,All Weather,All Season,Youth/adult"
Sei Lá,Sei Lá - Single,Bárbara Tinoco,"=""00:03:30""",Pop,100,Bárbara Tinoco - Sei Lá.mp4,2019,Portuguese,1,Primeira Linha Lda,1,0,"Mainstream,All Weather,All Season,Youth/adult"
A Nossa Vez,A.N.V,Calema,"=""00:04:32""",Pop,103,Calema - A Nossa Vez.mp4,2017,English,1,Klasszik,1,0,"African,Folk,Vocal,Mainstream,All Weather,All Season,Youth/adult"
Amar Pela Metade,Amar Pela Metade / Aimer À Moitié,Calema,"=""00:03:16""",Latin,94,Calema - Amar Pela Metade.mp4,2024,Portuguese,1,Klasszik,1,0,"Afrobeat,Mainstream,Sunny,Summer,Youth/adult"
Kelê Mbê (Lyrics),Voyage Tour (Live in MEO Arena),Calema,"=""00:03:31""",Pop,126,Calema - Kelê Mbê (Lyrics).mp4,2025,English,1,Calema,1,0,"Energetic,All Weather,All Season"
Kua Buaru,Kua Buaru,"Calema ft. Soraia Ramos, Pérola & Manecas Costa","=""00:04:52""",Pop,109,"Calema ft. Soraia Ramos, Pérola & Manecas Costa - Kua Buaru.mp4",2021,English,1,Calema,1,0,"Mainstream,All Weather,All Season,Youth/adult"
Respirar,Respirar,"Calema, Sara Correia","=""00:04:11""",Pop,108,"Calema, Sara Correia - Respirar.mp4",2025,English,1,"Calema, Sara Correia",1,0,"Balanced,All Weather,All Season"
Loucamente,Loucamente,D.A.M.A,"=""00:03:54""",Pop,152,D.A.M.A - Loucamente feat. Los Romeros.mp4,2023,English,1,SMC,1,0,"Mainstream,All Weather,All Season,Youth/adult"
Tento (I - transformar),Tento (I - transformar),D.A.M.A,"=""00:03:05""",Pop,155,D.A.M.A - Tento.mp4,2020,English,1,D.A.M.A,1,0,"Mainstream,All Weather,All Season,Youth/adult"
Anda Comigo,Anda Comigo - Single,David Carreira,"=""00:03:12""",Pop,161,David Carreira - Anda Comigo.mp4,2020,English,1,David Carreira,1,0,"Mainstream,All Weather,All Season,Youth/adult"
Bom Para Portugal,Bom Para Portugal,David Carreira,"=""01:31:12""",Pop,115,David Carreira - Bom Para Portugal (Live).mp4,2021,English,1,David Carreira,1,0,"Balanced,All Weather,All Season"
"Diogo Piçarra & Joana Alegre - ""E Agora?"" | Final | The Voice Portugal","Diogo Piçarra & Joana Alegre - ""E Agora?"" | Final | The Voice Portugal",Diogo Piçarra & Joana Alegre,"=""00:03:06""",Pop,85,Diogo Piçarra & Joana Alegre - E Agora.mp4,2020,Portuguese,1,SMC,1,0,"Balanced,All Weather,All Season"
Coração,Dia dos Namorados,Diogo Piçarra,"=""00:03:22""",Pop,90,Diogo Piçarra - Coração.mp4,2019,Portuguese,1,Diogo Piçarra,1,0,"Mainstream,All Weather,All Season,Youth/adult"
Noites (Lyrics),South Side Boy Extra,Diogo Piçarra,"=""00:03:32""",Pop,115,Diogo Piçarra - Noites (Lyrics).mp4,2019,English,1,Diogo Piçarra,1,0,"Mainstream,All Weather,All Season,Youth/adult"
Saída De Emergência,Saída De Emergência - Single,Diogo Piçarra,"=""00:02:47""",Pop,110,Diogo Piçarra - Saída De Emergência.mp4,2023,Portuguese,1,Diogo Piçarra,1,0,"Mainstream,All Weather,All Season,Youth/adult"
Vem Dançar Comigo,Vem Dançar Comigo - Single,Diogo Piçarra,"=""00:03:08""",Pop,135,Diogo Piçarra - Vem Dançar Comigo.mp4,2021,Portuguese,1,Diogo Piçarra,1,0,"Mainstream,All Weather,All Season,Youth/adult"
Monarquia,2 da Manhã,"Diogo Piçarra, Bispo","=""00:03:19""",Pop,83,"Diogo Piçarra, Bispo - Monarquia.mp4",2021,Portuguese,1,"Diogo Piçarra, BISPO",1,0,"Mainstream,All Weather,All Season,Youth/adult"
Nada É Para Sempre,Nada É Para Sempre,"Diogo Piçarra, Vitor Kley","=""00:03:16""",Pop,90,"Diogo Piçarra, Vitor Kley - Nada É Para Sempre.mp4",2020,Portuguese,1,Universal Music Portugal,1,0,"Europop,Mainstream,All Weather,All Season,Youth/adult"
FICA.,FICA.,Domingues,"=""00:04:20""",Pop,140,Domingues - FICA..mp4,2020,English,1,Domingues,1,0,"Energetic,All Weather,All Season"
Eu Gosto de Ti,Eu Gosto de Ti - Single,Elas,"=""00:03:29""",Pop,105,ELAS Eu Gosto de Ti.mp4,2019,English,1,Elas,1,0,"Mainstream,All Weather,All Season,Youth/adult"
Medo,Festival da Canção 2025,Fernando Daniel,"=""00:03:10""",Pop,130,Fernando Daniel - Medo (Studio Version).mp4,2025,Portuguese,1,Fernando Daniel,1,0,"Mainstream,All Weather,All Season,Youth/adult"
Melodia Da Saudade,Grandes Vozes,Fernando Daniel,"=""00:05:09""",Pop,89,Fernando Daniel - Melodia Da Saudade.mp4,2019,English,1,Fernando Daniel,1,0,"Mainstream,All Weather,All Season,Youth/adult"
Fernando Daniel - Se Eu ft. Melim,Fernando Daniel - Se Eu ft. Melim,Fernando Daniel,"=""00:03:52""",Pop,172,Fernando Daniel - Se Eu ft. Melim.mp4,2019,English,1,Fernando Daniel,1,0,"Energetic,All Weather,All Season"
casa,casa,Fernando Daniel,"=""00:03:43""",Pop,140,Fernando Daniel - casa.mp4,2023,English,1,Fernando Daniel,1,0,"Mainstream,All Weather,All Season,Youth/adult"
Sem Ti,Para Cantar Alto,"Fernando Daniel, Agir","=""00:03:45""",Pop,86,"Fernando Daniel, Agir - Sem Ti.mp4",2020,English,1,"Fernando Daniel, Agir",1,0,"Mainstream,All Weather,All Season,Youth/adult"
menina solta,solta - EP,GIULIA BE,"=""00:02:48""",Rock,92,GIULIA BE - menina solta.mp4,2019,English,1,WM Brazil,1,0,"Pop Rock,R&B,Mainstream,Sunny,Summer,Youth/adult"
pessoa certa hora errada,pessoa certa hora errada,GIULIA BE,"=""00:02:46""",Pop,94,GIULIA BE - pessoa certa hora errada.mp4,2021,English,1,GIULIA BE,1,0,"Balanced,All Weather,All Season"
Borboletas,Borboletas - Single,Gama WNTD,"=""00:04:33""",Pop,172,Gama WNTD - Borboletas.mp4,2020,English,1,Gama WNTD,0,1,"Energetic,All Weather,All Season"
Chakras,Chakras,IVANDRO,"=""00:03:18""",Pop,99,IVANDRO - Chakras.mp4,2023,English,1,Ivandro,1,0,"Balanced,All Weather,All Season"
Hoji N'Ka Ta Rola,Hoji N'ka ta Rola - Single,JULINHO KSD,"=""00:03:57""",Pop,95,JULINHO KSD - Hoji N'Ka Ta Rola.mp4,2019,English,1,Julinho Ksd,1,0,"Balanced,All Weather,All Season"
ASSIM NASCE UM BÊBADO,THE COMEBACK,Luan Santana,"=""00:03:46""",Pop,93,Luan Santana - ASSIM NASCE UM BÊBADO.mp4,2021,Portuguese,1,Luan Santana,1,0,"Balanced,All Weather,All Season"
Melhor De Mim,Melhor de Mim - Single,Lupambo,"=""00:03:40""",Pop,90,Lupambo - Melhor De Mim.mp4,2021,English,1,Lupambo,1,0,"Balanced,All Weather,All Season"
"MARO – “saudade, saudade” | Final | Festival da Canção 2022","MARO – “saudade, saudade” | Final | Festival da Canção 2022",MARO,"=""00:03:16""",Pop,109,"MARO – saudade, saudade.mp4",2022,Portuguese,1,SMC,1,0,"Balanced,All Weather,All Season"
Blue,Shades - EP,Mandakaru,"=""00:03:12""",Pop,129,Mandakaru - Blue.mp4,2021,English,1,Mandakaru,1,0,"Energetic,All Weather,All Season"
Por ti Amor,Por ti Amor,"Matias Damasio, D.A.M.A","=""00:03:10""",Pop,91,"Matias Damasio, D.A.M.A - Por ti Amor.mp4",2024,English,1,SMC,1,0,"Mainstream,All Weather,All Season,Youth/adult"
Porquê (Lyrics),Portugal Radio Hits,Murta,"=""00:03:04""",Pop,178,Murta - Porquê (Lyrics).mp4,2019,Portuguese,1,Murta,1,0,"Mainstream,All Weather,All Season,Youth/adult"
Porquê,Portugal Radio Hits,Murta,"=""00:03:04""",Pop,178,Murta - Porquê.mp4,2019,Portuguese,1,Murta,1,0,"Mainstream,All Weather,All Season,Youth/adult"
Assim Já Não Vai Dar,Nuno Ribeiro,NUNO RIBEIRO,"=""00:03:26""",Pop,98,NUNO RIBEIRO - Assim Já Não Vai Dar.mp4,2019,Portuguese,1,Nuno Ribeiro,1,0,"Mainstream,All Weather,All Season,Youth/adult"
Essa Mulher,Falar De Nós,NUNO RIBEIRO,"=""00:03:01""",Pop,93,NUNO RIBEIRO - Essa Mulher.mp4,2025,Portuguese,1,Nuno Ribeiro,1,0,"Mainstream,All Weather,All Season,Youth/adult"
Para Lá das 8,Nuno Ribeiro,NUNO RIBEIRO,"=""00:03:31""",Pop,99,NUNO RIBEIRO - Para Lá das 8.mp4,2019,Portuguese,1,Nuno Ribeiro,1,0,"Mainstream,All Weather,All Season,Youth/adult"
Tarde Demais,Tarde Demais - Single,NUNO RIBEIRO,"=""00:03:23""",Pop,103,NUNO RIBEIRO - Tarde Demais.mp4,2020,English,1,Nuno Ribeiro,1,0,"Mainstream,All Weather,All Season,Youth/adult"
Gosto de Ti,Gosto de ti,Nininho Vaz Maia & Cristiano Maia,"=""00:03:56""",Pop,122,Nininho Vaz Maia & Cristiano Maia - Gosto de Ti.mp4,2021,English,1,Nininho Vaz Maia & Cristiano Maia,1,0,"Balanced,All Weather,All Season"
Teus Beijos,Teus Beijos,Nininho Vaz Maia,"=""00:03:50""",Pop,108,Nininho Vaz Maia - Teus Beijos.mp4,2025,English,1,Nininho Vaz Maia,1,0,"Mainstream,All Weather,All Season,Youth/adult"
No Maka - Nota 100 ft. Laton,No Maka - Nota 100 ft. Laton,No Maka,"=""00:02:58""",Pop,100,No Maka - Nota 100 ft. Laton.mp4,2018,English,1,No Maka,1,0,"Balanced,All Weather,All Season"
Maria Joana,Maria Joana,"Nuno Ribeiro, Calema, Mariza","=""00:03:57""",Pop,94,"Nuno Ribeiro, Calema, Mariza - Maria Joana.mp4",2023,English,1,Warner Music Portugal,1,0,"Reggaeton,Mainstream,Sunny,All Season,Youth/adult"
Fico de Pé,Fico de Pé,Primavera,"=""00:03:09""",Pop,110,PRIMAVERA Fico de pé.mp4,2025,Portuguese,1,Primavera,1,0,"Mainstream,All Weather,All Season,Youth/adult"
Tanto Faz,Tanto Faz,Primavera,"=""00:03:00""",Pop,146,PRIMAVERA Tanto faz.mp4,2025,English,1,Primavera,1,0,"Mainstream,All Weather,All Season,Youth/adult"
EU,Eu - Single,PRIMAVERA,"=""00:02:53""",Pop,147,PRIMAVERA - EU.mp4,2019,English,1,Primavera,1,0,"Energetic,All Weather,All Season"
Penso em ti,Penso Em Ti,PRIMAVERA,"=""00:03:14""",Pop,120,PRIMAVERA - Penso em ti.mp4,2023,English,1,Primavera,1,0,"Mainstream,All Weather,All Season,Youth/adult"
Porquê,Porquê - Single,PRIMAVERA,"=""00:02:26""",Pop,81,PRIMAVERA - Porquê.mp4,2012,Portuguese,1,Conjunto Primavera,1,0,"Balanced,All Weather,All Season"
Pássaro,Pássaro,PRIMAVERA,"=""00:03:24""",Pop,125,PRIMAVERA - Pássaro.mp4,2020,Portuguese,1,Primavera,1,0,"Energetic,All Weather,All Season"
PRIMAVERA - SEI,PRIMAVERA - SEI,PRIMAVERA,"=""00:02:52""",Pop,108,PRIMAVERA - SEI.mp4,2021,English,1,SMC,1,0,"Balanced,All Weather,All Season"
PRIMAVERA - “Até ao fim”,PRIMAVERA - “Até ao fim”,PRIMAVERA,"=""00:02:31""",Pop,130,PRIMAVERA - “Até ao fim”.mp4,2022,Portuguese,1,SMC,1,0,"Energetic,All Weather,All Season"
PRIMAVERA - “Onde”,PRIMAVERA - “Onde”,PRIMAVERA,"=""00:02:53""",Pop,104,PRIMAVERA - “Onde”.mp4,2021,Portuguese,1,SMC,1,0,"Balanced,All Weather,All Season"
Fé,Fé - Single,Piruka,"=""00:04:01""",Hip Hop,92,Piruka - Fé.mp4,2021,Portuguese,1,Piruka,1,0,"Balanced,All Weather,All Season"
Louco,Louco,Piruka × Bluay,"=""00:04:05""",Pop,155,Piruka × Bluay - Louco.mp4,2019,Portuguese,1,Piruka × Bluay,1,0,"Energetic,All Weather,All Season"
Interestelar,Interestelar,Plutonio,"=""00:03:26""",Pop,129,Plutonio - Interestelar.mp4,2024,English,1,Plutonio,1,0,"Energetic,All Weather,All Season"
País Das Maravilhas,País das Maravilhas,Plutonio,"=""00:04:06""",Pop,97,Plutonio - País Das Maravilhas.mp4,2024,Portuguese,1,Plutonio,1,0,"Balanced,All Weather,All Season"
Richie Campbell x Rislene - Before I Lose My Voice (Remix),Richie Campbell x Rislene - Before I Lose My Voice (Remix),Richie Campbell x Rislene,"=""00:03:07""",Pop,105,Richie Campbell x Rislene - Before I Lose My Voice (Remix).mp4,2024,English,1,SMC,1,0,"Balanced,All Weather,All Season"
Casa,Genesis,SYRO,"=""00:03:04""",Pop,130,SYRO - Casa.mp4,2021,English,1,SYRO,1,0,"Mainstream,All Weather,All Season,Youth/adult"
Castelo de Cartas,Castelo de Cartas,SYRO,"=""00:03:12""",Pop,130,SYRO - Castelo de Cartas.mp4,2025,English,1,SYRO,1,0,"Mainstream,All Weather,All Season,Youth/adult"
Perto de Mim,Genesis,SYRO,"=""00:04:04""",Pop,117,SYRO - Perto de Mim.mp4,2020,English,1,SYRO,1,0,"Mainstream,All Weather,All Season,Youth/adult"
Rio d'Água,Rio d'Água,SYRO × Gisela João,"=""00:03:41""",Pop,143,SYRO × Gisela João - Rio d'Água.mp4,2021,Portuguese,1,SYRO,1,0,"Mainstream,All Weather,All Season,Youth/adult"
Leva me a Viajar,A Minha História,Sara Carreira,"=""00:03:37""",Pop,139,Sara Carreira - Leva me a Viajar.mp4,2021,Portuguese,1,Sara Carreira,1,0,"Mainstream,All Weather,All Season,Youth/adult"
Vou Ficar,A Minha História,Sara Carreira,"=""00:03:01""",Pop,129,Sara Carreira - Vou Ficar.mp4,2019,Portuguese,1,Sara Carreira,1,0,"Mainstream,All Weather,All Season,Youth/adult"
Slow J - Também Sonhar ft. Sara Tavares,Slow J - Também Sonhar ft. Sara Tavares,Slow J,"=""00:03:29""",Pop,107,Slow J - Também.mp4,2019,Portuguese,1,Slow J,1,0,"Balanced,All Weather,All Season"
Love Is On My Side,Love Is On My Side,The Black Mamba,"=""00:03:24""",Pop,139,The Black Mamba - Love Is On My Side.mp4,2021,English,1,RTP,1,0,"Ballad,Mainstream,All Weather,All Season,Youth/adult"
Cada Um No Seu Lugar,Júbilo,VIRGUL,"=""00:03:41""",Pop,105,VIRGUL - Cada Um No Seu Lugar.mp4,2019,Portuguese,1,Virgul,1,0,"Mainstream,All Weather,All Season,Youth/adult"
Pôr do Sol,Pôr do Sol,VIZINHOS,"=""00:02:41""",Pop,112,VIZINHOS - Pôr do Sol.mp4,2025,Portuguese,1,Vizinhos,1,0,"Mainstream,All Weather,All Season,Youth/adult"
What's Up,What's Up?,4 Non Blondes,"=""00:04:53""",Rock,135,4 Non Blondes - What's Up.mp4,1993,English,1,Interscope Records,1,0,"Pop Rock,Mainstream,All Weather,All Season,Youth/adult"
silent stranger,Silent Stranger,Against The Current,"=""00:03:30""",Rock,152,Against The Current - silent stranger.mp4,2023,English,1,Not On Label (Against The Current Self-Released),1,0,"Alternative Rock,Pop Rock,Mainstream,All Weather,All Season,Youth/adult"
Head Over Feet,Head Over Feet,Alanis Morissette,"=""00:04:34""",Pop,162,Alanis Morissette - Head Over Feet.mp4,1996,English,1,"Maverick, Reprise Records",1,0,"Alternative Rock,Mainstream,All Weather,All Season,Youth/adult"
Ironic,Jagged Little Pill,Alanis Morissette,"=""00:04:07""",Rock,112,Alanis Morissette - Ironic.mp4,2007,English,1,"Maverick, Reprise Records",1,0,"Energetic,All Weather,All Season"
You Oughta Know,You Oughta Know,Alanis Morissette,"=""00:04:13""",Rock,104,Alanis Morissette - You Oughta Know.mp4,1995,English,1,"Maverick, Reprise Records",1,0,"Alternative Rock,Pop Rock,Mainstream,All Weather,All Season,Youth/adult"
Black Velvet,Alannah Myles,Alannah Myles,"=""00:04:51""",Rock,91,Alannah Myles - Black Velvet.mp4,1989,English,1,Alannah Myles,1,0,"Energetic,All Weather,All Season"
Don't Tell Me,Under My Skin,Avril Lavigne,"=""00:03:23""",Rock,144,Avril Lavigne - Don't Tell Me.mp4,2010,English,1,Avril Lavigne,1,0,"Energetic,All Weather,All Season"
Girlfriend,Girlfriend,Avril Lavigne,"=""00:03:47""",Pop,163,Avril Lavigne - Girlfriend.mp4,2007,English,1,"RCA, Sony BMG Music Entertainment",1,0,"Power Pop,Pop Punk,Mainstream,All Weather,All Season,Youth/adult"
Losing Grip,Let Go,Avril Lavigne,"=""00:03:56""",Pop,156,Avril Lavigne - Losing Grip.mp4,2002,English,1,Avril Lavigne,1,0,"Mainstream,All Weather,All Season,Youth/adult"
My Happy Ending,My Happy Ending,Avril Lavigne,"=""00:04:00""",Pop,166,Avril Lavigne - My Happy Ending.mp4,2004,English,1,"Arista, RCA",1,0,"Pop Rock,Mainstream,All Weather,All Season,Youth/adult"
Nobody's Home,Nobody's Home,Avril Lavigne,"=""00:03:37""",Pop,93,Avril Lavigne - Nobody's Home.mp4,2004,English,1,"Arista, RCA, BMG",1,0,"Alternative Rock,Pop Rock,Mainstream,All Weather,All Season,Youth/adult"
Sk8er Boi,Let Go,Avril Lavigne,"=""00:03:39""",Rock,149,Avril Lavigne - Sk8er Boi.mp4,2002,English,1,Avril Lavigne,1,0,"Energetic,All Weather,All Season"
Smile,Smile,Avril Lavigne,"=""00:03:36""",Rock,105,Avril Lavigne - Smile.mp4,2011,English,1,RCA,1,0,"Power Pop,Pop Rock,Mainstream,All Weather,All Season,Youth/adult"
When You're Gone,The Best Damn Thing,Avril Lavigne,"=""00:03:59""",Pop,143,Avril Lavigne - When You're Gone.mp4,2007,English,1,Avril Lavigne,1,0,"Mainstream,All Weather,All Season,Youth/adult"
Young & Dumb,Young & Dumb,Avril Lavigne,"=""00:03:00""",Alternative,161,Avril Lavigne - Young & Dumb.mp4,2025,English,1,Big Noise Music Group,1,0,"Alternative Rock,Energetic,All Weather,All Season"
All I Did Was Dream Of You,All I Did Was Dream of You,Beabadoobee,"=""00:03:56""",Rock,164,Beabadoobee - All I Did Was Dream Of You.mp4,2026,English,1,"Dirty Hit, Interscope Records",1,0,"Alternative Rock,Soft Rock,Energetic,All Weather,All Season"
Call me,Call Me,Blondie,"=""00:02:15""",Rock,144,Blondie - Call me.mp4,1980,English,1,Chrysalis,1,0,"New Wave,Theme,Mainstream,All Weather,All Season,Youth/adult"
Dreaming,Dreaming,Blondie,"=""00:02:54""",Pop,164,Blondie - Dreaming.mp4,1979,English,1,Chrysalis,1,0,"New Wave,Disco,Mainstream,All Weather,All Season,Youth/adult"
Eyes On Fire,Eyes On Fire (Zeds Dead Rmx),Blue Foundation,"=""00:05:00""",Electronic,144,Blue Foundation - Eyes On Fire.mp4,2007,English,1,Dead People's Choice,1,0,"Dubstep,Trip Hop,Energetic,All Weather,All Season"
You're So Vain,You're So Vain,Carly Simon,"=""00:04:26""",Pop,107,Carly Simon - You're So Vain.mp4,1972,English,1,Elektra,1,0,"Pop Rock,Mainstream,All Weather,All Season,Youth/adult"
Square Hammer,Square Hammer - Single,Death Dealer Union,"=""00:04:15""",Rock,136,Death Dealer Union - Square Hammer.mp4,2026,English,1,Death Dealer Union,1,0,"Energetic,All Weather,All Season"
Bring Me To Life,Fallen,Evanescence,"=""00:04:14""",Rock,95,Evanescence - Bring Me To Life.mp4,2009,English,1,Evanescence,1,0,"Energetic,All Weather,All Season"
My Immortal,Fallen,Evanescence,"=""00:04:30""",Rock,151,Evanescence - My Immortal.mp4,2003,English,1,Evanescence,1,0,"Energetic,All Weather,All Season"
Dreams,Rumours,Fleetwood Mac,"=""00:04:23""",Rock,117,Fleetwood Mac - Dreams.mp4,1977,English,1,Fleetwood Mac,1,0,"Energetic,All Weather,All Season"
Gypsy,Gypsy,Fleetwood Mac,"=""00:04:54""",Pop,130,Fleetwood Mac - Gypsy.mp4,1982,English,1,Warner Bros. Records,1,0,"Soft Rock,Pop Rock,Mainstream,All Weather,All Season,Youth/adult"
Little Lies,Little Lies,Fleetwood Mac,"=""00:03:39""",Rock,124,Fleetwood Mac - Little Lies.mp4,1987,English,1,Warner Bros. Records,1,0,"Pop Rock,Mainstream,All Weather,All Season,Youth/adult"
Rhiannon,Fleetwood Mac,Fleetwood Mac,"=""00:06:47""",Pop,137,Fleetwood Mac - Rhiannon.mp4,1975,English,1,Fleetwood Mac,1,0,"Mainstream,All Weather,All Season,Youth/adult"
Seven Wonders,Seven Wonders,Fleetwood Mac,"=""00:03:40""",Rock,118,Fleetwood Mac - Seven Wonders.mp4,1987,English,1,Warner Bros. Records,1,0,"Pop Rock,Synth-pop,Mainstream,All Weather,All Season,Youth/adult"
All Around Me,Flyleaf (International Version),Flyleaf,"=""00:03:32""",Rock,147,Flyleaf - All Around Me.mp4,2009,English,1,Flyleaf,1,0,"Energetic,All Weather,All Season"
I'm So Sick,Flyleaf,Flyleaf,"=""00:02:55""",Rock,153,Flyleaf - I'm So Sick.mp4,2005,English,1,Flyleaf,1,0,"Energetic,All Weather,All Season"
Lachryma,Lachryma,Ghost,"=""00:05:09""",Metal,110,Ghost - Lachryma.mp4,2025,English,1,Loma Vista,1,0,"Hard Rock,Energetic,All Weather,All Season"
Open Your Eyes,Proud Like a God,Guano Apes,"=""00:03:11""",Rock,111,Guano Apes - Open Your Eyes.mp4,1997,English,1,Guano Apes,1,0,"Alternative Rock,Nu Metal,Energetic,All Weather,All Season"
Safeword,safeword,Halsey,"=""00:02:30""",Alternative,172,Halsey - Safeword.mp4,2025,English,1,Halsey,1,0,"Energetic,All Weather,All Season"
Barracuda,Little Queen,Heart,"=""00:04:24""",Rock,136,Heart - Barracuda (1977).mp4,1977,English,1,Portrait,1,0,"Energetic,All Weather,All Season"
All I Wanna Do Is Make Love To You,Brigade,Heart,"=""00:05:08""",Rock,103,Heart - All I Wanna Do Is Make Love To You.mp4,1990,English,1,Capitol Records,1,0,"Energetic,All Weather,All Season"
Alone,Alone,Heart,"=""00:03:38""",Rock,172,Heart - Alone.mp4,1987,English,1,Capitol Records,1,0,"Hard Rock,Pop Rock,Mainstream,All Weather,All Season,Youth/adult"
Never,Heart,Heart,"=""00:04:03""",Rock,96,Heart - Never.mp4,1985,English,1,Capitol Records,1,0,"Energetic,All Weather,All Season"
What About Love,What About Love,Heart,"=""00:03:45""",Rock,163,Heart - What About Love.mp4,1985,English,1,Capitol Records,1,0,"Pop Rock,Mainstream,All Weather,All Season,Youth/adult"
Rescue Light,Rescue Light - Single,Hurricane On Saturn,"=""00:03:19""",Pop,152,Hurricane On Saturn - Rescue Light.mp4,2024,English,1,Hurricane on Saturn,1,0,"Energetic,All Weather,All Season"
Monsters,Monsters,Hurricane On Saturn feat. Deuce,"=""00:04:22""",Pop,150,Hurricane On Saturn feat. Deuce - Monsters.mp4,2022,English,1,SMC,1,0,"Energetic,All Weather,All Season"
"""I Love Rock 'n' Roll"" - Joan Jett & the Blackhearts (Official Video)","""I Love Rock 'n' Roll"" - Joan Jett & the Blackhearts (Official Video)",I Love Rock 'n' Roll,"=""00:03:41""",Pop,100,I Love Rock 'n' Roll - Joan Jett & the Blackhearts.mp4,2013,English,1,SMC,1,0,"Energetic,All Weather,All Season"
Somebody to Love,Surrealistic Pillow,Jefferson Airplane,"=""00:03:01""",Rock,130,Jefferson airplane - Someone to Love.mp4,2007,English,1,Jefferson Airplane,1,0,"Energetic,All Weather,All Season"
High Enough,Ain't No Mountain High Enough,K.Flay,"=""00:03:51""",Alternative,89,K.Flay - High Enough.mp4,2017,English,1,Panthera Records (US),1,0,"House,Upbeat,All Weather,All Season"
Punisher,MONO,K.Flay,"=""00:03:18""",Alternative,88,K.Flay - Punisher.mp4,2023,English,1,K.Flay,1,0,"Balanced,All Weather,All Season"
Since U Been Gone,Breakaway,Kelly Clarkson,"=""00:03:12""",Pop,130,Kelly Clarkson - Since U Been Gone.mp4,2010,English,1,Kelly Clarkson,1,0,"Mainstream,All Weather,All Season,Youth/adult"
Bette Davis Eyes,Bette Davis Eyes,Kim Carnes,"=""00:03:34""",Electronic,117,Kim Carnes - Bette Davis Eyes.mp4,1981,English,1,EMI America,1,0,"Synth-pop,Energetic,All Weather,All Season,Youth/adult"
There She Goes,There She Goes,Kiss Me,"=""00:03:17""",Pop,99,Kiss Me - There She Goes.mp4,2012,English,1,Kiss Me,1,0,"Balanced,All Weather,All Season"
Blue Bayou,Simple Dreams,Linda Ronstadt,"=""00:04:19""",Pop,92,Linda Ronstadt - Blue Bayou.mp4,1977,English,1,Asylum Records,1,0,"Country Rock,Soft Rock,Mainstream,All Weather,All Season,Youth/adult"
"""Make Me Stay Tonight"" Love Ghost x Reverie - (official music video)","""Make Me Stay Tonight"" Love Ghost x Reverie - (official music video)",Love Ghost x Reverie,"=""00:03:00""",Pop,154,Love Ghost x Reverie - Let me stay tonight.mp4,2026,English,1,SMC,1,0,"Energetic,All Weather,All Season"
Hostage,HEADSPLIT,Maggie Lindemann,"=""00:02:58""",Alternative,102,Maggie Lindemann - Hostage.mp4,2024,English,1,Maggie Lindemann,1,0,"Balanced,All Weather,All Season"
die for (Lyrics),HEADSPLIT,Maggie Lindemann,"=""00:03:26""",Alternative,162,Maggie Lindemann - die for (Lyrics).mp4,2024,English,1,Maggie Lindemann,1,0,"Energetic,All Weather,All Season"
Paradise By The Dashboard Light,Paradise By The Dashboard Light,Meat Loaf,"=""00:08:26""",Rock,172,Meat Loaf - Paradise By The Dashboard Light.mp4,1978,English,1,"Epic, Cleveland International Records",1,0,"Pop Rock,Prog Rock,Arena Rock,Mainstream,All Weather,All Season,Youth/adult"
Bitch,Blurring the Edges,Meredith Brooks,"=""00:03:58""",Female Vocalists,96,Meredith Brooks - Bitch.mp4,1997,English,1,Capitol Records,1,0,"Balanced,All Weather,All Season"
All You Wanted,The Spirit Room,Michelle Branch,"=""00:03:40""",Pop,96,Michelle Branch - All You Wanted.mp4,2001,English,1,Michelle Branch,1,0,"Mainstream,All Weather,All Season,Youth/adult"
I Don't Smoke,Bury Me At Makeout Creek,Mitski,"=""00:03:19""",Alternative,143,Mitski - I Don't Smoke.mp4,2014,English,1,Mitski,1,0,"Energetic,All Weather,All Season"
If I Leave,Nothing's About to Happen to Me,Mitski,"=""00:03:19""",Alternative,155,Mitski - If I Leave.mp4,2026,English,1,Mitski,1,0,"Energetic,All Weather,All Season"
In Circuit,In Circuit,Next Door To Heaven,"=""00:03:12""",Metal,161,Next Door To Heaven - In Circuit.mp4,2026,English,1,Next Door To Heaven,1,0,"Energetic,All Weather,All Season"
Forget,Forget,Next Door To Heaven,"=""00:04:14""",Metal,120,Next Door To Heaven - Forget.mp4,2025,English,1,Next Door To Heaven,1,0,"Balanced,All Weather,All Season"
Just A Girl,Tragic Kingdom,No Doubt,"=""00:03:27""",Rock,107,No Doubt - Just A Girl.mp4,2009,English,1,No Doubt,1,0,"Energetic,All Weather,All Season"
Decode,Decode,Paramore,"=""00:04:14""",Rock,164,Paramore - Decode.mp4,2008,English,1,Fueled By Ramen,1,0,"Indie Rock,Energetic,All Weather,All Season"
Crushcrushcrush,Riot!,Paramore,"=""00:03:10""",Rock,137,Paramore - Crushcrushcrush.mp4,2007,English,1,Fueled By Ramen,1,0,"Energetic,All Weather,All Season"
All I Wanted Was You (Lyrics),All I Wanted,Paramore,"=""00:03:45""",Rock,144,Paramore - All I Wanted Was You (Lyrics).mp4,2009,English,1,Paramore,1,0,"Energetic,All Weather,All Season"
Misery Business,Misery Business,Paramore,"=""00:03:19""",Rock,172,Paramore - Misery Business.mp4,2007,English,1,"Atlantic, Fueled By Ramen",1,0,"Emo,Pop Rock,Mainstream,All Weather,All Season,Youth/adult"
Still Into You,Paramore,Paramore,"=""00:03:40""",Rock,136,Paramore - Still Into You.mp4,2013,English,1,Paramore,1,0,"Energetic,All Weather,All Season"
That's What You Get,Riot!,Paramore,"=""00:03:40""",Rock,131,Paramore - That's What You Get.mp4,2007,English,1,Fueled By Ramen,1,0,"Energetic,All Weather,All Season"
The Only Exception,Brand New Eyes,Paramore,"=""00:04:27""",Alternative,138,Paramore - The Only Exception.mp4,2009,English,1,Paramore,1,0,"Energetic,All Weather,All Season"
We Belong,We Belong,Pat Benatar,"=""00:03:38""",Rock,135,Pat Benatar - We Belong.mp4,1984,English,1,Chrysalis,1,0,"Pop Rock,Synth-pop,Mainstream,All Weather,All Season,Youth/adult"
Listen to Your Heart,Look Sharp!,Roxette,"=""00:05:05""",Pop,86,Roxette - Listen to Your Heart.mp4,1988,English,1,Roxette,1,0,"Mainstream,All Weather,All Season,Youth/adult"
"Sgt. Splendor - Brave, Rough, & Ready to Go (Official Music Video)","Sgt. Splendor - Brave, Rough, & Ready to Go (Official Music Video)",Sgt. Splendor,"=""00:04:42""",Rock,143,"Sgt. Splendor - Brave, Rough, & Ready to Go.mp4",2025,English,1,Sgt. Splendor,1,0,"Energetic,All Weather,All Season"
Three Six Five (Lyrics),"Three Six Five/Dance, Kid, Dance",Shinedown,"=""00:03:36""",Rock,107,Shinedown - Three Six Five (Lyrics).mp4,2025,English,1,Atlantic,1,0,"Arena Rock,Hard Rock,Pop Rock,Upbeat,All Weather,All Season,Youth/adult"
Venus,At Home,Shocking Blue,"=""00:03:04""",Rock,129,Shocking Blue - Venus.mp4,1969,English,1,Shocking Blue,1,0,"Energetic,All Weather,All Season"
Lone Wolf Party,Lone Wolf Party,Sputnik the Band,"=""00:03:09""",Rock,144,Sputnik the Band - Lone Wolf Party.mp4,2026,English,1,Sputnik the Band,1,0,"Energetic,All Weather,All Season"
Broken Man,All Born Screaming,St. Vincent,"=""00:03:39""",Alternative,112,St. Vincent - Broken Man.mp4,2024,English,1,St. Vincent,1,0,"Balanced,All Weather,All Season"
Edge of Seventeen,Edge Of Seventeen (Live),Stevie Nicks,"=""00:08:33""",Rock,111,Stevie Nicks - Edge of Seventeen.mp4,1982,English,1,Modern Records,1,0,"Pop Rock,Mainstream,All Weather,All Season,Youth/adult"
Eternal Flame,Eternal Flame,The Bangles,"=""00:04:02""",Rock,78,The Bangles - Eternal Flame.mp4,1989,English,1,CBS,1,0,"Ballad,Pop Rock,Mainstream,All Weather,All Season,Youth/adult"
My Favourite Game,Gran Turismo,The Cardigans,"=""00:04:22""",Pop,143,The Cardigans - My Favourite Game.mp4,1998,English,1,The Cardigans,1,0,"Mainstream,All Weather,All Season,Youth/adult"
Animal Instinct,Animal Instinct,The Cranberries,"=""00:03:47""",Rock,132,The Cranberries - Animal Instinct.mp4,1999,English,1,Island Records,1,0,"Alternative Rock,Pop Rock,Mainstream,All Weather,All Season,Youth/adult"
Linger,Linger,The Cranberries,"=""00:04:34""",Rock,129,The Cranberries - Linger.mp4,1993,English,1,Island Records,1,0,"Alternative Rock,Energetic,All Weather,All Season"
Ode To My Family,Ode To My Family,The Cranberries,"=""00:04:32""",Rock,92,The Cranberries - Ode To My Family.mp4,1994,English,1,Island Records,1,0,"Alternative Rock,Energetic,All Weather,All Season"
The Cranberries - Scenes From 'Dreams' (Dir: Peter Scammell / Dolores Uncut),The Cranberries - Scenes From 'Dreams' (Dir: Peter Scammell / Dolores Uncut),The Cranberries,"=""00:04:32""",Pop,129,The Cranberries - Scenes From 'Dreams.mp4,2026,English,1,SMC,1,0,"Energetic,All Weather,All Season"
Zombie,Zombie,The Cranberries,"=""00:05:07""",Rock,165,The Cranberries - Zombie.mp4,1994,English,1,Island Records,1,0,"Alternative Rock,Energetic,All Weather,All Season"
Our Lips Are Sealed,Return To The Valley Of The Go-Go's,The Go-Go's,"=""00:02:44""",Pop,130,The Go-Go's - Our Lips Are Sealed.mp4,1981,English,1,The Go-Go's,1,0,"Pop Rock,Mainstream,All Weather,All Season,Youth/adult"
I'll Stand By You,Last of the Independents,The Pretenders,"=""00:04:07""",Rock,134,The Pretenders - I'll Stand By You.mp4,1994,English,1,WEA,1,0,"Energetic,All Weather,All Season"
Make Me Wanna Die,Light Me Up,The Pretty Reckless,"=""00:03:53""",Rock,97,The Pretty Reckless - Make Me Wanna Die.mp4,2010,English,1,The Pretty Reckless,1,0,"Alternative Rock,Energetic,All Weather,All Season"
Hell You Call A Dream (Lyrics),Keep Me Fed,The Warning,"=""00:02:55""",Alternative,95,The Warning - Hell You Call A Dream (Lyrics).mp4,2024,English,1,The Warning,1,0,"Balanced,All Weather,All Season"
Kerosene,Kerosene,The Warning,"=""00:03:49""",Rock,162,The Warning - Kerosene.mp4,2026,English,1,Republic Records,1,0,"Punk,Energetic,All Weather,All Season"
S!CK,S!CK,The Warning,"=""00:03:09""",Alternative,147,The Warning - Sick.mp4,2024,English,1,The Warning,1,0,"Energetic,All Weather,All Season"
Six Feet Deep,Keep Me Fed,The Warning,"=""00:04:03""",Pop,155,The Warning - Six Feet Deep.mp4,2024,English,1,The Warning,1,0,"Energetic,All Weather,All Season"
Love To Be Loved,Love To Be Loved,"The Warning, Carín León","=""00:03:01""",Alternative,155,"The Warning, Carín León - Love To Be Loved.mp4",2026,English,1,"Lava, Republic Records",1,0,"Hard Rock,Alternative Rock,Energetic,All Weather,All Season"
Maps,Fever To Tell,Yeah Yeah Yeahs,"=""00:04:20""",Rock,120,Yeah Yeah Yeahs - Maps.mp4,2017,English,1,Yeah Yeah Yeahs,1,0,"Energetic,All Weather,All Season"
All The Things She Said,All The Things She Said,t.A.T.u.,"=""00:03:47""",Pop,178,t.A.T.u. - All The Things She Said.mp4,2002,English,1,TIME,1,0,"House,Europop,Euro House,Synth-pop,Upbeat,All Weather,All Season,Youth/adult"
Slap House ◎ Alok & Ilkay Sencan - Don't Say Goodbye (NALYRO Remix) feat. Tove Lo,Slap House ◎ Alok & Ilkay Sencan - Don't Say Goodbye (NALYRO Remix) feat. Tove Lo,Slap House ◎ Alok & Ilkay Sencan,"=""00:03:08""",Pop,124,Slap House ◎ Alok & Ilkay Sencan - Don't Say Goodbye.mp4,2021,English,1,SMC,1,0,"Upbeat,All Weather,All Season"
Telephone,Telephone,3Quency,"=""00:04:01""",Pop,135,3Quency - Telephone.mp4,2026,English,1,3Quency,1,0,"Mainstream,All Weather,All Season,Youth/adult"
4Batz - act ii: date @ 8 (remix) feat. Drake,4Batz - act ii: date @ 8 (remix) feat. Drake,4batz,"=""00:03:51""",Pop,103,4Batz - act ii date @ 8 (remix) feat. Drake.mp4,2024,English,1,4batz,1,0,"Balanced,All Weather,All Season"
A$AP Rocky - STAY HERE 4 LIFE (Visualizer) ft. Brent Faiyaz,A$AP Rocky - STAY HERE 4 LIFE (Visualizer) ft. Brent Faiyaz,A$AP Rocky,"=""00:05:46""",Pop,150,A$AP Rocky - Stay here for Live.mp4,2026,English,1,SMC,1,0,"Energetic,All Weather,All Season"
Loverboy,Helios,A-Wall,"=""00:05:00""",Pop,121,A-Wall - Loverboy (Who Got You Smiling Like That).mp4,2021,English,1,A-Wall,1,0,"Mainstream,All Weather,All Season,Youth/adult"
Hands,Hands,Alex Isley,"=""00:02:59""",Pop,149,Alex Isley - Hands.mp4,2025,English,1,Alex Isley,1,0,"Energetic,All Weather,All Season"
Mic On,WHEN,Alex Isley,"=""00:02:34""",Pop,106,Alex Isley - Mic On.mp4,2025,English,1,Alex Isley,1,0,"Balanced,All Weather,All Season"
Comin’ Around Again,Comin’ Around Again - Single,Amber Mark,"=""00:03:09""",Funk / Soul,154,Amber Mark - Comin’ Around Again.mp4,2024,English,1,"Jasmine Music Ltd., PMR Records",1,0,"R&B,Alt-pop,Mainstream,All Weather,All Season,Youth/adult"
High Key (Lyrics),Vacancy,Ari Lennox,"=""00:02:13""",Pop,130,Ari Lennox - High Key (Lyrics).mp4,2026,English,1,Ari Lennox,1,0,"Energetic,All Weather,All Season"
Smoke,Smoke,Ari Lennox,"=""00:03:26""",Funk / Soul,108,Ari Lennox - Smoke.mp4,2024,English,1,"Dreamville, Interscope Records",1,0,"R&B,Smooth,All Weather,All Season"
Vacancy,Vacancy,Ari Lennox,"=""00:03:04""",Funk / Soul,155,Ari Lennox - Vacancy.mp4,2026,English,1,Interscope Records,1,0,"Rhythm & Blues,Mainstream,All Weather,All Season,Youth/adult"
Moonlight,Phases III - EP,Arin Ray,"=""00:02:40""",Pop,122,Arin Ray - Moonlight.mp4,2023,English,1,Arin Ray,1,0,"Balanced,All Weather,All Season"
Active,Active,"Asake, Travis Scott","=""00:03:04""",Pop,112,"Asake, Travis Scott - Active.mp4",2024,English,1,"Asake, Travis Scott",1,0,"Balanced,All Weather,All Season"
Control (Lyrics),The Year I Turned 21,Ayra Starr,"=""00:02:34""",Pop,103,Ayra Starr - Control (Lyrics).mp4,2024,English,1,Ayra Starr,1,0,"Balanced,All Weather,All Season"
Last Heartbreak Song,The Year I Turned 21,Ayra Starr,"=""00:02:47""",Pop,120,Ayra Starr - Last Heartbreak Song.mp4,2024,English,1,Ayra Starr,1,0,"Balanced,All Weather,All Season"
One thing,ONE THING [Clean] [Clean],BIA,"=""00:03:41""",Pop,88,BIA - One thing.mp4,2025,English,1,BIA,1,0,"Balanced,All Weather,All Season"
BOSS Champs – So Dangerous (Official Music Video) | #BossIsBack,BOSS Champs – So Dangerous (Official Music Video) | #BossIsBack,BOSS Champs,"=""00:02:40""",Pop,105,BOSS Champs – So Dangerous.mp4,2026,English,1,SMC,1,0,"Balanced,All Weather,All Season"
Dance for You,4 (Deluxe),Beyoncé,"=""00:05:15""",Pop,111,Beyoncé - Dance for You.mp4,2011,English,1,Beyoncé,1,0,"Upbeat,All Weather,All Season,Youth/adult"
Risk Taker,Risk Taker,Blxst & Offset,"=""00:03:43""",Hip Hop,100,Blxst & Offset - Risk Taker.mp4,2024,English,1,"Red Bull Records, Evgle",1,0,"R&B,Smooth,All Weather,All Season,Youth/adult"
Best Time,Larger Than Life,Brent Faiyaz,"=""00:01:24""",R&B,93,Brent Faiyaz - Best Time.mp4,2023,English,1,Brent Faiyaz,1,0,"Balanced,All Weather,All Season"
have to,have to.,Brent Faiyaz,"=""00:03:51""",Pop,162,Brent Faiyaz - have to.mp4,2025,English,1,Brent Faiyaz,1,0,"Energetic,All Weather,All Season"
wrong faces,wrong faces.,Brent Faiyaz,"=""00:04:11""",Pop,93,Brent Faiyaz - wrong faces.mp4,2026,English,1,Brent Faiyaz,1,0,"Balanced,All Weather,All Season"
Skate,Skate,"Bruno Mars, Anderson .Paak, Silk Sonic","=""00:03:23""",Pop,112,"Bruno Mars, Anderson .Paak, Silk Sonic - Skate.mp4",2021,English,1,SMC,1,0,"Balanced,All Weather,All Season"
Ciao!,Bryson Tiller,Bryson Tiller,"=""00:02:06""",Pop,142,Bryson Tiller - Ciaol.mp4,2024,English,1,Bryson Tiller,1,0,"Energetic,All Weather,All Season"
I Need Her (Lyrics),Solace & The Vices,Bryson Tiller,"=""00:02:38""",Pop,152,Bryson Tiller - I Need Her (Lyrics).mp4,2025,English,1,Bryson Tiller,1,0,"Energetic,All Weather,All Season"
IT'S OK,IT'S OK,Bryson Tiller,"=""00:02:25""",Pop,143,Bryson Tiller - IT'S OK.mp4,2026,English,1,Bryson Tiller,1,0,"Energetic,All Weather,All Season"
Persuasion,Bryson Tiller,Bryson Tiller,"=""00:02:50""",Pop,90,Bryson Tiller - Persuasion.mp4,2024,English,1,Bryson Tiller,1,0,"Balanced,All Weather,All Season"
Whatever She Wants,Whatever She Wants - Single,Bryson Tiller,"=""00:02:45""",Hip Hop,96,Bryson Tiller - Whatever She Wants.mp4,2024,English,1,RCA,1,0,"Trap,R&B,Smooth,All Weather,All Season,Youth/adult"
Safe,AM I THE DRAMA?,Cardi B,"=""00:03:26""",Pop,152,Cardi B - Safe.mp4,2025,English,1,Cardi B,1,0,"Energetic,All Weather,All Season"
FYS,FYS,Chlöe,"=""00:03:30""",Pop,109,Chlöe - FYS.mp4,2024,English,1,Chlöe,1,0,"Balanced,All Weather,All Season"
Call Me Every Day (feat. Wizkid),Call Me Every Day,Chris Brown,"=""00:03:06""",Hip Hop,172,Chris Brown - Call Me Every Day.mp4,2022,English,1,"Chris Brown Entertainment, RCA",1,0,"Pop,Mainstream,All Weather,All Season,Youth/adult"
Fallin' ft. Leon Thomas (Lyrics),Chris Brown - Fallin' ft. Leon Thomas (Lyrics),Chris Brown,"=""00:04:26""",Pop,155,Chris Brown - Fallin' ft. Leon Thomas (Lyrics).mp4,2026,English,1,Chris Brown,1,0,"Energetic,All Weather,All Season"
Holy Blindfold,Holy Blindfold,Chris Brown,"=""00:03:21""",Hip Hop,100,Chris Brown - Holy Blindfold.mp4,2025,English,1,"Chris Brown Entertainment, RCA",1,0,"R&B,Mainstream,All Weather,All Season,Youth/adult"
Residuals,11:11 (Deluxe),Chris Brown,"=""00:03:49""",Pop,115,Chris Brown - Residuals.mp4,2024,English,1,Chris Brown,1,0,"Balanced,All Weather,All Season"
Sensational,Sensational,Chris Brown,"=""00:04:02""",Hip Hop,99,Chris Brown - Sensational.mp4,2023,English,1,"Chris Brown Entertainment, RCA",1,0,"R&B,Mainstream,All Weather,All Season,Youth/adult"
To My Bed,Heartbreak on a Full Moon,Chris Brown,"=""00:04:57""",Pop,105,Chris Brown - To My Bed.mp4,2017,English,1,Chris Brown,1,0,"Balanced,All Weather,All Season"
How We Roll,How We Roll,"Ciara, Chris Brown","=""00:04:21""",Funk / Soul,96,"Ciara, Chris Brown - How We Roll.mp4",2023,English,1,Beauty Marks Entertainment,1,0,"R&B,Smooth,All Weather,All Season"
You,What I Didn't Tell You (Deluxe),Coco Jones,"=""00:02:52""",Funk / Soul,124,Coco Jones - You.mp4,2025,English,1,"Def Jam Recordings, High Standardz",1,0,"R&B,Soul,Smooth,All Weather,All Season"
Double Back,Double Back Remix (DJ Suave Mash Up),Coco Jones,"=""00:02:39""",Funk / Soul,79,Coco Jones - Double Back.mp4,2023,English,1,High Standardz,1,0,"R&B,Mainstream,All Weather,All Season,Youth/adult"
Here We Go,Here We Go,Coco Jones,"=""00:04:09""",Pop,119,Coco Jones - Here We Go (Uh Oh).mp4,2024,English,1,Coco Jones,1,0,"Balanced,All Weather,All Season"
ICU,ICU,Coco Jones,"=""00:04:01""",Funk / Soul,122,Coco Jones - ICU.mp4,2023,English,1,Coco Jones,1,0,"Warm,All Weather,All Season"
Taste,Taste,Coco Jones,"=""00:02:45""",Pop,130,Coco Jones - Taste.mp4,2025,English,1,Coco Jones,1,0,"Energetic,All Weather,All Season"
Excited,÷,DVSN,"=""00:04:46""",Pop,105,DVSN - Excited.mp4,2025,English,1,dvsn,1,0,"Balanced,All Weather,All Season"
Famous,DBoii Ali,DaBoii,"=""00:02:02""",Pop,94,DaBoii - Famous.mp4,2026,English,1,Daboii,1,0,"Balanced,All Weather,All Season"
Always (Lyrics),NEVER ENOUGH,Daniel Caesar,"=""00:03:45""",R&B,135,Daniel Caesar - Always (Lyrics).mp4,2023,English,1,Daniel Caesar,1,0,"Energetic,All Weather,All Season"
Kissing in Public,KISSING IN PUBLIC,Destin Conrad,"=""00:04:01""",Pop,107,Destin Conrad - Kissing in Public.mp4,2025,English,1,Destin Conrad,1,0,"Balanced,All Weather,All Season"
Same mistake,SAME MISTAKE,Destin Conrad,"=""00:02:53""",Pop,110,Destin Conrad - Same mistake.mp4,2024,English,1,Destin Conrad,1,0,"Balanced,All Weather,All Season"
What It Is (Solo Version) (Lyrics),What It Is (Versions),Doechii,"=""00:03:10""",Hip Hop,172,Doechii - What It Is (Solo Version) (Lyrics).mp4,2023,English,1,"Top Dawg Entertainment, Capitol Records",1,0,"Trap,Pop Rap,R&B,Mainstream,All Weather,All Season,Youth/adult"
"girl, get up.","girl, get up.","Doechii, SZA","=""00:03:16""",Pop,94,"Doechii, SZA - girl, get up..mp4",2025,English,1,"Doechii, SZA",1,0,"Balanced,All Weather,All Season"
Agora Hills,Scarlet,Doja Cat,"=""00:05:11""",R&B,123,Doja Cat - Agora Hills.mp4,2023,English,1,Doja Cat,1,0,"Balanced,All Weather,All Season"
Attitude,HARDSTONE PSYCHO,Don Toliver,"=""00:03:14""",Pop,153,Don Toliver - Attitude.mp4,2024,English,1,Don Toliver,1,0,"Energetic,All Weather,All Season"
Lose My Mind,Lose My Mind (From F1® The Movie),Don Toliver,"=""00:03:30""",Hip Hop,110,Don Toliver - Lose My Mind.mp4,2025,English,1,"Atlantic, RCA",1,0,"Pop Rap,Mainstream,All Weather,All Season,Youth/adult"
100,Do You Still Love Me?,Ella Mai,"=""00:04:23""",Pop,165,Ella Mai - 100.mp4,2026,English,1,Ella Mai,1,0,"Energetic,All Weather,All Season"
Little Things (Lyrics),3,Ella Mai,"=""00:02:55""",Pop,136,Ella Mai - Little Things (Lyrics).mp4,2024,English,1,Ella Mai,1,0,"Energetic,All Weather,All Season"
Might Just,Do You Still Love Me?,Ella Mai,"=""00:03:44""",Pop,92,Ella Mai - Might Just.mp4,2026,English,1,Ella Mai,1,0,"Balanced,All Weather,All Season"
Tell Her,Do You Still Love Me?,Ella Mai,"=""00:03:19""",Pop,136,Ella Mai - Tell Her.mp4,2026,English,1,"10 Summers Records, Interscope Records",1,0,"Energetic,All Weather,All Season"
Useless (Without you),Useless (Without You),Elmiene,"=""00:02:47""",Pop,124,Elmiene - Useless (Without you).mp4,2025,English,1,Elmiene,1,0,"Balanced,All Weather,All Season"
Caught Up,Caught Up,FLO,"=""00:03:59""",Pop,87,FLO - Caught Up.mp4,2024,English,1,FLO,1,0,"Balanced,All Weather,All Season"
Check,Check,FLO,"=""00:02:47""",Funk / Soul,141,FLO - Check.mp4,2024,English,1,Island Records,1,0,"Pop,Mainstream,All Weather,All Season,Youth/adult"
Leak It,Leak It,FLO,"=""00:03:53""",R&B,115,FLO - Leak It.mp4,2026,English,1,FLO,1,0,"Balanced,All Weather,All Season"
The Mood,The Mood,FLO x Kaytranada,"=""00:02:54""",Electronic,140,FLO x Kaytranada - The Mood.mp4,2025,English,1,Island Records,1,0,"R&B,Energetic,All Weather,All Season"
In My Bag,Access All Areas,"FLO, GloRilla","=""00:03:27""",Pop,154,"FLO, GloRilla - In My Bag.mp4",2024,English,1,FLO,1,0,"Energetic,All Weather,All Season"
Rental,Moth,Fana Hues,"=""00:02:13""",Pop,111,Fana Hues - Rental.mp4,2024,English,1,Fana Hues,1,0,"Balanced,All Weather,All Season"
Baddest In The Room ) (Lyrics),Baddest In The Room,Fridayy,"=""00:02:39""",Funk / Soul,129,Fridayy - Baddest In The Room (Lyrics)).mp4,2024,English,1,"Lost In Melody, Def Jam Recordings",1,0,"R&B,Smooth,All Weather,All Season"
Baddest In The Room,Baddest In The Room,Fridayy,"=""00:03:36""",Funk / Soul,129,Fridayy - Baddest In The Room.mp4,2024,English,1,"Lost In Melody, Def Jam Recordings",1,0,"R&B,Smooth,All Weather,All Season"
When It Comes To You,When It Comes To You,Fridayy,"=""00:02:48""",Funk / Soul,136,Fridayy - When It Comes To You.mp4,2023,English,1,"Lost In Melody, Def Jam Recordings",1,0,"R&B,Smooth,All Weather,All Season"
Heartbreak Anniversary,TAKE TIME,GIVĒON,"=""00:04:08""",Funk / Soul,129,GIVĒON - Heartbreak Anniversary.mp4,2020,English,1,GIVĒON,1,0,"R&B,Smooth,All Weather,All Season"
I can tell,BELOVED,GIVĒON,"=""00:03:41""",Pop,150,GIVĒON - I can tell.mp4,2025,English,1,GIVĒON,1,0,"Energetic,All Weather,All Season"
KEEPER - A COLORS SHOW,KEEPER - A COLORS SHOW,GIVĒON,"=""00:03:28""",Pop,103,GIVĒON - Keeper a colours show.mp4,2025,English,1,GIVĒON,1,0,"Balanced,All Weather,All Season"
Rather be,RATHER BE,GIVĒON,"=""00:03:11""",Pop,85,GIVĒON - Rather be.mp4,2025,English,1,GIVĒON,1,0,"Balanced,All Weather,All Season"
Angel,Angel,Halle,"=""00:03:38""",Pop,104,Halle - Angel.mp4,2023,English,1,Halle,1,0,"Balanced,All Weather,All Season"
back and forth,Back and Forth - Single,Halle,"=""00:02:06""",Pop,140,Halle - back and forth.mp4,2025,English,1,Halle,1,0,"Energetic,All Weather,All Season"
braveface,Braveface,Halle,"=""00:03:06""",Pop,140,Halle - braveface.mp4,2025,English,1,Halle,1,0,"Energetic,All Weather,All Season"
By Senani,By Senani,I Am Falling In Love,"=""00:04:13""",Pop,96,I Am Falling In Love - By Senani.mp4,2026,English,1,I Am Falling In Love,1,0,"Balanced,All Weather,All Season"
Isaia Huron - SEE RIGHT THROUGH ME (Ft. Kehlani) / I THINK SO? (Official Video),CONCUBANIA,Isaia Huron,"=""00:05:28""",Pop,99,Isaia Huron - See right through me.mp4,2025,English,1,Isaia Huron,1,0,"Balanced,All Weather,All Season"
Night Off,Night Off,"Isaiah Falls, Sasha Keable","=""00:02:53""",Funk / Soul,118,"Isaiah Falls, Sasha Keable - Night Off.mp4",2024,English,1,LVRS Only,1,0,"R&B,Smooth,All Weather,All Season"
Soft Spot (Lyrics),Soft Spot,JMSN,"=""00:04:10""",Pop,134,JMSN - Soft Spot[Lyrics].mp4,2023,English,1,White Room Records,1,0,"R&B,Mainstream,All Weather,All Season,Youth/adult"
this is what winter feels like (Lyrics),this is what winter feels like,JVKE,"=""00:03:16""",Pop,114,JVKE - this is what winter feels like (Lyrics).mp4,2024,English,1,JVKE,1,0,"Mainstream,All Weather,All Season,Youth/adult"
Eastside bb,ULTRA,Jabari,"=""00:01:48""",Pop,143,Jabari - Eastside bb.mp4,2025,English,1,Jabari,1,0,"Energetic,All Weather,All Season"
Just Another Love Song,Just Another Love Song,Jacquees x Dej Loaf,"=""00:03:27""",Hip Hop,133,Jacquees x Dej Loaf - Just Another Love Song.mp4,2024,English,1,"Yellow World, FYB",1,0,"R&B,Smooth,All Weather,All Season,Youth/adult"
Walked Outta Heaven,Hard,Jagged Edge,"=""00:04:33""",Pop,120,Jagged Edge - Walked Outta Heaven.mp4,2003,English,1,Jagged Edge,1,0,"Balanced,All Weather,All Season"
Lullaby,Lullaby,"JayDon, Paradise","=""00:03:36""",Pop,90,"JayDon, Paradise - Lullaby.mp4",2025,English,1,"Jaydon, PARADISE",1,0,"Balanced,All Weather,All Season"
Wait On It,Wait On It,Jeremih,"=""00:03:26""",Hip Hop,82,Jeremih - Wait On It.mp4,2024,English,1,PULSE Records,1,0,"R&B,Smooth,All Weather,All Season,Youth/adult"
GOLIATH,PSILOCYBIN & DAISIES,Jessie Reyez,"=""00:03:05""",Pop,86,Jessie Reyez - GOLIATH (Live).mp4,2025,English,1,Jessie Reyez,1,0,"Balanced,All Weather,All Season"
Jeans,Pop En Español 2024,Jessie Reyez,"=""00:03:20""",Pop,93,Jessie Reyez - Jeans.mp4,2023,English,1,Jessie Reyez,1,0,"Mainstream,All Weather,All Season"
Too Many Women,A Jaguar's Dream,Jordan Adetunji,"=""00:02:00""",Pop,101,Jordan Adetunji - Too Many Women.mp4,2025,English,1,Jordan Adetunji,1,0,"Balanced,All Weather,All Season"
Jealousy,Jealousy,Jordan Ward & Joony,"=""00:03:24""",Hip Hop,151,Jordan Ward & Joony - Jealousy.mp4,2024,English,1,"ARTium Recordings, Interscope Records",1,0,"R&B,Smooth,All Weather,All Season,Youth/adult"
Birthday Dance,Disc Two (Scratched Up),Josh Levi,"=""00:02:34""",Pop,126,Josh Levi - Birthday Dance.mp4,2024,English,1,Josh Levi,1,0,"Upbeat,All Weather,All Season"
Break Me In,Break Me In,Joyce Wrice,"=""00:02:53""",Pop,93,Joyce Wrice - Break Me In.mp4,2026,English,1,Joyce Wrice,1,0,"Balanced,All Weather,All Season"
Suit & Tie,The 20/20 Experience (Deluxe Version),Justin Timberlake,"=""00:05:30""",Pop,102,Justin Timberlake - Suit & Tie.mp4,2013,English,1,Justin Timberlake,1,0,"R&B,Mainstream,All Weather,All Season,Youth/adult"
K-Mo Kush - All About You ft Amadaughters (Official Music Video),K-Mo Kush - All About You ft Amadaughters (Official Music Video),K-Mo Kush,"=""00:02:57""",Pop,129,K-Mo Kush - All About You ft Amadaughters.mp4,2026,English,1,SMC,1,0,"Energetic,All Weather,All Season"
Moonlight (Lyrics),Red Moon In Venus,Kali Uchis,"=""00:03:08""",Funk,137,Kali Uchis - Moonlight (Lyrics).mp4,2023,English,1,Kali Uchis,1,0,"Energetic,All Weather,All Season"
Kali Uchis - Sunshine & Rain... (Official Video),Kali Uchis - Sunshine & Rain... (Official Video),Kali Uchis,"=""00:02:45""",Pop,126,Kali Uchis - Sunshine.mp4,2025,English,1,Kali Uchis,1,0,"Energetic,All Weather,All Season"
Witchy,TIMELESS Instrumentals,Kaytranada,"=""00:03:47""",Pop,110,Kaytranada - Witchy.mp4,2025,English,1,KAYTRANADA,1,0,"Balanced,All Weather,All Season"
Folded,Kehlani,Kehlani,"=""00:04:05""",R&B,136,Kehlani - Folded.mp4,2025,English,1,Kehlani,1,0,"Smooth,All Weather,All Season"
Next 2 U,Next 2 U - Single,Kehlani,"=""00:03:25""",Pop,100,Kehlani - Next 2 U.mp4,2024,English,1,Kehlani,1,0,"Balanced,All Weather,All Season"
Out The Window,Out The Window,Kehlani,"=""00:04:30""",Pop,126,Kehlani - Out The Window.mp4,2025,English,1,Kehlani,1,0,"Energetic,All Weather,All Season"
Keith Sweat feat. Athena Cage - Nobody (Official Music Video),Keith Sweat,Keith Sweat,"=""00:04:04""",Pop,118,Keith Sweat feat. Athena Cage - Nobody.mp4,2004,English,1,Keith Sweat,1,0,"Balanced,All Weather,All Season"
Patience,patience,Kent Jamz,"=""00:03:20""",Pop,78,Kent Jamz - Patience.mp4,2025,English,1,Kent Jamz,1,0,"Calm,Rainy,All Season"
Ground,Sincere,Khalid,"=""00:03:07""",Pop,123,Khalid - Ground.mp4,2024,English,1,Khalid,1,0,"Balanced,All Weather,All Season"
Please Don't Fall In Love With Me,Please Don't Fall In Love With Me,Khalid,"=""00:03:21""",Funk / Soul,109,Khalid - Please Don't Fall In Love With Me.mp4,2024,English,1,RCA,1,0,"R&B,Smooth,All Weather,All Season"
Personal,Sincere (Deluxe),"Khalid, Normani","=""00:02:37""",Pop,83,"Khalid, Normani - Personal.mp4",2024,English,1,Khalid,1,0,"Balanced,All Weather,All Season"
Sycamore Tree,Sycamore Tree,Khamari,"=""00:03:36""",Pop,76,Khamari - Sycamore Tree.mp4,2025,English,1,Khamari,1,0,"Calm,Rainy,All Season"
I can see clearly,SWAMP,LIL DARKIE,"=""00:04:20""",Pop,185,LIL DARKIE - I can see clearly.mp4,2021,English,1,Lil Darkie,1,0,"Energetic,All Weather,All Season"
The Machinist,Who Coppin,Larry June,"=""00:03:34""",Pop,172,Larry June - The Machinist.mp4,2026,English,1,Larry June,1,0,"Energetic,All Weather,All Season"
Make It Right,Make It Right,Lekan,"=""00:03:14""",Pop,120,Lekan - Make It Right.mp4,2026,English,1,Lekan,1,0,"Balanced,All Weather,All Season"
Just How You Are,PHOLKS,Leon Thomas,"=""00:03:41""",Pop,123,Leon Thomas - Just How You Are.mp4,2025,English,1,Leon Thomas,1,0,"Balanced,All Weather,All Season"
He Loves Us Both,Treasure Self Love,Lila Iké,"=""00:03:42""",Reggae,139,Lila Iké - He Loves Us Both.mp4,2024,English,1,Lila Iké,1,0,"Energetic,All Weather,All Season"
That's You,That's You,Lucky Daye,"=""00:04:13""",Funk / Soul,129,Lucky Daye - That's You.mp4,2023,English,1,"RCA, Keep Cool",1,0,"R&B,Smooth,All Weather,All Season"
31 Days,The Pilot,MAVI,"=""00:02:54""",Pop,120,MAVI - 31 Days.mp4,2026,English,1,Mavi,1,0,"Balanced,All Weather,All Season"
Sugar Sweet feat. Shenseea & Kehlani (Lyrics),Sugar Sweet,Mariah Carey,"=""00:03:40""",Pop,89,Mariah Carey - Sugar Sweet feat. Shenseea & Kehlani (Lyrics).mp4,2025,English,1,Gamma Music,1,0,"R&B,Mainstream,All Weather,All Season,Youth/adult"
Type Dangerous,Type Dangerous,Mariah Carey,"=""00:03:07""",Pop,96,Mariah Carey - Type Dangerous.mp4,2025,English,1,Gamma,1,0,"R&B,Mainstream,All Weather,All Season,Youth/adult"
All I Want + In Pursuit (Lyrics),HEARTS SOLD SEPARATELY,Mariah the Scientist,"=""00:04:02""",Pop,118,Mariah the Scientist - All I Want + In Pursuit (Lyrics).mp4,2025,English,1,Mariah the Scientist,1,0,"Balanced,All Weather,All Season"
Burning Blue,Burning Blue,Mariah the Scientist,"=""00:03:27""",Funk / Soul,120,Mariah the Scientist - Burning Blue.mp4,2025,English,1,"Buckles Laboratories, Epic",1,0,"R&B,Smooth,All Weather,All Season"
Rainy Days (Lyrics),HEARTS SOLD SEPARATELY,Mariah the Scientist,"=""00:03:34""",Pop,129,Mariah the Scientist - Rainy Days (Lyrics).mp4,2025,English,1,Mariah the Scientist,1,0,"Energetic,All Weather,All Season"
Is It a Crime,Is It a Crime,"Mariah the Scientist, Kali Uchis","=""00:03:22""",Pop,89,"Mariah the Scientist, Kali Uchis - Is It a Crime.mp4",2025,English,1,Mariah the Scientist,1,0,"Balanced,All Weather,All Season"
Nobody But Us,Nobody But Us,Mario,"=""00:03:14""",Funk / Soul,84,Mario - Nobody But Us.mp4,2025,English,1,"New Citizen, Empire",1,0,"R&B,Smooth,All Weather,All Season"
Main One,Main One,"Mario, Lil Wayne","=""00:03:18""",Hip Hop,99,"Mario, Lil Wayne - Main One.mp4",2023,English,1,"New Citizen, Epic",1,0,"Pop Rap,R&B,Mainstream,All Weather,All Season,Youth/adult"
Fell In Love,Fell In Love,Marshmello x Brent Faiyaz,"=""00:02:22""",Pop,151,Marshmello x Brent Faiyaz - Fell In Love.mp4,2023,English,1,Marshmello x Brent Faiyaz,1,0,"Energetic,All Weather,All Season"
Too Many Nights,HEROES & VILLAINS,"Metro Boomin, Don Toliver, Future","=""00:03:23""",Pop,87,"Metro Boomin, Don Toliver, Future - Too Many Nights.mp4",2023,English,1,Metro Boomin,1,0,"Balanced,All Weather,All Season"
Make Me Forget,Make Me Forget,Muni Long,"=""00:04:08""",Funk / Soul,120,Muni Long - Make Me Forget.mp4,2024,English,1,"MPR Global, Inc.",1,0,"R&B,Smooth,All Weather,All Season"
Pain,Public Displays Of Affection: The Album,Muni Long,"=""00:02:33""",Pop,128,Muni Long - Pain.mp4,2022,English,1,Muni Long,1,0,"Energetic,All Weather,All Season"
Ruined Me (Lyrics),Ruined Me,Muni Long,"=""00:03:05""",Funk / Soul,65,Muni Long - Ruined Me (Lyrics).mp4,2024,English,1,"MPR Global, Inc.",1,0,"R&B,Smooth,All Weather,All Season"
Ruined Me,Ruined Me,Muni Long,"=""00:03:14""",Funk / Soul,65,Muni Long - Ruined Me.mp4,2024,English,1,"MPR Global, Inc.",1,0,"R&B,Smooth,All Weather,All Season"
Better Days,Better Days,Naomi Sharon,"=""00:03:23""",Pop,118,Naomi Sharon - Better Days.mp4,2026,English,1,Naomi Sharon,1,0,"Balanced,All Weather,All Season"
Blame U,Lustropolis,Odeal,"=""00:02:49""",Pop,125,Odeal - Blame U.mp4,2024,English,1,Odeal,1,0,"Energetic,All Weather,All Season"
In The Chair,The Summer That Saved Me,Odeal,"=""00:02:18""",Pop,124,Odeal - In The Chair.mp4,2025,English,1,Odeal,1,0,"Balanced,All Weather,All Season"
Miami (Lyrics),Miami,Odeal,"=""00:03:37""",Pop,172,Odeal - Miami (Lyrics).mp4,2025,English,1,Odeal,1,0,"Energetic,All Weather,All Season"
Nights In The Sun,The Fall That Saved Us,Odeal,"=""00:03:17""",Pop,132,Odeal - Nights In The Sun.mp4,2025,English,1,Odeal,1,0,"Energetic,All Weather,All Season"
Soh-Soh (Lyrics),Sunday At Zuri's,Odeal,"=""00:03:05""",Pop,95,Odeal - Soh-Soh (Lyrics).mp4,2024,English,1,Odeal,1,0,"Balanced,All Weather,All Season"
You're Stuck,Lustropolis,Odeal,"=""00:04:45""",Pop,111,Odeal - You're Stuck.mp4,2024,English,1,Odeal,1,0,"Balanced,All Weather,All Season"
A Couple Minutes (Lyrics),The Art of Loving,Olivia Dean,"=""00:03:32""",Pop,124,Olivia Dean - A Couple Minutes (Lyrics).mp4,2025,English,1,Olivia Dean,1,0,"Mainstream,All Weather,All Season,Youth/adult"
The One,O,Omarion,"=""00:03:07""",Hip Hop,101,Omarion - The One.mp4,2026,English,1,"Sony Urban Music, Epic",1,0,"R&B,Smooth,All Weather,All Season,Youth/adult"
Ku lo sa,KU LO SA,Oxlade,"=""00:02:29""",Funk / Soul,93,Oxlade - Ku lo sa.mp4,2022,English,1,Epic,1,0,"Afrobeat,Mainstream,All Weather,All Season,Youth/adult"
Deeper,$ome $exy $ongs 4 U,Partynextdoor & Drake,"=""00:02:52""",Pop,96,Partynextdoor & Drake - Deeper.mp4,2025,English,1,PARTYNEXTDOOR,1,0,"Balanced,All Weather,All Season"
Pookie's Requiem (Lyrics),Pookie's Requiem,SAILORR,"=""00:02:53""",Hip Hop,134,SAILORR - Pookie's Requiem (Lyrics).mp4,2024,English,1,Not On Label (SAILORR Self-released),1,0,"R&B,Smooth,All Weather,All Season,Youth/adult"
Cut up (Lyrics),SAILORR - CUT UP (Official Lyric Video),SAailorr,"=""00:02:57""",Pop,91,SAailorr - Cut up (Lyrics).mp4,2025,English,1,SMC,1,0,"Balanced,All Weather,All Season"
Good Days,Good Days,SZA,"=""00:05:39""",Hip Hop,119,SZA - Good Days.mp4,2021,English,1,"Top Dawg Entertainment, RCA",1,0,"R&B,Smooth,All Weather,All Season,Youth/adult"
Nobody Gets Me,SOS,SZA,"=""00:03:03""",Essaehdagiselledapandlr,100,SZA - Nobody Gets Me.mp4,2022,English,1,SZA,1,0,"Balanced,All Weather,All Season"
Take You Down (Lyrics),SOS Deluxe: LANA,SZA,"=""00:02:41""",Pop,123,SZA - Take You Down (Lyrics).mp4,2025,English,1,SZA,1,0,"Balanced,All Weather,All Season"
oooshxt!,oooshxt!,Samara Cyn,"=""00:02:22""",Pop,99,Samara Cyn - oooshxt!.mp4,2026,English,1,Samara Cyn,1,0,"Balanced,All Weather,All Season"
Nani,Nani,Saweetie,"=""00:02:37""",Hip Hop,91,Saweetie - Nani.mp4,2024,English,1,"ICY, Warner Records",1,0,"Confident,All Weather,All Season,Youth/adult"
Dating Szn,Dating Szn - Single,Shenseea,"=""00:03:28""",Pop,127,Shenseea - Dating Szn.mp4,2024,English,1,Shenseea,1,0,"Energetic,All Weather,All Season"
No evil,No Evil,SiR,"=""00:02:28""",Pop,118,SiR - No evil.mp4,2024,English,1,SiR,1,0,"Balanced,All Weather,All Season"
Spend It,Spend It,Summer Walker,"=""00:04:05""",Hip Hop,136,Summer Walker - Spend It.mp4,2025,English,1,"LVRN, Interscope Records",1,0,"R&B,Smooth,All Weather,All Season,Youth/adult"
No (Lyrics),Summer Walker – No (Official Lyric Video),Summer Walker,"=""00:02:26""",Pop,126,Summer Walker – No (Lyrics).mp4,2025,English,1,SMC,1,0,"Energetic,All Weather,All Season"
Mural,SAME DIFFERENCE,"Swae Lee, Jhené Aiko","=""00:03:25""",Pop,94,"Swae Lee, Jhené Aiko - Mural.mp4",2026,English,1,Swae Lee,1,0,"Balanced,All Weather,All Season"
Burning,Born in the Wild,Tems,"=""00:02:57""",Pop,92,Tems - Burning.mp4,2024,English,1,Tems,1,0,"Balanced,All Weather,All Season"
Love Me JeJe,Love Me JeJe,Tems,"=""00:02:59""",Funk / Soul,104,Tems - Love Me JeJe.mp4,2024,English,1,"RCA, Since '93",1,0,"R&B,Smooth,All Weather,All Season"
Me & U,Me & U,Tems,"=""00:03:24""",Funk / Soul,112,Tems - Me & U.mp4,2023,English,1,Not On Label (Tems (2) Self-released),1,0,"R&B,Smooth,All Weather,All Season"
What You Need A colors show,What You Need - A COLORS SHOW,Tems,"=""00:03:52""",Pop,112,Tems - What You Need A colors show.mp4,2026,English,1,Tems,1,0,"Balanced,All Weather,All Season"
Bed of Roses,Bed of Roses,Teyana Taylor,"=""00:03:36""",Hip Hop,141,Teyana Taylor - Bed of Roses.mp4,2025,English,1,Def Jam Recordings,1,0,"R&B,Smooth,All Weather,All Season,Youth/adult"
Long Time,Long Time,Teyana Taylor,"=""00:04:28""",Hip Hop,110,Teyana Taylor - Long Time.mp4,2025,English,1,Def Jam Recordings,1,0,"R&B,Smooth,All Weather,All Season,Youth/adult"
Nobody New,Back To Me,The Marías,"=""00:03:35""",Alternative,153,The Marías - Nobody New.mp4,2025,English,1,The Marías,1,0,"Energetic,All Weather,All Season"
Dancing In The Flames,Dancing In The Flames,The Weeknd,"=""00:04:16""",Electronic,117,The Weeknd - Dancing In The Flames.mp4,2024,English,1,"Republic Records, XO",1,0,"Synth-pop,Pop Dance,Upbeat,All Weather,All Season,Youth/adult"
Die For You (Lyrics),Die For You,"The Weeknd, Ariana Grande","=""00:03:53""",Pop,66,"The Weeknd, Ariana Grande - Die For You (Lyrics).mp4",2023,English,1,"The Weeknd, Ariana Grande",1,0,"Calm,Rainy,All Season"
'I Wish I Didn’t Waste Your Time',I Wish I Didn’t Waste Your Time,Thundercat,"=""00:02:50""",Pop,161,Thundercat - 'I Wish I Didn’t Waste Your Time'.mp4,2025,English,1,Thundercat,1,0,"Energetic,All Weather,All Season"
Nasty,Nasty,Tinashe,"=""00:02:59""",R&B,100,Tinashe - Nasty.mp4,2024,English,1,Nice Life,1,0,"Pop Rap,Mainstream,All Weather,All Season,Youth/adult"
Songs About U,Songs About U,"Tink, Summer Walker","=""00:03:00""",Funk / Soul,119,"Tink, Summer Walker - Songs About U.mp4",2024,English,1,"Winter's Diary, WD Records, Empire",1,0,"R&B,Smooth,All Weather,All Season"
Audio Hug (Lyrics),"To Summer, From Cole - Audio Hug [Lyric Video]","To Summer, From Cole","=""00:02:28""",Pop,147,"To Summer, From Cole - Audio Hug [Lyrics].mp4",2023,English,1,SMC,1,0,"Energetic,All Weather,All Season"
Fly,Fly,Tone Stith,"=""00:03:17""",Pop,162,Tone Stith - Fly.mp4,2026,English,1,Tone Stith,1,0,"Energetic,All Weather,All Season"
Favorite Song,Favorite Song,Toosii,"=""00:03:36""",Hip Hop,115,Toosii - Favorite Song.mp4,2023,English,1,"South Coast Music Group, Capitol Records",1,0,"Trap,Confident,All Weather,All Season,Youth/adult"
Tsmoove S.D - Let’s ride (music video) shot by @kdvisions,Tsmoove S.D - Let’s ride (music video) shot by @kdvisions_,Tsmoove S.D,"=""00:02:36""",Hip Hop,140,Tsmoove S.D - Let’s ride.mp4,2026,English,1,Tsmoove S.D,1,0,"Electronic,Energetic,All Weather,All Season"
miss u 2,miss u 2,Ty Dolla $ign,"=""00:02:33""",Pop,132,Ty Dolla $ign - miss u 2.mp4,2026,English,1,Ty Dolla $ign,1,0,"Energetic,All Weather,All Season"
Bliss,BLISS,Tyla,"=""00:02:40""",Pop,117,Tyla - Bliss.mp4,2025,English,1,"Fax Records, Epic",1,0,"Amapiano,African,Mainstream,All Weather,All Season,Youth/adult"
Breathe Me,TYLA,Tyla,"=""00:02:59""",Pop,118,Tyla - Breathe Me.mp4,2024,English,1,Tyla,1,0,"Mainstream,All Weather,All Season,Youth/adult"
IS IT,A*POP,Tyla,"=""00:02:41""",Pop,108,Tyla - Isit.mp4,2025,English,1,Tyla,1,0,"Mainstream,All Weather,All Season,Youth/adult"
PUSH 2 START (REMIX),PUSH 2 START (REMIX),"Tyla, Sean Paul","=""00:03:11""",Pop,93,"Tyla, Sean Paul - Push 2 start.mp4",2025,English,1,"Tyla, Sean Paul",1,0,"Mainstream,All Weather,All Season,Youth/adult"
Best Interest,BEST INTEREST,"Tyler, The Creator","=""00:02:08""",Hip Hop,98,"Tyler, The Creator - Best Interest.mp4",2020,English,1,Columbia,1,0,"R&B,Neo Soul,Pop Rap,Mainstream,All Weather,All Season,Youth/adult"
Hard Truths,HARD TRUTHS,"UMI, 6lack","=""00:02:40""",Pop,136,"UMI, 6lack - Hard Truths.mp4",2025,English,1,"UMI, 6LACK",1,0,"Energetic,All Weather,All Season"
Alright,JAGUAR II [Clean] [Clean],Victoria Monét,"=""00:03:13""",Pop,108,Victoria Monét - Alright.mp4,2024,English,1,Victoria Monét,1,0,"Balanced,All Weather,All Season"
Let Me (Lyrics),Let Me,Victoria Monét,"=""00:04:52""",Pop,146,Victoria Monét - Let Me (Lyrics).mp4,2026,French,1,Victoria Monét,1,0,"Energetic,All Weather,All Season"
On My Mama,On My Mama,Victoria Monét,"=""00:03:36""",Funk / Soul,78,Victoria Monét - On My Mama.mp4,2023,English,1,"Lovett Music, RCA",1,0,"R&B,Smooth,All Weather,All Season"
Party Girls,JAGUAR II : Deluxe,Victoria Monét,"=""00:04:30""",Pop,79,Victoria Monét - Party Girls.mp4,2023,English,1,Victoria Monét,1,0,"Calm,Rainy,All Season"
Piece of My Heart,Piece of My Heart,Wizkid,"=""00:04:33""",Pop,93,Wizkid - Piece of My Heart.mp4,2024,English,1,Wizkid,1,0,"Balanced,All Weather,All Season"
Take A Bite,This Is How Tomorrow Moves,beabadoobee,"=""00:02:52""",Alternative,185,beabadoobee - Take A Bite.mp4,2024,English,1,beabadoobee,1,0,"Energetic,All Weather,All Season"
Wasted Summers,Wasted Summers,juju,"=""00:02:12""",Rock,104,juju - Wasted Summers.mp4,2023,English,1,juju<3,1,0,"Energetic,All Weather,All Season"
back of the club,with all due respect,kwn,"=""00:04:30""",Pop,114,kwn - back of the club.mp4,2025,English,1,kwn,1,0,"Balanced,All Weather,All Season"
do what i say,do what i say - Single,kwn,"=""00:03:33""",Pop,165,kwn - do what i say.mp4,2025,English,1,kwn,1,0,"Energetic,All Weather,All Season"
worst behaviour,worst behaviour - Single,kwn,"=""00:03:52""",Pop,118,kwn - worst behaviour.mp4,2025,English,1,kwn,1,0,"Balanced,All Weather,All Season"
VETIVER Y AMARETTO (Lyrics),VETIVER Y AMARETTO,HUMBE,"=""00:04:03""",Alternative,165,HUMBE - VETIVER Y AMARETTO (Lyrics).mp4,2025,English,1,HUMBE,1,0,"Energetic,All Weather,All Season"
PLÁSTICO,NO VAYAS A ATENDER CUANDO EL DEMONIO LLAMA,"Lali, Duki","=""00:03:24""",Pop,162,"Lali, Duki - PLÁSTICO.mp4",2025,Spanish,1,Lali,1,0,"Energetic,All Weather,All Season"
1000COSAS,1000COSAS,"Lola Indigo, Manuel Turizo","=""00:04:01""",Latin,132,"Lola Indigo, Manuel Turizo - 1000COSAS.mp4",2024,English,1,Universal Music Group,1,0,"Pop,Mainstream,Sunny,Summer,Youth/adult"
QUÉ GANAS DE COMERTE,QUÉ GANAS DE COMERTE,"Maria Becerra, Jere Klein, Lucky Brown, XROSS","=""00:03:54""",Pop,99,"Maria Becerra, Jere Klein, Lucky Brown, XROSS - QUÉ GANAS DE COMERTE.mp4",2026,Spanish,1,"Maria Becerra, Jere Klein, Lucky Brown, XROSS",1,0,"Balanced,All Weather,All Season"
"Maria Becerra, Paulo Londra, XROSS - RAMEN PARA DOS | SHANINA: PARTE I","Maria Becerra, Paulo Londra, XROSS - RAMEN PARA DOS | SHANINA: PARTE I","Maria Becerra, Paulo Londra, XROSS","=""00:04:06""",Pop,129,"Maria Becerra, Paulo Londra, XROSS - RAMEN PARA DOS SHANINA PARTE I.mp4",2025,English,1,SMC,1,0,"Energetic,All Weather,All Season"
"Maria Becerra, TINI, XROSS - HASTA QUE ME ENAMORO | SHANINA: PARTE III","Maria Becerra, TINI, XROSS - HASTA QUE ME ENAMORO | SHANINA: PARTE III","Maria Becerra, TINI, XROSS","=""00:02:59""",Pop,122,"Maria Becerra, TINI, XROSS - HASTA QUE ME ENAMORO SHANINA PARTE III.mp4",2025,English,1,SMC,1,0,"Balanced,All Weather,All Season"
Mau y Ricky - Canción 2 - Hotel Caracas: Capítulo 3 (Official Video),Mau y Ricky - Canción 2 - Hotel Caracas: Capítulo 3 (Official Video),Mau y Ricky,"=""00:03:06""",Pop,150,Mau y Ricky - Canción 2 - Hotel Caracas Capítulo 3.mp4,2024,Spanish,1,Mau y Ricky,1,0,"Energetic,All Weather,All Season"
UNA NA MÁS,UNA NA MÁS - Single,Myke Towers,"=""00:03:37""",Pop,118,Myke Towers - UNA NA MÁS.mp4,2026,Spanish,1,Myke Towers,1,0,"Balanced,All Weather,All Season"
TU VAS SIN (fav),afroLOVA 25',Rels B,"=""00:01:50""",Pop,101,Rels B - TU VAS SIN (fav) afroLOVA 25'.mp4,2025,English,1,Rels B,1,0,"Warm,All Weather,All Season"
“VELOCIDADE”,DUAL,SANTOS BRAVOS,"=""00:02:20""",Pop,123,SANTOS BRAVOS - “VELOCIDADE”.mp4,2026,English,1,SANTOS BRAVOS,1,0,"Balanced,All Weather,All Season"
NO ME CANSARE,No Me Cansare,SEVDALIZA,"=""00:02:44""",Pop,166,SEVDALIZA - NO ME CANSARE.mp4,2024,English,1,"Broke, Create Music Group",1,0,"Reggaeton,Mainstream,Sunny,All Season,Youth/adult"
CANCIÓN PARA REGRESAR,Canción Para Regresar,"Sebastián Yatra, Lucho RK, Belinda, Gente De Zona","=""00:04:16""",Latin,103,"Sebastián Yatra, Lucho RK, Belinda, Gente De Zona - CANCIÓN PARA REGRESAR.mp4",2025,Spanish,1,Universal Music Latino,1,0,"Sunny,Summer"
I Want You (Lyrics),Happy,Alexia,"=""00:02:46""",Pop,109,Alexia - I Want You (Lyrics).mp4,1999,English,1,Alexia,1,0,"Balanced,All Weather,All Season"
Ikaw Lang Patutunguhan (Lyrics),Ikaw Lang Patutunguhan,Amiel Sol,"=""00:05:35""",Pop,145,Amiel Sol - Ikaw Lang Patutunguhan (Lyrics).mp4,2023,English,1,Amiel Sol,1,0,"Mainstream,All Weather,All Season,Youth/adult"
supernatural,eternal sunshine,Ariana Grande,"=""00:02:46""",Pop,152,Ariana Grande - supernatural.mp4,2024,English,1,Republic Records,1,0,"Mainstream,All Weather,All Season,Youth/adult"
Di Nakakasawa (Lyrics),II: The second,Arthur Nery,"=""00:03:24""",Pop,96,Arthur Nery - Di Nakakasawa (Lyrics).mp4,2024,English,1,Arthur Nery,1,0,"Mainstream,All Weather,All Season,Youth/adult"
JUMP,JUMP,BLACKPINK,"=""00:03:13""",Pop,144,BLACKPINK - JUMP.mp4,2025,English,1,YG Entertainment,1,0,"K-pop,Mainstream,All Weather,All Season,Youth/adult"
Sorry I'm Here For Someone Else (Lyrics),Sorry I'm Here For Someone Else,Benson Boone,"=""00:02:36""",Pop,151,Benson Boone - Sorry I'm Here For Someone Else (Lyrics).mp4,2025,English,1,Benson Boone,1,0,"Energetic,All Weather,All Season"
Moi,Moi,CENTRAL CEE X RAYE,"=""00:02:56""",Pop,144,CENTRAL CEE X RAYE - Moi.mp4,2024,English,1,CENTRAL CEE X RAYE,1,0,"Energetic,All Weather,All Season"
The Fear of Being Human Remains,The Fear Of Being Human Remains,Candi Carpenter,"=""00:03:59""",Pop,172,Candi Carpenter - The Fear of Being Human Remains.mp4,2025,English,1,Candi Carpenter,1,0,"Energetic,All Weather,All Season"
Earl Agustin (Lyrics),Earl Agustin,Dito Sa’kin,"=""00:05:55""",Pop,124,Dito Sa’kin - Earl Agustin (Lyrics).mp4,2024,English,1,Dito Sa’kin,1,0,"Balanced,All Weather,All Season"
Houdini,Houdini,Dua Lipa,"=""00:03:08""",Pop,117,Dua Lipa - Houdini.mp4,2023,English,1,Warner Records,1,0,"Pop Dance,Synth-pop,Nu-Disco,Funk,Upbeat,All Weather,All Season,Youth/adult"
It All Goes,It All Goes,Eloise,"=""00:02:20""",Pop,98,Eloise - It All Goes (Visualizer).mp4,2026,English,1,SMC,1,0,"Balanced,All Weather,All Season"
Too Sweet (Lyrics),Unheard,Hozier,"=""00:04:11""",2024,117,Hozier - Too Sweet (Lyrics).mp4,2024,English,1,Hozier,1,0,"Pop Soul,Mainstream,All Weather,All Season,Youth/adult"
Kabisado (Lyrics),Andalucia,IV OF SPADES,"=""00:03:28""",Pop,146,IV OF SPADES - Kabisado (Lyrics).mp4,2025,English,1,IV Of Spades,1,0,"Energetic,All Weather,All Season"
TORPE ( s) (Lyrics),TORPE [Explicit],JAO,"=""00:02:53""",Pop,92,JAO - TORPE (Lyric s).mp4,2025,English,1,JAO,1,0,"Mainstream,All Weather,All Season,Youth/adult"
like JENNIE,Ruby (Target Exclusive),JENNIE,"=""00:03:02""",Funk Mandelao,130,JENNIE - like JENNIE.mp4,2025,English,1,JENNIE,0,1,"Energetic,All Weather,All Season"
That's The Way I Like It,That's The Way (I Like It),KC and the Sunshine band,"=""00:03:10""",Funk / Soul,109,KC and the Sunshine band - That's The Way I Like It.mp4,1975,English,1,RCA Victor,1,0,"Disco,Warm,All Weather,All Season"
How It's Done (Lyrics),How It's Done,KPop Demon Hunters,"=""00:03:04""",Pop,162,KPop Demon Hunters - How It's Done (Lyrics).mp4,2025,English,1,KPop Demon Hunters,1,0,"Energetic,All Weather,All Season"
Your Idol,Your Idol,KPop Demon Hunters,"=""00:02:00""",Pop,185,KPop Demon Hunters - Your Idol.mp4,2025,English,1,KPop Demon Hunters,1,0,"Energetic,All Weather,All Season"
All The Stars (Lyrics),All The Stars,"Kendrick Lamar, SZA","=""00:03:50""",Hip Hop,97,"Kendrick Lamar, SZA - All The Stars (Lyrics).mp4",2018,English,1,"Top Dawg Entertainment, Aftermath Entertainment, Interscope Records",1,0,"Confident,All Weather,All Season,Youth/adult"
'Cause You Have To (Lyrics),a beautiful blur,LANY,"=""00:04:11""",Pop,162,LANY - 'Cause You Have To (Lyrics).mp4,2023,English,1,LANY,1,0,"Mainstream,All Weather,All Season,Youth/adult"
New Woman (feat. ROSALÍA),New Woman (feat. ROSALÍA),LISA,"=""00:03:11""",Pop,166,LISA - NEW WOMAN.mp4,2024,English,1,LISA,1,0,"Energetic,All Weather,All Season"
Vibrate,Vibrate,La Mave,"=""00:03:11""",Pop,150,La Mave - Vibrate.mp4,2025,English,1,La Mave,1,0,"Energetic,All Weather,All Season"
Naiilang,Naiilang,Le John,"=""00:04:08""",Pop,140,Le John - Naiilang.mp4,2025,English,1,Le John,1,0,"Alt-pop,Mainstream,All Weather,All Season,Youth/adult"
Kyle Raphael,Kyle Raphael,Libu-Libong Buwan (Uuwian),"=""00:03:00""",Pop,120,Libu-Libong Buwan (Uuwian) - Kyle Raphael.mp4,2025,English,1,Libu-Libong Buwan,1,0,"Balanced,All Weather,All Season"
The Night We Met (Lyrics),Strange Trails,Lord Huron,"=""00:03:28""",Indie,172,Lord Huron - The Night We Met (Lyrics).mp4,2015,English,1,Lord Huron,1,0,"Fresh,All Weather,All Season"
Planting Tomatoes,Planting Tomatoes,Lucy Dacus,"=""00:03:44""",Alternative,99,Lucy Dacus - Planting Tomatoes.mp4,2026,English,1,Geffen Records,1,0,"Indie Rock,Energetic,All Weather,All Season"
Shake It To The Max,Shake It To The Max (Fly) [Remix],"MOLIY, Shenseea, Skillibeng, Silent Addy","=""00:03:05""",Reggae,98,"MOLIY, Shenseea, Skillibeng, Silent Addy - Shake It To The Max (Fly) (Remix).mp4",2025,English,1,Gamma.,1,0,"Balanced,All Weather,All Season"
bittersweet,bittersweet,Madison Beer,"=""00:04:28""",Pop,110,Madison Beer - bittersweet.mp4,2025,English,1,Madison Beer,1,0,"Mainstream,All Weather,All Season,Youth/adult"
Easy Lover,Something Beautiful,Miley Cyrus,"=""00:03:08""",Pop,105,Miley Cyrus - Easy Lover.mp4,2025,English,1,Miley Cyrus,1,0,"Mainstream,All Weather,All Season,Youth/adult"
Cup of Joe,Cup of Joe,Misteryoso,"=""00:05:44""",Pop,135,Misteryoso - Cup of Joe.mp4,2024,English,1,MisteryOsO,1,0,"Energetic,All Weather,All Season"
Cup of Joe,Cup of Joe,Multo,"=""00:05:45""",Pop,103,Multo - Cup of Joe.mp4,2025,English,1,multo,1,0,"Balanced,All Weather,All Season"
KO,KO,NLE The Great,"=""00:04:19""",Hip Hop,95,NLE The Great - KO.mp4,2025,English,1,Warner Records,1,0,"Pop Rap,Mainstream,All Weather,All Season,Youth/adult"
Amiel Sol,Amiel Sol,Nahanap Kita,"=""00:05:21""",Pop,153,Nahanap Kita - Amiel Sol.mp4,2025,English,1,Nahanap Kita,1,0,"Energetic,All Weather,All Season"
honeybee (Lyrics),you seem pretty sad for a girl so in love,Olivia Rodrigo,"=""00:03:45""",Pop,133,Olivia Rodrigo - honeybee (Lyrics).mp4,2026,English,1,Geffen Records,1,0,"Mainstream,All Weather,All Season,Youth/adult"
Ikot ( (Lyrics),Make Believe,Over October,"=""00:04:14""",Pop,107,Over October - Ikot (Lyrics.mp4,2024,English,1,Over October,1,0,"Mainstream,All Weather,All Season,Youth/adult"
Earl Agustin,Earl Agustin,Pag-ibig ng Ikaw at Ako,"=""00:04:35""",Pop,139,Pag-ibig ng Ikaw at Ako - Earl Agustin (Visualizer).mp4,2025,English,1,Pag-ibig ng Ikaw at Ako,1,0,"Energetic,All Weather,All Season"
nicole,nicole,Panaginip,"=""00:05:12""",Pop,140,Panaginip - nicole.mp4,2025,English,1,panaginip,1,0,"Energetic,All Weather,All Season"
Happy Tears,Happy Tears,Quail P,"=""00:02:52""",Pop,172,Quail P - Happy Tears (Live).mp4,2026,English,1,Quail P,1,0,"Energetic,All Weather,All Season"
Wild Guess,Kicking My Feet [Explicit],Ruel,"=""00:03:23""",Pop,117,Ruel - Wild Guess.mp4,2025,English,1,Ruel,1,0,"Mainstream,All Weather,All Season,Youth/adult"
Amiel Sol,Amiel Sol,Sa Bawat Sandali,"=""00:05:05""",Pop,137,Sa Bawat Sandali - Amiel Sol.mp4,2024,English,1,Sa Bawat Sandali,1,0,"Energetic,All Weather,All Season"
Busy Woman (Lyrics),Short n' Sweet(er),Sabrina Carpenter,"=""00:03:07""",Pop,117,Sabrina Carpenter - Busy Woman (Lyrics).mp4,2025,English,1,Sabrina Carpenter,1,0,"Mainstream,All Weather,All Season,Youth/adult"
Any,Any - Single,Santa Sallet,"=""00:04:24""",Pop,130,Santa Sallet - Any.mp4,2026,English,1,Santa Sallet,1,0,"Energetic,All Weather,All Season"
Kalimutan Ka,Kalimutan Ka - Single,Skusta Clee,"=""00:05:21""",Alternative,127,Skusta Clee - Kalimutan Ka.mp4,2025,English,1,Skusta Clee,1,0,"Energetic,All Weather,All Season"
It's ok I'm ok,Purple Lace Bra / It's Ok I'm Ok,Tate McRae,"=""00:03:02""",Pop,115,Tate McRae - It's ok I'm ok.mp4,2024,English,1,RCA,1,0,"Mainstream,All Weather,All Season,Youth/adult"
Guilty as Sin (Lyrics),THE TORTURED POETS DEPARTMENT,Taylor Swift,"=""00:04:19""",Pop,95,Taylor Swift - Guilty as Sin (Lyrics).mp4,2024,English,1,Taylor Swift,1,0,"Mainstream,All Weather,All Season,Youth/adult"
One Of The Girls,One Of The Girls,"The Weeknd, JENNIE, Lily-Rose Depp","=""00:04:18""",Electronic,172,"The Weeknd, JENNIE, Lily-Rose Depp - One Of The Girls.mp4",2023,English,1,"XO, Republic Records",1,0,"Soundtrack,Synth-pop,R&B,Energetic,All Weather,All Season,Youth/adult"
MILLION DOLLAR BABY,Million Dollar Baby,Tommy Richman,"=""00:02:47""",Hip Hop,137,Tommy Richman - MILLION DOLLAR BABY.mp4,2024,English,1,Not On Label (Tommy Richman Self-released),1,0,"Confident,All Weather,All Season,Youth/adult"
PUSH 2 START,PUSH 2 START,"Tyla, Sean Paul","=""00:03:11""",Pop,93,"Tyla, Sean Paul - PUSH 2 START (REMIX).mp4",2025,English,1,"Tyla, Sean Paul",1,0,"Mainstream,All Weather,All Season,Youth/adult"
"W Sound 05 ""LA PLENA"" - Beéle, Westcol, Ovy On The Drums","W Sound 05 ""LA PLENA"" - Beéle, Westcol, Ovy On The Drums",W Sound 05 LA PLENA,"=""00:02:30""",Pop,99,"W Sound 05 LA PLENA - Beéle, Westcol, Ovy On The Drums.mp4",2025,English,1,SMC,1,0,"Balanced,All Weather,All Season"
Pag-Ibig ay Kanibalismo II,Pag-Ibig ay Kanibalismo II,fitterkarma,"=""00:03:27""",Rock,172,fitterkarma - Pag-Ibig ay Kanibalismo II.mp4,2025,English,1,fitterkarma,1,0,"Alternative Rock,Progressive Metal,Energetic,All Weather,All Season"
Carry You Home,Carry You Home,Alex Warren,"=""00:03:08""",Pop,124,Alex Warren - Carry You Home.mp4,2024,English,1,Alex Warren,1,0,"Mainstream,All Weather,All Season,Youth/adult"
Sun Kissed Breeze,Sun Kissed Breeze - Single,Audrey Meigel,"=""00:02:20""",Pop,119,Audrey Meigel - Sun Kissed Breeze.mp4,2026,English,1,Audrey Meigel,1,0,"Mainstream,All Weather,All Season,Youth/adult"
Rush,Rush,Ayra Starr,"=""00:03:06""",Hip Hop,100,Ayra Starr - Rush.mp4,2022,English,1,Mavin Global Holdings,1,0,"Afrobeat,Warm,All Weather,All Season,Youth/adult"
Satellite,Bebe,Bebe Rexha & Snoop Dogg,"=""00:03:31""",Pop,116,Bebe Rexha & Snoop Dogg - Satellite.mp4,2023,English,1,Bebe Rexha,1,0,"Mainstream,All Weather,All Season,Youth/adult"
Mr Electric Blue,American Heart,Benson Boone,"=""00:05:23""",Pop,130,Benson Boone - Mr Electric Blue.mp4,2025,English,1,Benson Boone,1,0,"Mainstream,All Weather,All Season,Youth/adult"
The Greatest (Lyrics),HIT ME HARD AND SOFT,Billie Eilish,"=""00:04:54""",Alternative,135,Billie Eilish - The Greatest (Lyrics).mp4,2024,English,1,Billie Eilish,1,0,"Energetic,All Weather,All Season"
Solo,Solo,Blanka,"=""00:02:37""",Pop,99,Blanka - Solo.mp4,2022,English,1,Warner Music Poland,1,0,"Mainstream,All Weather,All Season,Youth/adult"
"Good Luck, Babe! (Lyrics)","Good Luck, Babe!",Chappell Roan,"=""00:03:38""",Pop,117,"Chappell Roan - Good Luck, Babe! (Lyrics).mp4",2024,English,1,"Island Records, Amusement Records",1,0,"Synth-pop,Mainstream,All Weather,All Season,Youth/adult"
HOT TO GO!,The Rise and Fall of a Midwest Princess,Chappell Roan,"=""00:03:32""",Pop,140,Chappell Roan - Hot to go off.mp4,2023,English,1,Chappell Roan,1,0,"Mainstream,All Weather,All Season,Youth/adult"
Feelslikeimfallinginlove,feelslikeimfallinginlove,Coldplay,"=""00:04:21""",Alternative,122,Coldplay - Feelslikeimfallinginlove.mp4,2024,English,1,WARNER Music Benelux,1,0,"Alternative Rock,Energetic,All Weather,All Season"
Baby Don’t Hurt Me ) (Lyrics),"David Guetta, Anne-Marie, Coi Leray - Baby Don’t Hurt Me (Lyric video)","David Guetta, Anne-Marie, Coi Leray","=""00:02:17""",Dance,128,"David Guetta, Anne-Marie, Coi Leray - Baby Don’t Hurt Me (Lyrics)).mp4",2023,English,1,SMC,1,0,"Upbeat,All Weather,All Season,Youth/adult"
Kiss Me,Sonder,Dermot Kennedy,"=""00:03:56""",Pop,120,Dermot Kennedy - Kiss Me.mp4,2022,English,1,Dermot Kennedy,1,0,"Mainstream,All Weather,All Season,Youth/adult"
Celestial,Celestial,"Ed Sheeran, Pokémon","=""00:04:22""",Pop,123,"Ed Sheeran, Pokémon - Celestial.mp4",2022,English,1,Ed Sheeran,1,0,"Mainstream,All Weather,All Season,Youth/adult"
Blame It On Me,Blame It On Me,Enisa,"=""00:02:30""",Pop,98,Enisa- Blame It On Me.mp4,2023,English,1,Enisa,1,0,"Mainstream,All Weather,All Season,Youth/adult"
Cheeky,Cheeky,INNA,"=""00:02:23""",Pop,97,INNA - Cheeky.mp4,2024,English,1,Global Records,1,0,"Electro,Energetic,All Weather,All Season,Youth/adult"
Slow Low (Lyrics),Slow Low,Jason Derulo,"=""00:03:04""",Pop,91,Jason Derulo - Slow Low (Lyrics).mp4,2023,English,1,Jason Derulo,1,0,"Mainstream,All Weather,All Season,Youth/adult"
You & Me,You & Me,Jennie,"=""00:03:32""",Pop,111,Jennie - You & Me.mp4,2023,English,1,YG Entertainment,1,0,"K-pop,Mainstream,All Weather,All Season,Youth/adult"
Feel Alive,Feel Alive,Kamrad,"=""00:02:32""",Pop,118,Kamrad - Feel Alive.mp4,2023,English,1,Epic Records Germany,1,0,"Mainstream,All Weather,All Season,Youth/adult"
Lifetimes,143 [Explicit],Katy Perry,"=""00:03:45""",Pop,120,Katy Perry - Lifetimes.mp4,2024,English,1,Katy Perry,1,0,"Mainstream,All Weather,All Season,Youth/adult"
Chasing Paradise,Chasing Paradise,"Kygo, OneRepublic","=""00:02:58""",Dance,125,"Kygo, OneRepublic - Chasing Paradise.mp4",2025,English,1,Sony Music,1,0,"Pop Dance,Upbeat,All Weather,All Season,Youth/adult"
Lottery (Lyrics),Lottery,Latto,"=""00:03:07""",Hip Hop,113,Latto - Lottery (Lyrics).mp4,2023,English,1,"Streamcut, RCA",1,0,"Confident,All Weather,All Season,Youth/adult"
Priceless,Priceless,"Maroon 5, LISA","=""00:02:51""",Pop,185,"Maroon 5, LISA - Priceless.mp4",2025,English,1,Interscope Records,1,0,"R&B,Mainstream,All Weather,All Season,Youth/adult"
Told You So,Told You So,Martin Garrix & Jex,"=""00:03:16""",Dance,127,Martin Garrix & Jex - Told You So.mp4,2024,English,1,Virgin,1,0,"House,Upbeat,All Weather,All Season,Youth/adult"
Stupid in love (Lyrics),STUPID IN LOVE (feat. HUH YUNJIN of LE SSERAFIM),Max,"=""00:02:53""",Pop,153,Max - Stupid in love (Lyrics).mp4,2024,English,1,MAX,1,0,"Mainstream,All Weather,All Season,Youth/adult"
Made You Look,Takin' It Back,Meghan Trainor,"=""00:02:54""",Pop,144,Meghan Trainor - Made You Look.mp4,2022,English,1,Epic,1,0,"Mainstream,All Weather,All Season,Youth/adult"
Jaded,Endless Summer Vacation,Miley Cyrus,"=""00:03:06""",Pop,185,Miley Cyrus - Jaded.mp4,2023,English,1,Miley Cyrus,1,0,"Mainstream,All Weather,All Season,Youth/adult"
Walk off the Earth (Lyrics),Walk off the Earth,My Stupid Heart,"=""00:02:40""",Pop,115,My Stupid Heart - Walk off the Earth (Lyrics).mp4,2023,English,1,My Stupid Heart,1,0,"Balanced,All Weather,All Season"
Nice To Meet You,A Minute...,Myles Smith,"=""00:03:27""",Pop,114,Myles Smith - Nice To Meet You.mp4,2024,English,1,Myles Smith,1,0,"Balanced,All Weather,All Season"
Heaven (Lyrics),The Show,Niall Horan,"=""00:03:07""",Pop,185,Niall Horan - Heaven (Lyrics).mp4,2023,English,1,Niall Horan,1,0,"Mainstream,All Weather,All Season,Youth/adult"
Nobody (from Kaiju No. 8),Nobody (from Kaiju No. 8),OneRepublic,"=""00:02:33""",Pop,140,OneRepublic - Nobody (from Kaiju No. 8).mp4,2024,English,1,OneRepublic,1,0,"Mainstream,All Weather,All Season,Youth/adult"
Time After Time,Time After Time,"Pascal Letoublon, ILIRA","=""00:02:51""",Dance,121,"Pascal Letoublon, ILIRA - Time After Time.mp4",2023,English,1,Virgin,1,0,"Pop Dance,Upbeat,All Weather,All Season,Youth/adult"
Lil Boo Thang,Lil Boo Thang,Paul Russell,"=""00:02:15""",Hip Hop,113,Paul Russell - Lil Boo Thang.mp4,2023,English,1,Arista,1,0,"Soul,Pop Rap,Mainstream,All Weather,All Season,Youth/adult"
Doctor,Doctor (Work It Out),"Pharrell Williams, Miley Cyrus","=""00:03:02""",Pop,119,"Pharrell Williams, Miley Cyrus - Doctor (Work It Out).mp4",2024,English,1,Columbia,1,0,"Boogie,Mainstream,All Weather,All Season,Youth/adult"
Boy's a liar Pt.2 (Lyrics),Boy's A Liar Pt. 2,PinkPantheress & Ice Spice,"=""00:02:12""",Pop,135,PinkPantheress & Ice Spice - Boy's a liar Pt.2 (Lyrics).mp4,2023,English,1,Warner Music,1,0,"Pop Dance,Baltimore Club,Pop Rap,Jersey Club,Bitpop,Upbeat,All Weather,All Season,Youth/adult"
Do It Again (Lyrics),Do It Again - Single,Ray Dalton,"=""00:02:56""",Pop,129,Ray Dalton - Do It Again (Lyrics).mp4,2023,English,1,Ray Dalton,1,0,"Mainstream,All Weather,All Season,Youth/adult"
Not My Fault (Lyrics),Not My Fault,"Reneé Rapp, Megan Thee Stallion","=""00:02:51""",Pop,124,"Reneé Rapp, Megan Thee Stallion - Not My Fault (Lyrics).mp4",2023,English,1,"Interscope Records, Paramount Pictures",1,0,"Pop Rap,Disco,Mainstream,All Weather,All Season,Youth/adult"
Bed Chem (Lyrics),Short n' Sweet,Sabrina Carpenter,"=""00:02:52""",Pop,95,Sabrina Carpenter - Bed Chem (Lyrics).mp4,2024,English,1,Island Records,1,0,"Mainstream,All Weather,All Season,Youth/adult"
Juno (Lyrics),Short n' Sweet,Sabrina Carpenter,"=""00:03:43""",Pop,130,Sabrina Carpenter - Juno (Lyrics).mp4,2024,English,1,Sabrina Carpenter,1,0,"Mainstream,All Weather,All Season,Youth/adult"
Love On,Love On,Selena Gomez,"=""00:03:11""",Pop,115,Selena Gomez - Love On.mp4,2024,English,1,Interscope Records,1,0,"Pop Dance,Upbeat,All Weather,All Season,Youth/adult"
Single Soon,Single Soon,Selena Gomez,"=""00:02:57""",Pop,105,Selena Gomez - Single Soon.mp4,2023,English,1,Interscope Records,1,0,"Pop Dance,Synthwave,Upbeat,All Weather,All Season,Youth/adult"
Welcome To New York (Taylor's Version) (Lyrics),1989,Taylor Swift,"=""00:03:38""",Pop,117,Taylor Swift - Welcome To New York (Taylor's Version) (Lyrics).mp4,2023,English,1,Taylor Swift,1,0,"Mainstream,All Weather,All Season,Youth/adult"
Rush,Something To Give Each Other,Troye Sivan,"=""00:03:42""",Pop,126,Troye Sivan - Rush.mp4,2023,English,1,EMI,1,0,"Mainstream,All Weather,All Season,Youth/adult"
On My Love,On My Love,"Zara Larsson, David Guetta","=""00:03:59""",Pop,123,"Zara Larsson, David Guetta - On My Love.mp4",2023,English,1,"Zara Larsson, David Guetta",1,0,"Mainstream,All Weather,All Season,Youth/adult"
lil' freak,Lil' Freak,bbno$,"=""00:02:50""",Hip Hop,110,bbno$ - lil' freak.mp4,2024,English,1,"Bad Realm Records, Artist Partner Group, Inc.",1,0,"Pop Rap,Mainstream,All Weather,All Season,Youth/adult"
"24 7, 365 (Lyrics)","24 7, 365",elijah woods,"=""00:02:49""",Pop,149,"elijah woods - 24 7, 365 (Lyrics).mp4",2023,English,1,Elijah Woods,1,0,"Mainstream,All Weather,All Season,Youth/adult"
Tusen Bitar,Tusen Bitar,Björn Afzelius,"=""00:04:39""",Pop,130,Björn Afzelius - Tusen Bitar.mp4,1990,Swedish,1,Rebelle Records,1,0,"Folk Rock,Acoustic,Pop Rock,Country Rock,Mainstream,All Weather,All Season,Youth/adult"
Det ligger nåt i luften,Det ligger nåt i luften,Bolaget,"=""00:03:12""",Pop,144,Bolaget - Det ligger nåt i luften.mp4,2026,Swedish,1,Bolaget,1,0,"Mainstream,All Weather,All Season,Youth/adult"
Låt Mig Va,Låt Mig Va,"Bolaget, Victor Leksell","=""00:02:35""",Pop,144,"Bolaget, Victor Leksell - Låt Mig Va.mp4",2023,Swedish,1,"Bolaget, Victor Leksell",1,0,"Mainstream,All Weather,All Season,Youth/adult"
Dragon,Dragon,Carl Moon,"=""00:04:47""",Pop,144,Carl Moon - Dragon.mp4,2015,English,1,Carl Moon,1,0,"Mainstream,All Weather,All Season,Youth/adult"
En säng av rosor,En säng av rosor - Single,Darin,"=""00:03:46""",Pop,104,Darin - En säng av rosor.mp4,2020,Swedish,1,Dex Music,1,0,"Mainstream,All Weather,All Season,Youth/adult"
Ta mig tillbaka,Ta mig tillbaka,Darin,"=""00:03:12""",Pop,107,Darin - Ta mig tillbaka.mp4,2015,English,1,Darin,1,0,"Mainstream,All Weather,All Season,Youth/adult"
Einár x Sara Kurt - Dans från dig (Officiell musikvideo),Einár x Sara Kurt - Dans från dig (Officiell musikvideo),Einár x Sara Kurt,"=""00:03:18""",Pop,108,Einár x Sara Kurt - Dans från dig.mp4,2023,Swedish,1,SMC,1,0,"Balanced,All Weather,All Season"
Bubbel PÅ Balkongen,BUBBEL PÅ BALKONGEN,"Elov & Beny, Sofie Svensson & Dom Där","=""00:03:45""",Pop,185,"Elov & Beny, Sofie Svensson & Dom Där - Bubbel PÅ Balkongen.mp4",2022,Swedish,1,"Elov & Beny, Sofie Svensson & Dom Där",1,0,"Mainstream,All Weather,All Season,Youth/adult"
Vem tänder stjärnorna,En blekt blondins hjärta,Eva Dahlgren,"=""00:04:18""",Pop,162,Eva Dahlgren - Vem tänder stjärnorna.mp4,1991,Swedish,1,The Record Station,1,0,"Soft Rock,Downtempo,Mainstream,All Weather,All Season,Youth/adult"
För Evigt,Alla tiders sommarhits,Hanna Ferm,"=""00:02:36""",Pop,127,Hanna Ferm - För Evigt.mp4,2021,Swedish,1,Hanna Ferm,1,0,"Mainstream,All Weather,All Season,Youth/adult"
Hooja x Miriam Bryant - VEM FAN E DU? (Officiell Musikvideo),Hooja x Miriam Bryant - VEM FAN E DU? (Officiell Musikvideo),Hooja x Miriam Bryant,"=""00:03:07""",Pop,150,Hooja x Miriam Bryant - VEM FAN E DU.mp4,2024,English,1,SMC,1,0,"Energetic,All Weather,All Season"
Det kommer aldrig va över för mig,Det kommer aldrig va över för mig,Håkan Hellström,"=""00:04:28""",Pop,127,Håkan Hellström - Det kommer aldrig va över för mig.mp4,2013,Swedish,1,"Stranded Rekords, Universal Music AB",1,0,"Mainstream,All Weather,All Season,Youth/adult"
Valborg,Det kommer aldrig va över för mig,Håkan Hellström,"=""00:03:20""",Pop,110,Håkan Hellström - Valborg.mp4,2013,Swedish,1,Håkan Hellström,1,0,"Mainstream,All Weather,All Season,Youth/adult"
Sommar sommar sol,Sommar sommar sol,JLC,"=""00:03:27""",Pop,96,JLC - Sommar sommar sol.mp4,2017,English,1,Sony Music,1,0,"Mainstream,All Weather,All Season,Youth/adult"
Bara få va mig själv,Bara Få Va Mig Själv,LALEH,"=""00:03:35""",Pop,92,LALEH - Bara få va mig själv.mp4,2016,Swedish,1,Warner Music Sweden,1,0,"Indie Pop,Mainstream,All Weather,All Season,Youth/adult"
Det Kommer Bli Bra,Det Kommer Bli Bra,LALEH,"=""00:03:52""",Pop,118,LALEH - Det Kommer Bli Bra.mp4,2020,English,1,Lost Army,1,0,"Indie Pop,Mainstream,All Weather,All Season,Youth/adult"
Sunnanvind,Sunnanvind,Mares,"=""00:03:25""",Pop,104,Mares - Sunnanvind.mp4,2019,English,1,Tjoof,1,0,"Indie Pop,Mainstream,All Weather,All Season,Youth/adult"
tystnar i luren,Tystnar I Luren,"Miriam Bryant, Victor Leksell","=""00:03:45""",Pop,92,"Miriam Bryant, Victor Leksell - tystnar i luren.mp4",2021,English,1,Warner Music Sweden,1,0,"Mainstream,All Weather,All Season,Youth/adult"
Misstag,Misstag,Miss Li,"=""00:03:11""",Pop,103,Miss Li - Misstag.mp4,2024,English,1,Miss Li,1,0,"Mainstream,All Weather,All Season,Youth/adult"
På måndag (Lyrics),"Livet, döden, skiten däremellan",Miss Li,"=""00:02:59""",Pop,144,Miss Li - På måndag (Lyrics).mp4,2024,Swedish,1,Miss Li,1,0,"Mainstream,All Weather,All Season,Youth/adult"
Maraton (feat. Eah Jé),Maraton (feat. Eah Jé),Miss Li,"=""00:02:20""",Pop,147,Miss Li feat. Eah Jé - Maraton.mp4,2024,Swedish,1,Miss Li,1,0,"Mainstream,All Weather,All Season,Youth/adult"
Lost and found,Lost and found,Molly Sandén & Victor Leksell,"=""00:03:20""",Pop,112,Molly Sandén & Victor Leksell - Lost and found.mp4,2024,Swedish,1,Molly Sandén & Victor Leksell,1,0,"Mainstream,All Weather,All Season,Youth/adult"
Blåögd (Lyrics),Blåögd,Molly Sandén,"=""00:03:34""",Pop,155,Molly Sandén - Blåögd (Lyrics).mp4,2025,Swedish,1,Milkshake,1,0,"Mainstream,All Weather,All Season,Youth/adult"
Det bästa kanske inte hänt än,Det bästa kanske inte hänt än,Molly Sandén,"=""00:03:56""",Pop,123,Molly Sandén - Det bästa kanske inte hänt än.mp4,2019,Swedish,1,Milkshake,1,0,"Europop,Mainstream,All Weather,All Season,Youth/adult"
Hålla mig,Hålla mig,Molly Sandén,"=""00:03:06""",Pop,129,Molly Sandén - Hålla mig.mp4,2024,Swedish,1,Molly Sandén,1,0,"Mainstream,All Weather,All Season,Youth/adult"
Psykos,ALLTING DÄREMELLAN,Molly Sandén,"=""00:03:01""",Pop,139,Molly Sandén - Psykos.mp4,2023,Swedish,1,Molly Sandén,1,0,"Mainstream,All Weather,All Season,Youth/adult"
Sand,Större,Molly Sandén,"=""00:03:01""",Pop,112,Molly Sandén - Sand.mp4,2018,Swedish,1,Molly Sandén,1,0,"Mainstream,All Weather,All Season,Youth/adult"
Slutet av sommarn,Slutet av sommarn,Molly Sandén,"=""00:02:40""",Pop,100,Molly Sandén - Slutet av sommarn.mp4,2024,Swedish,1,Molly Sandén,1,0,"Mainstream,All Weather,All Season,Youth/adult"
Händerna mot himlen,Inferno,Petra Marklund,"=""00:03:58""",Pop,125,Petra Marklund - Händerna mot himlen.mp4,2012,Swedish,1,Petra Marklund,1,0,"Mainstream,All Weather,All Season,Youth/adult"
Put Your Hands Up för Sverige (feat. Anis Don Demina),Put Your Hands Up För Sverige,Samir & Viktor,"=""00:03:27""",Pop,124,Samir & Viktor - Put Your Hands Up för Sverige.mp4,2018,Swedish,1,"Giant Records, Warner Music Sweden",1,0,"Europop,Mainstream,All Weather,All Season,Youth/adult"
Tusen spänn,Tusen Spänn,Tjuvjakt & Fanny Avonne,"=""00:03:10""",Pop,116,Tjuvjakt & Fanny Avonne - Tusen spänn.mp4,2025,Swedish,1,"Mångata Records, Roxy Recordings",1,0,"Mainstream,All Weather,All Season,Youth/adult"
Jag kommer,Satan i gatan (Bonus Version),Veronica Maggio,"=""00:03:36""",Pop,151,Veronica Maggio - Jag kommer.mp4,2011,English,1,Veronica Maggio,0,1,"Mainstream,All Weather,All Season,Youth/adult"
Välkommen in,Välkommen In,Veronica Maggio,"=""00:03:30""",Pop,120,Veronica Maggio - Välkommen in.mp4,2011,Swedish,1,Universal Music Denmark,1,0,"Mainstream,All Weather,All Season,Youth/adult"
Lys på mig,Lys på mig,Victor Leksell,"=""00:02:42""",Pop,110,Victor Leksell - Lys på mig.mp4,2025,Swedish,1,Victor Leksell,1,0,"Mainstream,All Weather,All Season,Youth/adult"
Natthimlen,Tid & Tro,Victor Leksell,"=""00:03:08""",Pop,97,Victor Leksell - Natthimlen.mp4,2024,English,1,Victor Leksell,1,0,"Mainstream,All Weather,All Season,Youth/adult"
Tappat,Tappat - Single,Victor Leksell,"=""00:03:39""",Pop,100,Victor Leksell - Tappat.mp4,2018,English,1,Victor Leksell,1,0,"Balanced,All Weather,All Season"
Too Many People,Too Many People,Kids That Fly,"=""00:03:38""",Alternative,172,Kids That Fly - Too Many People [Official Music Video].mp4,2026,English,1,Kids That Fly,1,0,"Energetic,All Weather,All Season"
Catharina,Catharina,Martin Garrix,"=""00:03:31""",Dance,130,Martin Garrix - Catharina (Official Video).mp4,2026,English,1,STMPD RCRDS,1,0,"House,Upbeat,All Weather,All Season,Youth/adult"
Kapo,Kapo,ALOH ALOH,"=""00:02:19""",Pop,110,ALOH ALOH - Kapo.mp4,2025,English,1,ALOH ALOH,1,0,"Balanced,All Weather,All Season"
CHÉVERE (premium_remix),CHÉVERE (premium_remix),ARIA VEGA & Ryan Castro,"=""00:03:39""",Pop,178,"ARIA VEGA, Ryan Castro - CHÉVERE.mp4",2026,Spanish,1,WEA Latina,1,0,"Energetic,All Weather,All Season"
TOTOTO (+4),TOTOTO (+4),ARIA VEGA,"=""00:02:17""",Pop,110,ARIA VEGA - TOTOTO.mp4,2026,English,1,WEA Latina,1,0,"Mainstream,All Weather,All Season,Youth/adult"
Bailarina,Insomnio,"Abraham Mateo, Danny Ocean","=""00:03:07""",Pop,127,"Abraham Mateo, Danny Ocean - Bailarina.mp4",2024,English,1,Sony Music Entertainment,1,0,"Energetic,All Weather,All Season"
Akureyri,Akureyri,"Aitana, Sebastián Yatra","=""00:05:20""",Pop,153,"Aitana, Sebastián Yatra - Akureyri.mp4",2024,Spanish,1,Universal Music Spain,1,0,"Energetic,All Weather,All Season"
Hoy no me siento bien,¿Y ahora qué +?,"Alejandro Sanz, Grupo Frontera","=""00:02:49""",Pop,110,"Alejandro Sanz, Grupo Frontera - Hoy no me siento bien.mp4",2025,Spanish,1,Sony Music,1,0,"Balanced,All Weather,All Season"
Bésame,Bésame,"Alejandro Sanz, Shakira","=""00:03:25""",Pop,104,"Alejandro Sanz, Shakira - Bésame.mp4",2025,Spanish,1,Alejandro Sanz,1,0,"Mainstream,All Weather,All Season,Youth/adult"
WELTiTA,DeBÍ TiRAR MáS FOToS,BAD BUNNY ft. Chuwi,"=""00:03:22""",Pop,150,BAD BUNNY ft. Chuwi - WELTiTA.mp4,2025,Spanish,1,Rimas,1,0,"Energetic,All Weather,All Season"
Ojitos Lindos,Un Verano Sin Ti,Bad Bunny ft. Bomba Estéreo,"=""00:04:33""",Pop,161,Bad Bunny ft. Bomba Estéreo - Ojitos Lindos.mp4,2022,Spanish,1,Bad Bunny,1,0,"Latin Pop,Mainstream,Sunny,Summer,Youth/adult"
MTZ Manuel Turizo x Saiko,MTZ Manuel Turizo x Saiko,Bahamas,"=""00:03:44""",Pop,118,Bahamas - MTZ Manuel Turizo x Saiko.mp4,2024,English,1,Bahamas,1,0,"Balanced,All Weather,All Season"
Me Arriesgo Contigo,Me arriesgo contigo,"Beéle, Kany García","=""00:02:47""",Pop,129,"Beéle, Kany García - Me Arriesgo Contigo.mp4",2024,Spanish,1,5020 Records,1,0,"Energetic,All Weather,All Season"
Autodiagnóstico,dos,Camilo,"=""00:03:07""",Pop,97,Camilo - Autodiagnóstico.mp4,2024,Spanish,1,"Hecho a Mano Music, Sony Music | Latin",1,0,"Balanced,All Weather,All Season"
Primera Cita,Primera Cita,Carin Leon,"=""00:03:39""",Alternative Country,163,Carin Leon - Primera Cita.mp4,2023,Spanish,1,CL Music,1,0,"Energetic,All Weather,All Season"
Despídase bien,"Boca Chueca, Vol. 1",Carin León,"=""00:03:53""",Alternative Country,163,Carin León - Despídase bien.mp4,2024,Spanish,1,"Socios Music, LLC",1,0,"Energetic,All Weather,All Season"
La Buena,La Buena,Carín León,"=""00:02:16""",Pop,123,Carín León - La Buena.mp4,2026,Spanish,1,"Socios Music, LLC",1,0,"Latin Pop,Mainstream,Sunny,Summer,Youth/adult"
ESE VATO,ESE VATO,"DOMELIPA, Ozuna","=""00:03:50""",Pop,118,"DOMELIPA, Ozuna - ESE VATO.mp4",2024,English,1,"DOMELIPA, Ozuna",1,0,"Balanced,All Weather,All Season"
COSITA LINDA,COSITA LINDA,ELENA ROSE & Justin Quiles,"=""00:02:19""",Pop,100,ELENA ROSE & Justin Quiles - COSITA LINDA.mp4,2025,English,1,WEA Latina,1,0,"Afrobeats,Warm,All Weather,All Season"
AMÉN BEBÉ,Bendito Verano,ELENA ROSE,"=""00:02:30""",Pop,120,ELENA ROSE - AMÉN BEBÉ.mp4,2025,Spanish,1,WEA Latina,1,0,"Afrobeats,Warm,All Weather,All Season"
Noviogangsta <3,Noviogangsta <3,Emilia,"=""00:02:49""",Latin,129,Emilia - noviogangsta.mp4,2024,English,1,Sony Music Latin,1,0,"Latin Pop,Mainstream,Sunny,Summer,Youth/adult"
perfectas,perfectas,Emilia,"=""00:04:05""",Latin,126,Emilia - perfectas.mp4,2025,English,1,Sony Music Latin,1,0,"Latin Pop,Mainstream,Sunny,Summer,Youth/adult"
pasarella,Pasarella 👠,"Emilia, Six Sex","=""00:02:53""",Latin,128,"Emilia, Six Sex - pasarella.mp4",2025,Spanish,1,Sony Music Latin,1,0,"Latin Pop,Mainstream,Sunny,Summer,Youth/adult"
La_Original.mp3,.mp3,Emilia & TINI,"=""00:02:24""",Pop,129,"Emilia, TINI - La Original.mp4",2023,English,1,Sony Music | Latin,1,0,"Energetic,All Weather,All Season"
MTZ Manuel Turizo,MTZ Manuel Turizo,Enhorabuena,"=""00:03:12""",Pop,143,Enhorabuena - MTZ Manuel Turizo.mp4,2024,English,1,Enhorabuena,1,0,"Energetic,All Weather,All Season"
Asi es la vida,ASÍ ES LA VIDA (remix),"Enrique Iglesias, Maria Becerra","=""00:03:00""",Latin,128,"Enrique Iglesias, Maria Becerra - Asi es la vida.mp4",2023,Spanish,1,Sony Music | Latin,1,0,"Popular Music,Energetic,All Weather,All Season"
Baile,Baile,Fabio Capri,"=""00:02:47""",Pop,136,Fabio Capri - Baile.mp4,2026,English,1,Fabio Capri,1,0,"Energetic,All Weather,All Season"
Ojos Que No Ven,Aún Me Sigo Encontrando,"Gian Marco, Leonel García","=""00:03:25""",Pop,123,"Gian Marco, Leonel García - Ojos Que No Ven.mp4",2024,Spanish,1,Altafonte,1,0,"Balanced,All Weather,All Season"
Mi Reina,AFROROCKSTAR,"Hamilton, Nanpa Básico","=""00:03:31""",Pop,99,"Hamilton, Nanpa Básico - Mi Reina.mp4",2025,Spanish,1,Cigol Music Group,1,0,"Energetic,All Weather,All Season"
3 Noches,Rayo,J Balvin,"=""00:03:33""",Pop,178,J Balvin - 3 Noches.mp4,2024,English,1,"Capitol Records, Sueños Globales",1,0,"Latin,Sunny,Summer"
Ivonny Bonita,Tropicoqueta,KAROL G,"=""00:03:43""",Pop,118,KAROL G - Ivonny Bonita (Visualizer).mp4,2025,English,1,"Bichota Records, Interscope Records",1,0,"Balanced,All Weather,All Season"
MI EX TENÍA RAZÓN,MAÑANA SERÁ BONITO (BICHOTA SEASON),KAROL G,"=""00:02:41""",Pop,162,KAROL G - Mi ex tenia razon.mp4,2023,Spanish,1,KAROL G,1,0,"Energetic,All Weather,All Season"
Después de ti,NO ME ARREPIENTO DE SENTIR TANTO,"KAROL G, Greg Gonzalez","=""00:04:36""",Ballad,136,"KAROL G, Greg Gonzalez - Después de ti (Visualizer).mp4",2026,Spanish,1,"Bichota Records, Interscope Records",1,0,"Energetic,All Weather,All Season"
Coleccionando Heridas,Tropicoqueta,"KAROL G, Marco Antonio Solís","=""00:03:24""",Pop,114,"KAROL G, Marco Antonio Solís - Coleccionando Heridas.mp4",2025,Spanish,1,"Bichota Records, Interscope Records",1,0,"Latin Pop,Mainstream,Sunny,Summer,Youth/adult"
Kitty,Kenia Os: la OG,"Kenia Os, La Joaqui","=""00:02:44""",Pop,100,"Kenia Os, La Joaqui - Kitty.mp4",2024,English,1,Kenia Os & La Joaqui,1,0,"Balanced,All Weather,All Season"
KORAZONG - Kapo (Video Oficial),KORAZONG - Kapo (Video Oficial),Korazong,"=""00:02:54""",Pop,102,Korazong - Kapo.mp4,2025,English,1,SMC,1,0,"Balanced,All Weather,All Season"
Blanco Y Negro,Alta Fidelidad,LAGOS & ELENA ROSE,"=""00:03:47""",Pop,102,LAGOS & ELENA ROSE - Blanco Y Negro.mp4,2024,English,1,LAGOS & Elena Rose,1,0,"Mainstream,All Weather,All Season,Youth/adult"
Plástico,NO VAYAS A ATENDER CUANDO EL DEMONIO LLAMA,Lali & Duki,"=""00:03:24""",Pop,162,"Lali, Duki - Plastico.mp4",2025,Spanish,1,Sony Music Entertainment Argentina S.A.,1,0,"Energetic,All Weather,All Season"
1000COSAS,1000COSAS,Lola Indigo & Manuel Turizo,"=""00:04:01""",Latin,132,"Lola Indigo, Manuel Turizo - 1000 cosas.mp4",2024,English,1,Universal Music Group,1,0,"Pop,Mainstream,Sunny,Summer,Youth/adult"
Según Quién,Según Quién,"Maluma, Carin Leon","=""00:02:30""",Pop,102,"Maluma, Carin Leon - Según Quién.mp4",2023,Spanish,1,"Maluma, Carin León",1,0,"Latin,Sunny,Summer"
Oye Mi Amor,"2003-02-14: Concierto Básico Motorola: Divino Aqualung, Madrid, Spain",Maná,"=""00:04:59""",Rock,81,Maná - Oye Mi Amor.mp4,2010,Spanish,1,Maná,1,0,"Spanish,Balanced,All Weather,All Season"
IMAN (Two Of Us),IMAN (Two Of Us),Maria Becerra,"=""00:02:08""",Pop,106,Maria Becerra - IMAN (Two Of Us).mp4,2024,English,1,Warner Music Latina,1,0,"Balanced,All Weather,All Season"
QUÉ GANAS DE COMERTE,QUÉ GANAS DE COMERTE,"Maria Becerra, Jere Klein, Lucky Brown & XROSS","=""00:03:54""",Pop,99,"Maria Becerra, Jere Klein, Lucky Brown, XROSS - Que ganas de comerte.mp4",2026,Spanish,1,WEA Latina,1,0,"Balanced,All Weather,All Season"
Ramen para dos,Ramen para dos,"Maria Becerra, Paulo Londra, XROSS","=""00:04:06""",Pop,129,"Maria Becerra, Paulo Londra, XROSS - Ramen para dos.mp4",2025,Spanish,1,"Warner Music Latina, Inc.",1,0,"Energetic,All Weather,All Season"
HASTA QUE ME ENAMORO,Hasta Que Me Enamoro,"Maria Becerra, TINI, XROSS","=""00:02:59""",Latin,122,"Maria Becerra, TINI, XROSS - Hasta me que enamoro.mp4",2025,English,1,WEA Latina,1,0,"Pop,Mainstream,Sunny,Summer,Youth/adult"
Canción 2,Hotel Caracas,Mau y Ricky,"=""00:03:06""",Hip Hop,150,Mau y Ricky - Canción 2 - Hotel Caracas.mp4,2024,Spanish,1,Why Club Records,1,0,"Reggaeton,Confident,Sunny,Summer,Youth/adult"
Dolería,rifresh,Mau y Ricky,"=""00:02:56""",Pop,165,Mau y Ricky - Dolería.mp4,2020,Spanish,1,Mau y Ricky,1,0,"Energetic,All Weather,All Season"
Gigante A colors show,Gigante - A COLORS SHOW,Mon Laferte,"=""00:04:04""",Pop,143,Mon Laferte - Gigante A colors show.mp4,2026,English,1,Mon Laferte,1,0,"Energetic,All Weather,All Season"
Una na mas,UNA NA MAS,Myke Towers,"=""00:03:37""",Pop,118,Myke Towers - Una na mas.mp4,2026,English,1,Myke Towers,1,0,"Balanced,All Weather,All Season"
Otro Cumpleaños,Otro Cumpleaños,Olivia Wald,"=""00:03:37""",Pop,133,Olivia Wald - Otro Cumpleaños.mp4,2026,Spanish,1,Olivia Wald,1,0,"Energetic,All Weather,All Season"
NUevo,NUevo,Piso 21,"=""00:02:38""",Pop,98,Piso 21 - NUevo (Visualizer).mp4,2025,English,1,Piso 21,1,0,"Balanced,All Weather,All Season"
Morfina (feat. Paloma Mami),LLAMADA PERDIDA,Prince Royce,"=""00:03:54""",Pop,130,Prince Royce ft. Paloma Mami - Morfina.mp4,2024,English,1,Prince Royce,1,0,"Energetic,All Weather,All Season"
Besito en la Frente,Cosa Nuestra: Capítulo 0 [Explicit],Rauw Alejandro,"=""00:03:03""",Pop,119,Rauw Alejandro - Besito en la Frente.mp4,2025,Spanish,1,Rauw Alejandro,1,0,"Balanced,All Weather,All Season"
Khé,Cosa Nuestra,"Rauw Alejandro, Romeo Santos","=""00:04:07""",Pop,152,"Rauw Alejandro, Romeo Santos - Khé.mp4",2024,Spanish,1,Rauw Alejandro,1,0,"Energetic,All Weather,All Season"
La Vida Sin Ti,a new star (1 9 9 3),"Rels B, Lia Kali","=""00:02:19""",Hip Hop,85,"Rels B, Lia Kali - La Vida Sin Ti a new star.mp4",2024,English,1,Not On Label,1,0,"Trap,Confident,All Weather,All Season,Youth/adult"
Better Late Than Never (Lyrics),Better Late Than Never,"Romeo Santos, Prince Royce","=""00:04:07""",Latin,136,"Romeo Santos, Prince Royce - Better Late Than Never (Lyrics).mp4",2025,English,1,Sony Music Latin,1,0,"Bachata,Sunny,Summer"
No Me Cansare,No Me Cansare,Sevdaliza,"=""00:02:44""",Pop,166,Sevdaliza - No me canzare.mp4,2024,English,1,Sevdaliza,1,0,"Mainstream,All Weather,All Season,Youth/adult"
Espectacular,Espectacular,"Sky Rompiendo, Rauw Alejandro","=""00:03:06""",Latin,115,"Sky Rompiendo, Rauw Alejandro - Espectacular.mp4",2024,English,1,Sony Music Latin,1,0,"Reggaeton,Sunny,Summer,Youth/adult"
Universidad,Universidad,"TINI, Beéle","=""00:02:47""",Pop,127,"TINI, Beéle - Universidad.mp4",2025,Spanish,1,"TINI, Beéle",1,0,"Energetic,All Weather,All Season"
Alegría,Alegría,"Tiago PZK, Anitta, Emilia","=""00:02:52""",Pop,129,"Tiago PZK, Anitta, Emilia - Alegría.mp4",2024,Portuguese,1,"Tiago PZK, Anitta, Emilia",1,0,"Energetic,All Weather,All Season"
En Otra Vida,En Otra Vida,"Yami Safdie, Lasso","=""00:02:44""",Pop,185,"Yami Safdie, Lasso - En Otra Vida.mp4",2024,English,1,"Yami Safdie, Lasso",1,0,"Mainstream,All Weather,All Season,Youth/adult"
Spider,SPIDER,GIMS & Dystinct,"=""00:03:45""",Pop,120,GIMS & Dystinct - Spider.mp4,2024,English,1,GIMS & DYSTINCT,1,0,"Balanced,All Weather,All Season"
Sois pas timide (Lyrics),SOIS PAS TIMIDE,GIMS,"=""00:02:46""",Pop,128,GIMS - Sois pas timide (Lyrics).mp4,2024,English,1,GIMS,1,0,"Energetic,All Weather,All Season"
NO LO SE,NO LO SE,Lacrim,"=""00:02:46""",Pop,125,Lacrim - NO LO SE (Visualizer).mp4,2024,English,1,Lacrim,1,0,"Energetic,All Weather,All Season"
J'crois qu'ils ont pas compris,J'crois qu'ils ont pas compris,Leto,"=""00:02:09""",Pop,118,Leto - J'crois qu'ils ont pas compris.mp4,2024,English,1,Leto,1,0,"Balanced,All Weather,All Season"
On Met La Patate,On Met La Patate (Belgian Anthem),Omdat Het Kan & Average Rob,"=""00:03:25""",Electronic,155,Omdat Het Kan & Average Rob - On Met La Patate (Belgian Anthem).mp4,2024,English,1,Omdat Het Kan,1,0,"Happy Hardcore,Energetic,All Weather,All Season"
Another Love,Long Way Down (Deluxe),Tom Odell,"=""00:04:08""",Indie,122,Tom Odell - Another Love.mp4,2013,English,1,Tom Odell,1,0,"Pop,Mainstream,All Weather,All Season,Youth/adult"
Pink Pony Club,Pink Pony Club,Chappell Roan,"=""00:04:40""",Pop,108,Chappell Roan - Pink Pony Club.mp4,2020,English,1,"Amusement Records, Island Records",1,0,"Mainstream,All Weather,All Season,Youth/adult"
Red Wine Supernova,Red Wine Supernova,Chappell Roan,"=""00:03:30""",Pop,124,Chappell Roan - Red Wine Supernova (Magician's Cut).mp4,2023,English,1,Chappell Roan,1,0,"Mainstream,All Weather,All Season,Youth/adult"
"I Love You, I’m Sorry",The Secret of Us,Gracie Abrams,"=""00:03:54""",Pop,115,"Gracie Abrams - I Love You, I’m Sorry.mp4",2024,English,1,Interscope Records,1,0,"Indie Pop,Mainstream,All Weather,All Season,Youth/adult"
Not Like Us,Not Like Us,Kendrick Lamar,"=""00:05:54""",Hip Hop,102,Kendrick Lamar - Not Like Us.mp4,2024,English,1,Interscope Records,1,0,"Hyphy,Conscious,Confident,All Weather,All Season,Youth/adult"
Luke Combs – Ain’t No Love In Oklahoma (From Twisters: The Album) [Official Music Video],Luke Combs – Ain’t No Love In Oklahoma (From Twisters: The Album) [Official Music Video],Luke Combs,"=""00:03:29""",Rock,142,Luke Combs – Ain’t No Love In Oklahoma (From Twisters The Album).mp4,2024,English,1,SMC,1,0,"Energetic,All Weather,All Season"
Last Night,One Thing At A Time,Morgan Wallen,"=""00:02:46""",Pop,102,Morgan Wallen - Last Night.mp4,2023,English,1,Morgan Wallen,1,0,"Balanced,All Weather,All Season"
Lies Lies Lies (Lyrics),Lies Lies Lies,Morgan Wallen,"=""00:03:16""",Pop,162,Morgan Wallen - Lies Lies Lies (Lyrics).mp4,2024,English,1,Morgan Wallen,1,0,"Energetic,All Weather,All Season"
Morgan Wallen - Cowgirls ( Video) ft. ERNEST (Lyrics),One Thing At A Time,Morgan Wallen,"=""00:03:02""",Pop,86,Morgan Wallen ft. Ernest- Cowgirls (Lyrics).mp4,2023,English,1,Morgan Wallen,1,0,"Balanced,All Weather,All Season"
Bye Bye Bye,No Strings Attached,NSYNC,"=""00:03:59""",Pop,172,NSYNC - Bye Bye Bye.mp4,2000,English,1,*NSYNC,1,0,"Mainstream,All Weather,All Season,Youth/adult"
Stick Season,Stick Season,Noah Kahan,"=""00:03:17""",Alternative,118,Noah Kahan - Stick Season.mp4,2022,English,1,Noah Kahan,1,0,"Balanced,All Weather,All Season"
Guy For That,Guy For That,Post Malone ft. Luke Combs,"=""00:03:14""",Pop,117,Post Malone ft. Luke Combs - Guy For That.mp4,2024,English,1,Post Malone,1,0,"Balanced,All Weather,All Season"
Coincidence (Lyrics),Short n' Sweet,Sabrina Carpenter,"=""00:02:44""",Pop,156,Sabrina Carpenter - Coincidence (Lyrics).mp4,2024,English,1,Sabrina Carpenter,1,0,"Mainstream,All Weather,All Season,Youth/adult"
Don't Smile (Lyrics),Don’t Smile,Sabrina Carpenter,"=""00:03:29""",Pop,90,Sabrina Carpenter - Don't Smile (Lyrics).mp4,2024,English,1,Sabrina Carpenter,1,0,"Mainstream,All Weather,All Season,Youth/adult"
Dumb & Poetic (Lyrics),Short n' Sweet,Sabrina Carpenter,"=""00:02:14""",Pop,103,Sabrina Carpenter - Dumb & Poetic (Lyrics).mp4,2024,English,1,Sabrina Carpenter,1,0,"Mainstream,All Weather,All Season,Youth/adult"
Good Graces (Lyrics),Short n' Sweet,Sabrina Carpenter,"=""00:03:06""",Pop,126,Sabrina Carpenter - Good Graces (Lyrics).mp4,2024,English,1,Sabrina Carpenter,1,0,"Mainstream,All Weather,All Season,Youth/adult"
Sharpest Tool (Lyrics),Short n' Sweet,Sabrina Carpenter,"=""00:03:39""",Pop,185,Sabrina Carpenter - Sharpest Tool (Lyrics).mp4,2024,English,1,Sabrina Carpenter,1,0,"Mainstream,All Weather,All Season,Youth/adult"
Slim Pickins (Lyrics),Short n' Sweet,Sabrina Carpenter,"=""00:02:32""",Pop,100,Sabrina Carpenter - Slim Pickins (Lyrics).mp4,2024,English,1,Sabrina Carpenter,1,0,"Mainstream,All Weather,All Season,Youth/adult"
28,The Great American Bar Scene,Zach Bryan,"=""00:03:53""",Pop,108,Zach Bryan - 28.mp4,2024,English,1,Zach Bryan,1,0,"Balanced,All Weather,All Season"
Heading South,Heading South,Zach Bryan,"=""00:02:46""",Folk,100,Zach Bryan - Heading South.mp4,2019,English,1,Not On Label (Zach Bryan Self-released),1,0,"World,& Country,Balanced,All Weather,All Season"
Pink Skies,Pink Skies,Zach Bryan,"=""00:03:15""",Folk,86,Zach Bryan - Pink Skies.mp4,2024,English,1,Belting Bronco Records,1,0,"Country,Balanced,All Weather,All Season"
Something In The Orange,Something In The Orange,Zach Bryan,"=""00:04:23""",Folk,109,Zach Bryan - Something In The Orange.mp4,2022,English,1,Warner Records,1,0,"Country,Balanced,All Weather,All Season"
I Remember Everything (feat. Kacey Musgraves),Zach Bryan,Zach Bryan,"=""00:03:47""",Pop,77,Zach Bryan ft. Kacey Musgraves - I Remember Everything.mp4,2023,English,1,Zach Bryan,1,0,"Calm,Rainy,All Season"
"Branco, Benny Jamz - Kvarteret (Uofficiel video)","Branco, Benny Jamz - Kvarteret (Uofficiel video)","Branco, Benny Jamz","=""00:02:18""",Pop,185,"Branco, Benny Jamz - Kvarteret.mp4",2026,English,1,SMC,1,0,"Energetic,All Weather,All Season"
Would You,Would You,Campbell x Alcemist,"=""00:02:01""",Dance,172,Campbell x Alcemist - Would You (go to bed with me).mp4,2023,English,1,Campbell x Alcemist,1,0,"Upbeat,All Weather,All Season,Youth/adult"
Do You Want This,Do You Want This,Cosmo's Midnight x Vancouver Sleep Clinic,"=""00:03:32""",Pop,165,Cosmo's Midnight x Vancouver Sleep Clinic - Do You Want This (Visualiser).mp4,2026,English,1,Cosmo's Midnight x Vancouver Sleep Clinic,1,0,"Energetic,All Weather,All Season"
"The Sun, The Wine and You","The Sun, The Wine and You",IurisEkero,"=""00:03:52""",Pop,122,"IurisEkero - The Sun, The Wine and You.mp4",2025,English,1,IurisEkero,1,0,"Mainstream,All Weather,All Season,Youth/adult"
Timmy Trumpet x Scooter – For Those About To Rave (Official Video),Timmy Trumpet x Scooter – For Those About To Rave (Official Video),Timmy Trumpet x Scooter,"=""00:02:43""",Pop,141,Timmy Trumpet x Scooter – For Those About To Rave.mp4,2023,English,1,SMC,1,0,"Energetic,All Weather,All Season"
Crush,CRUSH,Yellow Claw & Natte Visstick & RHYME,"=""00:02:46""",Dance,150,Yellow Claw & Natte Visstick & RHYME - Crush.mp4,2024,English,1,Yellow Claw & Natte Visstick & RHYME,1,0,"Electronica,Electro,Upbeat,All Weather,All Season,Youth/adult"
Go!,Go!,Amy Correa Bell,"=""00:04:30""",Pop,128,Amy Correa Bell - Go!.mp4,2026,English,1,Amy Correa Bell,1,0,"Energetic,All Weather,All Season"
BBL BARBIE,BBL BARBIE,KristaFoxx,"=""00:03:53""",Pop,126,KristaFoxx - BBL BARBIE.mp4,2026,English,1,KristaFoxx,1,0,"Energetic,All Weather,All Season"
I'm Done,I'm Done,Paul Damixie ft. Lee Heart,"=""00:02:54""",Dance,124,Paul Damixie ft. Lee Heart - I'm Done.mp4,2023,English,1,SMC,1,0,"Upbeat,All Weather,All Season,Youth/adult"
Lovers In A Past Life,Lovers In A Past Life,"Calvin Harris, Rag'n'Bone Man","=""00:02:50""",Dance,130,"Calvin Harris, Rag'n'Bone Man - Lovers In A Past.mp4",2024,English,1,Columbia,1,0,"Pop Dance,House,Upbeat,All Weather,All Season,Youth/adult"
Austin,Austin,Dasha,"=""00:03:05""",Folk,115,Dasha - Austin.mp4,2024,English,1,"Warner Records, Version III",1,0,"World,& Country,Balanced,All Weather,All Season"
Too Sweet,Unheard,Hozier,"=""00:04:08""",2024,117,Hozier - Too Sweet.mp4,2024,English,1,Hozier,1,0,"Balanced,All Weather,All Season"
Brutalt,FOMO 88.8 FM,KESI,"=""00:03:49""",Hip Hop,140,KESI - Brutalt.mp4,2024,English,1,KESI,1,0,"Electronic,Energetic,All Weather,All Season"
Giv Mig Alt,Giv Mig Alt,Medina,"=""00:03:28""",Pop,126,Medina - Giv Mig Alt.mp4,2024,English,1,Labelmade,1,0,"Mainstream,All Weather,All Season,Youth/adult"
Stargazing (Lyrics),Stargazing,Myles Smith,"=""00:02:53""",Pop,123,Myles Smith - Stargazing (Lyrics).mp4,2024,English,1,"RCA, Sony Music",1,0,"Mainstream,All Weather,All Season,Youth/adult"
Gå Med Dig,Gå Med Dig,Nephew,"=""00:04:06""",Rock,110,Nephew - Gå Med Dig.mp4,2013,Danish,1,Copenhagen Records,1,0,"Pop Rock,Mainstream,All Weather,All Season,Youth/adult"
Taste,Short n' Sweet,Sabrina Carpenter,"=""00:03:18""",Pop,112,Sabrina Carpenter - Taste.mp4,2024,English,1,Island Records,1,0,"Mainstream,All Weather,All Season,Youth/adult"
Tobias Rahim - Ozonlag A Energi ft. Niels Brandt,Tobias Rahim - Ozonlag A Energi ft. Niels Brandt,Tobias Rahim,"=""00:04:29""",Pop,130,Tobias Rahim - Ozonlag A Energi ft. Niels Brandt.mp4,2022,English,1,Tobias Rahim,1,0,"Energetic,All Weather,All Season"
Hr. Oluf,Hr. Oluf,Asynje,"=""00:04:48""",Pop,104,Asynje - Hr. Oluf (Folk).mp4,2015,English,1,Asynje,0,1,"Balanced,All Weather,All Season"
Traditional Danish Music - Party Mix,Traditional Danish Music - Party Mix,Folk,"=""00:44:28""",Pop,99,Folk - Party Mix.mp4,2017,English,1,SMC,1,0,"Balanced,All Weather,All Season"
Danish Folk Music Medley - Jensen & Bugge,Danish Folk Music Medley - Jensen & Bugge,Folk Medley,"=""00:05:49""",Pop,155,Folk Medley - Jensen & Bugge.mp4,2020,English,1,SMC,0,1,"Energetic,All Weather,All Season"
Krigsgaldr,Ofnir,Heilung,"=""00:09:56""",Pop,120,Heilung - Krigsgaldr (Live).mp4,2015,English,1,Heilung,1,0,"Balanced,All Weather,All Season"
Ramund (Danish folk song) on Nyckelharpa - Myrkur,Ramund (Danish folk song) on Nyckelharpa - Myrkur,Ramund (Folk) on Nyckelharpa,"=""00:01:43""",Folk,103,Ramund (Folk) on Nyckelharpa - Myrkur.mp4,2018,English,1,SMC,1,0,"Balanced,All Weather,All Season"
Honeybutter,LVRS PARADISE (SIDE B),Isaiah Falls ft. Mahalia,"=""00:04:19""",Pop,140,Isaiah Falls ft. Mahalia - Honeybutter.mp4,2026,English,1,SMC,1,0,"Energetic,All Weather,All Season"
Nussie Freestyle,Nussie Freestyle,NBA YoungBoy,"=""00:02:34""",Pop,84,NBA YoungBoy - Nussie Freestyle.mp4,2025,English,1,NBA YoungBoy,1,0,"Balanced,All Weather,All Season"
Power,Carnival,Caal Vo,"=""00:02:31""",Pop,140,Caal Vo - Power.mp4,2024,English,1,Caal Vo,1,0,"Energetic,All Weather,All Season"
Gemmér Gemmér,Gemmér Gemmér,ICEGUYS,"=""00:03:18""",Pop,115,ICEGUYS - Gemmér Gemmér.mp4,2024,French,1,ICEGUYS,1,0,"Mainstream,All Weather,All Season,Youth/adult"
Don't Look Back In Anger,Don't Look Back In Anger,Oasis,"=""00:04:48""",Rock,164,Oasis - Don't Look Back In Anger.mp4,1996,English,1,Creation Records,1,0,"Indie Rock,Britpop,Mainstream,All Weather,All Season,Youth/adult"
Vannacht Slaap Jij Bij Mij,Vannacht Slaap Jij Bij Mij - Single,"Afro Bros, John West, Monq & Billy Dans","=""00:02:33""",Pop,98,"Afro Bros, John West, Monq & Billy Dans - Vannacht Slaap Jij Bij Mij.mp4",2024,English,1,"Afro Bros, John West, Monq & Billy Dans",1,0,"Balanced,All Weather,All Season"
Bankzitters - Huisfeestje ft. Roxy Dekker,Bankzitters - Huisfeestje ft. Roxy Dekker,Bankzitters,"=""00:02:38""",Pop,126,Bankzitters - Huisfeestje ft. Roxy Dekker.mp4,2024,English,1,Bankzitters,1,0,"Energetic,All Weather,All Season"
Hier Mag Alles,Hier Mag Alles,Donnie & Marco Schuitmaker,"=""00:03:24""",Pop,140,Donnie & Marco Schuitmaker - Hier Mag Alles.mp4,2023,English,1,Donnie & Marco Schuitmaker,1,0,"Mainstream,All Weather,All Season,Youth/adult"
Houdini,Houdini,Eminem,"=""00:04:57""",Hip Hop,126,Eminem - Houdini.mp4,2024,English,1,"Shady Records, Aftermath Entertainment, Interscope Records",1,0,"Pop Rap,Comedy,Mainstream,All Weather,All Season,Youth/adult"
Contigo,Contigo,Emma Heesters & Rolf Sanchez,"=""00:02:55""",Pop,91,Emma Heesters & Rolf Sanchez - Contigo.mp4,2024,English,1,8ball Music,1,0,"Latin Pop,Mainstream,Sunny,Summer,Youth/adult"
Gata Only,Gata Only,"FloyyMenor, Cris MJ","=""00:03:36""",Pop,100,"FloyyMenor, Cris MJ - Gata Only.mp4",2024,English,1,"FloyyMenor, Cris Mj",1,0,"Balanced,All Weather,All Season"
Pretty Girls,Pretty Girls,Frenna,"=""00:02:37""",Pop,125,Frenna - Pretty Girls.mp4,2024,English,1,Frenna,1,0,"Energetic,All Weather,All Season"
Froukje & S10 – Ik Haat Hem Voor Jou (prod. Antoon),Froukje & S10 – Ik Haat Hem Voor Jou (prod. Antoon),Froukje & S10,"=""00:03:02""",Pop,143,Froukje & S10 – Ik Haat Hem Voor Jou.mp4,2024,Dutch,1,SMC,1,0,"Energetic,All Weather,All Season"
I Adore You,I Adore You,HUGEL x Topic x Arash feat. Daecolm,"=""00:03:34""",Dance,120,HUGEL x Topic x Arash feat. Daecolm - I Adore You (Visualizer).mp4,2024,English,1,SMC,1,0,"Electronica,Upbeat,All Weather,All Season,Youth/adult"
Ik Wil Dat Je Liegt,Ik Wil Dat Je Liegt,Hannah Mae & Maksim,"=""00:02:56""",Pop,106,Hannah Mae & Maksim - Ik Wil Dat Je Liegt.mp4,2024,English,1,Spark Records B.V.,1,0,"Mainstream,All Weather,All Season,Youth/adult"
Europapa,Europapa,Joost Klein,"=""00:03:22""",Pop,162,Joost Klein - Europapa.mp4,2024,English,1,Not On Label (Joost Klein Self-released),1,0,"Happy Hardcore,Gabber,Ballad,Mainstream,All Weather,All Season,Youth/adult"
Kleine John x DJ DYLVN - Samen (Niet Alleen) (Prod. DJ DYLVN & Zerodix),Kleine John x DJ DYLVN - Samen (Niet Alleen) (Prod. DJ DYLVN & Zerodix),Kleine John x DJ DYLVN,"=""00:02:28""",Pop,94,Kleine John x DJ DYLVN - Samen (Niet Alleen).mp4,2024,English,1,SMC,1,0,"Balanced,All Weather,All Season"
Engelbewaarder,Engelbewaarder,Marco Schuitmaker,"=""00:03:17""",Pop,129,Marco Schuitmaker - Engelbewaarder.mp4,2024,English,1,Dino Music,1,0,"Folk,Levenslied,Mainstream,All Weather,All Season,Youth/adult"
Belong Together (Official ) (Lyrics),Belong Together,Mark Ambor,"=""00:02:29""",Pop,90,Mark Ambor - Belong Together (Official Lyrics).mp4,2024,English,1,Mark Ambor,1,0,"Mainstream,All Weather,All Season,Youth/adult"
Mr. Belt & Wezol - It's Not Right (But It's Okay),Mr. Belt & Wezol - It's Not Right (But It's Okay),Mr. Belt & Wezol,"=""00:02:32""",Dance,128,Mr. Belt & Wezol - It's Not Right (But It's Okay).mp4,2024,English,1,Mr. Belt & Wezol,1,0,"Pop,House,Electronic,R&B,Upbeat,All Weather,All Season,Youth/adult"
Oceaan,The Singles Collection,Racoon,"=""00:02:44""",Pop,126,Racoon - Oceaan.mp4,2012,English,1,Racoon,1,0,"Mainstream,All Weather,All Season,Youth/adult"
"Zoet, Zout, Zuur","Zoet, Zout, Zuur - Single",Robert Van Hemert,"=""00:03:01""",Pop,136,"Robert Van Hemert - Zoet, Zout, Zuur.mp4",2023,English,1,Robert van Hemert,1,0,"Mainstream,All Weather,All Season,Youth/adult"
Gaan We Weg (Lyrics),Gaan We Weg?,Roxy Dekker,"=""00:02:22""",Pop,129,Roxy Dekker - Gaan We Weg (Lyrics).mp4,2024,English,1,WARNER Music Benelux,1,0,"Mainstream,All Weather,All Season,Youth/adult"
Satisfyer,Satisfyer,Roxy Dekker,"=""00:02:00""",Pop,124,Roxy Dekker - Satisfyer.mp4,2023,English,1,WARNER Music Benelux,1,0,"Mainstream,All Weather,All Season,Youth/adult"
Sugardaddy,Sugardaddy,Roxy Dekker,"=""00:02:27""",Pop,127,Roxy Dekker - Sugardaddy.mp4,2024,English,1,WARNER Music Benelux,1,0,"Mainstream,All Weather,All Season,Youth/adult"
Amalia,Amalia,Wesly Bronkhorst,"=""00:02:37""",Pop,106,Wesly Bronkhorst - Amalia.mp4,2022,English,1,Wesly Bronkhorst,1,0,"Mainstream,All Weather,All Season,Youth/adult"
Terug In De Tijd,Terug In De Tijd,Yves Berendse,"=""00:03:06""",Pop,123,Yves Berendse - Terug In De Tijd.mp4,2023,English,1,8ball Music,1,0,"Levenslied,Mainstream,All Weather,All Season,Youth/adult"
bloodstream,bloodstream,Alyssa Grace,"=""00:02:58""",Acoustic,153,Alyssa Grace - bloodstream.mp4,2026,English,1,Alyssa Grace,1,0,"Warm,All Weather,All Season"
Back To Black,Back To Black,Amy Winehouse,"=""00:04:00""",Jazz,123,Amy Winehouse - Back To Black.mp4,2006,English,1,Universal Republic Records,1,0,"R&B,Soul,Mainstream,All Weather,All Season,Youth/adult"
Kırgınım,KAYIP PERSONA,BLOK3,"=""00:02:41""",Pop,100,BLOK3 - KIRGINIM (Official Music Video).mp4,2026,Turkish,1,BLOK3,1,0,"Balanced,All Weather,All Season"
Sebebi Yar,KAYIP PERSONA,BLOK3,"=""00:03:18""",Pop,93,BLOK3 - SEBEBİ YAR (Official Music Video).mp4,2026,English,1,BLOK3,1,0,"Balanced,All Weather,All Season"
Big Boom,Big Boom,DJ.ILHAM,"=""00:03:33""",Pop,142,DJ.ILHAM - Big Boom.mp4,2026,English,1,DJ.ILHAM,1,0,"Energetic,All Weather,All Season"
Mi Chico,Mi Chico (Official - Jason Derulo X Melody),Dj Goja x Jason Derulo x Melody,"=""00:02:10""",Electronic,112,Dj Goja x Jason Derulo x Melody - Mi Chico.mp4,2026,English,1,Gamma.,1,0,"Afrobeat,House,Upbeat,All Weather,All Season"
Jamaican,Jamaican (Bam Bam),"HUGEL, SOLTO","=""00:02:36""",Electronic,122,"HUGEL, SOLTO - Jamaican (Bam Bam).mp4",2026,English,1,MoBlack Records,1,0,"House,Latin,Upbeat,Sunny,Summer"
Less than a Lover,Less than a Lover,JENNIE,"=""00:03:39""",Pop,121,JENNIE - Less than a Lover.mp4,2026,English,1,JENNIE,1,0,"Mainstream,All Weather,All Season,Youth/adult"
Golden Brown (Lyrics),The Collection 1977-1982,The Stranglers,"=""00:03:27""",Rock,185,The Stranglers - Golden Brown (Lyrics).mp4,1982,English,1,Liberty,0,1,"Energetic,All Weather,All Season"
If Heaven Had A Phone,If Heaven Had A Phone - Single,Luh Tee,"=""00:02:08""",Pop,89,Luh Tee - If Heaven Had A Phone.mp4,2026,English,1,Luh Tee,1,0,"Balanced,All Weather,All Season"
Lollipop,Lollipop,Maddy Byrnes,"=""00:02:34""",Pop,163,Maddy Byrnes - Lollipop.mp4,2026,English,1,Maddy Byrnes,1,0,"Mainstream,All Weather,All Season"
O Teu Cheiro,O Teu Cheiro,Primavera,"=""00:03:22""",Pop,88,PRIMAVERA O TEU CHEIRO.mp4,2025,English,1,Primavera,1,0,"Balanced,All Weather,All Season"
Not Around (feat. Kuji Young & Tosha Marie),Not Around (feat. Kuji Young & Tosha Marie),Kuji Young & Tosha Marie,"=""00:03:28""",Pop,145,Kuji Young & Tosha Marie - Nor around.mp4,2026,English,1,SMC,1,0,"Energetic,All Weather,All Season"
Sentimiento Natural,CUARTO AZUL,"Aitana, Myke Towers","=""00:03:12""",Pop,107,"Aitana, Myke Towers - Sentimiento Natural.mp4",2025,English,1,Universal Music Group,1,0,"Mainstream,All Weather,All Season,Youth/adult"
[TikTok] Kato feat. Jon - Turn The Lights Off | Jon Hamm,Turn The Lights Off,Kato feat. Jon,"=""00:02:59""",Dance,131,Kato feat. Jon - Turn The Lights Off.mp4,2010,English,1,SMC,1,0,"Pop,Electronic,House,Upbeat,All Weather,All Season,Youth/adult"
Fin & Bad,Fin & Bad - Single,Asme,"=""00:02:02""",Pop,97,Asme - Fin & Bad.mp4,2024,English,1,Asme,1,0,"Balanced,All Weather,All Season"
Look Who's Laughing Now,Look Who’s Laughing Now,Benjamin Ingrosso,"=""00:03:24""",Pop,124,Benjamin Ingrosso - Look Who's Laughing Now.mp4,2024,English,1,Benjamin Ingrosso,1,0,"Mainstream,All Weather,All Season,Youth/adult"
Välkommen ner,Välkommen ner,Bolaget,"=""00:02:38""",Pop,162,Bolaget - Välkommen ner.mp4,2024,Swedish,1,Bolaget,1,0,"Mainstream,All Weather,All Season,Youth/adult"
Djurens vaggvisa,Djurens vaggvisa - Single,Humlan Djojj,"=""00:02:20""",Pop,100,Humlan Djojj - Djurens vaggvisa (Sing-A-Long).mp4,2021,English,1,Humlan Djojj,1,0,"Balanced,All Weather,All Season"
Somna,Somna,Humlan Djojj,"=""00:02:44""",Pop,110,Humlan Djojj - Somna (Sing-A-Long).mp4,2021,English,1,Humlan Djojj,1,0,"Balanced,All Weather,All Season"
Stjärnorna,Stjärnorna - Single,Humlan Djojj,"=""00:02:48""",Pop,147,Humlan Djojj - Stjärnorna (Sing-A-Long).mp4,2023,Swedish,1,Humlan Djojj,1,0,"Energetic,All Weather,All Season"
Scared To Start,Scared To Start,Michael Marcagi,"=""00:02:40""",Alternative,148,Michael Marcagi - Scared To Start.mp4,2024,English,1,Michael Marcagi,1,0,"Energetic,All Weather,All Season"
Aitch - RMB (Ring My Bell) [Official Visualiser],Aitch - RMB (Ring My Bell) [Official Visualiser],Aitch,"=""00:02:54""",Pop,136,Aitch - RMB (Ring My Bell).mp4,2026,English,1,Aitch,1,0,"Energetic,All Weather,All Season"
Shape Of You (Lyrics),÷ (Deluxe),Ed Sheeran,"=""00:03:55""",Pop,96,Ed Sheeran - Shape Of You (Lyrics).mp4,2017,English,1,Ed Sheeran,1,0,"Mainstream,All Weather,All Season,Youth/adult"
FREAKED OUT (Lyrics),FREAKED OUT,Fat Papi,"=""00:02:38""",Pop,172,Fat Papi - FREAKED OUT (Lyrics).mp4,2026,English,1,Fat Papi,1,0,"Energetic,All Weather,All Season"
Movin' To The Sun (Lyrics),Movin' To The Sun,HUGEL,"=""00:02:23""",Electronic,125,HUGEL - Movin' To The Sun (Lyrics).mp4,2026,English,1,Make The Girls Dance Records,1,0,"House,Upbeat,All Weather,All Season"
CTID (Lyrics),Haaland (Ha Ha Ha) - CTID (Lyrics),Haaland (Ha Ha Ha),"=""00:03:03""",Pop,132,Haaland (Ha Ha Ha) - CTID (Lyrics).mp4,2026,English,1,SMC,1,0,"Energetic,All Weather,All Season"
Move Ya Body (Lyrics),Nina Sky,Nina Sky,"=""00:03:55""",Pop,121,Nina Sky - Move Ya Body (Lyrics).mp4,2004,English,1,Nina Sky,1,0,"Balanced,All Weather,All Season"
Dai Dai World Cup Song 2026 (Lyrics),Dai Dai,Shakira & Burna Boy,"=""00:03:42""",Electronic,115,Shakira & Burna Boy - Dai Dai (Lyrics) World Cup Song 2026.mp4,2026,English,1,Shakira & Burna Boy,1,0,"Popular Music,Balanced,All Weather,All Season"
Yeah (Lyrics),Confessions (Expanded Edition),Usher,"=""00:04:11""",Pop,105,Usher - Yeah (Lyrics).mp4,2004,English,1,Usher,1,0,"Balanced,All Weather,All Season"
Ain't In LA,Ain't In LA,Adela,"=""00:03:39""",Pop,139,Adela - Ain't In LA.mp4,2026,English,1,ADÉLA,1,0,"Mainstream,All Weather,All Season,Youth/adult"
petal (Lyrics),petal,Ariana Grande,"=""00:03:04""",Pop,135,Ariana Grande - petal (Lyrics).mp4,2026,English,1,Republic Records,1,0,"Synth-pop,Mainstream,All Weather,All Season,Youth/adult"
Cat Serrano - Not Like You (Official Video),Cat Serrano - Not Like You (Official Video),Cat Serrano,"=""00:03:00""",Pop,110,Cat Serrano - Not Like You.mp4,2026,English,1,SMC,1,0,"Balanced,All Weather,All Season"
God Made A Way,God Made A Way,HoodTrophy Bino,"=""00:03:05""",Pop,164,HoodTrophy Bino - God Made A Way.mp4,2026,English,1,Hoodtrophy Bino,1,0,"Energetic,All Weather,All Season"
Calendar,Calendar,Manana,"=""00:03:22""",Pop,104,Manana - Calendar.mp4,2026,English,1,Manana,1,0,"Balanced,All Weather,All Season"
I Decide,I Decide - Single,Oktavvia,"=""00:03:28""",Pop,161,Oktavvia - I Decide.mp4,2026,English,1,Oktavvia,1,0,"Mainstream,All Weather,All Season,Youth/adult"
If We Meet Tomorrow,If We Meet Tomorrow,Oktavvia,"=""00:04:00""",Pop,137,Oktavvia - If We Meet Tomorrow.mp4,2026,English,1,Oktavvia,1,0,"Mainstream,All Weather,All Season,Youth/adult"
Moon,춤 (CHOOM),Babymonster,"=""00:02:54""",Pop,92,Babymonster - Moon.mp4,2026,English,1,YG Entertainment,1,0,"Balanced,All Weather,All Season"
Low,Low,Flo Rida ft. T-Pain,"=""00:03:51""",Hip Hop,128,Flo Rida ft. T-Pain - Low.mp4,2008,English,1,Atlantic,1,0,"Confident,All Weather,All Season,Youth/adult"
Roar,Roar,Katy Perry,"=""00:04:29""",Pop,185,Katy Perry - Roar.mp4,2013,English,1,Not On Label (Katy Perry),1,0,"House,Electro House,Upbeat,All Weather,All Season,Youth/adult"
Smells Like Teen Spirit,Nevermind,Nirvana,"=""00:04:38""",Rock,117,Nirvana - Smells Like Teen Spirit.mp4,1991,English,1,"DGC, Sub Pop",1,0,"Energetic,All Weather,All Season"
Sunflower (Spider-Man: Into the Spider-Verse),Hollywood's Bleeding,"Post Malone, Swae Lee","=""00:02:42""",Pop,90,"Post Malone, Swae Lee - Sunflower.mp4",2018,English,1,Republic Records,1,0,"Mainstream,All Weather,All Season,Youth/adult"
Never Gonna Give You Up,Whenever You Need Somebody,Rick Astley,"=""00:03:33""",Pop,113,Rick Astley - Never Gonna Give You Up.mp4,1987,English,1,RCA,1,0,"Mainstream,All Weather,All Season,Youth/adult"
It Must Have Been Love,The Ballad Hits,Roxette,"=""00:04:20""",Pop,80,Roxette - It Must Have Been Love.mp4,1990,English,1,[no label],1,0,"Mainstream,All Weather,All Season,Youth/adult"
Treat You Better,Illuminate,Shawn Mendes,"=""00:04:16""",Pop,83,Shawn Mendes - Treat You Better.mp4,2016,English,1,Island Records,1,0,"Mainstream,All Weather,All Season,Youth/adult"
Loser,Deadbeat,Tame Impala,"=""00:04:28""",Alternative,83,Tame Impala - Loser.mp4,2025,English,1,Columbia,0,1,"Balanced,All Weather,All Season"
I Gotta Feeling,Het beste uit de Top 500 van de zomer,The Black Eyed Peas,"=""00:04:51""",Pop,128,The Black Eyed Peas - I Gotta Feeling.mp4,2009,English,1,Sony Music,1,0,"Mainstream,All Weather,All Season,Youth/adult"
Debut,Debut,atseye,"=""00:02:08""",Pop,121,atseye - Debut.mp4,2024,English,1,HYBE × GEFFEN,1,0,"Mainstream,All Weather,All Season,Youth/adult"
