title,album,artist,time,genre,tempo,filename,year,language,isDL,label,vocal,instrumental,tag
I’m Not in Love,I'm Not In Love,10cc,"=""00:05:11""",Pop,135,10cc - I'm Not In Love (Ben Liebrand Remix '88 Remix) (1080).mp4,1975,English,1,Mercury,1,0,"Pop Rock,Mainstream"
100 Years Ago (Lyrics),Mickboy Remasters: Dancing So Free (Goats Head Soup Album),The Rolling Stones,"=""00:03:56""",Rock,99,The Rolling Stones - 100 Years Ago (Lyrics).mp4,1983,English,1,SMC,1,0,Energetic
Angry,Hackney Diamonds,The Rolling Stones,"=""00:03:45""",Rock,112,The Rolling Stones - Angry (1080).mp4,2023,English,1,Polydor,1,0,Energetic
Don't Stop (Lyrics),"2003-07-30: Toronto, ON, Canada",The Rolling Stones,"=""00:03:28""",Rock,129,The Rolling Stones - Don't Stop (Lyrics).mp4,2020,English,1,SMC,1,0,Energetic
Jumpin' Jack Flash,Hot Rocks 1964-1971,The Rolling Stones,"=""00:03:42""",Rock,137,The Rolling Stones - Jumpin' Jack Flash (1080).mp4,1968,English,1,ABKCO,1,0,Energetic
Living in the Heart of Love,Living In The Heart Of Love,The Rolling Stones,"=""00:04:12""",Rock,132,The Rolling Stones - Living In The Heart Of Love (1080).mp4,2021,English,1,Universal Music,1,0,Energetic
Mess It Up,Hackney Diamonds,The Rolling Stones,"=""00:04:02""",Rock,123,The Rolling Stones - Mess It Up (1080).mp4,2023,English,1,Polydor,1,0,Energetic
Miss You,Live in 1989: Steel Wheels U.S. Tour,The Rolling Stones,"=""00:03:23""",Rock,110,The Rolling Stones - Miss You.mp4,1978,English,1,SMC,1,0,Energetic
Mixed Emotions,Mixed Emotions / My First Night Without You,The Rolling Stones,"=""00:04:00""",Rock,136,The Rolling Stones - Mixed Emotions (1080).mp4,1989,English,1,CBS,1,0,Energetic
Ride 'Em On Down,Blue & Lonesome,The Rolling Stones,"=""00:02:49""",Blues,112,The Rolling Stones - Ride 'Em On Down.mp4,2016,English,1,"Polydor, Rolling Stones Records",1,0,
Rolling Stone Blues (Lyrics),Hackney Diamonds,The Rolling Stones,"=""00:02:40""",Rock,89,The Rolling Stones - Rolling Stone Blues (Lyrics).mp4,2023,English,1,Polydor,1,0,Energetic
Scarlet,Scarlet,The Rolling Stones,"=""00:03:45""",Rock,172,The Rolling Stones - Scarlet (1080).mp4,2020,English,1,Universal Music,1,0,"Rock & Roll,Classic Rock,Energetic"
Start Me Up,Live in 1989: Steel Wheels U.S. Tour,The Rolling Stones,"=""00:03:27""",Rock,122,The Rolling Stones - Start Me Up (1080).mp4,1981,English,1,SMC,1,0,Energetic
Sympathy for the Devil,The Rolling Stones Rock and Roll Circus,The Rolling Stones,"=""00:06:20""",Rock,111,The Rolling Stones - Sympathy For The Devil (1080).mp4,1996,English,1,ABKCO,1,0,Energetic
The Last Time,Du fond du cœur: Live 1965-1967,The Rolling Stones,"=""00:03:34""",Rock,83,The Rolling Stones - The Last Time (1080).mp4,1965,English,1,SMC,1,0,Energetic
Run Run River (Angels Above Me) (Lyrics),Dance,David Guetta ft Alok & Stick Figure,"=""00:02:36""",0.78,128,David Guetta ft Alok & Stick Figure - Run Run River (Angels Above Me) (Lyrics).mp4,upbeat,all weather,1,"{""title"": ""deezer, itunes, musicbrainz"", ""artist"": ""itunes, musicbrainz"", ""date"": ""deezer, musicbrainz"", ""year"": ""deezer, existing_file_tag, musicbrainz"", ""genre"": ""deezer, existing_file_tag, itunes"", ""bpm"": ""essentia_features, existing_file_tag, rules_inference"", ""album"": ""deezer, musicbrainz"", ""album_artist"": ""itunes, musicbrainz"", ""track_number"": ""itunes, musicbrainz"", ""disc_number"": ""itunes, musicbrainz"", ""cover_art_url"": ""cover_art_archive"", ""isrc"": ""musicbrainz"", ""label"": ""musicbrainz"", ""catalog_number"": ""musicbrainz"", ""danceability"": ""essentia_features"", ""key"": ""essentia_features"", ""analysis_summary"": ""essentia_features"", ""mood"": ""rules_inference"", ""energy"": ""rules_inference"", ""occasion"": ""rules_inference"", ""moods"": ""final_completion"", ""subgenre"": ""final_completion"", ""valence"": ""final_completion"", ""themes"": ""final_completion"", ""weather"": ""final_completion"", ""season"": ""final_completion"", ""age_group"": ""final_completion"", ""vocals"": ""final_completion"", ""instruments"": ""final_completion"", ""language"": ""final_completion"", ""publisher"": ""final_completion"", ""composer"": ""final_completion"", ""copyright"": ""final_completion"", ""comment"": ""final_completion""}",1,0,"0.372,E Major,English,David Guetta,Alok & Stick Figure,B1 Recordings,Sony Music UK,(c) 2026 B1 Recordings"
2002-10-21,Pop,Pop,"=""00:06:22""",0.58,123,Black Box - Ride On Time (Sgt Slick Remix).mp4,mainstream,all weather,1,"{""title"": ""itunes, lastfm, local_cleanup, musicbrainz"", ""artist"": ""deezer, existing_file_tag, itunes, lastfm, local_cleanup, musicbrainz"", ""album_artist"": ""deezer, existing_file_tag, itunes, musicbrainz"", ""date"": ""musicbrainz"", ""year"": ""deezer, discogs, musicbrainz"", ""genre"": ""deezer, itunes"", ""bpm"": ""essentia_features, existing_file_tag, rules_inference"", ""album"": ""deezer, discogs, itunes, lastfm, musicbrainz"", ""track_number"": ""itunes, musicbrainz"", ""disc_number"": ""itunes, musicbrainz"", ""cover_art_url"": ""lastfm"", ""composer"": ""musicbrainz"", ""label"": ""musicbrainz"", ""catalog_number"": ""musicbrainz"", ""danceability"": ""essentia_features"", ""key"": ""essentia_features"", ""analysis_summary"": ""essentia_features"", ""mood"": ""rules_inference"", ""energy"": ""rules_inference"", ""moods"": ""final_completion"", ""subgenre"": ""final_completion"", ""valence"": ""final_completion"", ""occasion"": ""final_completion"", ""themes"": ""final_completion"", ""weather"": ""final_completion"", ""season"": ""final_completion"", ""age_group"": ""final_completion"", ""vocals"": ""final_completion"", ""instruments"": ""final_completion"", ""language"": ""final_completion"", ""publisher"": ""final_completion"", ""copyright"": ""final_completion"", ""comment"": ""final_completion"", ""isrc"": ""final_completion""}",1,0,"0.384,A Minor,English,Daniele Davoli,Dan Hartman,Mirko Limoni,Valerio Semplici,Telstar TV,(c) 1990 Telstar TV"
Youtopia (Lyrics),Dance-pop,Cascada,"=""00:02:29""",0.78,150,Cascada - Youtopia (Lyrics).mp4,upbeat,all weather,1,"{""title"": ""deezer, itunes, lastfm, musicbrainz"", ""artist"": ""deezer, existing_file_tag, itunes, lastfm, local_cleanup, musicbrainz"", ""album_artist"": ""deezer, existing_file_tag, itunes, musicbrainz"", ""date"": ""deezer, discogs, itunes, musicbrainz"", ""year"": ""deezer, discogs, existing_file_tag, itunes, musicbrainz"", ""genre"": ""deezer, existing_file_tag, itunes"", ""bpm"": ""essentia_features, existing_file_tag, rules_inference"", ""album"": ""deezer, lastfm, musicbrainz"", ""track_number"": ""discogs, itunes, musicbrainz"", ""disc_number"": ""itunes, musicbrainz"", ""cover_art_url"": ""discogs"", ""composer"": ""discogs"", ""isrc"": ""musicbrainz"", ""comment"": ""musicbrainz"", ""label"": ""discogs, musicbrainz"", ""catalog_number"": ""discogs"", ""subgenre"": ""discogs"", ""danceability"": ""essentia_features"", ""key"": ""essentia_features"", ""analysis_summary"": ""essentia_features"", ""vocals"": ""musicnn_mtg_jamendo"", ""analysis_json"": ""musicnn_mtg_jamendo"", ""mood"": ""rules_inference"", ""energy"": ""rules_inference"", ""occasion"": ""rules_inference"", ""moods"": ""final_completion"", ""valence"": ""final_completion"", ""themes"": ""final_completion"", ""weather"": ""final_completion"", ""season"": ""final_completion"", ""age_group"": ""final_completion"", ""instruments"": ""final_completion"", ""language"": ""final_completion"", ""publisher"": ""final_completion"", ""copyright"": ""final_completion""}",1,0,"0.325,E Minor,English,Jaro Omar,Natalie Horler,René Miller,Simon Klose,Zeitgeist,(c) 2026 Zeitgeist"
2025-09-03,"electro, electronica",Dance,"=""00:02:20""",0.78,145,Ear - Real Life.mp4,upbeat,all weather,1,"{""title"": ""deezer, itunes, lastfm, local_cleanup, musicbrainz"", ""artist"": ""deezer, itunes, lastfm, musicbrainz"", ""album_artist"": ""deezer, itunes, musicbrainz"", ""date"": ""deezer, discogs, itunes, musicbrainz"", ""year"": ""deezer, discogs, existing_file_tag, itunes, musicbrainz"", ""genre"": ""existing_file_tag"", ""bpm"": ""essentia_features, rules_inference"", ""album"": ""deezer, itunes, lastfm, musicbrainz"", ""track_number"": ""discogs, itunes, musicbrainz"", ""disc_number"": ""itunes, musicbrainz"", ""cover_art_url"": ""lastfm"", ""analysis_summary"": ""essentia_features"", ""isrc"": ""musicbrainz"", ""label"": ""musicbrainz"", ""catalog_number"": ""musicbrainz"", ""subgenre"": ""musicnn_mtg_jamendo"", ""danceability"": ""essentia_features"", ""key"": ""essentia_features"", ""analysis_json"": ""musicnn_mtg_jamendo"", ""mood"": ""rules_inference"", ""energy"": ""rules_inference"", ""occasion"": ""rules_inference"", ""moods"": ""final_completion"", ""valence"": ""final_completion"", ""themes"": ""final_completion"", ""weather"": ""final_completion"", ""season"": ""final_completion"", ""age_group"": ""final_completion"", ""vocals"": ""final_completion"", ""instruments"": ""final_completion"", ""language"": ""final_completion"", ""publisher"": ""final_completion"", ""composer"": ""final_completion"", ""copyright"": ""final_completion"", ""comment"": ""final_completion""}",1,0,"0.366,A Major,English,Ear,Surf Gang Records,(c) 2025 Surf Gang Records"
2026-06-23,electropop,electropop,"=""00:03:31""",0.68,172,Frost Children - Satellites.mp4,energetic,all weather,1,"{""title"": ""deezer, itunes, lastfm, local_cleanup, musicbrainz"", ""artist"": ""deezer, existing_file_tag, itunes, lastfm, local_cleanup, musicbrainz"", ""album_artist"": ""deezer, existing_file_tag, itunes, musicbrainz"", ""date"": ""itunes, musicbrainz"", ""year"": ""deezer, existing_file_tag, itunes, musicbrainz"", ""genre"": ""lastfm"", ""bpm"": ""essentia_features, rules_inference"", ""album"": ""deezer, lastfm"", ""track_number"": ""itunes, musicbrainz"", ""disc_number"": ""itunes, musicbrainz"", ""cover_art_url"": ""lastfm"", ""composer"": ""musicbrainz"", ""isrc"": ""musicbrainz"", ""comment"": ""musicbrainz"", ""label"": ""musicbrainz"", ""catalog_number"": ""musicbrainz"", ""danceability"": ""essentia_features"", ""key"": ""essentia_features"", ""analysis_summary"": ""essentia_features"", ""mood"": ""rules_inference"", ""energy"": ""rules_inference"", ""moods"": ""final_completion"", ""subgenre"": ""final_completion"", ""valence"": ""final_completion"", ""occasion"": ""final_completion"", ""themes"": ""final_completion"", ""weather"": ""final_completion"", ""season"": ""final_completion"", ""age_group"": ""final_completion"", ""vocals"": ""final_completion"", ""instruments"": ""final_completion"", ""language"": ""final_completion"", ""publisher"": ""final_completion"", ""copyright"": ""final_completion""}",1,0,"0.287,B Major,English,Angel Prost,Lulu Prost,RCA,(c) 2026 RCA"
2026-06-01,Dance,Dance,"=""00:04:16""",0.78,127,IShowSpeed - Champions (WC 26) (1080).mp4,upbeat,all weather,1,"{""title"": ""lastfm, local_cleanup, musicbrainz"", ""artist"": ""existing_file_tag, itunes, lastfm, local_cleanup, musicbrainz"", ""date"": ""deezer, itunes"", ""year"": ""deezer, existing_file_tag, itunes, musicbrainz"", ""genre"": ""existing_file_tag"", ""bpm"": ""essentia_features, rules_inference"", ""album"": ""musicbrainz"", ""album_artist"": ""itunes, musicbrainz"", ""track_number"": ""musicbrainz"", ""disc_number"": ""itunes, musicbrainz"", ""cover_art_url"": ""lastfm"", ""isrc"": ""musicbrainz"", ""danceability"": ""essentia_features"", ""key"": ""essentia_features"", ""analysis_summary"": ""essentia_features"", ""mood"": ""rules_inference"", ""energy"": ""rules_inference"", ""occasion"": ""rules_inference"", ""moods"": ""final_completion"", ""subgenre"": ""final_completion"", ""valence"": ""final_completion"", ""themes"": ""final_completion"", ""weather"": ""final_completion"", ""season"": ""final_completion"", ""age_group"": ""final_completion"", ""vocals"": ""final_completion"", ""instruments"": ""final_completion"", ""language"": ""final_completion"", ""label"": ""final_completion"", ""publisher"": ""final_completion"", ""composer"": ""final_completion"", ""copyright"": ""final_completion"", ""catalog_number"": ""final_completion"", ""comment"": ""final_completion""}",1,0,"0.311,C Major,English,IShowSpeed,(c) 2026 IShowSpeed"
Everything Is Never Enough (Lyrics),Dance,Inji,"=""00:02:53""",0.78,140,Inji - Everything Is Never Enough (Lyrics).mp4,upbeat,all weather,1,"{""title"": ""deezer, itunes, lastfm, musicbrainz"", ""artist"": ""existing_file_tag, lastfm, local_cleanup"", ""date"": ""deezer, itunes, musicbrainz"", ""year"": ""deezer, existing_file_tag, itunes, musicbrainz"", ""genre"": ""existing_file_tag, itunes"", ""bpm"": ""essentia_features, rules_inference"", ""album"": ""deezer, itunes, lastfm, musicbrainz"", ""album_artist"": ""deezer, itunes, musicbrainz"", ""track_number"": ""itunes, musicbrainz"", ""disc_number"": ""itunes, musicbrainz"", ""cover_art_url"": ""lastfm"", ""composer"": ""musicbrainz"", ""isrc"": ""musicbrainz"", ""label"": ""musicbrainz"", ""catalog_number"": ""musicbrainz"", ""danceability"": ""essentia_features"", ""key"": ""essentia_features"", ""analysis_summary"": ""essentia_features"", ""mood"": ""rules_inference"", ""energy"": ""rules_inference"", ""occasion"": ""rules_inference"", ""moods"": ""final_completion"", ""subgenre"": ""final_completion"", ""valence"": ""final_completion"", ""themes"": ""final_completion"", ""weather"": ""final_completion"", ""season"": ""final_completion"", ""age_group"": ""final_completion"", ""vocals"": ""final_completion"", ""instruments"": ""final_completion"", ""language"": ""final_completion"", ""publisher"": ""final_completion"", ""copyright"": ""final_completion"", ""comment"": ""final_completion""}",1,0,"0.394,A Major,English,Elijah Hill,Violet Skies,[no Label],(c) 2025 [no Label]"
2023-07-21,Dance,Dance,"=""00:06:00""",0.78,118,Johnny Hates Jazz - Shattered Dreams (Block & Crown Nu Disco Mix) (1080).mp4,upbeat,all weather,1,"{""title"": ""itunes, lastfm, local_cleanup, musicbrainz"", ""artist"": ""deezer, existing_file_tag, itunes, lastfm, local_cleanup, musicbrainz"", ""album_artist"": ""deezer, existing_file_tag, itunes, musicbrainz"", ""date"": ""musicbrainz"", ""year"": ""musicbrainz"", ""genre"": ""existing_file_tag"", ""bpm"": ""essentia_features, existing_file_tag, rules_inference"", ""album"": ""musicbrainz"", ""track_number"": ""musicbrainz"", ""disc_number"": ""itunes, musicbrainz"", ""cover_art_url"": ""lastfm"", ""label"": ""musicbrainz"", ""catalog_number"": ""musicbrainz"", ""danceability"": ""essentia_features"", ""key"": ""essentia_features"", ""analysis_summary"": ""essentia_features"", ""mood"": ""rules_inference"", ""energy"": ""rules_inference"", ""occasion"": ""rules_inference"", ""moods"": ""final_completion"", ""subgenre"": ""final_completion"", ""valence"": ""final_completion"", ""themes"": ""final_completion"", ""weather"": ""final_completion"", ""season"": ""final_completion"", ""age_group"": ""final_completion"", ""vocals"": ""final_completion"", ""instruments"": ""final_completion"", ""language"": ""final_completion"", ""publisher"": ""final_completion"", ""composer"": ""final_completion"", ""copyright"": ""final_completion"", ""comment"": ""final_completion"", ""isrc"": ""final_completion""}",1,0,"0.512,Ab Major,English,Johnny Hates Jazz,Cherry Pop,(c) 2023 Cherry Pop"
2002-03-13,Dance,Dance,"=""00:04:25""",0.78,120,KC & The Sunshine Band - That's The Way I Like It (Party Pupils Remix) (1080).mp4,upbeat,all weather,1,"{""title"": ""musicbrainz"", ""artist"": ""musicbrainz"", ""album_artist"": ""musicbrainz"", ""date"": ""musicbrainz"", ""year"": ""musicbrainz"", ""genre"": ""existing_file_tag"", ""bpm"": ""essentia_features, existing_file_tag, rules_inference"", ""album"": ""musicbrainz"", ""track_number"": ""musicbrainz"", ""disc_number"": ""musicbrainz"", ""cover_art_url"": ""lastfm"", ""composer"": ""musicbrainz"", ""label"": ""musicbrainz"", ""catalog_number"": ""musicbrainz"", ""danceability"": ""essentia_features"", ""key"": ""essentia_features"", ""analysis_summary"": ""essentia_features"", ""mood"": ""rules_inference"", ""energy"": ""rules_inference"", ""occasion"": ""rules_inference"", ""moods"": ""final_completion"", ""subgenre"": ""final_completion"", ""valence"": ""final_completion"", ""themes"": ""final_completion"", ""weather"": ""final_completion"", ""season"": ""final_completion"", ""age_group"": ""final_completion"", ""vocals"": ""final_completion"", ""instruments"": ""final_completion"", ""language"": ""final_completion"", ""publisher"": ""final_completion"", ""copyright"": ""final_completion"", ""comment"": ""final_completion"", ""isrc"": ""final_completion""}",1,0,"0.435,F Minor,Harry Wayne Casey,Richard Finch,Marketing & Music,(c) 2002 Marketing & Music"
2016,Dance,Dance,"=""00:05:23""",0.78,124,Lipps Inc - Funkytown (Sgt Slick Remix).mp4,upbeat,all weather,1,"{""title"": ""deezer, itunes, lastfm, local_cleanup, musicbrainz"", ""artist"": ""itunes, lastfm, musicbrainz"", ""album_artist"": ""itunes, musicbrainz"", ""date"": ""musicbrainz"", ""year"": ""discogs, itunes"", ""genre"": ""existing_file_tag"", ""bpm"": ""essentia_features, existing_file_tag, rules_inference"", ""album"": ""deezer, discogs, itunes"", ""track_number"": ""discogs, itunes, musicbrainz"", ""disc_number"": ""itunes, musicbrainz"", ""cover_art_url"": ""lastfm"", ""label"": ""discogs"", ""catalog_number"": ""musicbrainz"", ""composer"": ""discogs"", ""danceability"": ""essentia_features"", ""key"": ""essentia_features"", ""analysis_summary"": ""essentia_features"", ""mood"": ""rules_inference"", ""energy"": ""rules_inference"", ""occasion"": ""rules_inference"", ""moods"": ""final_completion"", ""subgenre"": ""final_completion"", ""valence"": ""final_completion"", ""themes"": ""final_completion"", ""weather"": ""final_completion"", ""season"": ""final_completion"", ""age_group"": ""final_completion"", ""vocals"": ""final_completion"", ""instruments"": ""final_completion"", ""language"": ""final_completion"", ""publisher"": ""final_completion"", ""copyright"": ""final_completion"", ""comment"": ""final_completion"", ""isrc"": ""final_completion""}",1,0,"0.511,C Major,English,Steven Greenberg,Casablanca,(c) 1979 Casablanca"
2003-06-10,"dance, House, electro",Rock,"=""00:05:07""",0.78,124,Lita Ford & Ozzy Osbourne - Close My Eyes Forever (DJ Crow Nudisco Remix).mp4,upbeat,all weather,1,"{""title"": ""deezer, itunes, lastfm, local_cleanup, musicbrainz"", ""artist"": ""existing_file_tag, itunes, local_cleanup, musicbrainz"", ""album_artist"": ""existing_file_tag, musicbrainz"", ""date"": ""musicbrainz"", ""year"": ""discogs, itunes"", ""genre"": ""discogs"", ""bpm"": ""essentia_features, existing_file_tag, rules_inference"", ""album"": ""discogs, itunes, lastfm"", ""track_number"": ""musicbrainz"", ""disc_number"": ""musicbrainz"", ""cover_art_url"": ""lastfm"", ""composer"": ""discogs, musicbrainz"", ""isrc"": ""musicbrainz"", ""label"": ""discogs"", ""catalog_number"": ""musicbrainz"", ""subgenre"": ""musicnn_mtg_jamendo"", ""danceability"": ""essentia_features"", ""key"": ""essentia_features"", ""analysis_summary"": ""essentia_features"", ""analysis_json"": ""musicnn_mtg_jamendo"", ""mood"": ""rules_inference"", ""energy"": ""rules_inference"", ""occasion"": ""rules_inference"", ""moods"": ""final_completion"", ""valence"": ""final_completion"", ""themes"": ""final_completion"", ""weather"": ""final_completion"", ""season"": ""final_completion"", ""age_group"": ""final_completion"", ""vocals"": ""final_completion"", ""instruments"": ""final_completion"", ""language"": ""final_completion"", ""publisher"": ""final_completion"", ""copyright"": ""final_completion"", ""comment"": ""final_completion""}",1,0,"0.402,A Minor,English,Lita Ford,Ozzy Osbourne,RCA,Dreamland Records,(c) 1988 RCA"
2026-07-10,Dance,Dance,"=""00:03:08""",0.78,120,Ne-Yo - Dance Right Now (1080).mp4,upbeat,all weather,1,"{""title"": ""deezer, itunes, lastfm, local_cleanup, musicbrainz"", ""artist"": ""deezer, existing_file_tag, itunes, lastfm, local_cleanup, musicbrainz"", ""album_artist"": ""deezer, existing_file_tag, itunes, musicbrainz"", ""date"": ""deezer, discogs, musicbrainz"", ""year"": ""deezer, discogs, existing_file_tag, musicbrainz"", ""genre"": ""existing_file_tag"", ""bpm"": ""essentia_features, existing_file_tag, rules_inference"", ""album"": ""deezer, discogs, itunes, lastfm, musicbrainz"", ""track_number"": ""discogs, itunes, musicbrainz"", ""disc_number"": ""itunes, musicbrainz"", ""cover_art_url"": ""lastfm"", ""isrc"": ""musicbrainz"", ""label"": ""musicbrainz"", ""catalog_number"": ""musicbrainz"", ""danceability"": ""essentia_features"", ""key"": ""essentia_features"", ""analysis_summary"": ""essentia_features"", ""mood"": ""rules_inference"", ""energy"": ""rules_inference"", ""occasion"": ""rules_inference"", ""moods"": ""final_completion"", ""subgenre"": ""final_completion"", ""valence"": ""final_completion"", ""themes"": ""final_completion"", ""weather"": ""final_completion"", ""season"": ""final_completion"", ""age_group"": ""final_completion"", ""vocals"": ""final_completion"", ""instruments"": ""final_completion"", ""language"": ""final_completion"", ""publisher"": ""final_completion"", ""composer"": ""final_completion"", ""copyright"": ""final_completion"", ""comment"": ""final_completion""}",1,0,"0.347,D Major,English,Ne-Yo,10K Projects,(c) 2026 10K Projects"
2026-06-05,Hard Techno,Electronic,"=""00:03:51""",0.78,156,Nico Moreno - Dance In The Light (1080).mp4,upbeat,all weather,1,"{""title"": ""deezer, itunes, lastfm, local_cleanup"", ""artist"": ""deezer, existing_file_tag, lastfm, local_cleanup"", ""album_artist"": ""deezer, existing_file_tag"", ""date"": ""deezer, discogs, itunes"", ""year"": ""deezer, discogs, existing_file_tag, itunes"", ""genre"": ""discogs"", ""bpm"": ""essentia_features, rules_inference"", ""album"": ""deezer, discogs, lastfm"", ""track_number"": ""discogs, itunes"", ""cover_art_url"": ""discogs"", ""subgenre"": ""discogs"", ""label"": ""discogs"", ""catalog_number"": ""discogs"", ""danceability"": ""essentia_features"", ""key"": ""essentia_features"", ""analysis_summary"": ""essentia_features"", ""analysis_json"": ""musicnn_mtg_jamendo"", ""mood"": ""rules_inference"", ""energy"": ""rules_inference"", ""occasion"": ""rules_inference"", ""moods"": ""final_completion"", ""disc_number"": ""final_completion"", ""valence"": ""final_completion"", ""themes"": ""final_completion"", ""weather"": ""final_completion"", ""season"": ""final_completion"", ""age_group"": ""final_completion"", ""vocals"": ""final_completion"", ""instruments"": ""final_completion"", ""language"": ""final_completion"", ""publisher"": ""final_completion"", ""composer"": ""final_completion"", ""copyright"": ""final_completion"", ""comment"": ""final_completion"", ""isrc"": ""final_completion""}",1,0,"0.285,E Minor,English,Nico Moreno,Insolent Rave Records,(c) 2026 Insolent Rave Records"
1983-10-19,"Dance-pop, Freestyle, Electro",Dance,"=""00:04:51""",0.78,128,Shannon - Let The Music Play (Jerome Robins Remix).mp4,upbeat,all weather,1,"{""title"": ""deezer, itunes, musicbrainz"", ""artist"": ""deezer, existing_file_tag, itunes, lastfm, local_cleanup, musicbrainz"", ""album_artist"": ""deezer, existing_file_tag, itunes, musicbrainz"", ""date"": ""discogs"", ""year"": ""discogs, itunes"", ""genre"": ""deezer, existing_file_tag, itunes"", ""bpm"": ""essentia_features, existing_file_tag, rules_inference"", ""album"": ""deezer, itunes, musicbrainz"", ""track_number"": ""discogs"", ""disc_number"": ""itunes, musicbrainz"", ""cover_art_url"": ""discogs"", ""composer"": ""discogs, musicbrainz"", ""label"": ""discogs"", ""catalog_number"": ""discogs"", ""subgenre"": ""discogs"", ""danceability"": ""essentia_features"", ""key"": ""essentia_features"", ""analysis_summary"": ""essentia_features"", ""mood"": ""rules_inference"", ""energy"": ""rules_inference"", ""occasion"": ""rules_inference"", ""moods"": ""final_completion"", ""valence"": ""final_completion"", ""themes"": ""final_completion"", ""weather"": ""final_completion"", ""season"": ""final_completion"", ""age_group"": ""final_completion"", ""vocals"": ""final_completion"", ""instruments"": ""final_completion"", ""language"": ""final_completion"", ""publisher"": ""final_completion"", ""copyright"": ""final_completion"", ""comment"": ""final_completion"", ""isrc"": ""final_completion""}",1,0,"0.332,C Minor,English,Chris Barbosa,Ed Chisolm,Emergency Records,(c) 1983 Emergency Records"
2026,Dance,Dance,"=""00:06:19""",0.78,118,Whitney Houston & George Michael - If I Told You That (Club Disco House Remix) (1080).mp4,upbeat,all weather,1,"{""title"": ""itunes, lastfm, local_cleanup, musicbrainz"", ""artist"": ""existing_file_tag, itunes, lastfm, local_cleanup, musicbrainz"", ""album_artist"": ""existing_file_tag, musicbrainz"", ""date"": ""existing_file_tag"", ""year"": ""discogs, itunes"", ""genre"": ""existing_file_tag"", ""bpm"": ""essentia_features, existing_file_tag, rules_inference"", ""album"": ""discogs, musicbrainz"", ""track_number"": ""discogs, musicbrainz"", ""disc_number"": ""musicbrainz"", ""cover_art_url"": ""lastfm"", ""label"": ""discogs, musicbrainz"", ""catalog_number"": ""musicbrainz"", ""danceability"": ""essentia_features"", ""key"": ""essentia_features"", ""analysis_summary"": ""essentia_features"", ""mood"": ""rules_inference"", ""energy"": ""rules_inference"", ""occasion"": ""rules_inference"", ""moods"": ""final_completion"", ""subgenre"": ""final_completion"", ""valence"": ""final_completion"", ""themes"": ""final_completion"", ""weather"": ""final_completion"", ""season"": ""final_completion"", ""age_group"": ""final_completion"", ""vocals"": ""final_completion"", ""instruments"": ""final_completion"", ""language"": ""final_completion"", ""publisher"": ""final_completion"", ""composer"": ""final_completion"", ""copyright"": ""final_completion"", ""comment"": ""final_completion"", ""isrc"": ""final_completion""}",1,0,"0.431,C Minor,English,Whitney Houston & George Michael,Som Livre,(c) 2000 Som Livre"
2026-06-05,"Country, Soundtrack, Vocal","Pop, Folk, World, & Country, Stage & Screen","=""00:03:54""",0.58,121,"Taylor Swift - I Knew It, I Knew You (Cosmic Dawn Remix) (1080).mp4",mainstream,all weather,1,"{""title"": ""lastfm, local_cleanup, musicbrainz"", ""artist"": ""deezer, existing_file_tag, itunes, lastfm, local_cleanup, musicbrainz"", ""date"": ""deezer, discogs, itunes, musicbrainz"", ""year"": ""deezer, discogs, existing_file_tag, itunes, musicbrainz"", ""genre"": ""discogs"", ""bpm"": ""essentia_features, existing_file_tag, rules_inference"", ""album"": ""lastfm, musicbrainz"", ""album_artist"": ""deezer, itunes, musicbrainz"", ""track_number"": ""discogs, itunes, musicbrainz"", ""disc_number"": ""itunes, musicbrainz"", ""cover_art_url"": ""discogs"", ""composer"": ""discogs, musicbrainz"", ""isrc"": ""musicbrainz"", ""label"": ""discogs"", ""catalog_number"": ""discogs"", ""subgenre"": ""discogs"", ""danceability"": ""essentia_features"", ""key"": ""essentia_features"", ""analysis_summary"": ""essentia_features"", ""analysis_json"": ""musicnn_mtg_jamendo"", ""mood"": ""rules_inference"", ""energy"": ""rules_inference"", ""moods"": ""final_completion"", ""valence"": ""final_completion"", ""occasion"": ""final_completion"", ""themes"": ""final_completion"", ""weather"": ""final_completion"", ""season"": ""final_completion"", ""age_group"": ""final_completion"", ""vocals"": ""final_completion"", ""instruments"": ""final_completion"", ""language"": ""final_completion"", ""publisher"": ""final_completion"", ""copyright"": ""final_completion"", ""comment"": ""final_completion""}",1,0,"0.39,C Major,English,Jack Antonoff,Taylor Swift,Walt Disney Records,Pixar,Republic Records,(c) 2026 Walt Disney Records"
2026-04-10,Pop,Pop,"=""00:03:58""",0.58,84,Mads Langer - Mellem Linjerne (Acoustic Version) (1080).mp4,mainstream,all weather,1,"{""title"": ""deezer, itunes, lastfm, local_cleanup"", ""artist"": ""deezer, existing_file_tag, itunes, lastfm, local_cleanup"", ""date"": ""deezer, discogs"", ""year"": ""deezer, discogs, itunes"", ""genre"": ""deezer, discogs, itunes"", ""bpm"": ""essentia_features, rules_inference"", ""album"": ""discogs, lastfm"", ""album_artist"": ""deezer, itunes"", ""cover_art_url"": ""lastfm"", ""catalog_number"": ""discogs"", ""danceability"": ""essentia_features"", ""key"": ""essentia_features"", ""analysis_summary"": ""essentia_features"", ""mood"": ""rules_inference"", ""energy"": ""rules_inference"", ""moods"": ""final_completion"", ""subgenre"": ""final_completion"", ""track_number"": ""final_completion"", ""disc_number"": ""final_completion"", ""valence"": ""final_completion"", ""occasion"": ""final_completion"", ""themes"": ""final_completion"", ""weather"": ""final_completion"", ""season"": ""final_completion"", ""age_group"": ""final_completion"", ""vocals"": ""final_completion"", ""instruments"": ""final_completion"", ""language"": ""final_completion"", ""label"": ""final_completion"", ""publisher"": ""final_completion"", ""composer"": ""final_completion"", ""copyright"": ""final_completion"", ""comment"": ""final_completion"", ""isrc"": ""final_completion""}",1,0,"0.287,G Major,English,Mads Langer,(c) 2026 Mads Langer"
2010-11-26,Pop,Pop,"=""00:04:15""",0.58,125,Medina - Kun For Mig.mp4,mainstream,all weather,1,"{""title"": ""itunes, local_cleanup"", ""artist"": ""deezer, existing_file_tag, itunes, lastfm, local_cleanup, musicbrainz"", ""date"": ""musicbrainz"", ""year"": ""discogs, musicbrainz"", ""genre"": ""deezer, itunes"", ""bpm"": ""essentia_features, existing_file_tag, rules_inference"", ""album"": ""musicbrainz"", ""album_artist"": ""deezer, itunes, musicbrainz"", ""track_number"": ""discogs, musicbrainz"", ""disc_number"": ""musicbrainz"", ""cover_art_url"": ""lastfm"", ""composer"": ""musicbrainz"", ""isrc"": ""musicbrainz"", ""label"": ""musicbrainz"", ""catalog_number"": ""musicbrainz"", ""danceability"": ""essentia_features"", ""key"": ""essentia_features"", ""analysis_summary"": ""essentia_features"", ""mood"": ""rules_inference"", ""energy"": ""rules_inference"", ""moods"": ""final_completion"", ""subgenre"": ""final_completion"", ""valence"": ""final_completion"", ""occasion"": ""final_completion"", ""themes"": ""final_completion"", ""weather"": ""final_completion"", ""season"": ""final_completion"", ""age_group"": ""final_completion"", ""vocals"": ""final_completion"", ""instruments"": ""final_completion"", ""language"": ""final_completion"", ""publisher"": ""final_completion"", ""copyright"": ""final_completion"", ""comment"": ""final_completion""}",1,0,"0.401,D Minor,English,Jeppe Federspiel,Medina,Rasmus Stabell,EMI 7 Music,(c) 2010 EMI 7 Music"
Hojt Oppe (Lyrics),Danish,Michael Falch,"=""00:03:41""",0.68,137,Michael Falch - Hojt Oppe (Lyrics).mp4,energetic,all weather,1,"{""title"": ""existing_file_tag"", ""artist"": ""existing_file_tag, local_cleanup"", ""date"": ""existing_file_tag"", ""year"": ""discogs, existing_file_tag"", ""genre"": ""existing_file_tag"", ""bpm"": ""essentia_features, rules_inference"", ""danceability"": ""essentia_features"", ""key"": ""essentia_features"", ""analysis_summary"": ""essentia_features"", ""mood"": ""rules_inference"", ""energy"": ""rules_inference"", ""album_artist"": ""final_completion"", ""album"": ""final_completion"", ""moods"": ""final_completion"", ""subgenre"": ""final_completion"", ""track_number"": ""final_completion"", ""disc_number"": ""final_completion"", ""valence"": ""final_completion"", ""occasion"": ""final_completion"", ""themes"": ""final_completion"", ""weather"": ""final_completion"", ""season"": ""final_completion"", ""age_group"": ""final_completion"", ""vocals"": ""final_completion"", ""instruments"": ""final_completion"", ""language"": ""final_completion"", ""label"": ""final_completion"", ""publisher"": ""final_completion"", ""composer"": ""final_completion"", ""copyright"": ""final_completion"", ""comment"": ""final_completion"", ""isrc"": ""final_completion"", ""catalog_number"": ""final_completion"", ""cover_art_url"": ""final_completion""}",1,0,"0.329,Ab Major,English,(c) 2017 Michael Falch"
Juble Igen Som Fugle (Lyrics),Rock,Michael Falch,"=""00:03:30""",0.58,136,Michael Falch - Juble Igen Som Fugle (Lyrics).mp4,energetic,all weather,1,"{""title"": ""deezer, itunes, lastfm, local_cleanup"", ""artist"": ""deezer, existing_file_tag, itunes, lastfm, local_cleanup, musicbrainz"", ""album_artist"": ""deezer, existing_file_tag, itunes, musicbrainz"", ""date"": ""deezer, musicbrainz"", ""year"": ""deezer, discogs, existing_file_tag, itunes, musicbrainz"", ""genre"": ""deezer, itunes"", ""bpm"": ""essentia_features, existing_file_tag, rules_inference"", ""album"": ""deezer, discogs, itunes, lastfm"", ""track_number"": ""itunes, musicbrainz"", ""disc_number"": ""itunes, musicbrainz"", ""cover_art_url"": ""lastfm"", ""label"": ""discogs, musicbrainz"", ""catalog_number"": ""musicbrainz"", ""danceability"": ""essentia_features"", ""key"": ""essentia_features"", ""analysis_summary"": ""essentia_features"", ""mood"": ""rules_inference"", ""energy"": ""rules_inference"", ""moods"": ""final_completion"", ""subgenre"": ""final_completion"", ""valence"": ""final_completion"", ""occasion"": ""final_completion"", ""themes"": ""final_completion"", ""weather"": ""final_completion"", ""season"": ""final_completion"", ""age_group"": ""final_completion"", ""vocals"": ""final_completion"", ""instruments"": ""final_completion"", ""language"": ""final_completion"", ""publisher"": ""final_completion"", ""composer"": ""final_completion"", ""copyright"": ""final_completion"", ""comment"": ""final_completion"", ""isrc"": ""final_completion""}",1,0,"0.321,G Major,Universal Music Group,(c) 2020 Universal Music Group"
Hvis Bare Jeg Kunne Se (Lyrics),Pop,Micky Skeel,"=""00:03:32""",0.58,164,Micky Skeel - Hvis Bare Jeg Kunne Se (Lyrics).mp4,mainstream,all weather,1,"{""title"": ""deezer, itunes, lastfm, local_cleanup"", ""artist"": ""deezer, existing_file_tag, itunes, lastfm, local_cleanup"", ""date"": ""deezer, itunes"", ""year"": ""deezer, existing_file_tag, itunes"", ""genre"": ""deezer, itunes"", ""bpm"": ""essentia_features, rules_inference"", ""album_artist"": ""deezer, itunes"", ""danceability"": ""essentia_features"", ""key"": ""essentia_features"", ""analysis_summary"": ""essentia_features"", ""mood"": ""rules_inference"", ""energy"": ""rules_inference"", ""album"": ""final_completion"", ""moods"": ""final_completion"", ""subgenre"": ""final_completion"", ""track_number"": ""final_completion"", ""disc_number"": ""final_completion"", ""valence"": ""final_completion"", ""occasion"": ""final_completion"", ""themes"": ""final_completion"", ""weather"": ""final_completion"", ""season"": ""final_completion"", ""age_group"": ""final_completion"", ""vocals"": ""final_completion"", ""instruments"": ""final_completion"", ""language"": ""final_completion"", ""label"": ""final_completion"", ""publisher"": ""final_completion"", ""composer"": ""final_completion"", ""copyright"": ""final_completion"", ""comment"": ""final_completion"", ""isrc"": ""final_completion"", ""catalog_number"": ""final_completion"", ""cover_art_url"": ""final_completion""}",1,0,"0.301,Ab Major,English,(c) 2021 Micky Skeel"
2013-10-23,Pop,Pop,"=""00:04:11""",0.58,178,Nik & Jay - Forstadsdromme.mp4,mainstream,all weather,1,"{""title"": ""deezer, itunes, lastfm, musicbrainz"", ""artist"": ""deezer, existing_file_tag, itunes, lastfm, local_cleanup, musicbrainz"", ""album_artist"": ""deezer, existing_file_tag, itunes, musicbrainz"", ""date"": ""musicbrainz"", ""year"": ""deezer, discogs, existing_file_tag, itunes, musicbrainz"", ""genre"": ""deezer, discogs, itunes"", ""bpm"": ""essentia_features, rules_inference"", ""album"": ""deezer, discogs, itunes, musicbrainz"", ""track_number"": ""discogs, itunes, musicbrainz"", ""disc_number"": ""itunes, musicbrainz"", ""isrc"": ""musicbrainz"", ""label"": ""musicbrainz"", ""catalog_number"": ""musicbrainz"", ""danceability"": ""essentia_features"", ""key"": ""essentia_features"", ""analysis_summary"": ""essentia_features"", ""mood"": ""rules_inference"", ""energy"": ""rules_inference"", ""moods"": ""final_completion"", ""subgenre"": ""final_completion"", ""valence"": ""final_completion"", ""occasion"": ""final_completion"", ""themes"": ""final_completion"", ""weather"": ""final_completion"", ""season"": ""final_completion"", ""age_group"": ""final_completion"", ""vocals"": ""final_completion"", ""instruments"": ""final_completion"", ""language"": ""final_completion"", ""publisher"": ""final_completion"", ""composer"": ""final_completion"", ""copyright"": ""final_completion"", ""comment"": ""final_completion"", ""cover_art_url"": ""final_completion""}",1,0,"0.351,A Minor,Nik & Jay,Universal,(c) 2013 Universal"
2011-04-25,Pop Rap,electronic,"=""00:03:49""",0.68,163,Nik & Jay - Udodelige.mp4,energetic,all weather,1,"{""title"": ""deezer, lastfm, musicbrainz"", ""artist"": ""deezer, existing_file_tag, lastfm, local_cleanup, musicbrainz"", ""album_artist"": ""deezer, existing_file_tag, musicbrainz"", ""date"": ""musicbrainz"", ""year"": ""deezer, discogs, musicbrainz"", ""genre"": ""musicbrainz, musicnn_mtg_jamendo"", ""bpm"": ""essentia_features, existing_file_tag, rules_inference"", ""album"": ""musicbrainz"", ""cover_art_url"": ""cover_art_archive"", ""subgenre"": ""discogs"", ""track_number"": ""discogs"", ""label"": ""discogs, musicbrainz"", ""catalog_number"": ""musicbrainz"", ""disc_number"": ""musicbrainz"", ""danceability"": ""essentia_features"", ""key"": ""essentia_features"", ""analysis_summary"": ""essentia_features"", ""mood"": ""rules_inference"", ""energy"": ""rules_inference"", ""moods"": ""final_completion"", ""valence"": ""final_completion"", ""occasion"": ""final_completion"", ""themes"": ""final_completion"", ""weather"": ""final_completion"", ""season"": ""final_completion"", ""age_group"": ""final_completion"", ""vocals"": ""final_completion"", ""instruments"": ""final_completion"", ""language"": ""final_completion"", ""publisher"": ""final_completion"", ""composer"": ""final_completion"", ""copyright"": ""final_completion"", ""comment"": ""final_completion"", ""isrc"": ""final_completion""}",1,0,"0.295,Eb Major,Nik & Jay,Copenhagen Records,(c) 2011 Copenhagen Records"
2015-06-26,Pop,Pop,"=""00:03:41""",0.58,90,Noah - For Vi Falder (Live).mp4,mainstream,all weather,1,"{""title"": ""deezer, itunes, lastfm"", ""artist"": ""deezer, existing_file_tag, lastfm, local_cleanup, musicbrainz"", ""date"": ""musicbrainz"", ""year"": ""existing_file_tag, itunes, musicbrainz"", ""genre"": ""deezer, discogs, itunes"", ""bpm"": ""essentia_features, rules_inference"", ""album"": ""deezer, discogs, itunes, lastfm"", ""album_artist"": ""deezer, musicbrainz"", ""track_number"": ""discogs, itunes"", ""disc_number"": ""musicbrainz"", ""cover_art_url"": ""cover_art_archive"", ""isrc"": ""musicbrainz"", ""danceability"": ""essentia_features"", ""key"": ""essentia_features"", ""analysis_summary"": ""essentia_features"", ""mood"": ""rules_inference"", ""energy"": ""rules_inference"", ""moods"": ""final_completion"", ""subgenre"": ""final_completion"", ""valence"": ""final_completion"", ""occasion"": ""final_completion"", ""themes"": ""final_completion"", ""weather"": ""final_completion"", ""season"": ""final_completion"", ""age_group"": ""final_completion"", ""vocals"": ""final_completion"", ""instruments"": ""final_completion"", ""language"": ""final_completion"", ""label"": ""final_completion"", ""publisher"": ""final_completion"", ""composer"": ""final_completion"", ""copyright"": ""final_completion"", ""catalog_number"": ""final_completion"", ""comment"": ""final_completion""}",1,0,"0.288,Bb Major,Noah,(c) 2015 Noah"
2013-10-14,Alternative,Alternative,"=""00:03:52""",0.58,123,Panamah - Born Af Natten.mp4,balanced,all weather,1,"{""title"": ""lastfm, musicbrainz"", ""artist"": ""deezer, existing_file_tag, itunes, lastfm, local_cleanup, musicbrainz"", ""album_artist"": ""deezer, existing_file_tag, itunes, musicbrainz"", ""date"": ""discogs, itunes"", ""year"": ""deezer, discogs, existing_file_tag, itunes, musicbrainz"", ""genre"": ""deezer, itunes"", ""bpm"": ""essentia_features, existing_file_tag, rules_inference"", ""album"": ""deezer, discogs, itunes"", ""track_number"": ""discogs, itunes"", ""disc_number"": ""itunes, musicbrainz"", ""cover_art_url"": ""cover_art_archive"", ""isrc"": ""musicbrainz"", ""label"": ""musicbrainz"", ""catalog_number"": ""musicbrainz"", ""composer"": ""discogs"", ""danceability"": ""essentia_features"", ""key"": ""essentia_features"", ""analysis_summary"": ""essentia_features"", ""vocals"": ""clap_zero_shot, musicnn_mtg_jamendo"", ""subgenre"": ""final_completion"", ""energy"": ""final_completion"", ""mood"": ""final_completion"", ""moods"": ""final_completion"", ""valence"": ""final_completion"", ""occasion"": ""final_completion"", ""themes"": ""final_completion"", ""weather"": ""final_completion"", ""season"": ""final_completion"", ""age_group"": ""final_completion"", ""instruments"": ""final_completion"", ""language"": ""final_completion"", ""publisher"": ""final_completion"", ""copyright"": ""final_completion"", ""comment"": ""final_completion""}",1,0,"0.338,C# Minor,Amalie Stender,Anders Christensen,Peter Lützen,MBO,(c) 2013 MBO"
2015-08-28,Pop,Pop,"=""00:03:28""",0.58,85,Rasmus Bjerg & Citybois - En Rigtig Drengejul.mp4,mainstream,all weather,1,"{""title"": ""deezer, itunes, lastfm, local_cleanup, musicbrainz"", ""artist"": ""existing_file_tag, itunes, lastfm, local_cleanup, musicbrainz"", ""album_artist"": ""existing_file_tag, itunes, musicbrainz"", ""date"": ""deezer, discogs, itunes, musicbrainz"", ""year"": ""deezer, discogs, existing_file_tag, itunes, musicbrainz"", ""genre"": ""deezer, discogs"", ""bpm"": ""essentia_features, rules_inference"", ""album"": ""deezer, discogs, lastfm, musicbrainz"", ""track_number"": ""discogs, itunes, musicbrainz"", ""disc_number"": ""itunes, musicbrainz"", ""cover_art_url"": ""discogs"", ""label"": ""discogs"", ""catalog_number"": ""discogs"", ""composer"": ""discogs"", ""danceability"": ""essentia_features"", ""key"": ""essentia_features"", ""analysis_summary"": ""essentia_features"", ""mood"": ""rules_inference"", ""energy"": ""rules_inference"", ""moods"": ""final_completion"", ""subgenre"": ""final_completion"", ""valence"": ""final_completion"", ""occasion"": ""final_completion"", ""themes"": ""final_completion"", ""weather"": ""final_completion"", ""season"": ""final_completion"", ""age_group"": ""final_completion"", ""vocals"": ""final_completion"", ""instruments"": ""final_completion"", ""language"": ""final_completion"", ""publisher"": ""final_completion"", ""copyright"": ""final_completion"", ""comment"": ""final_completion"", ""isrc"": ""final_completion""}",1,0,"0.328,Bb Major,English,Anders Øhrstrøm,Ricco Wichmann,PanAmericana Recordings,(c) 2015 PanAmericana Recordings"
Beautiful (Lyrics),Pop,Rasmus Seebach,"=""00:03:29""",0.58,92,Rasmus Seebach - Beautiful (Lyrics).mp4,mainstream,all weather,1,"{""title"": ""deezer, itunes, lastfm, local_cleanup, musicbrainz"", ""artist"": ""deezer, existing_file_tag, itunes, lastfm, local_cleanup, musicbrainz"", ""album_artist"": ""deezer, existing_file_tag, itunes, musicbrainz"", ""date"": ""deezer, discogs, musicbrainz"", ""year"": ""deezer, discogs, existing_file_tag, itunes, musicbrainz"", ""genre"": ""deezer, discogs, itunes"", ""bpm"": ""essentia_features, existing_file_tag, rules_inference"", ""album"": ""deezer, discogs, itunes, musicbrainz"", ""track_number"": ""itunes, musicbrainz"", ""disc_number"": ""itunes, musicbrainz"", ""cover_art_url"": ""cover_art_archive"", ""isrc"": ""musicbrainz"", ""label"": ""discogs, musicbrainz"", ""catalog_number"": ""musicbrainz"", ""danceability"": ""essentia_features"", ""key"": ""essentia_features"", ""analysis_summary"": ""essentia_features"", ""mood"": ""rules_inference"", ""energy"": ""rules_inference"", ""moods"": ""final_completion"", ""subgenre"": ""final_completion"", ""valence"": ""final_completion"", ""occasion"": ""final_completion"", ""themes"": ""final_completion"", ""weather"": ""final_completion"", ""season"": ""final_completion"", ""age_group"": ""final_completion"", ""vocals"": ""final_completion"", ""instruments"": ""final_completion"", ""language"": ""final_completion"", ""publisher"": ""final_completion"", ""composer"": ""final_completion"", ""copyright"": ""final_completion"", ""comment"": ""final_completion""}",1,0,"0.404,Eb Major,English,Capitol Records,(c) 2019 Capitol Records"
2019-11-08,Pop,Pop,"=""00:03:47""",0.58,162,Rasmus Seebach - Tak For Turen (1080).mp4,mainstream,all weather,1,"{""title"": ""deezer, itunes, lastfm, local_cleanup, musicbrainz"", ""artist"": ""deezer, existing_file_tag, itunes, lastfm, local_cleanup, musicbrainz"", ""date"": ""deezer, discogs, itunes, musicbrainz"", ""year"": ""deezer, discogs, existing_file_tag, itunes, musicbrainz"", ""genre"": ""deezer, discogs, itunes"", ""bpm"": ""essentia_features, rules_inference"", ""album"": ""deezer, discogs, itunes, musicbrainz"", ""album_artist"": ""deezer, itunes, musicbrainz"", ""track_number"": ""itunes, musicbrainz"", ""disc_number"": ""itunes, musicbrainz"", ""cover_art_url"": ""discogs"", ""isrc"": ""musicbrainz"", ""label"": ""discogs"", ""catalog_number"": ""discogs"", ""composer"": ""discogs"", ""danceability"": ""essentia_features"", ""key"": ""essentia_features"", ""analysis_summary"": ""essentia_features"", ""mood"": ""rules_inference"", ""energy"": ""rules_inference"", ""moods"": ""final_completion"", ""subgenre"": ""final_completion"", ""valence"": ""final_completion"", ""occasion"": ""final_completion"", ""themes"": ""final_completion"", ""weather"": ""final_completion"", ""season"": ""final_completion"", ""age_group"": ""final_completion"", ""vocals"": ""final_completion"", ""instruments"": ""final_completion"", ""language"": ""final_completion"", ""publisher"": ""final_completion"", ""copyright"": ""final_completion"", ""comment"": ""final_completion""}",1,0,"0.275,A Major,English,Andreas Sommer,Lars Ankerstjerne,Nicolai Seebach,Rasmus Seebach,Top Notch Music,Capitol Records,(c) 2019 Top Notch Music"
2026-01-22,Dance-pop,Pop,"=""00:02:54""",0.78,128,Soren Torpegaard Lund - For Vi Gar Hjem (1080).mp4,upbeat,all weather,1,"{""title"": ""deezer, itunes, musicbrainz"", ""artist"": ""deezer, itunes, lastfm, musicbrainz"", ""date"": ""discogs, itunes, musicbrainz"", ""year"": ""deezer, discogs, existing_file_tag, itunes, musicbrainz"", ""genre"": ""deezer, itunes"", ""bpm"": ""essentia_features, existing_file_tag, rules_inference"", ""album"": ""deezer, discogs, musicbrainz"", ""album_artist"": ""deezer, itunes, musicbrainz"", ""track_number"": ""discogs, itunes, musicbrainz"", ""disc_number"": ""itunes, musicbrainz"", ""cover_art_url"": ""discogs"", ""isrc"": ""musicbrainz"", ""label"": ""discogs, musicbrainz"", ""catalog_number"": ""discogs"", ""subgenre"": ""discogs"", ""composer"": ""discogs"", ""danceability"": ""essentia_features"", ""key"": ""essentia_features"", ""analysis_summary"": ""essentia_features"", ""mood"": ""rules_inference"", ""energy"": ""rules_inference"", ""occasion"": ""rules_inference"", ""moods"": ""final_completion"", ""valence"": ""final_completion"", ""themes"": ""final_completion"", ""weather"": ""final_completion"", ""season"": ""final_completion"", ""age_group"": ""final_completion"", ""vocals"": ""final_completion"", ""instruments"": ""final_completion"", ""language"": ""final_completion"", ""publisher"": ""final_completion"", ""copyright"": ""final_completion"", ""comment"": ""final_completion""}",1,0,"0.309,C Minor,Clara Sofie Fabricius,Søren Torpegaard Lund,Thomas Meilstrup,Valdemar Littauer,Little Yellow House,(c) 2026 Little Yellow House"
2025-01-10,Pop,Pop,"=""00:02:56""",0.58,120,Thomas Holm - Traels (1080).mp4,mainstream,all weather,1,"{""title"": ""deezer, itunes, lastfm"", ""artist"": ""deezer, existing_file_tag, itunes, lastfm, local_cleanup"", ""album_artist"": ""deezer, existing_file_tag, itunes"", ""date"": ""deezer, itunes"", ""year"": ""deezer, existing_file_tag, itunes"", ""genre"": ""deezer, itunes"", ""bpm"": ""essentia_features, existing_file_tag, rules_inference"", ""album"": ""deezer, lastfm"", ""danceability"": ""essentia_features"", ""key"": ""essentia_features"", ""analysis_summary"": ""essentia_features"", ""mood"": ""rules_inference"", ""energy"": ""rules_inference"", ""moods"": ""final_completion"", ""subgenre"": ""final_completion"", ""track_number"": ""final_completion"", ""disc_number"": ""final_completion"", ""valence"": ""final_completion"", ""occasion"": ""final_completion"", ""themes"": ""final_completion"", ""weather"": ""final_completion"", ""season"": ""final_completion"", ""age_group"": ""final_completion"", ""vocals"": ""final_completion"", ""instruments"": ""final_completion"", ""language"": ""final_completion"", ""label"": ""final_completion"", ""publisher"": ""final_completion"", ""composer"": ""final_completion"", ""copyright"": ""final_completion"", ""comment"": ""final_completion"", ""isrc"": ""final_completion"", ""catalog_number"": ""final_completion"", ""cover_art_url"": ""final_completion""}",1,0,"0.323,B Major,Thomas Holm,(c) 2025 Thomas Holm"
2024-08-30,Pop,Pop,"=""00:03:13""",0.58,95,Tobias Rahim - Jylland (Dirty) (1080).mp4,mainstream,all weather,1,"{""title"": ""deezer, lastfm, local_cleanup, musicbrainz"", ""artist"": ""deezer, existing_file_tag, lastfm, local_cleanup, musicbrainz"", ""date"": ""deezer, discogs, musicbrainz"", ""year"": ""deezer, discogs, existing_file_tag, musicbrainz"", ""genre"": ""deezer, discogs"", ""bpm"": ""essentia_features, rules_inference"", ""album"": ""deezer, discogs, musicbrainz"", ""album_artist"": ""deezer, musicbrainz"", ""cover_art_url"": ""discogs"", ""track_number"": ""discogs, musicbrainz"", ""disc_number"": ""musicbrainz"", ""label"": ""musicbrainz"", ""catalog_number"": ""musicbrainz"", ""composer"": ""discogs"", ""danceability"": ""essentia_features"", ""key"": ""essentia_features"", ""analysis_summary"": ""essentia_features"", ""mood"": ""rules_inference"", ""energy"": ""rules_inference"", ""moods"": ""final_completion"", ""subgenre"": ""final_completion"", ""valence"": ""final_completion"", ""occasion"": ""final_completion"", ""themes"": ""final_completion"", ""weather"": ""final_completion"", ""season"": ""final_completion"", ""age_group"": ""final_completion"", ""vocals"": ""final_completion"", ""instruments"": ""final_completion"", ""language"": ""final_completion"", ""publisher"": ""final_completion"", ""copyright"": ""final_completion"", ""comment"": ""final_completion"", ""isrc"": ""final_completion""}",1,0,"0.353,Ab Major,English,Arto Eriksen,Frederik Tao Nordsø Schjoldan,Tobias Rahim,Os Der Følger Floden ApS,(c) 2024 Os Der Følger Floden ApS"
1993-07-25,Pop,Pop,"=""00:04:44""",0.58,135,10cc - I'm Not In Love (Rhythm Scholar Pulsewave Remix) (1080).mp4,mainstream,all weather,1,"{""title"": ""musicbrainz"", ""artist"": ""deezer, existing_file_tag, itunes, lastfm, local_cleanup, musicbrainz"", ""album_artist"": ""deezer, existing_file_tag, musicbrainz"", ""date"": ""musicbrainz"", ""year"": ""discogs, musicbrainz"", ""genre"": ""deezer, itunes"", ""bpm"": ""essentia_features, existing_file_tag, rules_inference"", ""album"": ""discogs, musicbrainz"", ""track_number"": ""musicbrainz"", ""disc_number"": ""itunes, musicbrainz"", ""cover_art_url"": ""lastfm"", ""composer"": ""musicbrainz"", ""label"": ""musicbrainz"", ""catalog_number"": ""musicbrainz"", ""danceability"": ""essentia_features"", ""key"": ""essentia_features"", ""analysis_summary"": ""essentia_features"", ""mood"": ""rules_inference"", ""energy"": ""rules_inference"", ""moods"": ""final_completion"", ""subgenre"": ""final_completion"", ""valence"": ""final_completion"", ""occasion"": ""final_completion"", ""themes"": ""final_completion"", ""weather"": ""final_completion"", ""season"": ""final_completion"", ""age_group"": ""final_completion"", ""vocals"": ""final_completion"", ""instruments"": ""final_completion"", ""language"": ""final_completion"", ""publisher"": ""final_completion"", ""copyright"": ""final_completion"", ""comment"": ""final_completion"", ""isrc"": ""final_completion""}",1,0,"0.406,A Major,Graham Gouldman,Eric Stewart,Polydor,(c) 1993 Polydor"
1990-09-10,"electronic, House, electro",Rock,"=""00:05:50""",0.78,130,AC DC - Thunderstruck (DJ Paul Harwood Remix) (1080).mp4,upbeat,all weather,1,"{""title"": ""deezer, itunes, lastfm, local_cleanup, musicbrainz"", ""artist"": ""deezer, itunes, lastfm, musicbrainz"", ""album_artist"": ""deezer, itunes, musicbrainz"", ""date"": ""discogs, itunes"", ""year"": ""discogs, itunes"", ""genre"": ""deezer, discogs"", ""bpm"": ""essentia_features, existing_file_tag, rules_inference"", ""album"": ""deezer, discogs, lastfm, musicbrainz"", ""track_number"": ""discogs, musicbrainz"", ""disc_number"": ""itunes, musicbrainz"", ""cover_art_url"": ""cover_art_archive"", ""label"": ""musicbrainz"", ""catalog_number"": ""musicbrainz"", ""subgenre"": ""musicnn_mtg_jamendo"", ""composer"": ""discogs, musicbrainz"", ""danceability"": ""essentia_features"", ""key"": ""essentia_features"", ""analysis_summary"": ""essentia_features"", ""analysis_json"": ""musicnn_mtg_jamendo"", ""mood"": ""rules_inference"", ""energy"": ""rules_inference"", ""occasion"": ""rules_inference"", ""moods"": ""final_completion"", ""valence"": ""final_completion"", ""themes"": ""final_completion"", ""weather"": ""final_completion"", ""season"": ""final_completion"", ""age_group"": ""final_completion"", ""vocals"": ""final_completion"", ""instruments"": ""final_completion"", ""language"": ""final_completion"", ""publisher"": ""final_completion"", ""copyright"": ""final_completion"", ""comment"": ""final_completion"", ""isrc"": ""final_completion""}",1,0,"0.362,B Major,English,Angus Young,Malcolm Young,Warner Music Vision,(c) 1990 Warner Music Vision"
Awake Tonight (Lyrics),Dance,Afrojack & Sia ft David Guetta,"=""00:03:07""",0.78,129,Afrojack & Sia ft David Guetta - Awake Tonight (Lyrics).mp4,upbeat,all weather,1,"{""title"": ""deezer, itunes, local_cleanup"", ""artist"": ""existing_file_tag, local_cleanup"", ""album_artist"": ""existing_file_tag"", ""date"": ""deezer, itunes"", ""year"": ""deezer, existing_file_tag, itunes"", ""genre"": ""deezer, itunes"", ""bpm"": ""essentia_features, existing_file_tag, rules_inference"", ""danceability"": ""essentia_features"", ""key"": ""essentia_features"", ""analysis_summary"": ""essentia_features"", ""mood"": ""rules_inference"", ""energy"": ""rules_inference"", ""occasion"": ""rules_inference"", ""album"": ""final_completion"", ""moods"": ""final_completion"", ""subgenre"": ""final_completion"", ""track_number"": ""final_completion"", ""disc_number"": ""final_completion"", ""valence"": ""final_completion"", ""themes"": ""final_completion"", ""weather"": ""final_completion"", ""season"": ""final_completion"", ""age_group"": ""final_completion"", ""vocals"": ""final_completion"", ""instruments"": ""final_completion"", ""language"": ""final_completion"", ""label"": ""final_completion"", ""publisher"": ""final_completion"", ""composer"": ""final_completion"", ""copyright"": ""final_completion"", ""comment"": ""final_completion"", ""isrc"": ""final_completion"", ""catalog_number"": ""final_completion"", ""cover_art_url"": ""final_completion""}",1,0,"0.328,D Major,English,(c) 2026 Afrojack & Sia Ft David Guetta"
2024-10-11,Dance,Dance,"=""00:02:02""",0.78,129,Alok ft Gryffin & Julia Church - Never Letting Go (1080).mp4,upbeat,all weather,1,"{""title"": ""deezer, itunes, local_cleanup, musicbrainz"", ""artist"": ""itunes, musicbrainz"", ""album_artist"": ""itunes, musicbrainz"", ""date"": ""deezer, itunes, musicbrainz"", ""year"": ""deezer, existing_file_tag, itunes, musicbrainz"", ""genre"": ""deezer, itunes"", ""bpm"": ""essentia_features, existing_file_tag, rules_inference"", ""album"": ""deezer, musicbrainz"", ""track_number"": ""itunes, musicbrainz"", ""disc_number"": ""itunes, musicbrainz"", ""cover_art_url"": ""cover_art_archive"", ""isrc"": ""musicbrainz"", ""label"": ""musicbrainz"", ""catalog_number"": ""musicbrainz"", ""danceability"": ""essentia_features"", ""key"": ""essentia_features"", ""analysis_summary"": ""essentia_features"", ""mood"": ""rules_inference"", ""energy"": ""rules_inference"", ""occasion"": ""rules_inference"", ""moods"": ""final_completion"", ""subgenre"": ""final_completion"", ""valence"": ""final_completion"", ""themes"": ""final_completion"", ""weather"": ""final_completion"", ""season"": ""final_completion"", ""age_group"": ""final_completion"", ""vocals"": ""final_completion"", ""instruments"": ""final_completion"", ""language"": ""final_completion"", ""publisher"": ""final_completion"", ""composer"": ""final_completion"", ""copyright"": ""final_completion"", ""comment"": ""final_completion""}",1,0,"0.356,C Minor,English,Alok,Gryffin & Julia Church,Columbia,(c) 2024 Columbia"
2025-03-28,Techno,Dance,"=""00:03:01""",0.78,130,Anyma & Baset - Neverland (From Japan) (HNTR Remix) (Visualizer).mp4,upbeat,all weather,1,"{""title"": ""deezer, itunes, musicbrainz"", ""artist"": ""existing_file_tag, itunes, local_cleanup, musicbrainz"", ""album_artist"": ""existing_file_tag, musicbrainz"", ""date"": ""discogs, itunes, musicbrainz"", ""year"": ""deezer, discogs, itunes, musicbrainz"", ""genre"": ""deezer, itunes"", ""bpm"": ""essentia_features, existing_file_tag, rules_inference"", ""album"": ""discogs, musicbrainz"", ""track_number"": ""discogs, musicbrainz"", ""disc_number"": ""itunes, musicbrainz"", ""cover_art_url"": ""discogs"", ""isrc"": ""musicbrainz"", ""label"": ""discogs"", ""catalog_number"": ""discogs"", ""subgenre"": ""discogs"", ""danceability"": ""essentia_features"", ""key"": ""essentia_features"", ""analysis_summary"": ""essentia_features"", ""mood"": ""rules_inference"", ""energy"": ""rules_inference"", ""occasion"": ""rules_inference"", ""moods"": ""final_completion"", ""valence"": ""final_completion"", ""themes"": ""final_completion"", ""weather"": ""final_completion"", ""season"": ""final_completion"", ""age_group"": ""final_completion"", ""vocals"": ""final_completion"", ""instruments"": ""final_completion"", ""language"": ""final_completion"", ""publisher"": ""final_completion"", ""composer"": ""final_completion"", ""copyright"": ""final_completion"", ""comment"": ""final_completion""}",1,0,"0.377,D Minor,English,Anyma & Baset,The End Of Genesys,(c) 2025 The End Of Genesys"
2026-04-03,Progressive House,Dance,"=""00:03:35""",0.78,127,Anyma & Joji - Beautiful (1080).mp4,upbeat,all weather,1,"{""title"": ""deezer, itunes, lastfm, local_cleanup, musicbrainz"", ""artist"": ""existing_file_tag, itunes, lastfm, local_cleanup"", ""album_artist"": ""existing_file_tag, itunes"", ""date"": ""deezer, discogs, itunes, musicbrainz"", ""year"": ""deezer, discogs, existing_file_tag, itunes, musicbrainz"", ""genre"": ""deezer, itunes"", ""bpm"": ""essentia_features, rules_inference"", ""album"": ""deezer, discogs, lastfm, musicbrainz"", ""track_number"": ""discogs, itunes, musicbrainz"", ""disc_number"": ""itunes, musicbrainz"", ""cover_art_url"": ""discogs"", ""isrc"": ""musicbrainz"", ""label"": ""discogs"", ""catalog_number"": ""discogs"", ""subgenre"": ""discogs"", ""danceability"": ""essentia_features"", ""key"": ""essentia_features"", ""analysis_summary"": ""essentia_features"", ""mood"": ""rules_inference"", ""energy"": ""rules_inference"", ""occasion"": ""rules_inference"", ""moods"": ""final_completion"", ""valence"": ""final_completion"", ""themes"": ""final_completion"", ""weather"": ""final_completion"", ""season"": ""final_completion"", ""age_group"": ""final_completion"", ""vocals"": ""final_completion"", ""instruments"": ""final_completion"", ""language"": ""final_completion"", ""publisher"": ""final_completion"", ""composer"": ""final_completion"", ""copyright"": ""final_completion"", ""comment"": ""final_completion""}",1,0,"0.354,F# Major,English,Anyma & Joji,The End Of Genesys,(c) 2026 The End Of Genesys"
2026-07-31,Trance,Electronic,"=""00:02:38""",0.68,139,Armin Van Buuren & Sacha - Everlasting (1080).mp4,energetic,all weather,1,"{""title"": ""itunes, lastfm, local_cleanup"", ""artist"": ""itunes, lastfm, musicbrainz"", ""date"": ""discogs, itunes, musicbrainz"", ""year"": ""discogs, existing_file_tag, itunes, musicbrainz"", ""genre"": ""discogs"", ""bpm"": ""essentia_features, rules_inference"", ""album"": ""lastfm, musicbrainz"", ""album_artist"": ""itunes, musicbrainz"", ""track_number"": ""discogs, itunes, musicbrainz"", ""disc_number"": ""itunes, musicbrainz"", ""cover_art_url"": ""discogs"", ""isrc"": ""musicbrainz"", ""label"": ""discogs"", ""catalog_number"": ""discogs"", ""subgenre"": ""discogs"", ""danceability"": ""essentia_features"", ""key"": ""essentia_features"", ""analysis_summary"": ""essentia_features"", ""mood"": ""rules_inference"", ""energy"": ""rules_inference"", ""moods"": ""final_completion"", ""valence"": ""final_completion"", ""occasion"": ""final_completion"", ""themes"": ""final_completion"", ""weather"": ""final_completion"", ""season"": ""final_completion"", ""age_group"": ""final_completion"", ""vocals"": ""final_completion"", ""instruments"": ""final_completion"", ""language"": ""final_completion"", ""publisher"": ""final_completion"", ""composer"": ""final_completion"", ""copyright"": ""final_completion"", ""comment"": ""final_completion""}",1,0,"0.305,E Minor,English,Armin Van Buuren & SACHA,Armada,(c) 2026 Armada"
2024-03-15,Top 40,Top 40,"=""00:03:51""",0.58,108,Astels ft Renaud Palisseaux - We Gotta Let Go (Live).mp4,balanced,all weather,1,"{""title"": ""deezer, itunes, lastfm, local_cleanup, musicbrainz"", ""artist"": ""deezer, musicbrainz"", ""date"": ""deezer, musicbrainz"", ""year"": ""deezer, musicbrainz"", ""genre"": ""existing_file_tag"", ""bpm"": ""essentia_features, existing_file_tag, rules_inference"", ""album"": ""deezer, musicbrainz"", ""album_artist"": ""deezer, musicbrainz"", ""track_number"": ""musicbrainz"", ""disc_number"": ""itunes, musicbrainz"", ""cover_art_url"": ""cover_art_archive"", ""label"": ""musicbrainz"", ""catalog_number"": ""musicbrainz"", ""danceability"": ""essentia_features"", ""key"": ""essentia_features"", ""analysis_summary"": ""essentia_features"", ""subgenre"": ""final_completion"", ""energy"": ""final_completion"", ""mood"": ""final_completion"", ""moods"": ""final_completion"", ""valence"": ""final_completion"", ""occasion"": ""final_completion"", ""themes"": ""final_completion"", ""weather"": ""final_completion"", ""season"": ""final_completion"", ""age_group"": ""final_completion"", ""vocals"": ""final_completion"", ""instruments"": ""final_completion"", ""language"": ""final_completion"", ""publisher"": ""final_completion"", ""composer"": ""final_completion"", ""copyright"": ""final_completion"", ""comment"": ""final_completion"", ""isrc"": ""final_completion""}",1,0,"0.322,B Minor,English,Astels,[no Label],(c) 2024 [no Label]"
2026-07-10,Tech House,Dance,"=""00:03:58""",0.78,130,BYOR & Mentum - I Can Dance (Visualizer).mp4,upbeat,all weather,1,"{""title"": ""deezer, itunes, lastfm, local_cleanup"", ""artist"": ""existing_file_tag, itunes, lastfm, local_cleanup"", ""album_artist"": ""existing_file_tag, itunes"", ""date"": ""deezer, discogs, itunes"", ""year"": ""deezer, discogs, existing_file_tag, itunes"", ""genre"": ""deezer, itunes"", ""bpm"": ""essentia_features, existing_file_tag, rules_inference"", ""album"": ""deezer, discogs, lastfm"", ""track_number"": ""discogs, itunes"", ""cover_art_url"": ""discogs"", ""subgenre"": ""discogs"", ""label"": ""discogs"", ""catalog_number"": ""discogs"", ""danceability"": ""essentia_features"", ""key"": ""essentia_features"", ""analysis_summary"": ""essentia_features"", ""analysis_json"": ""musicnn_mtg_jamendo"", ""mood"": ""rules_inference"", ""energy"": ""rules_inference"", ""occasion"": ""rules_inference"", ""moods"": ""final_completion"", ""disc_number"": ""final_completion"", ""valence"": ""final_completion"", ""themes"": ""final_completion"", ""weather"": ""final_completion"", ""season"": ""final_completion"", ""age_group"": ""final_completion"", ""vocals"": ""final_completion"", ""instruments"": ""final_completion"", ""language"": ""final_completion"", ""publisher"": ""final_completion"", ""composer"": ""final_completion"", ""copyright"": ""final_completion"", ""comment"": ""final_completion"", ""isrc"": ""final_completion""}",1,0,"0.446,F Minor,English,BYOR & Mentum,Experts Only,(c) 2026 Experts Only"
2026-05-29,"electronic, pop, House",Dance,"=""00:02:49""",0.78,128,Bebe Rexha & David Guetta - Sad Girls (Performance Video).mp4,upbeat,all weather,1,"{""title"": ""deezer, itunes, lastfm, local_cleanup, musicbrainz"", ""artist"": ""existing_file_tag, itunes, lastfm, local_cleanup, musicbrainz"", ""album_artist"": ""existing_file_tag, musicbrainz"", ""date"": ""deezer, itunes, musicbrainz"", ""year"": ""deezer, existing_file_tag, itunes, musicbrainz"", ""genre"": ""deezer, itunes"", ""bpm"": ""essentia_features, existing_file_tag, rules_inference"", ""album"": ""deezer, musicbrainz"", ""track_number"": ""musicbrainz"", ""disc_number"": ""itunes, musicbrainz"", ""cover_art_url"": ""lastfm"", ""isrc"": ""musicbrainz"", ""label"": ""musicbrainz"", ""catalog_number"": ""musicbrainz"", ""danceability"": ""essentia_features"", ""key"": ""essentia_features"", ""analysis_summary"": ""essentia_features"", ""subgenre"": ""musicnn_mtg_jamendo"", ""vocals"": ""musicnn_mtg_jamendo"", ""analysis_json"": ""musicnn_mtg_jamendo"", ""mood"": ""rules_inference"", ""energy"": ""rules_inference"", ""occasion"": ""rules_inference"", ""moods"": ""final_completion"", ""valence"": ""final_completion"", ""themes"": ""final_completion"", ""weather"": ""final_completion"", ""season"": ""final_completion"", ""age_group"": ""final_completion"", ""instruments"": ""final_completion"", ""language"": ""final_completion"", ""publisher"": ""final_completion"", ""composer"": ""final_completion"", ""copyright"": ""final_completion"", ""comment"": ""final_completion""}",1,0,"0.31,F Major,English,Bebe Rexha & David Guetta,EMPIRE,(c) 2026 EMPIRE"
2009-01-01,House/EDM,House/EDM,"=""00:04:42""",0.78,130,Birdman ft Drake & Lil Wayne - Money To Blow (Anthem Kingz 2026 Remix) (1080).mp4,upbeat,all weather,1,"{""title"": ""lastfm, local_cleanup"", ""artist"": ""existing_file_tag, local_cleanup"", ""album_artist"": ""deezer, itunes"", ""date"": ""deezer, itunes"", ""year"": ""deezer, itunes"", ""genre"": ""existing_file_tag"", ""bpm"": ""essentia_features, existing_file_tag, rules_inference"", ""album"": ""deezer, itunes"", ""danceability"": ""essentia_features"", ""key"": ""essentia_features"", ""analysis_summary"": ""essentia_features"", ""mood"": ""rules_inference"", ""energy"": ""rules_inference"", ""occasion"": ""rules_inference"", ""moods"": ""final_completion"", ""subgenre"": ""final_completion"", ""track_number"": ""final_completion"", ""disc_number"": ""final_completion"", ""valence"": ""final_completion"", ""themes"": ""final_completion"", ""weather"": ""final_completion"", ""season"": ""final_completion"", ""age_group"": ""final_completion"", ""vocals"": ""final_completion"", ""instruments"": ""final_completion"", ""language"": ""final_completion"", ""label"": ""final_completion"", ""publisher"": ""final_completion"", ""composer"": ""final_completion"", ""copyright"": ""final_completion"", ""comment"": ""final_completion"", ""isrc"": ""final_completion"", ""catalog_number"": ""final_completion"", ""cover_art_url"": ""final_completion""}",1,0,"0.595,Bb Minor,English,Birdman Ft Drake & Lil Wayne,Birdman,(c) 2009 Birdman"
2026-07-31,House/EDM,House/EDM,"=""00:01:48""",0.78,138,Blaze U & Mr.WhileAgo - Self Aware (Visualizer).mp4,upbeat,all weather,1,"{""title"": ""deezer, itunes, local_cleanup"", ""artist"": ""existing_file_tag"", ""date"": ""deezer, itunes"", ""year"": ""deezer, existing_file_tag, itunes"", ""genre"": ""existing_file_tag"", ""bpm"": ""essentia_features, rules_inference"", ""danceability"": ""essentia_features"", ""key"": ""essentia_features"", ""analysis_summary"": ""essentia_features"", ""mood"": ""rules_inference"", ""energy"": ""rules_inference"", ""occasion"": ""rules_inference"", ""album_artist"": ""final_completion"", ""album"": ""final_completion"", ""moods"": ""final_completion"", ""subgenre"": ""final_completion"", ""track_number"": ""final_completion"", ""disc_number"": ""final_completion"", ""valence"": ""final_completion"", ""themes"": ""final_completion"", ""weather"": ""final_completion"", ""season"": ""final_completion"", ""age_group"": ""final_completion"", ""vocals"": ""final_completion"", ""instruments"": ""final_completion"", ""language"": ""final_completion"", ""label"": ""final_completion"", ""publisher"": ""final_completion"", ""composer"": ""final_completion"", ""copyright"": ""final_completion"", ""comment"": ""final_completion"", ""isrc"": ""final_completion"", ""catalog_number"": ""final_completion"", ""cover_art_url"": ""final_completion""}",1,0,"0.358,A Minor,English,Blaze & Mr.WhileAgo,(c) 2026 Blaze & Mr.WhileAgo"
2026-06-21,House/EDM,House/EDM,"=""00:02:03""",0.78,128,Busy P ft Myd & Twinsmatic - Paris Worldwide (1080).mp4,upbeat,all weather,1,"{""title"": ""deezer, local_cleanup, musicbrainz"", ""artist"": ""musicbrainz"", ""album_artist"": ""musicbrainz"", ""date"": ""deezer, itunes, musicbrainz"", ""year"": ""deezer, existing_file_tag, itunes, musicbrainz"", ""genre"": ""existing_file_tag"", ""bpm"": ""essentia_features, existing_file_tag, rules_inference"", ""album"": ""deezer, musicbrainz"", ""track_number"": ""itunes, musicbrainz"", ""disc_number"": ""itunes, musicbrainz"", ""cover_art_url"": ""cover_art_archive"", ""label"": ""musicbrainz"", ""catalog_number"": ""musicbrainz"", ""danceability"": ""essentia_features"", ""key"": ""essentia_features"", ""analysis_summary"": ""essentia_features"", ""mood"": ""rules_inference"", ""energy"": ""rules_inference"", ""occasion"": ""rules_inference"", ""moods"": ""final_completion"", ""subgenre"": ""final_completion"", ""valence"": ""final_completion"", ""themes"": ""final_completion"", ""weather"": ""final_completion"", ""season"": ""final_completion"", ""age_group"": ""final_completion"", ""vocals"": ""final_completion"", ""instruments"": ""final_completion"", ""language"": ""final_completion"", ""publisher"": ""final_completion"", ""composer"": ""final_completion"", ""copyright"": ""final_completion"", ""comment"": ""final_completion"", ""isrc"": ""final_completion""}",1,0,"0.321,Ab Minor,English,Busy P,Myd & Twinsmatic,Ed Banger Records,(c) 2026 Ed Banger Records"
2026-07-10,Dance,Dance,"=""00:03:15""",0.78,130,Cassian & AR-CO - Come To Life (1080).mp4,upbeat,all weather,1,"{""title"": ""deezer, itunes, lastfm, local_cleanup, musicbrainz"", ""artist"": ""itunes, musicbrainz"", ""date"": ""deezer, itunes, musicbrainz"", ""year"": ""deezer, existing_file_tag, itunes, musicbrainz"", ""genre"": ""deezer, itunes"", ""bpm"": ""essentia_features, existing_file_tag, rules_inference"", ""album"": ""deezer, musicbrainz"", ""album_artist"": ""itunes, musicbrainz"", ""track_number"": ""itunes, musicbrainz"", ""disc_number"": ""itunes, musicbrainz"", ""label"": ""musicbrainz"", ""catalog_number"": ""musicbrainz"", ""danceability"": ""essentia_features"", ""key"": ""essentia_features"", ""analysis_summary"": ""essentia_features"", ""mood"": ""rules_inference"", ""energy"": ""rules_inference"", ""occasion"": ""rules_inference"", ""moods"": ""final_completion"", ""subgenre"": ""final_completion"", ""valence"": ""final_completion"", ""themes"": ""final_completion"", ""weather"": ""final_completion"", ""season"": ""final_completion"", ""age_group"": ""final_completion"", ""vocals"": ""final_completion"", ""instruments"": ""final_completion"", ""language"": ""final_completion"", ""publisher"": ""final_completion"", ""composer"": ""final_completion"", ""copyright"": ""final_completion"", ""comment"": ""final_completion"", ""isrc"": ""final_completion"", ""cover_art_url"": ""final_completion""}",1,0,"0.317,D Minor,English,Cassian & AR/CO,Helix Records,Three Six Zero Recordings,(c) 2026 Helix Records"
2020-04-03,Pop,Pop,"=""00:02:26""",0.58,138,Chappell Roan - Pink Pony Club (Moonlight Remix) (1080).mp4,mainstream,all weather,1,"{""title"": ""deezer, itunes, lastfm, local_cleanup, musicbrainz"", ""artist"": ""deezer, existing_file_tag, itunes, lastfm, local_cleanup, musicbrainz"", ""album_artist"": ""deezer, existing_file_tag, itunes, musicbrainz"", ""date"": ""itunes, musicbrainz"", ""year"": ""itunes, musicbrainz"", ""genre"": ""deezer, discogs, itunes"", ""bpm"": ""essentia_features, rules_inference"", ""album"": ""discogs, musicbrainz"", ""track_number"": ""itunes, musicbrainz"", ""disc_number"": ""itunes, musicbrainz"", ""cover_art_url"": ""discogs"", ""composer"": ""musicbrainz"", ""isrc"": ""musicbrainz"", ""label"": ""discogs"", ""catalog_number"": ""discogs"", ""danceability"": ""essentia_features"", ""key"": ""essentia_features"", ""analysis_summary"": ""essentia_features"", ""mood"": ""rules_inference"", ""energy"": ""rules_inference"", ""moods"": ""final_completion"", ""subgenre"": ""final_completion"", ""valence"": ""final_completion"", ""occasion"": ""final_completion"", ""themes"": ""final_completion"", ""weather"": ""final_completion"", ""season"": ""final_completion"", ""age_group"": ""final_completion"", ""vocals"": ""final_completion"", ""instruments"": ""final_completion"", ""language"": ""final_completion"", ""publisher"": ""final_completion"", ""copyright"": ""final_completion"", ""comment"": ""final_completion""}",1,0,"0.367,Bb Major,English,Daniel Nigro,Chappell Roan,Amusement Records,Island Records,(c) 2020 Amusement Records"
2008,"House, Electro, Pop Rap","Electronic, Hip Hop","=""00:03:30""",0.78,130,Chris Brown - Forever (Denero Remix).mp4,upbeat,all weather,1,"{""title"": ""deezer, lastfm, local_cleanup, musicbrainz"", ""artist"": ""deezer, existing_file_tag, itunes, lastfm, local_cleanup, musicbrainz"", ""album_artist"": ""deezer, existing_file_tag, itunes, musicbrainz"", ""date"": ""discogs"", ""year"": ""deezer, discogs, musicbrainz"", ""genre"": ""discogs"", ""bpm"": ""essentia_features, existing_file_tag, rules_inference"", ""album"": ""deezer, discogs, musicbrainz"", ""track_number"": ""discogs, itunes, musicbrainz"", ""disc_number"": ""itunes, musicbrainz"", ""cover_art_url"": ""discogs"", ""composer"": ""musicbrainz"", ""subgenre"": ""discogs"", ""label"": ""discogs"", ""catalog_number"": ""discogs"", ""danceability"": ""essentia_features"", ""key"": ""essentia_features"", ""analysis_summary"": ""essentia_features"", ""analysis_json"": ""musicnn_mtg_jamendo"", ""mood"": ""rules_inference"", ""energy"": ""rules_inference"", ""occasion"": ""rules_inference"", ""moods"": ""final_completion"", ""valence"": ""final_completion"", ""themes"": ""final_completion"", ""weather"": ""final_completion"", ""season"": ""final_completion"", ""age_group"": ""final_completion"", ""vocals"": ""final_completion"", ""instruments"": ""final_completion"", ""language"": ""final_completion"", ""publisher"": ""final_completion"", ""copyright"": ""final_completion"", ""comment"": ""final_completion"", ""isrc"": ""final_completion""}",1,0,"0.365,B Major,English,Robert Allen,Chris Brown,Brian Kennedy,Andre Merritt,Polow Da Don,Jive,(c) 2008 Jive"
2026-06-17,"electronica, ambient",House/EDM,"=""00:03:06""",0.78,140,Clean Bandit & Biig Piig - I Don't Wanna Hurt You (1080).mp4,chillout,rainy,1,"{""title"": ""deezer, itunes, lastfm, local_cleanup, musicbrainz"", ""artist"": ""existing_file_tag, itunes, lastfm, local_cleanup, musicbrainz"", ""album_artist"": ""existing_file_tag, itunes, musicbrainz"", ""date"": ""deezer, itunes, musicbrainz"", ""year"": ""deezer, existing_file_tag, itunes, musicbrainz"", ""genre"": ""existing_file_tag"", ""bpm"": ""essentia_features, existing_file_tag, rules_inference"", ""album"": ""deezer, lastfm, musicbrainz"", ""track_number"": ""musicbrainz"", ""disc_number"": ""itunes, musicbrainz"", ""cover_art_url"": ""cover_art_archive"", ""composer"": ""musicbrainz"", ""isrc"": ""musicbrainz"", ""label"": ""musicbrainz"", ""catalog_number"": ""musicbrainz"", ""danceability"": ""essentia_features"", ""key"": ""essentia_features"", ""analysis_summary"": ""essentia_features"", ""subgenre"": ""musicnn_mtg_jamendo"", ""mood"": ""rules_inference"", ""moods"": ""musicnn_mtg_jamendo"", ""analysis_json"": ""musicnn_mtg_jamendo"", ""energy"": ""rules_inference"", ""occasion"": ""rules_inference"", ""weather"": ""rules_inference"", ""valence"": ""final_completion"", ""themes"": ""final_completion"", ""season"": ""final_completion"", ""age_group"": ""final_completion"", ""vocals"": ""final_completion"", ""instruments"": ""final_completion"", ""language"": ""final_completion"", ""publisher"": ""final_completion"", ""copyright"": ""final_completion"", ""comment"": ""final_completion""}",1,0,"0.366,F# Minor,English,Biig Piig,Alexander Cramp,Neil Ormandy,Jack Patterson,CB X,(c) 2026 CB X"
2002-03-13,"dance, House, electro",House/EDM,"=""00:01:43""",0.78,123,Commodores - Brickhouse (Wuki Remix) (1080).mp4,upbeat,all weather,1,"{""title"": ""lastfm, local_cleanup, musicbrainz"", ""artist"": ""deezer, existing_file_tag, lastfm, local_cleanup, musicbrainz"", ""album_artist"": ""deezer, existing_file_tag, musicbrainz"", ""date"": ""musicbrainz"", ""year"": ""musicbrainz"", ""genre"": ""existing_file_tag"", ""bpm"": ""essentia_features, existing_file_tag, rules_inference"", ""album"": ""musicbrainz"", ""track_number"": ""musicbrainz"", ""disc_number"": ""musicbrainz"", ""composer"": ""musicbrainz"", ""comment"": ""musicbrainz"", ""label"": ""musicbrainz"", ""catalog_number"": ""musicbrainz"", ""subgenre"": ""musicnn_mtg_jamendo"", ""danceability"": ""essentia_features"", ""key"": ""essentia_features"", ""analysis_summary"": ""essentia_features"", ""analysis_json"": ""musicnn_mtg_jamendo"", ""mood"": ""rules_inference"", ""energy"": ""rules_inference"", ""occasion"": ""rules_inference"", ""moods"": ""final_completion"", ""valence"": ""final_completion"", ""themes"": ""final_completion"", ""weather"": ""final_completion"", ""season"": ""final_completion"", ""age_group"": ""final_completion"", ""vocals"": ""final_completion"", ""instruments"": ""final_completion"", ""language"": ""final_completion"", ""publisher"": ""final_completion"", ""copyright"": ""final_completion"", ""isrc"": ""final_completion"", ""cover_art_url"": ""final_completion""}",1,0,"0.495,A Minor,English,Ronald LaPread,Thomas McClary,Lionel Richie,Milan Williams,Marketing & Music,(c) 2002 Marketing & Music"
2026,House/EDM,House/EDM,"=""00:02:33""",0.78,130,Contact Sports - Me & My Machine (1080).mp4,upbeat,all weather,1,"{""title"": ""deezer, itunes, lastfm, local_cleanup"", ""artist"": ""deezer, existing_file_tag, itunes, lastfm, local_cleanup"", ""date"": ""existing_file_tag"", ""year"": ""deezer, existing_file_tag, itunes"", ""genre"": ""existing_file_tag"", ""bpm"": ""essentia_features, rules_inference"", ""album"": ""deezer, itunes"", ""album_artist"": ""deezer, itunes"", ""cover_art_url"": ""lastfm"", ""danceability"": ""essentia_features"", ""key"": ""essentia_features"", ""analysis_summary"": ""essentia_features"", ""mood"": ""rules_inference"", ""energy"": ""rules_inference"", ""occasion"": ""rules_inference"", ""moods"": ""final_completion"", ""subgenre"": ""final_completion"", ""track_number"": ""final_completion"", ""disc_number"": ""final_completion"", ""valence"": ""final_completion"", ""themes"": ""final_completion"", ""weather"": ""final_completion"", ""season"": ""final_completion"", ""age_group"": ""final_completion"", ""vocals"": ""final_completion"", ""instruments"": ""final_completion"", ""language"": ""final_completion"", ""label"": ""final_completion"", ""publisher"": ""final_completion"", ""composer"": ""final_completion"", ""copyright"": ""final_completion"", ""comment"": ""final_completion"", ""isrc"": ""final_completion"", ""catalog_number"": ""final_completion""}",1,0,"0.341,C Minor,English,Contact Sports,(c) 2026 Contact Sports"
2025-08-08,"dance, House, electro",House/EDM,"=""00:03:32""",0.78,128,Contribe - Batucada (Visualizer).mp4,upbeat,all weather,1,"{""title"": ""deezer, itunes, lastfm, local_cleanup"", ""artist"": ""deezer, existing_file_tag, itunes, lastfm, local_cleanup"", ""album_artist"": ""deezer, existing_file_tag, itunes"", ""date"": ""deezer, itunes"", ""year"": ""deezer, existing_file_tag, itunes"", ""genre"": ""existing_file_tag"", ""bpm"": ""essentia_features, existing_file_tag, rules_inference"", ""album"": ""lastfm"", ""danceability"": ""essentia_features"", ""key"": ""essentia_features"", ""analysis_summary"": ""essentia_features"", ""subgenre"": ""musicnn_mtg_jamendo"", ""analysis_json"": ""musicnn_mtg_jamendo"", ""mood"": ""rules_inference"", ""energy"": ""rules_inference"", ""occasion"": ""rules_inference"", ""moods"": ""final_completion"", ""track_number"": ""final_completion"", ""disc_number"": ""final_completion"", ""valence"": ""final_completion"", ""themes"": ""final_completion"", ""weather"": ""final_completion"", ""season"": ""final_completion"", ""age_group"": ""final_completion"", ""vocals"": ""final_completion"", ""instruments"": ""final_completion"", ""language"": ""final_completion"", ""label"": ""final_completion"", ""publisher"": ""final_completion"", ""composer"": ""final_completion"", ""copyright"": ""final_completion"", ""comment"": ""final_completion"", ""isrc"": ""final_completion"", ""catalog_number"": ""final_completion"", ""cover_art_url"": ""final_completion""}",1,0,"0.429,Bb Minor,English,Contribe,(c) 2025 Contribe"
2013-05-17,contemporary country,contemporary country,"=""00:05:19""",0.68,135,Darius Rucker - Wagon Wheel (Anthem Kingz Country Smasher).mp4,energetic,all weather,1,"{""title"": ""deezer, itunes, lastfm, local_cleanup, musicbrainz"", ""artist"": ""deezer, existing_file_tag, itunes, lastfm, local_cleanup, musicbrainz"", ""album_artist"": ""deezer, existing_file_tag, itunes, musicbrainz"", ""date"": ""musicbrainz"", ""year"": ""discogs, itunes, musicbrainz"", ""genre"": ""musicbrainz"", ""bpm"": ""essentia_features, existing_file_tag, rules_inference"", ""album"": ""discogs, itunes, lastfm, musicbrainz"", ""track_number"": ""discogs, itunes, musicbrainz"", ""disc_number"": ""itunes, musicbrainz"", ""cover_art_url"": ""lastfm"", ""composer"": ""musicbrainz"", ""comment"": ""musicbrainz"", ""label"": ""discogs, musicbrainz"", ""catalog_number"": ""musicbrainz"", ""isrc"": ""musicbrainz"", ""danceability"": ""essentia_features"", ""key"": ""essentia_features"", ""analysis_summary"": ""essentia_features"", ""mood"": ""rules_inference"", ""energy"": ""rules_inference"", ""moods"": ""final_completion"", ""subgenre"": ""final_completion"", ""valence"": ""final_completion"", ""occasion"": ""final_completion"", ""themes"": ""final_completion"", ""weather"": ""final_completion"", ""season"": ""final_completion"", ""age_group"": ""final_completion"", ""vocals"": ""final_completion"", ""instruments"": ""final_completion"", ""language"": ""final_completion"", ""publisher"": ""final_completion"", ""copyright"": ""final_completion""}",1,0,"0.409,A Major,English,Jay Secor,Ketch Secor,Bob Dylan,Arthur “Big Boy” Crudup,Capitol Records Nashville,(c) 2013 Capitol Records Nashville"
2026-04-24,Tech House,Dance,"=""00:03:27""",0.78,132,Devault - Can't Wait No More (Visualizer).mp4,upbeat,all weather,1,"{""title"": ""deezer, itunes, lastfm, local_cleanup"", ""artist"": ""deezer, existing_file_tag, itunes, local_cleanup, musicbrainz"", ""date"": ""deezer, discogs, itunes, musicbrainz"", ""year"": ""deezer, discogs, existing_file_tag, itunes, musicbrainz"", ""genre"": ""deezer, itunes"", ""bpm"": ""essentia_features, existing_file_tag, rules_inference"", ""album"": ""deezer, discogs, lastfm, musicbrainz"", ""album_artist"": ""deezer, itunes, musicbrainz"", ""track_number"": ""discogs, itunes, musicbrainz"", ""disc_number"": ""itunes, musicbrainz"", ""cover_art_url"": ""discogs"", ""isrc"": ""musicbrainz"", ""label"": ""discogs, musicbrainz"", ""catalog_number"": ""discogs, musicbrainz"", ""subgenre"": ""discogs"", ""danceability"": ""essentia_features"", ""key"": ""essentia_features"", ""analysis_summary"": ""essentia_features"", ""analysis_json"": ""musicnn_mtg_jamendo"", ""mood"": ""rules_inference"", ""energy"": ""rules_inference"", ""occasion"": ""rules_inference"", ""moods"": ""final_completion"", ""valence"": ""final_completion"", ""themes"": ""final_completion"", ""weather"": ""final_completion"", ""season"": ""final_completion"", ""age_group"": ""final_completion"", ""vocals"": ""final_completion"", ""instruments"": ""final_completion"", ""language"": ""final_completion"", ""publisher"": ""final_completion"", ""composer"": ""final_completion"", ""copyright"": ""final_completion"", ""comment"": ""final_completion""}",1,0,"0.454,G Minor,English,Devault,Experts Only,(c) 2026 Experts Only"
1993-05-10,Rock,Rock,"=""00:03:27""",0.58,172,Dire Straits - Walk Of Life (Jet Boot Jack Remix) (1080).mp4,energetic,all weather,1,"{""title"": ""itunes, lastfm, musicbrainz"", ""artist"": ""deezer, existing_file_tag, itunes, lastfm, local_cleanup, musicbrainz"", ""album_artist"": ""existing_file_tag, itunes, musicbrainz"", ""date"": ""discogs, musicbrainz"", ""year"": ""discogs, musicbrainz"", ""genre"": ""deezer, discogs, itunes"", ""bpm"": ""essentia_features, rules_inference"", ""album"": ""musicbrainz"", ""track_number"": ""discogs, musicbrainz"", ""disc_number"": ""itunes, musicbrainz"", ""cover_art_url"": ""lastfm"", ""composer"": ""discogs, musicbrainz"", ""comment"": ""musicbrainz"", ""label"": ""discogs, musicbrainz"", ""catalog_number"": ""discogs, musicbrainz"", ""isrc"": ""musicbrainz"", ""danceability"": ""essentia_features"", ""key"": ""essentia_features"", ""analysis_summary"": ""essentia_features"", ""mood"": ""rules_inference"", ""energy"": ""rules_inference"", ""moods"": ""final_completion"", ""subgenre"": ""final_completion"", ""valence"": ""final_completion"", ""occasion"": ""final_completion"", ""themes"": ""final_completion"", ""weather"": ""final_completion"", ""season"": ""final_completion"", ""age_group"": ""final_completion"", ""vocals"": ""final_completion"", ""instruments"": ""final_completion"", ""language"": ""final_completion"", ""publisher"": ""final_completion"", ""copyright"": ""final_completion""}",1,0,"0.41,E Major,English,Mark Knopfler,Vertigo,(c) 1993 Vertigo"
2026-06-26,Tech House,Dance,"=""00:03:59""",0.78,129,EdiP & Dinu - Nocturno (Visualizer).mp4,upbeat,all weather,1,"{""title"": ""deezer, itunes, lastfm, local_cleanup"", ""artist"": ""existing_file_tag, itunes, lastfm, local_cleanup"", ""date"": ""deezer, discogs, itunes"", ""year"": ""deezer, discogs, existing_file_tag, itunes"", ""genre"": ""deezer, itunes"", ""bpm"": ""essentia_features, existing_file_tag, rules_inference"", ""album"": ""deezer, discogs, lastfm"", ""track_number"": ""discogs, itunes"", ""cover_art_url"": ""discogs"", ""subgenre"": ""discogs"", ""label"": ""discogs"", ""catalog_number"": ""discogs"", ""danceability"": ""essentia_features"", ""key"": ""essentia_features"", ""analysis_summary"": ""essentia_features"", ""analysis_json"": ""musicnn_mtg_jamendo"", ""mood"": ""rules_inference"", ""energy"": ""rules_inference"", ""occasion"": ""rules_inference"", ""album_artist"": ""final_completion"", ""moods"": ""final_completion"", ""disc_number"": ""final_completion"", ""valence"": ""final_completion"", ""themes"": ""final_completion"", ""weather"": ""final_completion"", ""season"": ""final_completion"", ""age_group"": ""final_completion"", ""vocals"": ""final_completion"", ""instruments"": ""final_completion"", ""language"": ""final_completion"", ""publisher"": ""final_completion"", ""composer"": ""final_completion"", ""copyright"": ""final_completion"", ""comment"": ""final_completion"", ""isrc"": ""final_completion""}",1,0,"0.416,D Major,English,EdiP & Dinu,Experts Only,(c) 2026 Experts Only"
I Can't Love You Anymore (Deerock Remix) (Lyrics),billboard hot 100,Ella Langley & Morgan Wallen,"=""00:03:38""",0.68,126,Ella Langley & Morgan Wallen - I Can't Love You Anymore (Deerock Remix) (Lyrics).mp4,energetic,all weather,1,"{""title"": ""deezer, itunes, lastfm, local_cleanup"", ""artist"": ""existing_file_tag, itunes, lastfm, local_cleanup, musicbrainz"", ""album_artist"": ""existing_file_tag, itunes, musicbrainz"", ""date"": ""deezer, itunes"", ""year"": ""deezer, existing_file_tag, itunes, musicbrainz"", ""genre"": ""musicbrainz"", ""bpm"": ""essentia_features, rules_inference"", ""album"": ""musicbrainz"", ""track_number"": ""musicbrainz"", ""disc_number"": ""itunes, musicbrainz"", ""cover_art_url"": ""lastfm"", ""composer"": ""musicbrainz"", ""isrc"": ""musicbrainz"", ""comment"": ""musicbrainz"", ""label"": ""musicbrainz"", ""catalog_number"": ""musicbrainz"", ""danceability"": ""essentia_features"", ""key"": ""essentia_features"", ""analysis_summary"": ""essentia_features"", ""mood"": ""rules_inference"", ""energy"": ""rules_inference"", ""moods"": ""final_completion"", ""subgenre"": ""final_completion"", ""valence"": ""final_completion"", ""occasion"": ""final_completion"", ""themes"": ""final_completion"", ""weather"": ""final_completion"", ""season"": ""final_completion"", ""age_group"": ""final_completion"", ""vocals"": ""final_completion"", ""instruments"": ""final_completion"", ""language"": ""final_completion"", ""publisher"": ""final_completion"", ""copyright"": ""final_completion""}",1,0,"0.347,Bb Minor,English,Austin Goodloe,Ella Langley,Joybeth Taylor,Columbia,SAWGOD,(c) 2026 Columbia"
2026-02-13,country,country,"=""00:02:23""",0.58,124,Ella Langley - Be Her (Deerock Remix) (1080).mp4,balanced,all weather,1,"{""title"": ""deezer, itunes, lastfm, local_cleanup, musicbrainz"", ""artist"": ""deezer, existing_file_tag, itunes, lastfm, local_cleanup, musicbrainz"", ""album_artist"": ""deezer, existing_file_tag, itunes, musicbrainz"", ""date"": ""deezer, itunes, musicbrainz"", ""year"": ""deezer, existing_file_tag, itunes, musicbrainz"", ""genre"": ""musicbrainz"", ""bpm"": ""essentia_features, rules_inference"", ""album"": ""itunes, lastfm"", ""track_number"": ""musicbrainz"", ""disc_number"": ""itunes, musicbrainz"", ""cover_art_url"": ""lastfm"", ""composer"": ""musicbrainz"", ""isrc"": ""musicbrainz"", ""comment"": ""musicbrainz"", ""label"": ""musicbrainz"", ""catalog_number"": ""musicbrainz"", ""danceability"": ""essentia_features"", ""key"": ""essentia_features"", ""analysis_summary"": ""essentia_features"", ""subgenre"": ""final_completion"", ""energy"": ""final_completion"", ""mood"": ""final_completion"", ""moods"": ""final_completion"", ""valence"": ""final_completion"", ""occasion"": ""final_completion"", ""themes"": ""final_completion"", ""weather"": ""final_completion"", ""season"": ""final_completion"", ""age_group"": ""final_completion"", ""vocals"": ""final_completion"", ""instruments"": ""final_completion"", ""language"": ""final_completion"", ""publisher"": ""final_completion"", ""copyright"": ""final_completion""}",1,0,"0.44,B Major,English,Smith Ahnquist,HARDY,Ella Langley,Jordan Schmidt,Columbia,SAWGOD,(c) 2026 Columbia"
Loving Life Again (Deerock Remix) (Lyrics),"dance, House, electro",Ella Langley,"=""00:03:38""",0.78,119,Ella Langley - Loving Life Again (Deerock Remix) (Lyrics).mp4,upbeat,all weather,1,"{""title"": ""deezer, itunes, lastfm, local_cleanup, musicbrainz"", ""artist"": ""deezer, existing_file_tag, itunes, lastfm, local_cleanup, musicbrainz"", ""album_artist"": ""deezer, existing_file_tag, itunes, musicbrainz"", ""date"": ""deezer, itunes, musicbrainz"", ""year"": ""deezer, existing_file_tag, itunes, musicbrainz"", ""genre"": ""musicbrainz"", ""bpm"": ""essentia_features, existing_file_tag, rules_inference"", ""album"": ""itunes, lastfm"", ""track_number"": ""musicbrainz"", ""disc_number"": ""itunes, musicbrainz"", ""cover_art_url"": ""lastfm"", ""composer"": ""musicbrainz"", ""isrc"": ""musicbrainz"", ""comment"": ""musicbrainz"", ""label"": ""musicbrainz"", ""catalog_number"": ""musicbrainz"", ""danceability"": ""essentia_features"", ""key"": ""essentia_features"", ""analysis_summary"": ""essentia_features"", ""subgenre"": ""musicnn_mtg_jamendo"", ""analysis_json"": ""musicnn_mtg_jamendo"", ""mood"": ""rules_inference"", ""energy"": ""rules_inference"", ""occasion"": ""rules_inference"", ""moods"": ""final_completion"", ""valence"": ""final_completion"", ""themes"": ""final_completion"", ""weather"": ""final_completion"", ""season"": ""final_completion"", ""age_group"": ""final_completion"", ""vocals"": ""final_completion"", ""instruments"": ""final_completion"", ""language"": ""final_completion"", ""publisher"": ""final_completion"", ""copyright"": ""final_completion""}",1,0,"0.46,C# Major,English,Devin Dawson,ERNEST,SAWGOD - Columbia,(c) 2026 SAWGOD - Columbia"
1987-07-18,"electronic, House, pop, electro",House/EDM,"=""00:04:43""",0.78,124,Eric Carmen - Hungry Eyes (Jackers Revenge Remix) (1080).mp4,upbeat,all weather,1,"{""title"": ""itunes, lastfm, local_cleanup, musicbrainz"", ""artist"": ""deezer, existing_file_tag, itunes, lastfm, local_cleanup, musicbrainz"", ""album_artist"": ""existing_file_tag, musicbrainz"", ""date"": ""itunes, musicbrainz"", ""year"": ""deezer, itunes, musicbrainz"", ""genre"": ""existing_file_tag"", ""bpm"": ""essentia_features, existing_file_tag, rules_inference"", ""album"": ""deezer, itunes, musicbrainz"", ""track_number"": ""itunes, musicbrainz"", ""disc_number"": ""itunes, musicbrainz"", ""cover_art_url"": ""lastfm"", ""composer"": ""musicbrainz"", ""label"": ""discogs, musicbrainz"", ""catalog_number"": ""musicbrainz"", ""subgenre"": ""musicnn_mtg_jamendo"", ""isrc"": ""musicbrainz"", ""danceability"": ""essentia_features"", ""key"": ""essentia_features"", ""analysis_summary"": ""essentia_features"", ""analysis_json"": ""musicnn_mtg_jamendo"", ""mood"": ""rules_inference"", ""energy"": ""rules_inference"", ""occasion"": ""rules_inference"", ""moods"": ""final_completion"", ""valence"": ""final_completion"", ""themes"": ""final_completion"", ""weather"": ""final_completion"", ""season"": ""final_completion"", ""age_group"": ""final_completion"", ""vocals"": ""final_completion"", ""instruments"": ""final_completion"", ""language"": ""final_completion"", ""publisher"": ""final_completion"", ""copyright"": ""final_completion"", ""comment"": ""final_completion""}",1,0,"0.431,F Major,English,John DeNicola,Franke Previte,RCA,(c) 1987 RCA"
2026-05-22,"electronic, House, electro, pop",Electronic,"=""00:04:21""",0.78,126,HUGEL ft Imael Angel & Ultra Nate - Movin' To The Sun (Dark Intensity Remix) (1080).mp4,upbeat,all weather,1,"{""title"": ""deezer, itunes, lastfm, local_cleanup, musicbrainz"", ""artist"": ""itunes, lastfm, musicbrainz"", ""album_artist"": ""itunes, musicbrainz"", ""date"": ""deezer, discogs, itunes, musicbrainz"", ""year"": ""deezer, discogs, existing_file_tag, itunes, musicbrainz"", ""genre"": ""discogs, itunes"", ""bpm"": ""essentia_features, existing_file_tag, rules_inference"", ""album"": ""deezer, discogs, musicbrainz"", ""track_number"": ""discogs, itunes, musicbrainz"", ""disc_number"": ""itunes, musicbrainz"", ""cover_art_url"": ""cover_art_archive"", ""isrc"": ""musicbrainz"", ""subgenre"": ""musicnn_mtg_jamendo"", ""danceability"": ""essentia_features"", ""key"": ""essentia_features"", ""analysis_summary"": ""essentia_features"", ""analysis_json"": ""musicnn_mtg_jamendo"", ""mood"": ""rules_inference"", ""energy"": ""rules_inference"", ""occasion"": ""rules_inference"", ""moods"": ""final_completion"", ""valence"": ""final_completion"", ""themes"": ""final_completion"", ""weather"": ""final_completion"", ""season"": ""final_completion"", ""age_group"": ""final_completion"", ""vocals"": ""final_completion"", ""instruments"": ""final_completion"", ""language"": ""final_completion"", ""label"": ""final_completion"", ""publisher"": ""final_completion"", ""composer"": ""final_completion"", ""copyright"": ""final_completion"", ""catalog_number"": ""final_completion"", ""comment"": ""final_completion""}",1,0,"0.477,F Minor,HUGEL,Imael Angel & Ultra Naté,(c) 2026 HUGEL"
2026,"dance, electro, House",House/EDM,"=""00:03:02""",0.78,132,HUGEL ft Imael Angel & Ultra Nate Vs Robert Miles Vs Camelphat & Volkoder - Movin' To The Sun Vs Children (DJs From Mars Remix).mp4,upbeat,all weather,1,"{""title"": ""existing_file_tag"", ""artist"": ""existing_file_tag, local_cleanup"", ""date"": ""existing_file_tag"", ""year"": ""existing_file_tag"", ""genre"": ""existing_file_tag"", ""bpm"": ""essentia_features, existing_file_tag, rules_inference"", ""danceability"": ""essentia_features"", ""key"": ""essentia_features"", ""analysis_summary"": ""essentia_features"", ""subgenre"": ""musicnn_mtg_jamendo"", ""analysis_json"": ""musicnn_mtg_jamendo"", ""mood"": ""rules_inference"", ""energy"": ""rules_inference"", ""occasion"": ""rules_inference"", ""album_artist"": ""final_completion"", ""album"": ""final_completion"", ""moods"": ""final_completion"", ""track_number"": ""final_completion"", ""disc_number"": ""final_completion"", ""valence"": ""final_completion"", ""themes"": ""final_completion"", ""weather"": ""final_completion"", ""season"": ""final_completion"", ""age_group"": ""final_completion"", ""vocals"": ""final_completion"", ""instruments"": ""final_completion"", ""language"": ""final_completion"", ""label"": ""final_completion"", ""publisher"": ""final_completion"", ""composer"": ""final_completion"", ""copyright"": ""final_completion"", ""comment"": ""final_completion"", ""isrc"": ""final_completion"", ""catalog_number"": ""final_completion"", ""cover_art_url"": ""final_completion""}",1,0,"0.289,G Minor,English,HUGEL Ft Imael Angel & Ultra Nate Vs Robert Miles Vs Camelphat & Volkoder,(c) 2026 HUGEL Ft Imael Angel & Ultra Nate Vs Robert Miles Vs Camelphat & Volkoder"
2026-03-06,"electronic, House, pop, electro",Pop,"=""00:04:28""",0.78,124,Harry Styles - American Girls (Division 4 Remix) (1080).mp4,upbeat,all weather,1,"{""title"": ""deezer, itunes, lastfm, local_cleanup, musicbrainz"", ""artist"": ""deezer, existing_file_tag, itunes, lastfm, local_cleanup, musicbrainz"", ""album_artist"": ""deezer, existing_file_tag, itunes, musicbrainz"", ""date"": ""deezer, discogs, itunes, musicbrainz"", ""year"": ""deezer, discogs, itunes, musicbrainz"", ""genre"": ""deezer, discogs, itunes"", ""bpm"": ""essentia_features, rules_inference"", ""album"": ""deezer, discogs, itunes, lastfm"", ""track_number"": ""discogs, itunes, musicbrainz"", ""disc_number"": ""itunes, musicbrainz"", ""cover_art_url"": ""lastfm"", ""composer"": ""musicbrainz"", ""isrc"": ""musicbrainz"", ""comment"": ""musicbrainz"", ""label"": ""musicbrainz"", ""catalog_number"": ""musicbrainz"", ""subgenre"": ""musicnn_mtg_jamendo"", ""danceability"": ""essentia_features"", ""key"": ""essentia_features"", ""analysis_summary"": ""essentia_features"", ""analysis_json"": ""musicnn_mtg_jamendo"", ""mood"": ""rules_inference"", ""energy"": ""rules_inference"", ""occasion"": ""rules_inference"", ""moods"": ""final_completion"", ""valence"": ""final_completion"", ""themes"": ""final_completion"", ""weather"": ""final_completion"", ""season"": ""final_completion"", ""age_group"": ""final_completion"", ""vocals"": ""final_completion"", ""instruments"": ""final_completion"", ""language"": ""final_completion"", ""publisher"": ""final_completion"", ""copyright"": ""final_completion""}",1,0,"0.464,C# Major,English,Tyler Johnson,Kid Harpoon,Harry Styles,Columbia,(c) 2026 Columbia"
2026-05-22,House,Dance,"=""00:02:32""",0.78,123,Henri PFR & Dr. Chaii - Sola (1080).mp4,upbeat,all weather,1,"{""title"": ""deezer, itunes, local_cleanup, musicbrainz"", ""artist"": ""existing_file_tag, itunes, local_cleanup"", ""date"": ""deezer, discogs, itunes, musicbrainz"", ""year"": ""deezer, discogs, existing_file_tag, itunes, musicbrainz"", ""genre"": ""deezer, itunes"", ""bpm"": ""essentia_features, existing_file_tag, rules_inference"", ""album"": ""deezer, discogs, musicbrainz"", ""album_artist"": ""musicbrainz"", ""track_number"": ""discogs, itunes, musicbrainz"", ""disc_number"": ""itunes, musicbrainz"", ""cover_art_url"": ""discogs"", ""isrc"": ""musicbrainz"", ""label"": ""discogs"", ""catalog_number"": ""discogs"", ""subgenre"": ""discogs"", ""danceability"": ""essentia_features"", ""key"": ""essentia_features"", ""analysis_summary"": ""essentia_features"", ""mood"": ""rules_inference"", ""energy"": ""rules_inference"", ""occasion"": ""rules_inference"", ""moods"": ""final_completion"", ""valence"": ""final_completion"", ""themes"": ""final_completion"", ""weather"": ""final_completion"", ""season"": ""final_completion"", ""age_group"": ""final_completion"", ""vocals"": ""final_completion"", ""instruments"": ""final_completion"", ""language"": ""final_completion"", ""publisher"": ""final_completion"", ""composer"": ""final_completion"", ""copyright"": ""final_completion"", ""comment"": ""final_completion""}",1,0,"0.418,F# Minor,English,Henri PFR & Dr. Chaii,Adore Music,(c) 2026 Adore Music"
2026-05-07,Electro,Pop,"=""00:03:05""",0.68,126,INNA & Matoma - Dream Out Loud (1080).mp4,energetic,all weather,1,"{""title"": ""deezer, itunes, lastfm, local_cleanup, musicbrainz"", ""artist"": ""existing_file_tag, local_cleanup, musicbrainz"", ""date"": ""deezer, discogs, itunes, musicbrainz"", ""year"": ""deezer, discogs, existing_file_tag, itunes, musicbrainz"", ""genre"": ""discogs, itunes"", ""bpm"": ""essentia_features, existing_file_tag, rules_inference"", ""album"": ""deezer, discogs, lastfm, musicbrainz"", ""album_artist"": ""musicbrainz"", ""track_number"": ""discogs, itunes, musicbrainz"", ""disc_number"": ""itunes, musicbrainz"", ""cover_art_url"": ""discogs"", ""label"": ""discogs, musicbrainz"", ""catalog_number"": ""musicbrainz"", ""subgenre"": ""discogs"", ""composer"": ""discogs"", ""danceability"": ""essentia_features"", ""key"": ""essentia_features"", ""analysis_summary"": ""essentia_features"", ""mood"": ""rules_inference"", ""energy"": ""rules_inference"", ""moods"": ""final_completion"", ""valence"": ""final_completion"", ""occasion"": ""final_completion"", ""themes"": ""final_completion"", ""weather"": ""final_completion"", ""season"": ""final_completion"", ""age_group"": ""final_completion"", ""vocals"": ""final_completion"", ""instruments"": ""final_completion"", ""language"": ""final_completion"", ""publisher"": ""final_completion"", ""copyright"": ""final_completion"", ""comment"": ""final_completion"", ""isrc"": ""final_completion""}",1,0,"0.352,C Minor,English,Elena Alexandra Apostoleanu,Global Records,(c) 2026 Global Records"
2026,House/EDM,House/EDM,"=""00:02:53""",0.78,132,Jaden Bojsen - Erica (1080).mp4,upbeat,all weather,1,"{""title"": ""itunes, lastfm"", ""artist"": ""existing_file_tag, itunes, lastfm, local_cleanup"", ""date"": ""existing_file_tag"", ""year"": ""existing_file_tag, itunes"", ""genre"": ""existing_file_tag"", ""bpm"": ""essentia_features, existing_file_tag, rules_inference"", ""album"": ""itunes, lastfm"", ""cover_art_url"": ""lastfm"", ""danceability"": ""essentia_features"", ""key"": ""essentia_features"", ""analysis_summary"": ""essentia_features"", ""mood"": ""rules_inference"", ""energy"": ""rules_inference"", ""occasion"": ""rules_inference"", ""album_artist"": ""final_completion"", ""moods"": ""final_completion"", ""subgenre"": ""final_completion"", ""track_number"": ""final_completion"", ""disc_number"": ""final_completion"", ""valence"": ""final_completion"", ""themes"": ""final_completion"", ""weather"": ""final_completion"", ""season"": ""final_completion"", ""age_group"": ""final_completion"", ""vocals"": ""final_completion"", ""instruments"": ""final_completion"", ""language"": ""final_completion"", ""label"": ""final_completion"", ""publisher"": ""final_completion"", ""composer"": ""final_completion"", ""copyright"": ""final_completion"", ""comment"": ""final_completion"", ""isrc"": ""final_completion"", ""catalog_number"": ""final_completion""}",1,0,"0.409,E Minor,English,Jaden Bojsen,(c) 2026 Jaden Bojsen"
2026-06-19,Dance,Dance,"=""00:03:17""",0.78,130,Jazzy & Chris Lorenzo - Invisible (1080).mp4,upbeat,all weather,1,"{""title"": ""deezer, itunes, lastfm, local_cleanup, musicbrainz"", ""artist"": ""existing_file_tag, itunes, lastfm, local_cleanup, musicbrainz"", ""date"": ""deezer, itunes, musicbrainz"", ""year"": ""deezer, existing_file_tag, itunes, musicbrainz"", ""genre"": ""deezer, itunes"", ""bpm"": ""essentia_features, rules_inference"", ""album"": ""itunes, lastfm"", ""album_artist"": ""deezer, itunes"", ""track_number"": ""musicbrainz"", ""disc_number"": ""itunes, musicbrainz"", ""cover_art_url"": ""lastfm"", ""isrc"": ""musicbrainz"", ""label"": ""musicbrainz"", ""catalog_number"": ""musicbrainz"", ""danceability"": ""essentia_features"", ""key"": ""essentia_features"", ""analysis_summary"": ""essentia_features"", ""mood"": ""rules_inference"", ""energy"": ""rules_inference"", ""occasion"": ""rules_inference"", ""moods"": ""final_completion"", ""subgenre"": ""final_completion"", ""valence"": ""final_completion"", ""themes"": ""final_completion"", ""weather"": ""final_completion"", ""season"": ""final_completion"", ""age_group"": ""final_completion"", ""vocals"": ""final_completion"", ""instruments"": ""final_completion"", ""language"": ""final_completion"", ""publisher"": ""final_completion"", ""composer"": ""final_completion"", ""copyright"": ""final_completion"", ""comment"": ""final_completion""}",1,0,"0.425,Eb Minor,English,Jazzy & Chris Lorenzo,Chaos,(c) 2026 Chaos"
2001-01-23,"House, electronic, pop",Pop,"=""00:04:11""",0.78,121,Jennifer Lopez - Play (Brothas & Sistas Remix).mp4,upbeat,all weather,1,"{""title"": ""deezer, lastfm, local_cleanup, musicbrainz"", ""artist"": ""deezer, existing_file_tag, itunes, lastfm, local_cleanup, musicbrainz"", ""album_artist"": ""deezer, existing_file_tag, itunes, musicbrainz"", ""date"": ""musicbrainz"", ""year"": ""deezer, discogs, itunes, musicbrainz"", ""genre"": ""deezer, itunes"", ""bpm"": ""essentia_features, existing_file_tag, rules_inference"", ""album"": ""deezer, discogs, lastfm, musicbrainz"", ""track_number"": ""discogs, musicbrainz"", ""disc_number"": ""itunes, musicbrainz"", ""cover_art_url"": ""lastfm"", ""composer"": ""musicbrainz"", ""isrc"": ""musicbrainz"", ""comment"": ""musicbrainz"", ""label"": ""discogs"", ""catalog_number"": ""musicbrainz"", ""subgenre"": ""musicnn_mtg_jamendo"", ""danceability"": ""essentia_features"", ""key"": ""essentia_features"", ""analysis_summary"": ""essentia_features"", ""analysis_json"": ""musicnn_mtg_jamendo"", ""mood"": ""rules_inference"", ""energy"": ""rules_inference"", ""occasion"": ""rules_inference"", ""moods"": ""final_completion"", ""valence"": ""final_completion"", ""themes"": ""final_completion"", ""weather"": ""final_completion"", ""season"": ""final_completion"", ""age_group"": ""final_completion"", ""vocals"": ""final_completion"", ""instruments"": ""final_completion"", ""language"": ""final_completion"", ""publisher"": ""final_completion"", ""copyright"": ""final_completion""}",1,0,"0.451,A Minor,English,Anders Bagge,Arnthor Birgisson,Christina Milian,Cory Rooney,Epic,(c) 2001 Epic"
1991,Italo House,Dance,"=""00:05:49""",0.78,127,Jinny - Keep Warm (Sgt Slick Remix) (1080).mp4,upbeat,all weather,1,"{""title"": ""lastfm, local_cleanup, musicbrainz"", ""artist"": ""deezer, existing_file_tag, itunes, lastfm, local_cleanup, musicbrainz"", ""album_artist"": ""deezer, existing_file_tag, itunes, musicbrainz"", ""date"": ""discogs, musicbrainz"", ""year"": ""deezer, discogs, itunes, musicbrainz"", ""genre"": ""deezer, itunes"", ""bpm"": ""essentia_features, existing_file_tag, rules_inference"", ""album"": ""deezer, discogs, musicbrainz"", ""track_number"": ""discogs"", ""disc_number"": ""itunes, musicbrainz"", ""cover_art_url"": ""discogs"", ""composer"": ""discogs"", ""label"": ""discogs, musicbrainz"", ""catalog_number"": ""discogs, musicbrainz"", ""subgenre"": ""discogs"", ""danceability"": ""essentia_features"", ""key"": ""essentia_features"", ""analysis_summary"": ""essentia_features"", ""vocals"": ""musicnn_mtg_jamendo"", ""analysis_json"": ""musicnn_mtg_jamendo"", ""mood"": ""rules_inference"", ""energy"": ""rules_inference"", ""occasion"": ""rules_inference"", ""moods"": ""final_completion"", ""valence"": ""final_completion"", ""themes"": ""final_completion"", ""weather"": ""final_completion"", ""season"": ""final_completion"", ""age_group"": ""final_completion"", ""instruments"": ""final_completion"", ""language"": ""final_completion"", ""publisher"": ""final_completion"", ""copyright"": ""final_completion"", ""comment"": ""final_completion"", ""isrc"": ""final_completion""}",0,1,"0.656,D Major,English,Alessandro Gilardi,Walter Cremonini,Italian Style Production,(c) 1991 Italian Style Production"
2011-11-29,dance,dance,"=""00:04:31""",0.78,129,LMFAO - Party Rock Anthem (BVRNOUT Remix).mp4,upbeat,all weather,1,"{""title"": ""deezer, lastfm, local_cleanup, musicbrainz"", ""artist"": ""deezer, existing_file_tag, itunes, lastfm, local_cleanup, musicbrainz"", ""album_artist"": ""deezer, existing_file_tag, itunes, musicbrainz"", ""date"": ""musicbrainz"", ""year"": ""deezer, discogs, itunes, musicbrainz"", ""genre"": ""lastfm"", ""bpm"": ""essentia_features, existing_file_tag, rules_inference"", ""album"": ""musicbrainz"", ""track_number"": ""musicbrainz"", ""disc_number"": ""itunes, musicbrainz"", ""cover_art_url"": ""lastfm"", ""label"": ""musicbrainz"", ""catalog_number"": ""musicbrainz"", ""danceability"": ""essentia_features"", ""key"": ""essentia_features"", ""analysis_summary"": ""essentia_features"", ""mood"": ""rules_inference"", ""energy"": ""rules_inference"", ""occasion"": ""rules_inference"", ""moods"": ""final_completion"", ""subgenre"": ""final_completion"", ""valence"": ""final_completion"", ""themes"": ""final_completion"", ""weather"": ""final_completion"", ""season"": ""final_completion"", ""age_group"": ""final_completion"", ""vocals"": ""final_completion"", ""instruments"": ""final_completion"", ""language"": ""final_completion"", ""publisher"": ""final_completion"", ""composer"": ""final_completion"", ""copyright"": ""final_completion"", ""comment"": ""final_completion"", ""isrc"": ""final_completion""}",1,0,"0.374,F Minor,English,LMFAO,Universo,(c) 2011 Universo"
2026-06-12,"electronic, House, electro, pop",House/EDM,"=""00:02:21""",0.78,124,Laback - Feel The Funk (1080).mp4,upbeat,all weather,1,"{""title"": ""deezer, itunes, lastfm, local_cleanup"", ""artist"": ""deezer, existing_file_tag, lastfm, local_cleanup"", ""date"": ""deezer, itunes"", ""year"": ""deezer, existing_file_tag, itunes"", ""genre"": ""existing_file_tag"", ""bpm"": ""essentia_features, rules_inference"", ""album"": ""deezer, lastfm"", ""danceability"": ""essentia_features"", ""key"": ""essentia_features"", ""analysis_summary"": ""essentia_features"", ""subgenre"": ""musicnn_mtg_jamendo"", ""analysis_json"": ""musicnn_mtg_jamendo"", ""mood"": ""rules_inference"", ""energy"": ""rules_inference"", ""occasion"": ""rules_inference"", ""album_artist"": ""final_completion"", ""moods"": ""final_completion"", ""track_number"": ""final_completion"", ""disc_number"": ""final_completion"", ""valence"": ""final_completion"", ""themes"": ""final_completion"", ""weather"": ""final_completion"", ""season"": ""final_completion"", ""age_group"": ""final_completion"", ""vocals"": ""final_completion"", ""instruments"": ""final_completion"", ""language"": ""final_completion"", ""label"": ""final_completion"", ""publisher"": ""final_completion"", ""composer"": ""final_completion"", ""copyright"": ""final_completion"", ""comment"": ""final_completion"", ""isrc"": ""final_completion"", ""catalog_number"": ""final_completion"", ""cover_art_url"": ""final_completion""}",1,0,"0.465,F Minor,English,Laback,(c) 2026 Laback"
2026-05-15,"electronic, House, pop",House/EDM,"=""00:02:41""",0.78,124,Laback - Last Night A DJ Saved My Life (1080).mp4,upbeat,all weather,1,"{""title"": ""deezer, itunes, lastfm, musicbrainz"", ""artist"": ""deezer, existing_file_tag, lastfm, local_cleanup, musicbrainz"", ""album_artist"": ""deezer, existing_file_tag, musicbrainz"", ""date"": ""deezer, itunes, musicbrainz"", ""year"": ""deezer, existing_file_tag, itunes, musicbrainz"", ""genre"": ""existing_file_tag"", ""bpm"": ""essentia_features, existing_file_tag, rules_inference"", ""album"": ""deezer, lastfm, musicbrainz"", ""track_number"": ""itunes, musicbrainz"", ""disc_number"": ""itunes, musicbrainz"", ""cover_art_url"": ""cover_art_archive"", ""danceability"": ""essentia_features"", ""key"": ""essentia_features"", ""analysis_summary"": ""essentia_features"", ""subgenre"": ""musicnn_mtg_jamendo"", ""analysis_json"": ""musicnn_mtg_jamendo"", ""mood"": ""rules_inference"", ""energy"": ""rules_inference"", ""occasion"": ""rules_inference"", ""moods"": ""final_completion"", ""valence"": ""final_completion"", ""themes"": ""final_completion"", ""weather"": ""final_completion"", ""season"": ""final_completion"", ""age_group"": ""final_completion"", ""vocals"": ""final_completion"", ""instruments"": ""final_completion"", ""language"": ""final_completion"", ""label"": ""final_completion"", ""publisher"": ""final_completion"", ""composer"": ""final_completion"", ""copyright"": ""final_completion"", ""comment"": ""final_completion"", ""isrc"": ""final_completion"", ""catalog_number"": ""final_completion""}",1,0,"0.354,F# Minor,English,Laback,(c) 2026 Laback"
2022-06-17,"dance, electro, House","Folk, World, & Country","=""00:04:01""",0.78,129,Luke Combs - The Kind Of Love We Make (Club Rodeo Remix) (1080).mp4,upbeat,all weather,1,"{""title"": ""deezer, itunes, lastfm, musicbrainz"", ""artist"": ""deezer, existing_file_tag, itunes, lastfm, local_cleanup, musicbrainz"", ""album_artist"": ""deezer, existing_file_tag, itunes, musicbrainz"", ""date"": ""deezer, discogs"", ""year"": ""deezer, discogs, itunes, musicbrainz"", ""genre"": ""discogs"", ""bpm"": ""essentia_features, existing_file_tag, rules_inference"", ""album"": ""discogs, itunes, lastfm"", ""track_number"": ""discogs, itunes"", ""disc_number"": ""itunes, musicbrainz"", ""cover_art_url"": ""lastfm"", ""isrc"": ""musicbrainz"", ""label"": ""musicbrainz"", ""catalog_number"": ""musicbrainz"", ""subgenre"": ""musicnn_mtg_jamendo"", ""danceability"": ""essentia_features"", ""key"": ""essentia_features"", ""analysis_summary"": ""essentia_features"", ""analysis_json"": ""musicnn_mtg_jamendo"", ""mood"": ""rules_inference"", ""energy"": ""rules_inference"", ""occasion"": ""rules_inference"", ""moods"": ""final_completion"", ""valence"": ""final_completion"", ""themes"": ""final_completion"", ""weather"": ""final_completion"", ""season"": ""final_completion"", ""age_group"": ""final_completion"", ""vocals"": ""final_completion"", ""instruments"": ""final_completion"", ""language"": ""final_completion"", ""publisher"": ""final_completion"", ""composer"": ""final_completion"", ""copyright"": ""final_completion"", ""comment"": ""final_completion""}",1,0,"0.388,F# Major,English,Luke Combs,Universal Music Group,Sony Music,(c) 2022 Universal Music Group"
2026-05-08,House/EDM,House/EDM,"=""00:02:02""",0.78,138,MOONLGHT & Fordo - Alabama 10 (Visualizer).mp4,upbeat,all weather,1,"{""title"": ""deezer, itunes, lastfm, local_cleanup, musicbrainz"", ""artist"": ""existing_file_tag, itunes, lastfm, local_cleanup, musicbrainz"", ""album_artist"": ""existing_file_tag, itunes, musicbrainz"", ""date"": ""deezer, itunes, musicbrainz"", ""year"": ""deezer, existing_file_tag, itunes, musicbrainz"", ""genre"": ""existing_file_tag"", ""bpm"": ""essentia_features, rules_inference"", ""album"": ""deezer, lastfm, musicbrainz"", ""track_number"": ""itunes, musicbrainz"", ""disc_number"": ""itunes, musicbrainz"", ""isrc"": ""musicbrainz"", ""danceability"": ""essentia_features"", ""key"": ""essentia_features"", ""analysis_summary"": ""essentia_features"", ""mood"": ""rules_inference"", ""energy"": ""rules_inference"", ""occasion"": ""rules_inference"", ""moods"": ""final_completion"", ""subgenre"": ""final_completion"", ""valence"": ""final_completion"", ""themes"": ""final_completion"", ""weather"": ""final_completion"", ""season"": ""final_completion"", ""age_group"": ""final_completion"", ""vocals"": ""final_completion"", ""instruments"": ""final_completion"", ""language"": ""final_completion"", ""label"": ""final_completion"", ""publisher"": ""final_completion"", ""composer"": ""final_completion"", ""copyright"": ""final_completion"", ""catalog_number"": ""final_completion"", ""comment"": ""final_completion"", ""cover_art_url"": ""final_completion""}",1,0,"0.291,Ab Minor,English,MOONLGHT & Fordo,(c) 2026 MOONLGHT & Fordo"
Where We Go (Deerock Remix) (Lyrics),"electro, dance, House",Marshmello & Thomas Rhett,"=""00:03:38""",0.78,136,Marshmello & Thomas Rhett - Where We Go (Deerock Remix) (Lyrics).mp4,upbeat,all weather,1,"{""title"": ""deezer, itunes, lastfm, local_cleanup, musicbrainz"", ""artist"": ""existing_file_tag, itunes, lastfm, local_cleanup, musicbrainz"", ""album_artist"": ""existing_file_tag, itunes, musicbrainz"", ""date"": ""deezer, itunes, musicbrainz"", ""year"": ""deezer, existing_file_tag, itunes, musicbrainz"", ""genre"": ""existing_file_tag"", ""bpm"": ""essentia_features, existing_file_tag, rules_inference"", ""album"": ""deezer, lastfm, musicbrainz"", ""track_number"": ""itunes, musicbrainz"", ""disc_number"": ""itunes, musicbrainz"", ""cover_art_url"": ""lastfm"", ""danceability"": ""essentia_features"", ""key"": ""essentia_features"", ""analysis_summary"": ""essentia_features"", ""subgenre"": ""musicnn_mtg_jamendo"", ""analysis_json"": ""musicnn_mtg_jamendo"", ""mood"": ""rules_inference"", ""energy"": ""rules_inference"", ""occasion"": ""rules_inference"", ""moods"": ""final_completion"", ""valence"": ""final_completion"", ""themes"": ""final_completion"", ""weather"": ""final_completion"", ""season"": ""final_completion"", ""age_group"": ""final_completion"", ""vocals"": ""final_completion"", ""instruments"": ""final_completion"", ""language"": ""final_completion"", ""label"": ""final_completion"", ""publisher"": ""final_completion"", ""composer"": ""final_completion"", ""copyright"": ""final_completion"", ""comment"": ""final_completion"", ""isrc"": ""final_completion"", ""catalog_number"": ""final_completion""}",1,0,"0.452,F Major,English,(c) 2026 Marshmello & Thomas Rhett"
Waves Of Luv (Lyrics),House,Matt Sassari & Mont Rouge,"=""00:02:34""",0.78,128,Matt Sassari & Mont Rouge - Waves Of Luv (Lyrics).mp4,upbeat,all weather,1,"{""title"": ""deezer, itunes, lastfm"", ""artist"": ""existing_file_tag, itunes, lastfm, local_cleanup"", ""album_artist"": ""existing_file_tag, itunes"", ""date"": ""deezer, discogs, itunes"", ""year"": ""deezer, discogs, existing_file_tag, itunes"", ""genre"": ""discogs"", ""bpm"": ""essentia_features, existing_file_tag, rules_inference"", ""album"": ""deezer, lastfm"", ""track_number"": ""discogs, itunes"", ""cover_art_url"": ""discogs"", ""subgenre"": ""discogs"", ""label"": ""discogs"", ""catalog_number"": ""discogs"", ""danceability"": ""essentia_features"", ""key"": ""essentia_features"", ""analysis_summary"": ""essentia_features"", ""analysis_json"": ""musicnn_mtg_jamendo"", ""mood"": ""rules_inference"", ""energy"": ""rules_inference"", ""occasion"": ""rules_inference"", ""moods"": ""final_completion"", ""disc_number"": ""final_completion"", ""valence"": ""final_completion"", ""themes"": ""final_completion"", ""weather"": ""final_completion"", ""season"": ""final_completion"", ""age_group"": ""final_completion"", ""vocals"": ""final_completion"", ""instruments"": ""final_completion"", ""language"": ""final_completion"", ""publisher"": ""final_completion"", ""composer"": ""final_completion"", ""copyright"": ""final_completion"", ""comment"": ""final_completion"", ""isrc"": ""final_completion""}",1,0,"0.378,G Major,English,Cr2 Records,(c) 2026 Cr2 Records"
2026-04-24,House/EDM,House/EDM,"=""00:03:12""",0.78,124,Mizmo - Hello (The Sun Is Up Where Are You) (1080).mp4,upbeat,all weather,1,"{""title"": ""deezer, itunes, musicbrainz"", ""artist"": ""deezer, existing_file_tag, local_cleanup, musicbrainz"", ""album_artist"": ""deezer, existing_file_tag, musicbrainz"", ""date"": ""deezer, itunes, musicbrainz"", ""year"": ""deezer, existing_file_tag, itunes, musicbrainz"", ""genre"": ""existing_file_tag"", ""bpm"": ""essentia_features, rules_inference"", ""album"": ""deezer, musicbrainz"", ""track_number"": ""itunes, musicbrainz"", ""disc_number"": ""itunes, musicbrainz"", ""label"": ""musicbrainz"", ""catalog_number"": ""musicbrainz"", ""danceability"": ""essentia_features"", ""key"": ""essentia_features"", ""analysis_summary"": ""essentia_features"", ""mood"": ""rules_inference"", ""energy"": ""rules_inference"", ""occasion"": ""rules_inference"", ""moods"": ""final_completion"", ""subgenre"": ""final_completion"", ""valence"": ""final_completion"", ""themes"": ""final_completion"", ""weather"": ""final_completion"", ""season"": ""final_completion"", ""age_group"": ""final_completion"", ""vocals"": ""final_completion"", ""instruments"": ""final_completion"", ""language"": ""final_completion"", ""publisher"": ""final_completion"", ""composer"": ""final_completion"", ""copyright"": ""final_completion"", ""comment"": ""final_completion"", ""isrc"": ""final_completion"", ""cover_art_url"": ""final_completion""}",1,0,"0.313,F Minor,English,Mizmo,Sunflower Records,(c) 2026 Sunflower Records"
1997-07-21,"dance, electro, House, electronica",bounce,"=""00:03:44""",0.78,124,Notorious B.I.G. ft Puff Daddy & Mase - Mo Money Mo Problems (DJ Oggy House Remix) (1080).mp4,upbeat,all weather,1,"{""title"": ""lastfm, local_cleanup, musicbrainz"", ""artist"": ""deezer, itunes, lastfm, musicbrainz"", ""album_artist"": ""deezer, itunes, musicbrainz"", ""date"": ""musicbrainz"", ""year"": ""discogs, itunes, musicbrainz"", ""genre"": ""musicbrainz"", ""bpm"": ""essentia_features, rules_inference"", ""album"": ""discogs, itunes, musicbrainz"", ""track_number"": ""discogs, itunes"", ""disc_number"": ""itunes, musicbrainz"", ""cover_art_url"": ""cover_art_archive"", ""composer"": ""musicbrainz"", ""label"": ""discogs, musicbrainz"", ""catalog_number"": ""musicbrainz"", ""subgenre"": ""musicnn_mtg_jamendo"", ""danceability"": ""essentia_features"", ""key"": ""essentia_features"", ""analysis_summary"": ""essentia_features"", ""analysis_json"": ""musicnn_mtg_jamendo"", ""mood"": ""rules_inference"", ""energy"": ""rules_inference"", ""occasion"": ""rules_inference"", ""moods"": ""final_completion"", ""valence"": ""final_completion"", ""themes"": ""final_completion"", ""weather"": ""final_completion"", ""season"": ""final_completion"", ""age_group"": ""final_completion"", ""vocals"": ""final_completion"", ""instruments"": ""final_completion"", ""language"": ""final_completion"", ""publisher"": ""final_completion"", ""copyright"": ""final_completion"", ""comment"": ""final_completion"", ""isrc"": ""final_completion""}",1,0,"0.367,C# Minor,English,Diddy,Bernard Edwards,Mase,The Notorious B.I.G.,Nile Rodgers,Stevie J,Puff Daddy Records,(c) 1997 Puff Daddy Records"
2026-06-26,"dance, electro, House, electronica",Dance,"=""00:03:14""",0.78,129,Odd Mob ft Walker & Royce & Benni Ola - Can't Say Nah (Visualizer).mp4,upbeat,all weather,1,"{""title"": ""local_cleanup, musicbrainz"", ""artist"": ""existing_file_tag, local_cleanup"", ""date"": ""deezer, itunes, musicbrainz"", ""year"": ""deezer, existing_file_tag, itunes, musicbrainz"", ""genre"": ""deezer, itunes"", ""bpm"": ""essentia_features, existing_file_tag, rules_inference"", ""album"": ""musicbrainz"", ""album_artist"": ""musicbrainz"", ""track_number"": ""itunes, musicbrainz"", ""disc_number"": ""itunes, musicbrainz"", ""cover_art_url"": ""cover_art_archive"", ""isrc"": ""musicbrainz"", ""label"": ""musicbrainz"", ""catalog_number"": ""musicbrainz"", ""danceability"": ""essentia_features"", ""key"": ""essentia_features"", ""analysis_summary"": ""essentia_features"", ""subgenre"": ""musicnn_mtg_jamendo"", ""analysis_json"": ""musicnn_mtg_jamendo"", ""mood"": ""rules_inference"", ""energy"": ""rules_inference"", ""occasion"": ""rules_inference"", ""moods"": ""final_completion"", ""valence"": ""final_completion"", ""themes"": ""final_completion"", ""weather"": ""final_completion"", ""season"": ""final_completion"", ""age_group"": ""final_completion"", ""vocals"": ""final_completion"", ""instruments"": ""final_completion"", ""language"": ""final_completion"", ""publisher"": ""final_completion"", ""composer"": ""final_completion"", ""copyright"": ""final_completion"", ""comment"": ""final_completion""}",1,0,"0.384,E Major,English,Odd Mob Ft Walker & Royce & Benni Ola,Insomniac Records,(c) 2026 Insomniac Records"
1993,"House, Garage House",dance,"=""00:03:36""",0.78,130,Robin S - Show Me Love (Luke Alexander Remix) (1080).mp4,upbeat,all weather,1,"{""title"": ""deezer, itunes, lastfm, local_cleanup, musicbrainz"", ""artist"": ""deezer, existing_file_tag, lastfm, local_cleanup, musicbrainz"", ""album_artist"": ""deezer, existing_file_tag, musicbrainz"", ""date"": ""discogs"", ""year"": ""deezer, discogs"", ""genre"": ""lastfm, musicnn_mtg_jamendo"", ""bpm"": ""essentia_features, existing_file_tag, rules_inference"", ""album"": ""deezer, discogs, itunes, lastfm, musicbrainz"", ""track_number"": ""discogs, itunes"", ""disc_number"": ""itunes, musicbrainz"", ""cover_art_url"": ""discogs"", ""composer"": ""discogs, musicbrainz"", ""label"": ""discogs"", ""catalog_number"": ""discogs"", ""subgenre"": ""discogs"", ""isrc"": ""musicbrainz"", ""danceability"": ""essentia_features"", ""key"": ""essentia_features"", ""analysis_summary"": ""essentia_features"", ""analysis_json"": ""musicnn_mtg_jamendo"", ""mood"": ""rules_inference"", ""energy"": ""rules_inference"", ""occasion"": ""rules_inference"", ""moods"": ""final_completion"", ""valence"": ""final_completion"", ""themes"": ""final_completion"", ""weather"": ""final_completion"", ""season"": ""final_completion"", ""age_group"": ""final_completion"", ""vocals"": ""final_completion"", ""instruments"": ""final_completion"", ""language"": ""final_completion"", ""publisher"": ""final_completion"", ""copyright"": ""final_completion"", ""comment"": ""final_completion""}",1,0,"0.463,D Minor,English,Allen George,Fred McFarlane,Big Beat,(c) 1993 Big Beat"
2026-07-10,electronic,electronic,"=""00:03:46""",0.68,129,Santigold - Disparate Youth (Surf Mesa Remix).mp4,energetic,all weather,1,"{""title"": ""deezer, itunes, lastfm, local_cleanup, musicbrainz"", ""artist"": ""deezer, existing_file_tag, itunes, lastfm, local_cleanup, musicbrainz"", ""album_artist"": ""deezer, existing_file_tag, itunes, musicbrainz"", ""date"": ""musicbrainz"", ""year"": ""deezer, discogs, itunes"", ""genre"": ""lastfm, musicnn_mtg_jamendo"", ""bpm"": ""essentia_features, existing_file_tag, rules_inference"", ""album"": ""deezer, lastfm"", ""track_number"": ""discogs, musicbrainz"", ""disc_number"": ""itunes, musicbrainz"", ""cover_art_url"": ""lastfm"", ""isrc"": ""musicbrainz"", ""danceability"": ""essentia_features"", ""key"": ""essentia_features"", ""analysis_summary"": ""essentia_features"", ""mood"": ""rules_inference"", ""energy"": ""rules_inference"", ""moods"": ""final_completion"", ""subgenre"": ""final_completion"", ""valence"": ""final_completion"", ""occasion"": ""final_completion"", ""themes"": ""final_completion"", ""weather"": ""final_completion"", ""season"": ""final_completion"", ""age_group"": ""final_completion"", ""vocals"": ""final_completion"", ""instruments"": ""final_completion"", ""language"": ""final_completion"", ""label"": ""final_completion"", ""publisher"": ""final_completion"", ""composer"": ""final_completion"", ""copyright"": ""final_completion"", ""catalog_number"": ""final_completion"", ""comment"": ""final_completion""}",1,0,"0.398,F# Minor,English,Santigold,(c) 2012 Santigold"
2009-09-07,Pop,Pop,"=""00:03:39""",0.58,128,Sean Kingston - Fire Burning (Anthem Kingz 2026 Remix) (1080).mp4,mainstream,all weather,1,"{""title"": ""deezer, itunes, lastfm, local_cleanup, musicbrainz"", ""artist"": ""deezer, existing_file_tag, itunes, lastfm, local_cleanup, musicbrainz"", ""album_artist"": ""deezer, existing_file_tag, itunes, musicbrainz"", ""date"": ""deezer, musicbrainz"", ""year"": ""deezer, discogs, itunes, musicbrainz"", ""genre"": ""deezer, itunes"", ""bpm"": ""essentia_features, existing_file_tag, rules_inference"", ""album"": ""deezer, discogs, lastfm, musicbrainz"", ""track_number"": ""discogs, musicbrainz"", ""disc_number"": ""itunes, musicbrainz"", ""cover_art_url"": ""lastfm"", ""composer"": ""musicbrainz"", ""label"": ""musicbrainz"", ""catalog_number"": ""musicbrainz"", ""danceability"": ""essentia_features"", ""key"": ""essentia_features"", ""analysis_summary"": ""essentia_features"", ""mood"": ""rules_inference"", ""energy"": ""rules_inference"", ""moods"": ""final_completion"", ""subgenre"": ""final_completion"", ""valence"": ""final_completion"", ""occasion"": ""final_completion"", ""themes"": ""final_completion"", ""weather"": ""final_completion"", ""season"": ""final_completion"", ""age_group"": ""final_completion"", ""vocals"": ""final_completion"", ""instruments"": ""final_completion"", ""language"": ""final_completion"", ""publisher"": ""final_completion"", ""copyright"": ""final_completion"", ""comment"": ""final_completion"", ""isrc"": ""final_completion""}",1,0,"0.516,C# Major,English,Bilal “The Chef” Hajji,Sean Kingston,RedOne,MuchMusic,(c) 2009 MuchMusic"
2023-09-22,House/EDM,House/EDM,"=""00:02:41""",0.78,132,Shenandoah & Luke Combs - Two Dozen Roses (Country Night Remix) (Visualizer).mp4,upbeat,all weather,1,"{""title"": ""itunes, lastfm, local_cleanup, musicbrainz"", ""artist"": ""existing_file_tag, itunes, lastfm, local_cleanup, musicbrainz"", ""album_artist"": ""existing_file_tag, itunes, musicbrainz"", ""date"": ""deezer, itunes, musicbrainz"", ""year"": ""deezer, itunes, musicbrainz"", ""genre"": ""existing_file_tag"", ""bpm"": ""essentia_features, rules_inference"", ""album"": ""lastfm, musicbrainz"", ""track_number"": ""itunes, musicbrainz"", ""disc_number"": ""itunes, musicbrainz"", ""cover_art_url"": ""lastfm"", ""danceability"": ""essentia_features"", ""key"": ""essentia_features"", ""analysis_summary"": ""essentia_features"", ""mood"": ""rules_inference"", ""energy"": ""rules_inference"", ""occasion"": ""rules_inference"", ""moods"": ""final_completion"", ""subgenre"": ""final_completion"", ""valence"": ""final_completion"", ""themes"": ""final_completion"", ""weather"": ""final_completion"", ""season"": ""final_completion"", ""age_group"": ""final_completion"", ""vocals"": ""final_completion"", ""instruments"": ""final_completion"", ""language"": ""final_completion"", ""label"": ""final_completion"", ""publisher"": ""final_completion"", ""composer"": ""final_completion"", ""copyright"": ""final_completion"", ""comment"": ""final_completion"", ""isrc"": ""final_completion"", ""catalog_number"": ""final_completion""}",1,0,"0.356,A Major,English,Shenandoah & Luke Combs,(c) 2023 Shenandoah & Luke Combs"
2025-11-21,"dance, electronica, electro, House",Dance,"=""00:03:47""",0.78,123,Shouse & Vintage Culture - Take Me (1080).mp4,upbeat,all weather,1,"{""title"": ""deezer, itunes, musicbrainz"", ""artist"": ""existing_file_tag, itunes, local_cleanup"", ""date"": ""deezer, itunes, musicbrainz"", ""year"": ""deezer, existing_file_tag, itunes, musicbrainz"", ""genre"": ""deezer, itunes"", ""bpm"": ""essentia_features, existing_file_tag, rules_inference"", ""album"": ""deezer, musicbrainz"", ""album_artist"": ""deezer, musicbrainz"", ""track_number"": ""itunes, musicbrainz"", ""disc_number"": ""itunes, musicbrainz"", ""label"": ""musicbrainz"", ""catalog_number"": ""musicbrainz"", ""danceability"": ""essentia_features"", ""key"": ""essentia_features"", ""analysis_summary"": ""essentia_features"", ""subgenre"": ""musicnn_mtg_jamendo"", ""analysis_json"": ""musicnn_mtg_jamendo"", ""mood"": ""rules_inference"", ""energy"": ""rules_inference"", ""occasion"": ""rules_inference"", ""moods"": ""final_completion"", ""valence"": ""final_completion"", ""themes"": ""final_completion"", ""weather"": ""final_completion"", ""season"": ""final_completion"", ""age_group"": ""final_completion"", ""vocals"": ""final_completion"", ""instruments"": ""final_completion"", ""language"": ""final_completion"", ""publisher"": ""final_completion"", ""composer"": ""final_completion"", ""copyright"": ""final_completion"", ""comment"": ""final_completion"", ""isrc"": ""final_completion"", ""cover_art_url"": ""final_completion""}",1,0,"0.34,F Minor,English,Shouse & Vintage Culture,Hell Beach,(c) 2025 Hell Beach"
2026-07-03,Dance,Dance,"=""00:02:59""",0.78,143,Steve Aoki & Ely Oaks ft Sacha - Gravity (1080).mp4,upbeat,all weather,1,"{""title"": ""deezer, itunes, local_cleanup, musicbrainz"", ""artist"": ""existing_file_tag, local_cleanup"", ""album_artist"": ""musicbrainz"", ""date"": ""deezer, itunes, musicbrainz"", ""year"": ""deezer, existing_file_tag, itunes, musicbrainz"", ""genre"": ""deezer, itunes"", ""bpm"": ""essentia_features, existing_file_tag, rules_inference"", ""album"": ""deezer, musicbrainz"", ""track_number"": ""itunes, musicbrainz"", ""disc_number"": ""itunes, musicbrainz"", ""cover_art_url"": ""cover_art_archive"", ""isrc"": ""musicbrainz"", ""label"": ""musicbrainz"", ""catalog_number"": ""musicbrainz"", ""danceability"": ""essentia_features"", ""key"": ""essentia_features"", ""analysis_summary"": ""essentia_features"", ""mood"": ""rules_inference"", ""energy"": ""rules_inference"", ""occasion"": ""rules_inference"", ""moods"": ""final_completion"", ""subgenre"": ""final_completion"", ""valence"": ""final_completion"", ""themes"": ""final_completion"", ""weather"": ""final_completion"", ""season"": ""final_completion"", ""age_group"": ""final_completion"", ""vocals"": ""final_completion"", ""instruments"": ""final_completion"", ""language"": ""final_completion"", ""publisher"": ""final_completion"", ""composer"": ""final_completion"", ""copyright"": ""final_completion"", ""comment"": ""final_completion""}",1,0,"0.324,A Minor,English,Steve Aoki & Ely Oaks Ft Sacha,[no Label],(c) 2026 [no Label]"
2003,Rock,Rock,"=""00:03:34""",0.58,129,The Georgia Satellites - Keep Your Hands To Yourself (Anthem Kingz 2026 Remix).mp4,energetic,all weather,1,"{""title"": ""deezer, local_cleanup, musicbrainz"", ""artist"": ""deezer, existing_file_tag, itunes, lastfm, local_cleanup, musicbrainz"", ""album_artist"": ""deezer, existing_file_tag, itunes, musicbrainz"", ""date"": ""musicbrainz"", ""year"": ""musicbrainz"", ""genre"": ""deezer, discogs, itunes"", ""bpm"": ""essentia_features, existing_file_tag, rules_inference"", ""album"": ""discogs, itunes, lastfm"", ""track_number"": ""discogs, itunes, musicbrainz"", ""disc_number"": ""itunes, musicbrainz"", ""cover_art_url"": ""lastfm"", ""label"": ""musicbrainz"", ""catalog_number"": ""musicbrainz"", ""composer"": ""discogs"", ""danceability"": ""essentia_features"", ""key"": ""essentia_features"", ""analysis_summary"": ""essentia_features"", ""mood"": ""rules_inference"", ""energy"": ""rules_inference"", ""moods"": ""final_completion"", ""subgenre"": ""final_completion"", ""valence"": ""final_completion"", ""occasion"": ""final_completion"", ""themes"": ""final_completion"", ""weather"": ""final_completion"", ""season"": ""final_completion"", ""age_group"": ""final_completion"", ""vocals"": ""final_completion"", ""instruments"": ""final_completion"", ""language"": ""final_completion"", ""publisher"": ""final_completion"", ""copyright"": ""final_completion"", ""comment"": ""final_completion"", ""isrc"": ""final_completion""}",1,0,"0.521,A Minor,English,Dan Baird,Realm Records,Universal Music Special Markets,(c) 2003 Realm Records"
2026,House/EDM,House/EDM,"=""00:05:02""",0.78,120,The Human League - Human (FlashDancers Remix) (1080).mp4,upbeat,all weather,1,"{""title"": ""deezer, itunes, lastfm, local_cleanup, musicbrainz"", ""artist"": ""deezer, existing_file_tag, itunes, lastfm, local_cleanup, musicbrainz"", ""album_artist"": ""deezer, existing_file_tag, itunes, musicbrainz"", ""date"": ""existing_file_tag"", ""year"": ""discogs, itunes"", ""genre"": ""existing_file_tag"", ""bpm"": ""essentia_features, existing_file_tag, rules_inference"", ""album"": ""musicbrainz"", ""track_number"": ""musicbrainz"", ""disc_number"": ""itunes, musicbrainz"", ""cover_art_url"": ""lastfm"", ""composer"": ""musicbrainz"", ""danceability"": ""essentia_features"", ""key"": ""essentia_features"", ""analysis_summary"": ""essentia_features"", ""mood"": ""rules_inference"", ""energy"": ""rules_inference"", ""occasion"": ""rules_inference"", ""moods"": ""final_completion"", ""subgenre"": ""final_completion"", ""valence"": ""final_completion"", ""themes"": ""final_completion"", ""weather"": ""final_completion"", ""season"": ""final_completion"", ""age_group"": ""final_completion"", ""vocals"": ""final_completion"", ""instruments"": ""final_completion"", ""language"": ""final_completion"", ""label"": ""final_completion"", ""publisher"": ""final_completion"", ""copyright"": ""final_completion"", ""comment"": ""final_completion"", ""isrc"": ""final_completion"", ""catalog_number"": ""final_completion""}",1,0,"0.446,C# Major,English,Jimmy Jam,Terry Lewis,The Human League,(c) 1986 The Human League"
2026-03-13,offizielle charts,offizielle charts,"=""00:03:14""",0.68,145,Tobee - Mon Amour (So Lang Ich Noch Luft In Meiner Lunge Hab) (1080).mp4,energetic,all weather,1,"{""title"": ""itunes, musicbrainz"", ""artist"": ""deezer, existing_file_tag, itunes, local_cleanup, musicbrainz"", ""album_artist"": ""deezer, existing_file_tag, itunes, musicbrainz"", ""date"": ""deezer, itunes, musicbrainz"", ""year"": ""deezer, discogs, existing_file_tag, itunes, musicbrainz"", ""genre"": ""musicbrainz"", ""bpm"": ""essentia_features, rules_inference"", ""album"": ""musicbrainz"", ""track_number"": ""discogs, itunes, musicbrainz"", ""disc_number"": ""itunes, musicbrainz"", ""cover_art_url"": ""cover_art_archive"", ""danceability"": ""essentia_features"", ""key"": ""essentia_features"", ""analysis_summary"": ""essentia_features"", ""mood"": ""rules_inference"", ""energy"": ""rules_inference"", ""moods"": ""final_completion"", ""subgenre"": ""final_completion"", ""valence"": ""final_completion"", ""occasion"": ""final_completion"", ""themes"": ""final_completion"", ""weather"": ""final_completion"", ""season"": ""final_completion"", ""age_group"": ""final_completion"", ""vocals"": ""final_completion"", ""instruments"": ""final_completion"", ""language"": ""final_completion"", ""label"": ""final_completion"", ""publisher"": ""final_completion"", ""composer"": ""final_completion"", ""copyright"": ""final_completion"", ""comment"": ""final_completion"", ""isrc"": ""final_completion"", ""catalog_number"": ""final_completion""}",1,0,"0.31,A Major,English,Tobee,(c) 2026 Tobee"
2009-05-19,Pop,Pop,"=""00:02:51""",0.58,120,Tom Jones - It's Not Unusual (DJ Paul Harwood Remix).mp4,mainstream,all weather,1,"{""title"": ""deezer, itunes, lastfm, local_cleanup, musicbrainz"", ""artist"": ""deezer, existing_file_tag, itunes, lastfm, local_cleanup, musicbrainz"", ""album_artist"": ""existing_file_tag, itunes, musicbrainz"", ""date"": ""musicbrainz"", ""year"": ""musicbrainz"", ""genre"": ""deezer, itunes"", ""bpm"": ""essentia_features, existing_file_tag, rules_inference"", ""album"": ""musicbrainz"", ""track_number"": ""musicbrainz"", ""disc_number"": ""itunes, musicbrainz"", ""cover_art_url"": ""lastfm"", ""label"": ""musicbrainz"", ""catalog_number"": ""musicbrainz"", ""danceability"": ""essentia_features"", ""key"": ""essentia_features"", ""analysis_summary"": ""essentia_features"", ""mood"": ""rules_inference"", ""energy"": ""rules_inference"", ""moods"": ""final_completion"", ""subgenre"": ""final_completion"", ""valence"": ""final_completion"", ""occasion"": ""final_completion"", ""themes"": ""final_completion"", ""weather"": ""final_completion"", ""season"": ""final_completion"", ""age_group"": ""final_completion"", ""vocals"": ""final_completion"", ""instruments"": ""final_completion"", ""language"": ""final_completion"", ""publisher"": ""final_completion"", ""composer"": ""final_completion"", ""copyright"": ""final_completion"", ""comment"": ""final_completion"", ""isrc"": ""final_completion""}",1,0,"0.333,C Major,English,Tom Jones,La‐La Land Records,(c) 2009 La‐La Land Records"
2025-04-25,Country,"Folk, World, & Country","=""00:02:35""",0.68,128,"Tucker Wetmore - Brunette (LEONDIS, Fred Again.. & Swedish House Maria Remix) (1080).mp4",energetic,all weather,1,"{""title"": ""deezer, itunes, lastfm, local_cleanup, musicbrainz"", ""artist"": ""deezer, existing_file_tag, itunes, lastfm, local_cleanup, musicbrainz"", ""album_artist"": ""deezer, existing_file_tag, itunes, musicbrainz"", ""date"": ""deezer, discogs, itunes, musicbrainz"", ""year"": ""deezer, discogs, itunes, musicbrainz"", ""genre"": ""discogs"", ""bpm"": ""essentia_features, rules_inference"", ""album"": ""deezer, discogs, itunes, musicbrainz"", ""track_number"": ""itunes, musicbrainz"", ""disc_number"": ""itunes, musicbrainz"", ""cover_art_url"": ""lastfm"", ""isrc"": ""musicbrainz"", ""label"": ""musicbrainz"", ""catalog_number"": ""musicbrainz"", ""subgenre"": ""discogs"", ""danceability"": ""essentia_features"", ""key"": ""essentia_features"", ""analysis_summary"": ""essentia_features"", ""mood"": ""rules_inference"", ""energy"": ""rules_inference"", ""moods"": ""final_completion"", ""valence"": ""final_completion"", ""occasion"": ""final_completion"", ""themes"": ""final_completion"", ""weather"": ""final_completion"", ""season"": ""final_completion"", ""age_group"": ""final_completion"", ""vocals"": ""final_completion"", ""instruments"": ""final_completion"", ""language"": ""final_completion"", ""publisher"": ""final_completion"", ""composer"": ""final_completion"", ""copyright"": ""final_completion"", ""comment"": ""final_completion""}",1,0,"0.41,A Major,English,Tucker Wetmore,[no Label],(c) 2025 [no Label]"
Billie Jean (Lyrics),House/EDM,TwoPilots & Toby Rose,"=""00:03:12""",0.78,122,TwoPilots & Toby Rose - Billie Jean (Lyrics).mp4,upbeat,all weather,1,"{""title"": ""deezer, itunes, lastfm, local_cleanup"", ""artist"": ""itunes, lastfm"", ""album_artist"": ""existing_file_tag"", ""date"": ""deezer, itunes"", ""year"": ""deezer, existing_file_tag, itunes"", ""genre"": ""existing_file_tag"", ""bpm"": ""essentia_features, rules_inference"", ""album"": ""deezer, lastfm"", ""danceability"": ""essentia_features"", ""key"": ""essentia_features"", ""analysis_summary"": ""essentia_features"", ""mood"": ""rules_inference"", ""energy"": ""rules_inference"", ""occasion"": ""rules_inference"", ""moods"": ""final_completion"", ""subgenre"": ""final_completion"", ""track_number"": ""final_completion"", ""disc_number"": ""final_completion"", ""valence"": ""final_completion"", ""themes"": ""final_completion"", ""weather"": ""final_completion"", ""season"": ""final_completion"", ""age_group"": ""final_completion"", ""vocals"": ""final_completion"", ""instruments"": ""final_completion"", ""language"": ""final_completion"", ""label"": ""final_completion"", ""publisher"": ""final_completion"", ""composer"": ""final_completion"", ""copyright"": ""final_completion"", ""comment"": ""final_completion"", ""isrc"": ""final_completion"", ""catalog_number"": ""final_completion"", ""cover_art_url"": ""final_completion""}",1,0,"0.363,F# Minor,English,(c) 2026 TwoPilots & Toby Rose"
2025-10-17,billboard hot 100,billboard hot 100,"=""00:03:36""",0.68,130,Ty Dolla $ign - Don't Kill The Party (Luke Alexander Remix) (1080).mp4,energetic,all weather,1,"{""title"": ""musicbrainz"", ""artist"": ""deezer, existing_file_tag, itunes, lastfm, local_cleanup, musicbrainz"", ""album_artist"": ""deezer, existing_file_tag, itunes, musicbrainz"", ""date"": ""deezer, itunes"", ""year"": ""deezer, itunes, musicbrainz"", ""genre"": ""musicbrainz"", ""bpm"": ""essentia_features, existing_file_tag, rules_inference"", ""album"": ""lastfm, musicbrainz"", ""track_number"": ""musicbrainz"", ""disc_number"": ""itunes, musicbrainz"", ""cover_art_url"": ""cover_art_archive"", ""label"": ""musicbrainz"", ""catalog_number"": ""musicbrainz"", ""isrc"": ""musicbrainz"", ""danceability"": ""essentia_features"", ""key"": ""essentia_features"", ""analysis_summary"": ""essentia_features"", ""mood"": ""rules_inference"", ""energy"": ""rules_inference"", ""moods"": ""final_completion"", ""subgenre"": ""final_completion"", ""valence"": ""final_completion"", ""occasion"": ""final_completion"", ""themes"": ""final_completion"", ""weather"": ""final_completion"", ""season"": ""final_completion"", ""age_group"": ""final_completion"", ""vocals"": ""final_completion"", ""instruments"": ""final_completion"", ""language"": ""final_completion"", ""publisher"": ""final_completion"", ""composer"": ""final_completion"", ""copyright"": ""final_completion"", ""comment"": ""final_completion""}",1,0,"0.391,Eb Minor,English,Ty Dolla $ign,[no Label],(c) 2025 [no Label]"
2026-06-26,German Dance,German Dance,"=""00:03:04""",0.78,130,Anna-Carina Woitschack - Unzensiert (1080).mp4,upbeat,all weather,1,"{""title"": ""deezer, itunes, lastfm, local_cleanup"", ""artist"": ""deezer, existing_file_tag, itunes, lastfm, local_cleanup"", ""album_artist"": ""deezer, existing_file_tag, itunes"", ""date"": ""deezer, itunes"", ""year"": ""deezer, existing_file_tag, itunes"", ""genre"": ""existing_file_tag"", ""bpm"": ""essentia_features, rules_inference"", ""album"": ""deezer, lastfm"", ""danceability"": ""essentia_features"", ""key"": ""essentia_features"", ""analysis_summary"": ""essentia_features"", ""mood"": ""rules_inference"", ""energy"": ""rules_inference"", ""occasion"": ""rules_inference"", ""moods"": ""final_completion"", ""subgenre"": ""final_completion"", ""track_number"": ""final_completion"", ""disc_number"": ""final_completion"", ""valence"": ""final_completion"", ""themes"": ""final_completion"", ""weather"": ""final_completion"", ""season"": ""final_completion"", ""age_group"": ""final_completion"", ""vocals"": ""final_completion"", ""instruments"": ""final_completion"", ""language"": ""final_completion"", ""label"": ""final_completion"", ""publisher"": ""final_completion"", ""composer"": ""final_completion"", ""copyright"": ""final_completion"", ""comment"": ""final_completion"", ""isrc"": ""final_completion"", ""catalog_number"": ""final_completion"", ""cover_art_url"": ""final_completion""}",1,0,"0.403,D Minor,English,Anna-Carina Woitschack,(c) 2026 Anna-Carina Woitschack"
Jeany In A Bottle (Lyrics),"pop, electronic",Anna-Maria Zimmermann & Linda Siu,"=""00:02:25""",0.78,147,Anna-Maria Zimmermann & Linda Siu - Jeany In A Bottle (Lyrics).mp4,upbeat,all weather,1,"{""title"": ""deezer, itunes, lastfm"", ""artist"": ""existing_file_tag, itunes, lastfm, local_cleanup"", ""album_artist"": ""existing_file_tag, itunes"", ""date"": ""deezer, itunes"", ""year"": ""deezer, existing_file_tag, itunes"", ""genre"": ""existing_file_tag"", ""bpm"": ""essentia_features, existing_file_tag, rules_inference"", ""album"": ""deezer, lastfm"", ""danceability"": ""essentia_features"", ""key"": ""essentia_features"", ""analysis_summary"": ""essentia_features"", ""subgenre"": ""musicnn_mtg_jamendo"", ""vocals"": ""musicnn_mtg_jamendo"", ""analysis_json"": ""musicnn_mtg_jamendo"", ""mood"": ""rules_inference"", ""energy"": ""rules_inference"", ""occasion"": ""rules_inference"", ""moods"": ""final_completion"", ""track_number"": ""final_completion"", ""disc_number"": ""final_completion"", ""valence"": ""final_completion"", ""themes"": ""final_completion"", ""weather"": ""final_completion"", ""season"": ""final_completion"", ""age_group"": ""final_completion"", ""instruments"": ""final_completion"", ""language"": ""final_completion"", ""label"": ""final_completion"", ""publisher"": ""final_completion"", ""composer"": ""final_completion"", ""copyright"": ""final_completion"", ""comment"": ""final_completion"", ""isrc"": ""final_completion"", ""catalog_number"": ""final_completion"", ""cover_art_url"": ""final_completion""}",1,0,"0.333,C Major,English,(c) 2026 Anna-Maria Zimmermann & Linda Siu"
2026-05-22,German Dance,German Dance,"=""00:02:54""",0.78,148,Balla Balla ft Asphalt Anton & Lenny Lorenz - Schutzenfest (1080).mp4,upbeat,all weather,1,"{""title"": ""deezer, itunes"", ""artist"": ""existing_file_tag, local_cleanup"", ""date"": ""deezer, itunes"", ""year"": ""deezer, existing_file_tag, itunes"", ""genre"": ""existing_file_tag"", ""bpm"": ""essentia_features, existing_file_tag, rules_inference"", ""danceability"": ""essentia_features"", ""key"": ""essentia_features"", ""analysis_summary"": ""essentia_features"", ""mood"": ""rules_inference"", ""energy"": ""rules_inference"", ""occasion"": ""rules_inference"", ""album_artist"": ""final_completion"", ""album"": ""final_completion"", ""moods"": ""final_completion"", ""subgenre"": ""final_completion"", ""track_number"": ""final_completion"", ""disc_number"": ""final_completion"", ""valence"": ""final_completion"", ""themes"": ""final_completion"", ""weather"": ""final_completion"", ""season"": ""final_completion"", ""age_group"": ""final_completion"", ""vocals"": ""final_completion"", ""instruments"": ""final_completion"", ""language"": ""final_completion"", ""label"": ""final_completion"", ""publisher"": ""final_completion"", ""composer"": ""final_completion"", ""copyright"": ""final_completion"", ""comment"": ""final_completion"", ""isrc"": ""final_completion"", ""catalog_number"": ""final_completion"", ""cover_art_url"": ""final_completion""}",1,0,"0.359,F# Major,Balla Balla Ft Asphalt Anton & Lenny Lorenz,(c) 2026 Balla Balla Ft Asphalt Anton & Lenny Lorenz"
2026-05-22,German Dance,German Dance,"=""00:02:38""",0.78,135,Frenzy - Beam Mich In Den Suden (1080).mp4,upbeat,all weather,1,"{""title"": ""deezer, itunes, lastfm, musicbrainz"", ""artist"": ""deezer, existing_file_tag, itunes, lastfm, local_cleanup, musicbrainz"", ""date"": ""musicbrainz"", ""year"": ""deezer, existing_file_tag, itunes, musicbrainz"", ""genre"": ""existing_file_tag"", ""bpm"": ""essentia_features, existing_file_tag, rules_inference"", ""album"": ""musicbrainz"", ""album_artist"": ""deezer, itunes, musicbrainz"", ""track_number"": ""musicbrainz"", ""disc_number"": ""musicbrainz"", ""cover_art_url"": ""cover_art_archive"", ""danceability"": ""essentia_features"", ""key"": ""essentia_features"", ""analysis_summary"": ""essentia_features"", ""mood"": ""rules_inference"", ""energy"": ""rules_inference"", ""occasion"": ""rules_inference"", ""moods"": ""final_completion"", ""subgenre"": ""final_completion"", ""valence"": ""final_completion"", ""themes"": ""final_completion"", ""weather"": ""final_completion"", ""season"": ""final_completion"", ""age_group"": ""final_completion"", ""vocals"": ""final_completion"", ""instruments"": ""final_completion"", ""language"": ""final_completion"", ""label"": ""final_completion"", ""publisher"": ""final_completion"", ""composer"": ""final_completion"", ""copyright"": ""final_completion"", ""comment"": ""final_completion"", ""isrc"": ""final_completion"", ""catalog_number"": ""final_completion""}",1,0,"0.326,F Major,Frenzy,(c) 2026 Frenzy"
2026-05-22,5+ wochen,5+ wochen,"=""00:03:09""",0.58,122,KitschKrieg ft Blumengarten & Shirin David - Gut Genug (1080).mp4,balanced,all weather,1,"{""title"": ""deezer, itunes"", ""artist"": ""itunes, lastfm, musicbrainz"", ""date"": ""deezer, musicbrainz"", ""year"": ""deezer, existing_file_tag, musicbrainz"", ""genre"": ""musicbrainz"", ""bpm"": ""essentia_features, existing_file_tag, rules_inference"", ""album"": ""deezer, musicbrainz"", ""album_artist"": ""deezer, itunes"", ""track_number"": ""musicbrainz"", ""disc_number"": ""itunes, musicbrainz"", ""cover_art_url"": ""cover_art_archive"", ""composer"": ""musicbrainz"", ""isrc"": ""musicbrainz"", ""label"": ""musicbrainz"", ""catalog_number"": ""musicbrainz"", ""danceability"": ""essentia_features"", ""key"": ""essentia_features"", ""analysis_summary"": ""essentia_features"", ""subgenre"": ""final_completion"", ""energy"": ""final_completion"", ""mood"": ""final_completion"", ""moods"": ""final_completion"", ""valence"": ""final_completion"", ""occasion"": ""final_completion"", ""themes"": ""final_completion"", ""weather"": ""final_completion"", ""season"": ""final_completion"", ""age_group"": ""final_completion"", ""vocals"": ""final_completion"", ""instruments"": ""final_completion"", ""language"": ""final_completion"", ""publisher"": ""final_completion"", ""copyright"": ""final_completion"", ""comment"": ""final_completion""}",1,0,"0.317,G Major,English,Jennifer Allendoerfer,Luis Cruz,Shirin David,Rayan Djima,Samuel Eickmann,Christoph Erkes,Lars Hammerstein,Christian Meyerholz,Four Music,SoulForce Records,(c) 2026 Four Music"
2026-07-24,German Dance,German Dance,"=""00:03:16""",0.78,162,Mia Julia & Maxwell - Wir Sind Zuhause (1080).mp4,upbeat,all weather,1,"{""title"": ""deezer, itunes, lastfm"", ""artist"": ""existing_file_tag, itunes, lastfm, local_cleanup"", ""date"": ""deezer, itunes"", ""year"": ""deezer, existing_file_tag, itunes"", ""genre"": ""existing_file_tag"", ""bpm"": ""essentia_features, rules_inference"", ""album"": ""deezer, lastfm"", ""cover_art_url"": ""lastfm"", ""danceability"": ""essentia_features"", ""key"": ""essentia_features"", ""analysis_summary"": ""essentia_features"", ""mood"": ""rules_inference"", ""energy"": ""rules_inference"", ""occasion"": ""rules_inference"", ""album_artist"": ""final_completion"", ""moods"": ""final_completion"", ""subgenre"": ""final_completion"", ""track_number"": ""final_completion"", ""disc_number"": ""final_completion"", ""valence"": ""final_completion"", ""themes"": ""final_completion"", ""weather"": ""final_completion"", ""season"": ""final_completion"", ""age_group"": ""final_completion"", ""vocals"": ""final_completion"", ""instruments"": ""final_completion"", ""language"": ""final_completion"", ""label"": ""final_completion"", ""publisher"": ""final_completion"", ""composer"": ""final_completion"", ""copyright"": ""final_completion"", ""comment"": ""final_completion"", ""isrc"": ""final_completion"", ""catalog_number"": ""final_completion""}",1,0,"0.278,E Major,English,Mia Julia & Maxwell,(c) 2026 Mia Julia & Maxwell"
2026-06-19,"House, electronic, pop",German Dance,"=""00:03:25""",0.78,127,Noel Terhorst - Dem Himmel So Nah (1080).mp4,upbeat,all weather,1,"{""title"": ""deezer, itunes, lastfm"", ""artist"": ""deezer, existing_file_tag, itunes, lastfm, local_cleanup"", ""date"": ""deezer, itunes"", ""year"": ""deezer, existing_file_tag, itunes"", ""genre"": ""existing_file_tag"", ""bpm"": ""essentia_features, existing_file_tag, rules_inference"", ""album"": ""deezer, lastfm"", ""album_artist"": ""deezer, itunes"", ""danceability"": ""essentia_features"", ""key"": ""essentia_features"", ""analysis_summary"": ""essentia_features"", ""subgenre"": ""musicnn_mtg_jamendo"", ""analysis_json"": ""musicnn_mtg_jamendo"", ""mood"": ""rules_inference"", ""energy"": ""rules_inference"", ""occasion"": ""rules_inference"", ""moods"": ""final_completion"", ""track_number"": ""final_completion"", ""disc_number"": ""final_completion"", ""valence"": ""final_completion"", ""themes"": ""final_completion"", ""weather"": ""final_completion"", ""season"": ""final_completion"", ""age_group"": ""final_completion"", ""vocals"": ""final_completion"", ""instruments"": ""final_completion"", ""language"": ""final_completion"", ""label"": ""final_completion"", ""publisher"": ""final_completion"", ""composer"": ""final_completion"", ""copyright"": ""final_completion"", ""comment"": ""final_completion"", ""isrc"": ""final_completion"", ""catalog_number"": ""final_completion"", ""cover_art_url"": ""final_completion""}",1,0,"0.34,C# Major,English,Noel Terhorst,(c) 2026 Noel Terhorst"
2026-05-15,German Dance,German Dance,"=""00:03:26""",0.78,126,Patrick Lindner - Wenn Der Wahnsinn Will (1080).mp4,upbeat,all weather,1,"{""title"": ""deezer, itunes, lastfm"", ""artist"": ""deezer, existing_file_tag, itunes, lastfm, local_cleanup"", ""album_artist"": ""deezer, existing_file_tag, itunes"", ""date"": ""deezer, itunes"", ""year"": ""deezer, existing_file_tag, itunes"", ""genre"": ""existing_file_tag"", ""bpm"": ""essentia_features, existing_file_tag, rules_inference"", ""album"": ""deezer, lastfm"", ""danceability"": ""essentia_features"", ""key"": ""essentia_features"", ""analysis_summary"": ""essentia_features"", ""mood"": ""rules_inference"", ""energy"": ""rules_inference"", ""occasion"": ""rules_inference"", ""moods"": ""final_completion"", ""subgenre"": ""final_completion"", ""track_number"": ""final_completion"", ""disc_number"": ""final_completion"", ""valence"": ""final_completion"", ""themes"": ""final_completion"", ""weather"": ""final_completion"", ""season"": ""final_completion"", ""age_group"": ""final_completion"", ""vocals"": ""final_completion"", ""instruments"": ""final_completion"", ""language"": ""final_completion"", ""label"": ""final_completion"", ""publisher"": ""final_completion"", ""composer"": ""final_completion"", ""copyright"": ""final_completion"", ""comment"": ""final_completion"", ""isrc"": ""final_completion"", ""catalog_number"": ""final_completion"", ""cover_art_url"": ""final_completion""}",1,0,"0.434,B Major,English,Patrick Lindner,(c) 2026 Patrick Lindner"
2016,"electronic, pop, House",German Dance,"=""00:03:29""",0.78,134,Volker Rosin - Volle Kraft Voraus (1080).mp4,upbeat,all weather,1,"{""title"": ""deezer, itunes, lastfm, musicbrainz"", ""artist"": ""deezer, existing_file_tag, itunes, lastfm, local_cleanup, musicbrainz"", ""date"": ""existing_file_tag, musicbrainz"", ""year"": ""deezer, existing_file_tag, itunes, musicbrainz"", ""genre"": ""existing_file_tag"", ""bpm"": ""essentia_features, rules_inference"", ""album"": ""deezer, itunes, lastfm"", ""album_artist"": ""deezer, itunes, musicbrainz"", ""track_number"": ""itunes, musicbrainz"", ""disc_number"": ""itunes, musicbrainz"", ""cover_art_url"": ""lastfm"", ""label"": ""musicbrainz"", ""catalog_number"": ""musicbrainz"", ""danceability"": ""essentia_features"", ""key"": ""essentia_features"", ""analysis_summary"": ""essentia_features"", ""subgenre"": ""musicnn_mtg_jamendo"", ""analysis_json"": ""musicnn_mtg_jamendo"", ""occasion"": ""rules_inference"", ""mood"": ""rules_inference"", ""energy"": ""rules_inference"", ""moods"": ""final_completion"", ""valence"": ""final_completion"", ""themes"": ""final_completion"", ""weather"": ""final_completion"", ""season"": ""final_completion"", ""age_group"": ""final_completion"", ""vocals"": ""final_completion"", ""instruments"": ""final_completion"", ""language"": ""final_completion"", ""publisher"": ""final_completion"", ""composer"": ""final_completion"", ""copyright"": ""final_completion"", ""comment"": ""final_completion"", ""isrc"": ""final_completion""}",1,0,"0.349,A Major,English,Volker Rosin,Moon Records,(c) 2016 Moon Records"
2026-07-10,Pop,Pop,"=""00:02:50""",0.58,116,Adam Lambert - Under The Rhythm (1080).mp4,mainstream,all weather,1,"{""title"": ""deezer, itunes, musicbrainz"", ""artist"": ""deezer, existing_file_tag, itunes, lastfm, local_cleanup, musicbrainz"", ""album_artist"": ""deezer, existing_file_tag, itunes, musicbrainz"", ""date"": ""deezer, discogs, musicbrainz"", ""year"": ""deezer, discogs, existing_file_tag, itunes, musicbrainz"", ""genre"": ""deezer, itunes"", ""bpm"": ""essentia_features, rules_inference"", ""album"": ""deezer, itunes, musicbrainz"", ""track_number"": ""itunes, musicbrainz"", ""disc_number"": ""itunes, musicbrainz"", ""cover_art_url"": ""lastfm"", ""isrc"": ""musicbrainz"", ""label"": ""musicbrainz"", ""catalog_number"": ""musicbrainz"", ""danceability"": ""essentia_features"", ""key"": ""essentia_features"", ""analysis_summary"": ""essentia_features"", ""mood"": ""rules_inference"", ""energy"": ""rules_inference"", ""moods"": ""final_completion"", ""subgenre"": ""final_completion"", ""valence"": ""final_completion"", ""occasion"": ""final_completion"", ""themes"": ""final_completion"", ""weather"": ""final_completion"", ""season"": ""final_completion"", ""age_group"": ""final_completion"", ""vocals"": ""final_completion"", ""instruments"": ""final_completion"", ""language"": ""final_completion"", ""publisher"": ""final_completion"", ""composer"": ""final_completion"", ""copyright"": ""final_completion"", ""comment"": ""final_completion""}",1,0,"0.391,B Minor,English,Adam Lambert,More Is More,LLC,(c) 2026 More Is More"
2026-07-17,Top 40,Top 40,"=""00:04:38""",0.68,130,Amanda Marshall - Can't Lose Me.mp4,energetic,all weather,1,"{""title"": ""deezer, itunes, lastfm, local_cleanup, musicbrainz"", ""artist"": ""deezer, existing_file_tag, itunes, lastfm, local_cleanup, musicbrainz"", ""album_artist"": ""deezer, existing_file_tag, itunes, musicbrainz"", ""date"": ""musicbrainz"", ""year"": ""deezer, existing_file_tag, musicbrainz"", ""genre"": ""existing_file_tag"", ""bpm"": ""essentia_features, rules_inference"", ""album"": ""musicbrainz"", ""track_number"": ""musicbrainz"", ""disc_number"": ""itunes, musicbrainz"", ""cover_art_url"": ""lastfm"", ""danceability"": ""essentia_features"", ""key"": ""essentia_features"", ""analysis_summary"": ""essentia_features"", ""mood"": ""rules_inference"", ""energy"": ""rules_inference"", ""moods"": ""final_completion"", ""subgenre"": ""final_completion"", ""valence"": ""final_completion"", ""occasion"": ""final_completion"", ""themes"": ""final_completion"", ""weather"": ""final_completion"", ""season"": ""final_completion"", ""age_group"": ""final_completion"", ""vocals"": ""final_completion"", ""instruments"": ""final_completion"", ""language"": ""final_completion"", ""label"": ""final_completion"", ""publisher"": ""final_completion"", ""composer"": ""final_completion"", ""copyright"": ""final_completion"", ""comment"": ""final_completion"", ""isrc"": ""final_completion"", ""catalog_number"": ""final_completion""}",1,0,"0.366,E Major,English,Amanda Marshall,(c) 2026 Amanda Marshall"
2025-05-23,Folk,Folk,"=""00:03:10""",0.58,91,Amble - Schoolyard Days (1080).mp4,balanced,all weather,1,"{""title"": ""deezer, itunes, lastfm, local_cleanup, musicbrainz"", ""artist"": ""deezer, existing_file_tag, itunes, lastfm, local_cleanup, musicbrainz"", ""date"": ""deezer, discogs, musicbrainz"", ""year"": ""deezer, discogs, existing_file_tag, itunes, musicbrainz"", ""genre"": ""deezer, itunes"", ""bpm"": ""essentia_features, rules_inference"", ""album"": ""deezer, discogs, itunes, lastfm, musicbrainz"", ""album_artist"": ""deezer, itunes, musicbrainz"", ""track_number"": ""discogs, itunes, musicbrainz"", ""disc_number"": ""itunes, musicbrainz"", ""cover_art_url"": ""lastfm"", ""label"": ""discogs, musicbrainz"", ""catalog_number"": ""musicbrainz"", ""composer"": ""musicbrainz"", ""isrc"": ""musicbrainz"", ""danceability"": ""essentia_features"", ""key"": ""essentia_features"", ""analysis_summary"": ""essentia_features"", ""subgenre"": ""final_completion"", ""energy"": ""final_completion"", ""mood"": ""final_completion"", ""moods"": ""final_completion"", ""valence"": ""final_completion"", ""occasion"": ""final_completion"", ""themes"": ""final_completion"", ""weather"": ""final_completion"", ""season"": ""final_completion"", ""age_group"": ""final_completion"", ""vocals"": ""final_completion"", ""instruments"": ""final_completion"", ""language"": ""final_completion"", ""publisher"": ""final_completion"", ""copyright"": ""final_completion"", ""comment"": ""final_completion""}",0,1,"0.282,D Major,English,Robert Cunningham,Ross Mc Nerney,Oisin McCaffrey,Warner Records,(c) 2025 Warner Records"
2026-06-10,Pop,Pop,"=""00:02:56""",0.58,107,"Andrea Bocelli ft David Guetta, EJAE & Megan Thee Stallion - DNA (FIFA World Cup 2026 Anthem) (1080).mp4",mainstream,all weather,1,"{""title"": ""deezer, itunes"", ""artist"": ""itunes, lastfm, musicbrainz"", ""album_artist"": ""itunes, musicbrainz"", ""date"": ""deezer, discogs, itunes, musicbrainz"", ""year"": ""deezer, discogs, existing_file_tag, itunes, musicbrainz"", ""genre"": ""deezer, itunes"", ""bpm"": ""essentia_features, existing_file_tag, rules_inference"", ""album"": ""deezer, musicbrainz"", ""track_number"": ""discogs, itunes, musicbrainz"", ""disc_number"": ""itunes, musicbrainz"", ""cover_art_url"": ""cover_art_archive"", ""isrc"": ""musicbrainz"", ""label"": ""musicbrainz"", ""catalog_number"": ""musicbrainz"", ""danceability"": ""essentia_features"", ""key"": ""essentia_features"", ""analysis_summary"": ""essentia_features"", ""mood"": ""rules_inference"", ""energy"": ""rules_inference"", ""moods"": ""final_completion"", ""subgenre"": ""final_completion"", ""valence"": ""final_completion"", ""occasion"": ""final_completion"", ""themes"": ""final_completion"", ""weather"": ""final_completion"", ""season"": ""final_completion"", ""age_group"": ""final_completion"", ""vocals"": ""final_completion"", ""instruments"": ""final_completion"", ""language"": ""final_completion"", ""publisher"": ""final_completion"", ""composer"": ""final_completion"", ""copyright"": ""final_completion"", ""comment"": ""final_completion""}",1,0,"0.322,E Major,Andrea Bocelli,David Guetta,EJAE & Megan Thee Stallion,FIFA World Cup SalXCO,(c) 2026 FIFA World Cup SalXCO"
2026-05-29,Pop,Pop,"=""00:03:18""",0.58,96,Ariana Grande - Hate That I Made You Love Me (1080).mp4,mainstream,all weather,1,"{""title"": ""deezer, itunes, lastfm, musicbrainz"", ""artist"": ""deezer, existing_file_tag, itunes, lastfm, local_cleanup, musicbrainz"", ""album_artist"": ""deezer, existing_file_tag, itunes, musicbrainz"", ""date"": ""deezer, discogs, musicbrainz"", ""year"": ""deezer, discogs, existing_file_tag, itunes, musicbrainz"", ""genre"": ""deezer, discogs, itunes"", ""bpm"": ""essentia_features, existing_file_tag, rules_inference"", ""album"": ""deezer, lastfm, musicbrainz"", ""track_number"": ""discogs"", ""disc_number"": ""itunes, musicbrainz"", ""cover_art_url"": ""discogs"", ""composer"": ""discogs"", ""isrc"": ""musicbrainz"", ""comment"": ""musicbrainz"", ""label"": ""discogs, musicbrainz"", ""catalog_number"": ""discogs"", ""danceability"": ""essentia_features"", ""key"": ""essentia_features"", ""analysis_summary"": ""essentia_features"", ""mood"": ""rules_inference"", ""energy"": ""rules_inference"", ""moods"": ""final_completion"", ""subgenre"": ""final_completion"", ""valence"": ""final_completion"", ""occasion"": ""final_completion"", ""themes"": ""final_completion"", ""weather"": ""final_completion"", ""season"": ""final_completion"", ""age_group"": ""final_completion"", ""vocals"": ""final_completion"", ""instruments"": ""final_completion"", ""language"": ""final_completion"", ""publisher"": ""final_completion"", ""copyright"": ""final_completion""}",1,0,"0.334,Bb Minor,English,Ariana Grande,Ilya Salmanzadeh,Max Martin,Republic Records,(c) 2026 Republic Records"
2026-06-18,Contemporary R&B,Funk / Soul,"=""00:03:20""",0.58,115,Astels - Workin' All Night.mp4,smooth,all weather,1,"{""title"": ""deezer, itunes, lastfm, local_cleanup, musicbrainz"", ""artist"": ""deezer, existing_file_tag, itunes, local_cleanup, musicbrainz"", ""album_artist"": ""deezer, existing_file_tag, itunes, musicbrainz"", ""date"": ""deezer, discogs, itunes, musicbrainz"", ""year"": ""deezer, discogs, existing_file_tag, itunes, musicbrainz"", ""genre"": ""discogs"", ""bpm"": ""essentia_features, existing_file_tag, rules_inference"", ""album"": ""deezer, discogs, lastfm, musicbrainz"", ""track_number"": ""discogs, itunes, musicbrainz"", ""disc_number"": ""itunes, musicbrainz"", ""cover_art_url"": ""discogs"", ""label"": ""musicbrainz"", ""catalog_number"": ""musicbrainz"", ""subgenre"": ""discogs"", ""danceability"": ""essentia_features"", ""key"": ""essentia_features"", ""analysis_summary"": ""essentia_features"", ""mood"": ""rules_inference"", ""energy"": ""rules_inference"", ""occasion"": ""rules_inference"", ""moods"": ""final_completion"", ""valence"": ""final_completion"", ""themes"": ""final_completion"", ""weather"": ""final_completion"", ""season"": ""final_completion"", ""age_group"": ""final_completion"", ""vocals"": ""final_completion"", ""instruments"": ""final_completion"", ""language"": ""final_completion"", ""publisher"": ""final_completion"", ""composer"": ""final_completion"", ""copyright"": ""final_completion"", ""comment"": ""final_completion"", ""isrc"": ""final_completion""}",1,0,"0.41,A Minor,English,Astels,[no Label],(c) 2026 [no Label]"
2026-06-12,"Dance-pop, Soundtrack",Pop,"=""00:03:35""",0.78,112,Backstreet Boys - Bottle Up (1080).mp4,upbeat,all weather,1,"{""title"": ""lastfm, local_cleanup"", ""artist"": ""deezer, existing_file_tag, lastfm, local_cleanup, musicbrainz"", ""album_artist"": ""deezer, existing_file_tag, musicbrainz"", ""date"": ""deezer, discogs, itunes, musicbrainz"", ""year"": ""deezer, discogs, existing_file_tag, itunes, musicbrainz"", ""genre"": ""deezer, itunes"", ""bpm"": ""essentia_features, rules_inference"", ""album"": ""discogs"", ""track_number"": ""discogs, itunes, musicbrainz"", ""disc_number"": ""itunes, musicbrainz"", ""cover_art_url"": ""discogs"", ""isrc"": ""musicbrainz"", ""label"": ""discogs"", ""catalog_number"": ""discogs"", ""subgenre"": ""discogs"", ""composer"": ""discogs"", ""danceability"": ""essentia_features"", ""key"": ""essentia_features"", ""analysis_summary"": ""essentia_features"", ""mood"": ""rules_inference"", ""energy"": ""rules_inference"", ""occasion"": ""rules_inference"", ""moods"": ""final_completion"", ""valence"": ""final_completion"", ""themes"": ""final_completion"", ""weather"": ""final_completion"", ""season"": ""final_completion"", ""age_group"": ""final_completion"", ""vocals"": ""final_completion"", ""instruments"": ""final_completion"", ""language"": ""final_completion"", ""publisher"": ""final_completion"", ""copyright"": ""final_completion"", ""comment"": ""final_completion""}",1,0,"0.426,Ab Major,English,Ed Sheeran,Ilya Salmanzadeh,Johnny McDaid,Savan Kotecha,Republic Records,(c) 2026 Republic Records"
2026,Top 40,Top 40,"=""00:02:54""",0.58,120,Bahjat ft Neif - Haya Hdejja.mp4,balanced,all weather,1,"{""title"": ""existing_file_tag"", ""artist"": ""existing_file_tag, local_cleanup"", ""album_artist"": ""existing_file_tag"", ""date"": ""existing_file_tag"", ""year"": ""existing_file_tag, itunes"", ""genre"": ""existing_file_tag"", ""bpm"": ""essentia_features, existing_file_tag, rules_inference"", ""danceability"": ""essentia_features"", ""key"": ""essentia_features"", ""analysis_summary"": ""essentia_features"", ""album"": ""final_completion"", ""subgenre"": ""final_completion"", ""track_number"": ""final_completion"", ""disc_number"": ""final_completion"", ""energy"": ""final_completion"", ""mood"": ""final_completion"", ""moods"": ""final_completion"", ""valence"": ""final_completion"", ""occasion"": ""final_completion"", ""themes"": ""final_completion"", ""weather"": ""final_completion"", ""season"": ""final_completion"", ""age_group"": ""final_completion"", ""vocals"": ""final_completion"", ""instruments"": ""final_completion"", ""language"": ""final_completion"", ""label"": ""final_completion"", ""publisher"": ""final_completion"", ""composer"": ""final_completion"", ""copyright"": ""final_completion"", ""comment"": ""final_completion"", ""isrc"": ""final_completion"", ""catalog_number"": ""final_completion"", ""cover_art_url"": ""final_completion""}",1,0,"0.334,G Major,English,Bahjat Ft Neif,(c) 2026 Bahjat Ft Neif"
Night Falls (Lyrics),Dance,Bebe Rexha,"=""00:03:22""",0.78,163,Bebe Rexha - Night Falls (Lyrics).mp4,upbeat,all weather,1,"{""title"": ""deezer, itunes, lastfm, local_cleanup, musicbrainz"", ""artist"": ""deezer, existing_file_tag, itunes, lastfm, local_cleanup, musicbrainz"", ""album_artist"": ""deezer, existing_file_tag, itunes, musicbrainz"", ""date"": ""deezer, discogs, musicbrainz"", ""year"": ""deezer, discogs, existing_file_tag, itunes, musicbrainz"", ""genre"": ""deezer, itunes"", ""bpm"": ""essentia_features, rules_inference"", ""album"": ""musicbrainz"", ""track_number"": ""discogs, itunes, musicbrainz"", ""disc_number"": ""itunes, musicbrainz"", ""cover_art_url"": ""lastfm"", ""label"": ""musicbrainz"", ""catalog_number"": ""musicbrainz"", ""danceability"": ""essentia_features"", ""key"": ""essentia_features"", ""analysis_summary"": ""essentia_features"", ""mood"": ""rules_inference"", ""energy"": ""rules_inference"", ""occasion"": ""rules_inference"", ""moods"": ""final_completion"", ""subgenre"": ""final_completion"", ""valence"": ""final_completion"", ""themes"": ""final_completion"", ""weather"": ""final_completion"", ""season"": ""final_completion"", ""age_group"": ""final_completion"", ""vocals"": ""final_completion"", ""instruments"": ""final_completion"", ""language"": ""final_completion"", ""publisher"": ""final_completion"", ""composer"": ""final_completion"", ""copyright"": ""final_completion"", ""comment"": ""final_completion"", ""isrc"": ""final_completion""}",1,0,"0.26,E Major,English,Bebe Rexha Music LLC,EMPIRE,(c) 2026 Bebe Rexha Music LLC"
One Day (Lyrics),Dance,Bebe Rexha,"=""00:03:08""",0.78,108,Bebe Rexha - One Day (Lyrics).mp4,upbeat,all weather,1,"{""title"": ""deezer, itunes, local_cleanup, musicbrainz"", ""artist"": ""deezer, existing_file_tag, itunes, lastfm, local_cleanup, musicbrainz"", ""album_artist"": ""deezer, existing_file_tag, itunes, musicbrainz"", ""date"": ""deezer, discogs, musicbrainz"", ""year"": ""deezer, discogs, existing_file_tag, itunes, musicbrainz"", ""genre"": ""deezer, itunes"", ""bpm"": ""essentia_features, existing_file_tag, rules_inference"", ""album"": ""deezer, lastfm"", ""track_number"": ""discogs, musicbrainz"", ""disc_number"": ""itunes, musicbrainz"", ""cover_art_url"": ""lastfm"", ""isrc"": ""musicbrainz"", ""label"": ""musicbrainz"", ""catalog_number"": ""musicbrainz"", ""danceability"": ""essentia_features"", ""key"": ""essentia_features"", ""analysis_summary"": ""essentia_features"", ""mood"": ""rules_inference"", ""energy"": ""rules_inference"", ""occasion"": ""rules_inference"", ""moods"": ""final_completion"", ""subgenre"": ""final_completion"", ""valence"": ""final_completion"", ""themes"": ""final_completion"", ""weather"": ""final_completion"", ""season"": ""final_completion"", ""age_group"": ""final_completion"", ""vocals"": ""final_completion"", ""instruments"": ""final_completion"", ""language"": ""final_completion"", ""publisher"": ""final_completion"", ""composer"": ""final_completion"", ""copyright"": ""final_completion"", ""comment"": ""final_completion""}",1,0,"0.422,Bb Minor,English,EMPIRE,(c) 2026 EMPIRE"
2026-06-25,Pop,Pop,"=""00:03:36""",0.58,178,Benson Boone - The Time Of My Life (1080).mp4,mainstream,all weather,1,"{""title"": ""deezer, itunes, local_cleanup, musicbrainz"", ""artist"": ""deezer, existing_file_tag, itunes, lastfm, local_cleanup, musicbrainz"", ""album_artist"": ""deezer, existing_file_tag, itunes, musicbrainz"", ""date"": ""deezer, itunes, musicbrainz"", ""year"": ""deezer, existing_file_tag, itunes, musicbrainz"", ""genre"": ""deezer, itunes"", ""bpm"": ""essentia_features, existing_file_tag, rules_inference"", ""album"": ""deezer, musicbrainz"", ""track_number"": ""itunes, musicbrainz"", ""disc_number"": ""itunes, musicbrainz"", ""cover_art_url"": ""lastfm"", ""isrc"": ""musicbrainz"", ""label"": ""musicbrainz"", ""catalog_number"": ""musicbrainz"", ""danceability"": ""essentia_features"", ""key"": ""essentia_features"", ""analysis_summary"": ""essentia_features"", ""mood"": ""rules_inference"", ""energy"": ""rules_inference"", ""moods"": ""final_completion"", ""subgenre"": ""final_completion"", ""valence"": ""final_completion"", ""occasion"": ""final_completion"", ""themes"": ""final_completion"", ""weather"": ""final_completion"", ""season"": ""final_completion"", ""age_group"": ""final_completion"", ""vocals"": ""final_completion"", ""instruments"": ""final_completion"", ""language"": ""final_completion"", ""publisher"": ""final_completion"", ""composer"": ""final_completion"", ""copyright"": ""final_completion"", ""comment"": ""final_completion""}",1,0,"0.264,F Minor,English,Benson Boone,Night Street Records,Warner Records,(c) 2026 Night Street Records"
2026-04-09,Pop,Pop,"=""00:03:16""",0.58,99,Bini - Blush (1080).mp4,mainstream,all weather,1,"{""title"": ""deezer, itunes, lastfm, local_cleanup, musicbrainz"", ""artist"": ""existing_file_tag, lastfm, local_cleanup"", ""date"": ""deezer, itunes, musicbrainz"", ""year"": ""deezer, existing_file_tag, itunes, musicbrainz"", ""genre"": ""deezer, itunes"", ""bpm"": ""essentia_features, existing_file_tag, rules_inference"", ""album"": ""deezer, lastfm, musicbrainz"", ""album_artist"": ""deezer, itunes, musicbrainz"", ""track_number"": ""itunes, musicbrainz"", ""disc_number"": ""itunes, musicbrainz"", ""cover_art_url"": ""lastfm"", ""isrc"": ""musicbrainz"", ""label"": ""musicbrainz"", ""catalog_number"": ""musicbrainz"", ""danceability"": ""essentia_features"", ""key"": ""essentia_features"", ""analysis_summary"": ""essentia_features"", ""mood"": ""rules_inference"", ""energy"": ""rules_inference"", ""moods"": ""final_completion"", ""subgenre"": ""final_completion"", ""valence"": ""final_completion"", ""occasion"": ""final_completion"", ""themes"": ""final_completion"", ""weather"": ""final_completion"", ""season"": ""final_completion"", ""age_group"": ""final_completion"", ""vocals"": ""final_completion"", ""instruments"": ""final_completion"", ""language"": ""final_completion"", ""publisher"": ""final_completion"", ""composer"": ""final_completion"", ""copyright"": ""final_completion"", ""comment"": ""final_completion""}",1,0,"0.357,A Minor,English,Bini,ABS-CBN Music,(c) 2026 ABS-CBN Music"
2026-02-27,Pop,Pop,"=""00:03:24""",0.58,85,Bruno Mars - Risk It All (1080).mp4,mainstream,all weather,1,"{""title"": ""deezer, itunes, lastfm, local_cleanup, musicbrainz"", ""artist"": ""deezer, existing_file_tag, itunes, lastfm, local_cleanup, musicbrainz"", ""album_artist"": ""deezer, existing_file_tag, itunes, musicbrainz"", ""date"": ""deezer, discogs, itunes, musicbrainz"", ""year"": ""deezer, discogs, existing_file_tag, itunes, musicbrainz"", ""genre"": ""deezer, itunes"", ""bpm"": ""essentia_features, rules_inference"", ""album"": ""deezer, discogs, itunes, lastfm, musicbrainz"", ""track_number"": ""discogs, itunes, musicbrainz"", ""disc_number"": ""itunes, musicbrainz"", ""cover_art_url"": ""lastfm"", ""composer"": ""musicbrainz"", ""isrc"": ""musicbrainz"", ""comment"": ""musicbrainz"", ""danceability"": ""essentia_features"", ""key"": ""essentia_features"", ""analysis_summary"": ""essentia_features"", ""mood"": ""rules_inference"", ""energy"": ""rules_inference"", ""moods"": ""final_completion"", ""subgenre"": ""final_completion"", ""valence"": ""final_completion"", ""occasion"": ""final_completion"", ""themes"": ""final_completion"", ""weather"": ""final_completion"", ""season"": ""final_completion"", ""age_group"": ""final_completion"", ""vocals"": ""final_completion"", ""instruments"": ""final_completion"", ""language"": ""final_completion"", ""label"": ""final_completion"", ""publisher"": ""final_completion"", ""copyright"": ""final_completion"", ""catalog_number"": ""final_completion""}",1,0,"0.292,A Major,English,Johan Arjona,D’Mile,James Fauntleroy,Philip Lawrence,Bruno Mars,Phillip Lawrence,(c) 2026 Bruno Mars"
2026-06-26,Indie Pop,Pop,"=""00:03:25""",0.58,129,Carly Rae Jepsen - On Wires (1080).mp4,mainstream,all weather,1,"{""title"": ""deezer, itunes, lastfm, local_cleanup, musicbrainz"", ""artist"": ""deezer, existing_file_tag, itunes, lastfm, local_cleanup, musicbrainz"", ""album_artist"": ""deezer, existing_file_tag, itunes, musicbrainz"", ""date"": ""deezer, discogs, musicbrainz"", ""year"": ""deezer, discogs, existing_file_tag, musicbrainz"", ""genre"": ""deezer, itunes"", ""bpm"": ""essentia_features, rules_inference"", ""album"": ""deezer, discogs, lastfm, musicbrainz"", ""track_number"": ""discogs, musicbrainz"", ""disc_number"": ""itunes, musicbrainz"", ""cover_art_url"": ""discogs"", ""isrc"": ""musicbrainz"", ""label"": ""discogs"", ""catalog_number"": ""discogs"", ""subgenre"": ""discogs"", ""composer"": ""discogs"", ""danceability"": ""essentia_features"", ""key"": ""essentia_features"", ""analysis_summary"": ""essentia_features"", ""mood"": ""rules_inference"", ""energy"": ""rules_inference"", ""occasion"": ""rules_inference"", ""moods"": ""final_completion"", ""valence"": ""final_completion"", ""themes"": ""final_completion"", ""weather"": ""final_completion"", ""season"": ""final_completion"", ""age_group"": ""final_completion"", ""vocals"": ""final_completion"", ""instruments"": ""final_completion"", ""language"": ""final_completion"", ""publisher"": ""final_completion"", ""copyright"": ""final_completion"", ""comment"": ""final_completion""}",1,0,"0.334,Eb Minor,English,Nate Cyphert,Kyle Shearer,Carly Rae Jepsen,School Boy Records,Interscope Records,(c) 2026 School Boy Records"
Howl (Lyrics),"Pop Rock, Ballad",Carly Simon,"=""00:03:06""",0.58,110,Carly Simon - Howl (Lyrics).mp4,mainstream,all weather,1,"{""title"": ""deezer, itunes, lastfm, local_cleanup, musicbrainz"", ""artist"": ""deezer, existing_file_tag, itunes, lastfm, local_cleanup, musicbrainz"", ""album_artist"": ""deezer, existing_file_tag, itunes, musicbrainz"", ""date"": ""deezer, discogs, musicbrainz"", ""year"": ""deezer, discogs, existing_file_tag, itunes, musicbrainz"", ""genre"": ""discogs"", ""bpm"": ""essentia_features, existing_file_tag, rules_inference"", ""album"": ""deezer, discogs, lastfm, musicbrainz"", ""track_number"": ""discogs, itunes, musicbrainz"", ""disc_number"": ""itunes, musicbrainz"", ""cover_art_url"": ""discogs"", ""label"": ""musicbrainz"", ""catalog_number"": ""musicbrainz"", ""subgenre"": ""discogs"", ""danceability"": ""essentia_features"", ""key"": ""essentia_features"", ""analysis_summary"": ""essentia_features"", ""mood"": ""rules_inference"", ""energy"": ""rules_inference"", ""moods"": ""final_completion"", ""valence"": ""final_completion"", ""occasion"": ""final_completion"", ""themes"": ""final_completion"", ""weather"": ""final_completion"", ""season"": ""final_completion"", ""age_group"": ""final_completion"", ""vocals"": ""final_completion"", ""instruments"": ""final_completion"", ""language"": ""final_completion"", ""publisher"": ""final_completion"", ""composer"": ""final_completion"", ""copyright"": ""final_completion"", ""comment"": ""final_completion"", ""isrc"": ""final_completion""}",1,0,"0.341,E Minor,English,Iris Music,(c) 2026 Iris Music"
2026-06-19,"Funk, Boogie",Pop,"=""00:03:42""",0.58,117,Chaka Khan & Snoop Dogg - Boogie's In My Soul (1080).mp4,mainstream,all weather,1,"{""title"": ""deezer, itunes, lastfm, musicbrainz"", ""artist"": ""existing_file_tag, itunes, lastfm, local_cleanup, musicbrainz"", ""album_artist"": ""existing_file_tag, musicbrainz"", ""date"": ""deezer, discogs, itunes, musicbrainz"", ""year"": ""deezer, discogs, existing_file_tag, itunes, musicbrainz"", ""genre"": ""deezer, itunes"", ""bpm"": ""essentia_features, rules_inference"", ""album"": ""deezer, lastfm, musicbrainz"", ""track_number"": ""discogs, musicbrainz"", ""disc_number"": ""itunes, musicbrainz"", ""cover_art_url"": ""discogs"", ""label"": ""discogs"", ""catalog_number"": ""discogs"", ""subgenre"": ""discogs"", ""danceability"": ""essentia_features"", ""key"": ""essentia_features"", ""analysis_summary"": ""essentia_features"", ""mood"": ""rules_inference"", ""energy"": ""rules_inference"", ""occasion"": ""rules_inference"", ""moods"": ""final_completion"", ""valence"": ""final_completion"", ""themes"": ""final_completion"", ""weather"": ""final_completion"", ""season"": ""final_completion"", ""age_group"": ""final_completion"", ""vocals"": ""final_completion"", ""instruments"": ""final_completion"", ""language"": ""final_completion"", ""publisher"": ""final_completion"", ""composer"": ""final_completion"", ""copyright"": ""final_completion"", ""comment"": ""final_completion"", ""isrc"": ""final_completion""}",1,0,"0.375,D Minor,English,Chaka Khan & Snoop Dogg,EarthSong Records,BMG,(c) 2026 EarthSong Records"
2026-06-25,pop rock,pop rock,"=""00:02:04""",0.58,145,Charli XCX - Wink Wink (1080).mp4,mainstream,all weather,1,"{""title"": ""deezer, lastfm, local_cleanup, musicbrainz"", ""artist"": ""deezer, lastfm, musicbrainz"", ""date"": ""musicbrainz"", ""year"": ""deezer, existing_file_tag, musicbrainz"", ""genre"": ""lastfm"", ""bpm"": ""essentia_features, existing_file_tag, rules_inference"", ""album"": ""deezer, lastfm, musicbrainz"", ""album_artist"": ""deezer, musicbrainz"", ""cover_art_url"": ""lastfm"", ""track_number"": ""musicbrainz"", ""disc_number"": ""musicbrainz"", ""composer"": ""musicbrainz"", ""isrc"": ""musicbrainz"", ""label"": ""musicbrainz"", ""catalog_number"": ""musicbrainz"", ""danceability"": ""essentia_features"", ""key"": ""essentia_features"", ""analysis_summary"": ""essentia_features"", ""mood"": ""rules_inference"", ""energy"": ""rules_inference"", ""moods"": ""final_completion"", ""subgenre"": ""final_completion"", ""valence"": ""final_completion"", ""occasion"": ""final_completion"", ""themes"": ""final_completion"", ""weather"": ""final_completion"", ""season"": ""final_completion"", ""age_group"": ""final_completion"", ""vocals"": ""final_completion"", ""instruments"": ""final_completion"", ""language"": ""final_completion"", ""publisher"": ""final_completion"", ""copyright"": ""final_completion"", ""comment"": ""final_completion""}",1,0,"0.309,C Major,English,Charli Xcx,Finn Keane,Atlantic,(c) 2026 Atlantic"
2026,Dance,Dance,"=""00:03:15""",0.78,125,Charlie Jeer - My Madonna (1080).mp4,upbeat,all weather,1,"{""title"": ""deezer, itunes, lastfm, local_cleanup, musicbrainz"", ""artist"": ""deezer, existing_file_tag, itunes, lastfm, local_cleanup, musicbrainz"", ""date"": ""existing_file_tag, musicbrainz"", ""year"": ""deezer, existing_file_tag, itunes, musicbrainz"", ""genre"": ""deezer, itunes"", ""bpm"": ""essentia_features, existing_file_tag, rules_inference"", ""album"": ""deezer, lastfm, musicbrainz"", ""album_artist"": ""deezer, itunes, musicbrainz"", ""track_number"": ""itunes, musicbrainz"", ""disc_number"": ""itunes, musicbrainz"", ""cover_art_url"": ""lastfm"", ""danceability"": ""essentia_features"", ""key"": ""essentia_features"", ""analysis_summary"": ""essentia_features"", ""mood"": ""rules_inference"", ""energy"": ""rules_inference"", ""occasion"": ""rules_inference"", ""moods"": ""final_completion"", ""subgenre"": ""final_completion"", ""valence"": ""final_completion"", ""themes"": ""final_completion"", ""weather"": ""final_completion"", ""season"": ""final_completion"", ""age_group"": ""final_completion"", ""vocals"": ""final_completion"", ""instruments"": ""final_completion"", ""language"": ""final_completion"", ""label"": ""final_completion"", ""publisher"": ""final_completion"", ""composer"": ""final_completion"", ""copyright"": ""final_completion"", ""comment"": ""final_completion"", ""isrc"": ""final_completion"", ""catalog_number"": ""final_completion""}",1,0,"0.406,C Minor,English,Charlie Jeer,(c) 2026 Charlie Jeer"
2026-04-17,Alternative Rock,"Electronic, Rock","=""00:02:46""",0.68,122,DeathByRomy - Body Horror (1080).mp4,energetic,all weather,1,"{""title"": ""deezer, itunes, lastfm, musicbrainz"", ""artist"": ""deezer, itunes, lastfm, musicbrainz"", ""album_artist"": ""deezer, itunes, musicbrainz"", ""date"": ""deezer, discogs, itunes, musicbrainz"", ""year"": ""deezer, discogs, existing_file_tag, itunes, musicbrainz"", ""genre"": ""discogs"", ""bpm"": ""essentia_features, rules_inference"", ""album"": ""deezer, lastfm, musicbrainz"", ""track_number"": ""discogs, itunes, musicbrainz"", ""disc_number"": ""itunes, musicbrainz"", ""cover_art_url"": ""discogs"", ""subgenre"": ""discogs"", ""composer"": ""discogs"", ""label"": ""discogs"", ""catalog_number"": ""discogs"", ""danceability"": ""essentia_features"", ""key"": ""essentia_features"", ""analysis_summary"": ""essentia_features"", ""mood"": ""rules_inference"", ""energy"": ""rules_inference"", ""moods"": ""final_completion"", ""valence"": ""final_completion"", ""occasion"": ""final_completion"", ""themes"": ""final_completion"", ""weather"": ""final_completion"", ""season"": ""final_completion"", ""age_group"": ""final_completion"", ""vocals"": ""final_completion"", ""instruments"": ""final_completion"", ""language"": ""final_completion"", ""publisher"": ""final_completion"", ""copyright"": ""final_completion"", ""comment"": ""final_completion"", ""isrc"": ""final_completion""}",1,0,"0.288,C Minor,English,Cheska Zaide,Maize Olinger,Romy Flores,David Burris,Not On Label (DeathbyRomy Self-released),(c) 2026 Not On Label (DeathbyRomy Self-released)"
2026-06-26,Pop,Pop,"=""00:03:15""",0.58,130,Delta Goodrem - Hologram (1080).mp4,mainstream,all weather,1,"{""title"": ""deezer, itunes, lastfm, local_cleanup, musicbrainz"", ""artist"": ""deezer, existing_file_tag, itunes, lastfm, local_cleanup, musicbrainz"", ""date"": ""deezer, musicbrainz"", ""year"": ""deezer, existing_file_tag, musicbrainz"", ""genre"": ""deezer, itunes"", ""bpm"": ""essentia_features, rules_inference"", ""album"": ""deezer, musicbrainz"", ""album_artist"": ""deezer, itunes, musicbrainz"", ""track_number"": ""musicbrainz"", ""disc_number"": ""itunes, musicbrainz"", ""cover_art_url"": ""lastfm"", ""label"": ""musicbrainz"", ""catalog_number"": ""musicbrainz"", ""danceability"": ""essentia_features"", ""key"": ""essentia_features"", ""analysis_summary"": ""essentia_features"", ""mood"": ""rules_inference"", ""energy"": ""rules_inference"", ""moods"": ""final_completion"", ""subgenre"": ""final_completion"", ""valence"": ""final_completion"", ""occasion"": ""final_completion"", ""themes"": ""final_completion"", ""weather"": ""final_completion"", ""season"": ""final_completion"", ""age_group"": ""final_completion"", ""vocals"": ""final_completion"", ""instruments"": ""final_completion"", ""language"": ""final_completion"", ""publisher"": ""final_completion"", ""composer"": ""final_completion"", ""copyright"": ""final_completion"", ""comment"": ""final_completion"", ""isrc"": ""final_completion""}",1,0,"0.345,E Minor,English,Delta Goodrem,ATLED Records,Better Now Records,(c) 2026 ATLED Records"
2025-10-10,Pop,Pop,"=""00:02:33""",0.58,128,Demi Lovato - Kiss (Tropkillaz Remix) (1080).mp4,mainstream,all weather,1,"{""title"": ""deezer, itunes, lastfm, local_cleanup, musicbrainz"", ""artist"": ""deezer, existing_file_tag, itunes, lastfm, local_cleanup, musicbrainz"", ""album_artist"": ""deezer, existing_file_tag, itunes, musicbrainz"", ""date"": ""deezer, itunes, musicbrainz"", ""year"": ""deezer, existing_file_tag, itunes, musicbrainz"", ""genre"": ""deezer, itunes"", ""bpm"": ""essentia_features, rules_inference"", ""album"": ""deezer, lastfm, musicbrainz"", ""cover_art_url"": ""lastfm"", ""isrc"": ""musicbrainz"", ""danceability"": ""essentia_features"", ""key"": ""essentia_features"", ""analysis_summary"": ""essentia_features"", ""mood"": ""rules_inference"", ""energy"": ""rules_inference"", ""moods"": ""final_completion"", ""subgenre"": ""final_completion"", ""track_number"": ""final_completion"", ""disc_number"": ""final_completion"", ""valence"": ""final_completion"", ""occasion"": ""final_completion"", ""themes"": ""final_completion"", ""weather"": ""final_completion"", ""season"": ""final_completion"", ""age_group"": ""final_completion"", ""vocals"": ""final_completion"", ""instruments"": ""final_completion"", ""language"": ""final_completion"", ""label"": ""final_completion"", ""publisher"": ""final_completion"", ""composer"": ""final_completion"", ""copyright"": ""final_completion"", ""catalog_number"": ""final_completion"", ""comment"": ""final_completion""}",1,0,"0.432,F Minor,English,Demi Lovato,(c) 2025 Demi Lovato"
2026-06-12,Alternative,Alternative,"=""00:03:55""",0.68,155,Dirty Heads - Better (1080).mp4,energetic,all weather,1,"{""title"": ""deezer, itunes, lastfm, local_cleanup, musicbrainz"", ""artist"": ""deezer, existing_file_tag, itunes, lastfm, local_cleanup, musicbrainz"", ""date"": ""deezer, discogs, itunes, musicbrainz"", ""year"": ""deezer, discogs, existing_file_tag, itunes, musicbrainz"", ""genre"": ""deezer, itunes"", ""bpm"": ""essentia_features, rules_inference"", ""album"": ""deezer, discogs, itunes, musicbrainz"", ""album_artist"": ""deezer, itunes, musicbrainz"", ""track_number"": ""discogs, itunes, musicbrainz"", ""disc_number"": ""itunes, musicbrainz"", ""cover_art_url"": ""cover_art_archive"", ""label"": ""discogs, musicbrainz"", ""catalog_number"": ""musicbrainz"", ""danceability"": ""essentia_features"", ""key"": ""essentia_features"", ""analysis_summary"": ""essentia_features"", ""mood"": ""rules_inference"", ""energy"": ""rules_inference"", ""moods"": ""final_completion"", ""subgenre"": ""final_completion"", ""valence"": ""final_completion"", ""occasion"": ""final_completion"", ""themes"": ""final_completion"", ""weather"": ""final_completion"", ""season"": ""final_completion"", ""age_group"": ""final_completion"", ""vocals"": ""final_completion"", ""instruments"": ""final_completion"", ""language"": ""final_completion"", ""publisher"": ""final_completion"", ""composer"": ""final_completion"", ""copyright"": ""final_completion"", ""comment"": ""final_completion"", ""isrc"": ""final_completion""}",1,0,"0.339,Eb Major,English,Dirty Heads,Better Noise Music,(c) 2026 Better Noise Music"
2026-04-23,Pop Rock,Pop,"=""00:04:43""",0.58,124,Duran Duran - Free To Love (Biff Chitlins Agape Remix) (1080).mp4,mainstream,all weather,1,"{""title"": ""musicbrainz"", ""artist"": ""deezer, existing_file_tag, itunes, lastfm, local_cleanup, musicbrainz"", ""album_artist"": ""deezer, existing_file_tag, itunes, musicbrainz"", ""date"": ""deezer, discogs, itunes"", ""year"": ""deezer, discogs, existing_file_tag, itunes, musicbrainz"", ""genre"": ""deezer, discogs, itunes"", ""bpm"": ""essentia_features, rules_inference"", ""album"": ""deezer, musicbrainz"", ""track_number"": ""musicbrainz"", ""disc_number"": ""itunes, musicbrainz"", ""cover_art_url"": ""discogs"", ""label"": ""discogs, musicbrainz"", ""catalog_number"": ""discogs, musicbrainz"", ""subgenre"": ""discogs"", ""danceability"": ""essentia_features"", ""key"": ""essentia_features"", ""analysis_summary"": ""essentia_features"", ""mood"": ""rules_inference"", ""energy"": ""rules_inference"", ""moods"": ""final_completion"", ""valence"": ""final_completion"", ""occasion"": ""final_completion"", ""themes"": ""final_completion"", ""weather"": ""final_completion"", ""season"": ""final_completion"", ""age_group"": ""final_completion"", ""vocals"": ""final_completion"", ""instruments"": ""final_completion"", ""language"": ""final_completion"", ""publisher"": ""final_completion"", ""composer"": ""final_completion"", ""copyright"": ""final_completion"", ""comment"": ""final_completion"", ""isrc"": ""final_completion""}",1,0,"0.83,C Minor,English,Duran Duran,Tape Modern,(c) 2026 Tape Modern"
Hurts (Lyrics),Top 40,EBEN,"=""00:03:44""",0.68,129,EBEN - Hurts (Lyrics).mp4,energetic,all weather,1,"{""title"": ""deezer, itunes, lastfm, local_cleanup, musicbrainz"", ""artist"": ""existing_file_tag, itunes, local_cleanup, musicbrainz"", ""album_artist"": ""existing_file_tag, itunes, musicbrainz"", ""date"": ""deezer, itunes, musicbrainz"", ""year"": ""deezer, existing_file_tag, itunes, musicbrainz"", ""genre"": ""existing_file_tag"", ""bpm"": ""essentia_features, existing_file_tag, rules_inference"", ""album"": ""deezer, lastfm, musicbrainz"", ""track_number"": ""itunes, musicbrainz"", ""disc_number"": ""itunes, musicbrainz"", ""cover_art_url"": ""lastfm"", ""danceability"": ""essentia_features"", ""key"": ""essentia_features"", ""analysis_summary"": ""essentia_features"", ""mood"": ""rules_inference"", ""energy"": ""rules_inference"", ""moods"": ""final_completion"", ""subgenre"": ""final_completion"", ""valence"": ""final_completion"", ""occasion"": ""final_completion"", ""themes"": ""final_completion"", ""weather"": ""final_completion"", ""season"": ""final_completion"", ""age_group"": ""final_completion"", ""vocals"": ""final_completion"", ""instruments"": ""final_completion"", ""language"": ""final_completion"", ""label"": ""final_completion"", ""publisher"": ""final_completion"", ""composer"": ""final_completion"", ""copyright"": ""final_completion"", ""comment"": ""final_completion"", ""isrc"": ""final_completion"", ""catalog_number"": ""final_completion""}",1,0,"0.374,Ab Minor,English,(c) 2025 EBEN"
2026-06-05,Pop,Pop,"=""00:03:16""",0.58,136,Ellie Goulding - Black Prada Dress (1080).mp4,mainstream,all weather,1,"{""title"": ""deezer, itunes, lastfm, local_cleanup, musicbrainz"", ""artist"": ""deezer, existing_file_tag, itunes, lastfm, local_cleanup, musicbrainz"", ""album_artist"": ""deezer, existing_file_tag, itunes, musicbrainz"", ""date"": ""deezer, musicbrainz"", ""year"": ""deezer, existing_file_tag, musicbrainz"", ""genre"": ""deezer, itunes"", ""bpm"": ""essentia_features, rules_inference"", ""album"": ""deezer, lastfm, musicbrainz"", ""track_number"": ""itunes, musicbrainz"", ""disc_number"": ""itunes, musicbrainz"", ""cover_art_url"": ""lastfm"", ""isrc"": ""musicbrainz"", ""label"": ""musicbrainz"", ""catalog_number"": ""musicbrainz"", ""danceability"": ""essentia_features"", ""key"": ""essentia_features"", ""analysis_summary"": ""essentia_features"", ""mood"": ""rules_inference"", ""energy"": ""rules_inference"", ""moods"": ""final_completion"", ""subgenre"": ""final_completion"", ""valence"": ""final_completion"", ""occasion"": ""final_completion"", ""themes"": ""final_completion"", ""weather"": ""final_completion"", ""season"": ""final_completion"", ""age_group"": ""final_completion"", ""vocals"": ""final_completion"", ""instruments"": ""final_completion"", ""language"": ""final_completion"", ""publisher"": ""final_completion"", ""composer"": ""final_completion"", ""copyright"": ""final_completion"", ""comment"": ""final_completion""}",1,0,"0.288,C Major,English,Ellie Goulding,Polydor,(c) 2026 Polydor"
2026-06-05,Pop,Pop,"=""00:03:07""",0.58,115,Enisa - Wrong Impression (1080).mp4,mainstream,all weather,1,"{""title"": ""lastfm, local_cleanup"", ""artist"": ""deezer, existing_file_tag, itunes, lastfm, local_cleanup"", ""date"": ""deezer, itunes"", ""year"": ""deezer, existing_file_tag, itunes"", ""genre"": ""deezer, itunes"", ""bpm"": ""essentia_features, rules_inference"", ""album"": ""lastfm"", ""album_artist"": ""deezer, itunes"", ""danceability"": ""essentia_features"", ""key"": ""essentia_features"", ""analysis_summary"": ""essentia_features"", ""mood"": ""rules_inference"", ""energy"": ""rules_inference"", ""moods"": ""final_completion"", ""subgenre"": ""final_completion"", ""track_number"": ""final_completion"", ""disc_number"": ""final_completion"", ""valence"": ""final_completion"", ""occasion"": ""final_completion"", ""themes"": ""final_completion"", ""weather"": ""final_completion"", ""season"": ""final_completion"", ""age_group"": ""final_completion"", ""vocals"": ""final_completion"", ""instruments"": ""final_completion"", ""language"": ""final_completion"", ""label"": ""final_completion"", ""publisher"": ""final_completion"", ""composer"": ""final_completion"", ""copyright"": ""final_completion"", ""comment"": ""final_completion"", ""isrc"": ""final_completion"", ""catalog_number"": ""final_completion"", ""cover_art_url"": ""final_completion""}",1,0,"0.383,Eb Minor,English,Enisa,(c) 2026 Enisa"
2026-10-16,Pop,Pop,"=""00:04:43""",0.58,125,Florrie - Warrior (1080).mp4,mainstream,all weather,1,"{""title"": ""deezer, itunes, lastfm, local_cleanup, musicbrainz"", ""artist"": ""deezer, existing_file_tag, itunes, lastfm, local_cleanup, musicbrainz"", ""date"": ""musicbrainz"", ""year"": ""deezer, discogs, existing_file_tag, itunes, musicbrainz"", ""genre"": ""deezer, discogs"", ""bpm"": ""essentia_features, existing_file_tag, rules_inference"", ""album"": ""lastfm, musicbrainz"", ""album_artist"": ""deezer, itunes, musicbrainz"", ""track_number"": ""itunes, musicbrainz"", ""disc_number"": ""itunes, musicbrainz"", ""cover_art_url"": ""lastfm"", ""label"": ""musicbrainz"", ""catalog_number"": ""musicbrainz"", ""danceability"": ""essentia_features"", ""key"": ""essentia_features"", ""analysis_summary"": ""essentia_features"", ""mood"": ""rules_inference"", ""energy"": ""rules_inference"", ""moods"": ""final_completion"", ""subgenre"": ""final_completion"", ""valence"": ""final_completion"", ""occasion"": ""final_completion"", ""themes"": ""final_completion"", ""weather"": ""final_completion"", ""season"": ""final_completion"", ""age_group"": ""final_completion"", ""vocals"": ""final_completion"", ""instruments"": ""final_completion"", ""language"": ""final_completion"", ""publisher"": ""final_completion"", ""composer"": ""final_completion"", ""copyright"": ""final_completion"", ""comment"": ""final_completion"", ""isrc"": ""final_completion""}",1,0,"0.352,F Major,English,Florrie,Xenomania,(c) 2026 Xenomania"
2026-06-25,Pop,Pop,"=""00:03:11""",0.58,156,Gracie Abrams - Look At My Life (1080).mp4,mainstream,all weather,1,"{""title"": ""deezer, itunes, musicbrainz"", ""artist"": ""deezer, existing_file_tag, itunes, lastfm, local_cleanup, musicbrainz"", ""album_artist"": ""deezer, existing_file_tag, itunes, musicbrainz"", ""date"": ""musicbrainz"", ""year"": ""deezer, existing_file_tag, itunes, musicbrainz"", ""genre"": ""deezer, itunes"", ""bpm"": ""essentia_features, rules_inference"", ""album"": ""deezer, musicbrainz"", ""track_number"": ""musicbrainz"", ""disc_number"": ""itunes, musicbrainz"", ""cover_art_url"": ""lastfm"", ""composer"": ""musicbrainz"", ""isrc"": ""musicbrainz"", ""comment"": ""musicbrainz"", ""label"": ""musicbrainz"", ""catalog_number"": ""musicbrainz"", ""danceability"": ""essentia_features"", ""key"": ""essentia_features"", ""analysis_summary"": ""essentia_features"", ""mood"": ""rules_inference"", ""energy"": ""rules_inference"", ""moods"": ""final_completion"", ""subgenre"": ""final_completion"", ""valence"": ""final_completion"", ""occasion"": ""final_completion"", ""themes"": ""final_completion"", ""weather"": ""final_completion"", ""season"": ""final_completion"", ""age_group"": ""final_completion"", ""vocals"": ""final_completion"", ""instruments"": ""final_completion"", ""language"": ""final_completion"", ""publisher"": ""final_completion"", ""copyright"": ""final_completion""}",1,0,"0.292,F Major,English,Gracie Abrams,Aaron Dessner,Interscope Records,(c) 2026 Interscope Records"
Movin' To The Sun (Lyrics),Electronic,HUGEL ft Imael Angel & Ultra Nate,"=""00:02:22""",0.68,125,HUGEL ft Imael Angel & Ultra Nate - Movin' To The Sun (Lyrics).mp4,energetic,all weather,1,"{""title"": ""deezer, itunes, lastfm, local_cleanup, musicbrainz"", ""artist"": ""itunes, lastfm, musicbrainz"", ""album_artist"": ""itunes, musicbrainz"", ""date"": ""deezer, discogs, itunes, musicbrainz"", ""year"": ""deezer, discogs, existing_file_tag, itunes, musicbrainz"", ""genre"": ""discogs, itunes"", ""bpm"": ""essentia_features, existing_file_tag, rules_inference"", ""album"": ""deezer, discogs, musicbrainz"", ""track_number"": ""discogs, itunes, musicbrainz"", ""disc_number"": ""itunes, musicbrainz"", ""cover_art_url"": ""cover_art_archive"", ""isrc"": ""musicbrainz"", ""danceability"": ""essentia_features"", ""key"": ""essentia_features"", ""analysis_summary"": ""essentia_features"", ""mood"": ""rules_inference"", ""energy"": ""rules_inference"", ""moods"": ""final_completion"", ""subgenre"": ""final_completion"", ""valence"": ""final_completion"", ""occasion"": ""final_completion"", ""themes"": ""final_completion"", ""weather"": ""final_completion"", ""season"": ""final_completion"", ""age_group"": ""final_completion"", ""vocals"": ""final_completion"", ""instruments"": ""final_completion"", ""language"": ""final_completion"", ""label"": ""final_completion"", ""publisher"": ""final_completion"", ""composer"": ""final_completion"", ""copyright"": ""final_completion"", ""catalog_number"": ""final_completion"", ""comment"": ""final_completion""}",1,0,"0.398,F Minor,HUGEL,Imael Angel & Ultra Naté,(c) 2026 HUGEL"
2026-06-12,Electro,Pop,"=""00:02:14""",0.78,124,Inna - Wizz Away (1080).mp4,energetic,all weather,1,"{""title"": ""deezer, itunes, lastfm, local_cleanup, musicbrainz"", ""artist"": ""existing_file_tag, itunes, lastfm, local_cleanup"", ""album_artist"": ""deezer, musicbrainz"", ""date"": ""deezer, discogs, itunes, musicbrainz"", ""year"": ""deezer, discogs, existing_file_tag, itunes, musicbrainz"", ""genre"": ""discogs, itunes"", ""bpm"": ""essentia_features, existing_file_tag, rules_inference"", ""album"": ""deezer, discogs, lastfm, musicbrainz"", ""track_number"": ""discogs, itunes, musicbrainz"", ""disc_number"": ""itunes, musicbrainz"", ""cover_art_url"": ""discogs"", ""label"": ""discogs, musicbrainz"", ""catalog_number"": ""musicbrainz"", ""subgenre"": ""discogs"", ""composer"": ""discogs"", ""danceability"": ""essentia_features"", ""key"": ""essentia_features"", ""analysis_summary"": ""essentia_features"", ""vocals"": ""musicnn_mtg_jamendo"", ""analysis_json"": ""musicnn_mtg_jamendo"", ""mood"": ""rules_inference"", ""energy"": ""rules_inference"", ""moods"": ""final_completion"", ""valence"": ""final_completion"", ""occasion"": ""final_completion"", ""themes"": ""final_completion"", ""weather"": ""final_completion"", ""season"": ""final_completion"", ""age_group"": ""final_completion"", ""instruments"": ""final_completion"", ""language"": ""final_completion"", ""publisher"": ""final_completion"", ""copyright"": ""final_completion"", ""comment"": ""final_completion"", ""isrc"": ""final_completion""}",1,0,"0.432,G Minor,English,Elena Alexandra Apostoleanu,Marcel Botezan,Sebastian Barac,Global Records,(c) 2026 Global Records"
2025-10-03,Pop,Pop,"=""00:03:42""",0.58,164,James Morrison - Cry Your Tears On Me (1080).mp4,mainstream,all weather,1,"{""title"": ""lastfm, musicbrainz"", ""artist"": ""deezer, existing_file_tag, itunes, lastfm, local_cleanup, musicbrainz"", ""album_artist"": ""deezer, existing_file_tag, itunes, musicbrainz"", ""date"": ""deezer, discogs, itunes"", ""year"": ""deezer, discogs, existing_file_tag, itunes, musicbrainz"", ""genre"": ""deezer, itunes"", ""bpm"": ""essentia_features, rules_inference"", ""album"": ""deezer, discogs, itunes, lastfm"", ""track_number"": ""discogs, itunes"", ""disc_number"": ""itunes, musicbrainz"", ""cover_art_url"": ""lastfm"", ""isrc"": ""musicbrainz"", ""label"": ""musicbrainz"", ""catalog_number"": ""musicbrainz"", ""danceability"": ""essentia_features"", ""key"": ""essentia_features"", ""analysis_summary"": ""essentia_features"", ""mood"": ""rules_inference"", ""energy"": ""rules_inference"", ""moods"": ""final_completion"", ""subgenre"": ""final_completion"", ""valence"": ""final_completion"", ""occasion"": ""final_completion"", ""themes"": ""final_completion"", ""weather"": ""final_completion"", ""season"": ""final_completion"", ""age_group"": ""final_completion"", ""vocals"": ""final_completion"", ""instruments"": ""final_completion"", ""language"": ""final_completion"", ""publisher"": ""final_completion"", ""composer"": ""final_completion"", ""copyright"": ""final_completion"", ""comment"": ""final_completion""}",1,0,"0.321,C Major,English,James Morrison,Cooking Vinyl,(c) 2025 Cooking Vinyl"
2026-03-20,alternative pop,alternative pop,"=""00:03:43""",0.58,155,Jelly Roll ft Carin Leon & FIFA Sound - Lighter (FIFA Anthem) (1080).mp4,mainstream,all weather,1,"{""title"": ""deezer, itunes, local_cleanup, musicbrainz"", ""artist"": ""existing_file_tag, local_cleanup"", ""album_artist"": ""musicbrainz"", ""date"": ""deezer, itunes, musicbrainz"", ""year"": ""deezer, existing_file_tag, itunes, musicbrainz"", ""genre"": ""musicbrainz"", ""bpm"": ""essentia_features, rules_inference"", ""album"": ""musicbrainz"", ""track_number"": ""itunes, musicbrainz"", ""disc_number"": ""itunes, musicbrainz"", ""cover_art_url"": ""cover_art_archive"", ""isrc"": ""musicbrainz"", ""label"": ""musicbrainz"", ""catalog_number"": ""musicbrainz"", ""danceability"": ""essentia_features"", ""key"": ""essentia_features"", ""analysis_summary"": ""essentia_features"", ""mood"": ""rules_inference"", ""energy"": ""rules_inference"", ""moods"": ""final_completion"", ""subgenre"": ""final_completion"", ""valence"": ""final_completion"", ""occasion"": ""final_completion"", ""themes"": ""final_completion"", ""weather"": ""final_completion"", ""season"": ""final_completion"", ""age_group"": ""final_completion"", ""vocals"": ""final_completion"", ""instruments"": ""final_completion"", ""language"": ""final_completion"", ""publisher"": ""final_completion"", ""composer"": ""final_completion"", ""copyright"": ""final_completion"", ""comment"": ""final_completion""}",1,0,"0.305,F Minor,Jelly Roll Ft Carin Leon & FIFA Sound,Bailee & Buddy Management,Inc.,FIFA World Cup SalXCO,(c) 2026 Bailee & Buddy Management"
2025-11-28,Pop,Pop,"=""00:02:41""",0.58,81,Jessie J - California (1080).mp4,mainstream,all weather,1,"{""title"": ""lastfm, local_cleanup, musicbrainz"", ""artist"": ""deezer, existing_file_tag, itunes, lastfm, local_cleanup, musicbrainz"", ""album_artist"": ""deezer, existing_file_tag, musicbrainz"", ""date"": ""deezer, discogs, musicbrainz"", ""year"": ""deezer, discogs, musicbrainz"", ""genre"": ""deezer, itunes"", ""bpm"": ""essentia_features, rules_inference"", ""album"": ""deezer, discogs"", ""track_number"": ""musicbrainz"", ""disc_number"": ""itunes, musicbrainz"", ""cover_art_url"": ""cover_art_archive"", ""isrc"": ""musicbrainz"", ""label"": ""musicbrainz"", ""catalog_number"": ""musicbrainz"", ""danceability"": ""essentia_features"", ""key"": ""essentia_features"", ""analysis_summary"": ""essentia_features"", ""mood"": ""rules_inference"", ""energy"": ""rules_inference"", ""moods"": ""final_completion"", ""subgenre"": ""final_completion"", ""valence"": ""final_completion"", ""occasion"": ""final_completion"", ""themes"": ""final_completion"", ""weather"": ""final_completion"", ""season"": ""final_completion"", ""age_group"": ""final_completion"", ""vocals"": ""final_completion"", ""instruments"": ""final_completion"", ""language"": ""final_completion"", ""publisher"": ""final_completion"", ""composer"": ""final_completion"", ""copyright"": ""final_completion"", ""comment"": ""final_completion""}",1,0,"0.326,Ab Minor,English,Jessie J,D.A.P. Limited,(c) 2025 D.A.P. Limited"
2026-03-26,Pop,Pop,"=""00:02:57""",0.58,108,Jessie Ware - Automatic (1080).mp4,mainstream,all weather,1,"{""title"": ""deezer, itunes, lastfm, local_cleanup, musicbrainz"", ""artist"": ""deezer, existing_file_tag, itunes, lastfm, local_cleanup, musicbrainz"", ""album_artist"": ""deezer, existing_file_tag, itunes, musicbrainz"", ""date"": ""deezer, itunes, musicbrainz"", ""year"": ""deezer, existing_file_tag, itunes, musicbrainz"", ""genre"": ""deezer, itunes"", ""bpm"": ""essentia_features, existing_file_tag, rules_inference"", ""album"": ""itunes, lastfm"", ""track_number"": ""musicbrainz"", ""disc_number"": ""itunes, musicbrainz"", ""cover_art_url"": ""lastfm"", ""isrc"": ""musicbrainz"", ""label"": ""musicbrainz"", ""catalog_number"": ""musicbrainz"", ""danceability"": ""essentia_features"", ""key"": ""essentia_features"", ""analysis_summary"": ""essentia_features"", ""mood"": ""rules_inference"", ""energy"": ""rules_inference"", ""moods"": ""final_completion"", ""subgenre"": ""final_completion"", ""valence"": ""final_completion"", ""occasion"": ""final_completion"", ""themes"": ""final_completion"", ""weather"": ""final_completion"", ""season"": ""final_completion"", ""age_group"": ""final_completion"", ""vocals"": ""final_completion"", ""instruments"": ""final_completion"", ""language"": ""final_completion"", ""publisher"": ""final_completion"", ""composer"": ""final_completion"", ""copyright"": ""final_completion"", ""comment"": ""final_completion""}",1,0,"0.383,C Major,English,Jessie Ware,EMI,(c) 2026 EMI"
2026-06-25,"Pop Rock, Power Pop",Pop,"=""00:03:00""",0.58,129,Katy Perry - Watch It Burn (1080).mp4,mainstream,all weather,1,"{""title"": ""deezer, itunes, lastfm, local_cleanup, musicbrainz"", ""artist"": ""deezer, existing_file_tag, itunes, lastfm, local_cleanup, musicbrainz"", ""date"": ""discogs, musicbrainz"", ""year"": ""deezer, discogs, existing_file_tag, itunes, musicbrainz"", ""genre"": ""deezer, itunes"", ""bpm"": ""essentia_features, existing_file_tag, rules_inference"", ""album"": ""deezer, discogs, lastfm, musicbrainz"", ""album_artist"": ""deezer, itunes, musicbrainz"", ""track_number"": ""discogs, itunes, musicbrainz"", ""disc_number"": ""itunes, musicbrainz"", ""cover_art_url"": ""discogs"", ""isrc"": ""musicbrainz"", ""label"": ""discogs, musicbrainz"", ""catalog_number"": ""discogs"", ""subgenre"": ""discogs"", ""composer"": ""discogs"", ""danceability"": ""essentia_features"", ""key"": ""essentia_features"", ""analysis_summary"": ""essentia_features"", ""mood"": ""rules_inference"", ""energy"": ""rules_inference"", ""moods"": ""final_completion"", ""valence"": ""final_completion"", ""occasion"": ""final_completion"", ""themes"": ""final_completion"", ""weather"": ""final_completion"", ""season"": ""final_completion"", ""age_group"": ""final_completion"", ""vocals"": ""final_completion"", ""instruments"": ""final_completion"", ""language"": ""final_completion"", ""publisher"": ""final_completion"", ""copyright"": ""final_completion"", ""comment"": ""final_completion""}",1,0,"0.309,D Major,English,Amanda Renee Ibanez,Daniel Crean,Skyler Stonestreet,Justin Tranter,Eren Cannata,Jason Gill,Katy Perry,Capitol Records,(c) 2026 Capitol Records"
Detour (Lyrics),"Electro, Tech House, Dance-pop, Experimental",Kim Petras,"=""00:02:37""",0.78,140,Kim Petras - Detour (Lyrics).mp4,upbeat,all weather,1,"{""title"": ""deezer, lastfm, local_cleanup, musicbrainz"", ""artist"": ""deezer, existing_file_tag, lastfm, local_cleanup, musicbrainz"", ""album_artist"": ""deezer, existing_file_tag, musicbrainz"", ""date"": ""deezer, discogs, musicbrainz"", ""year"": ""deezer, discogs, existing_file_tag, musicbrainz"", ""genre"": ""discogs"", ""bpm"": ""essentia_features, rules_inference"", ""album"": ""deezer, discogs, lastfm, musicbrainz"", ""cover_art_url"": ""discogs"", ""track_number"": ""discogs, musicbrainz"", ""disc_number"": ""musicbrainz"", ""composer"": ""musicbrainz"", ""isrc"": ""musicbrainz"", ""label"": ""discogs"", ""catalog_number"": ""discogs"", ""subgenre"": ""discogs"", ""danceability"": ""essentia_features"", ""key"": ""essentia_features"", ""analysis_summary"": ""essentia_features"", ""mood"": ""rules_inference"", ""energy"": ""rules_inference"", ""occasion"": ""rules_inference"", ""moods"": ""final_completion"", ""valence"": ""final_completion"", ""themes"": ""final_completion"", ""weather"": ""final_completion"", ""season"": ""final_completion"", ""age_group"": ""final_completion"", ""vocals"": ""final_completion"", ""instruments"": ""final_completion"", ""language"": ""final_completion"", ""publisher"": ""final_completion"", ""copyright"": ""final_completion"", ""comment"": ""final_completion""}",1,0,"0.355,E Major,English,Angel Prost,Lulu Prost,Nicholas Weiss,BunHead,Amigo Records,(c) 2026 BunHead"
2026-03-13,Top 40,Top 40,"=""00:03:09""",0.68,128,Lusaint - Love Bites Back (1080).mp4,energetic,all weather,1,"{""title"": ""itunes, lastfm, local_cleanup, musicbrainz"", ""artist"": ""existing_file_tag, itunes, lastfm, local_cleanup, musicbrainz"", ""date"": ""itunes, musicbrainz"", ""year"": ""existing_file_tag, itunes, musicbrainz"", ""genre"": ""existing_file_tag"", ""bpm"": ""essentia_features, existing_file_tag, rules_inference"", ""album"": ""musicbrainz"", ""album_artist"": ""itunes, musicbrainz"", ""track_number"": ""itunes, musicbrainz"", ""disc_number"": ""itunes, musicbrainz"", ""cover_art_url"": ""lastfm"", ""isrc"": ""musicbrainz"", ""danceability"": ""essentia_features"", ""key"": ""essentia_features"", ""analysis_summary"": ""essentia_features"", ""mood"": ""rules_inference"", ""energy"": ""rules_inference"", ""moods"": ""final_completion"", ""subgenre"": ""final_completion"", ""valence"": ""final_completion"", ""occasion"": ""final_completion"", ""themes"": ""final_completion"", ""weather"": ""final_completion"", ""season"": ""final_completion"", ""age_group"": ""final_completion"", ""vocals"": ""final_completion"", ""instruments"": ""final_completion"", ""language"": ""final_completion"", ""label"": ""final_completion"", ""publisher"": ""final_completion"", ""composer"": ""final_completion"", ""copyright"": ""final_completion"", ""catalog_number"": ""final_completion"", ""comment"": ""final_completion""}",1,0,"0.461,B Minor,English,Lusaint,(c) 2026 Lusaint"
2024-06-28,Pop,Pop,"=""00:02:46""",0.58,136,Madelline - Dopamine (1080).mp4,mainstream,all weather,1,"{""title"": ""lastfm, local_cleanup"", ""artist"": ""deezer, existing_file_tag, itunes, lastfm, local_cleanup, musicbrainz"", ""date"": ""deezer, itunes"", ""year"": ""existing_file_tag, musicbrainz"", ""genre"": ""deezer, itunes"", ""bpm"": ""essentia_features, existing_file_tag, rules_inference"", ""album"": ""lastfm, musicbrainz"", ""album_artist"": ""deezer, itunes, musicbrainz"", ""track_number"": ""musicbrainz"", ""disc_number"": ""itunes, musicbrainz"", ""cover_art_url"": ""lastfm"", ""isrc"": ""musicbrainz"", ""label"": ""musicbrainz"", ""catalog_number"": ""musicbrainz"", ""danceability"": ""essentia_features"", ""key"": ""essentia_features"", ""analysis_summary"": ""essentia_features"", ""mood"": ""rules_inference"", ""energy"": ""rules_inference"", ""moods"": ""final_completion"", ""subgenre"": ""final_completion"", ""valence"": ""final_completion"", ""occasion"": ""final_completion"", ""themes"": ""final_completion"", ""weather"": ""final_completion"", ""season"": ""final_completion"", ""age_group"": ""final_completion"", ""vocals"": ""final_completion"", ""instruments"": ""final_completion"", ""language"": ""final_completion"", ""publisher"": ""final_completion"", ""composer"": ""final_completion"", ""copyright"": ""final_completion"", ""comment"": ""final_completion""}",1,0,"0.364,F# Major,English,Madelline,Lucky Bastards,(c) 2023 Lucky Bastards"
2026-05-29,dance-pop,dance-pop,"=""00:02:57""",0.78,105,Madeon ft Sam Gellaitry - Red Jacket (1080).mp4,upbeat,all weather,1,"{""title"": ""deezer, local_cleanup, musicbrainz"", ""artist"": ""existing_file_tag, local_cleanup"", ""date"": ""itunes, musicbrainz"", ""year"": ""deezer, existing_file_tag, itunes, musicbrainz"", ""genre"": ""musicbrainz"", ""bpm"": ""essentia_features, rules_inference"", ""album"": ""deezer, itunes"", ""album_artist"": ""deezer, itunes"", ""track_number"": ""musicbrainz"", ""disc_number"": ""itunes, musicbrainz"", ""cover_art_url"": ""cover_art_archive"", ""isrc"": ""musicbrainz"", ""label"": ""musicbrainz"", ""catalog_number"": ""musicbrainz"", ""danceability"": ""essentia_features"", ""key"": ""essentia_features"", ""analysis_summary"": ""essentia_features"", ""mood"": ""rules_inference"", ""energy"": ""rules_inference"", ""occasion"": ""rules_inference"", ""moods"": ""final_completion"", ""subgenre"": ""final_completion"", ""valence"": ""final_completion"", ""themes"": ""final_completion"", ""weather"": ""final_completion"", ""season"": ""final_completion"", ""age_group"": ""final_completion"", ""vocals"": ""final_completion"", ""instruments"": ""final_completion"", ""language"": ""final_completion"", ""publisher"": ""final_completion"", ""composer"": ""final_completion"", ""copyright"": ""final_completion"", ""comment"": ""final_completion""}",1,0,"0.369,C# Minor,English,Madeon Ft Sam Gellaitry,Mom+Pop,(c) 2026 Mom+Pop"
2026-04-30,"Electronic, Pop","Electronic, Pop","=""00:02:56""",0.68,121,Madonna & Sabrina Carpenter - Bring Your Love (1080).mp4,energetic,all weather,1,"{""title"": ""deezer, itunes, lastfm, local_cleanup, musicbrainz"", ""artist"": ""existing_file_tag, itunes, lastfm, local_cleanup, musicbrainz"", ""date"": ""itunes, musicbrainz"", ""year"": ""deezer, discogs, existing_file_tag, itunes, musicbrainz"", ""genre"": ""discogs"", ""bpm"": ""essentia_features, existing_file_tag, rules_inference"", ""album"": ""deezer, itunes, lastfm"", ""album_artist"": ""deezer, itunes"", ""track_number"": ""discogs, musicbrainz"", ""disc_number"": ""itunes, musicbrainz"", ""cover_art_url"": ""lastfm"", ""isrc"": ""musicbrainz"", ""label"": ""discogs, musicbrainz"", ""catalog_number"": ""musicbrainz"", ""danceability"": ""essentia_features"", ""key"": ""essentia_features"", ""analysis_summary"": ""essentia_features"", ""mood"": ""rules_inference"", ""energy"": ""rules_inference"", ""moods"": ""final_completion"", ""subgenre"": ""final_completion"", ""valence"": ""final_completion"", ""occasion"": ""final_completion"", ""themes"": ""final_completion"", ""weather"": ""final_completion"", ""season"": ""final_completion"", ""age_group"": ""final_completion"", ""vocals"": ""final_completion"", ""instruments"": ""final_completion"", ""language"": ""final_completion"", ""publisher"": ""final_completion"", ""composer"": ""final_completion"", ""copyright"": ""final_completion"", ""comment"": ""final_completion""}",1,0,"0.41,Ab Major,English,Madonna & Sabrina Carpenter,Warner Records,(c) 2026 Warner Records"
2024-05-17,Pop,Pop,"=""00:03:10""",0.58,131,Maude Latour - Cursed Romantics (1080).mp4,mainstream,all weather,1,"{""title"": ""deezer, itunes, lastfm, local_cleanup, musicbrainz"", ""artist"": ""deezer, existing_file_tag, itunes, lastfm, local_cleanup, musicbrainz"", ""date"": ""deezer, itunes, musicbrainz"", ""year"": ""deezer, existing_file_tag, itunes, musicbrainz"", ""genre"": ""deezer, itunes"", ""bpm"": ""essentia_features, rules_inference"", ""album"": ""deezer, lastfm, musicbrainz"", ""album_artist"": ""deezer, itunes, musicbrainz"", ""track_number"": ""itunes, musicbrainz"", ""disc_number"": ""itunes, musicbrainz"", ""cover_art_url"": ""lastfm"", ""danceability"": ""essentia_features"", ""key"": ""essentia_features"", ""analysis_summary"": ""essentia_features"", ""mood"": ""rules_inference"", ""energy"": ""rules_inference"", ""moods"": ""final_completion"", ""subgenre"": ""final_completion"", ""valence"": ""final_completion"", ""occasion"": ""final_completion"", ""themes"": ""final_completion"", ""weather"": ""final_completion"", ""season"": ""final_completion"", ""age_group"": ""final_completion"", ""vocals"": ""final_completion"", ""instruments"": ""final_completion"", ""language"": ""final_completion"", ""label"": ""final_completion"", ""publisher"": ""final_completion"", ""composer"": ""final_completion"", ""copyright"": ""final_completion"", ""comment"": ""final_completion"", ""isrc"": ""final_completion"", ""catalog_number"": ""final_completion""}",1,0,"0.371,B Major,English,Maude Latour,(c) 2024 Maude Latour"
2026-05-29,Pop,Pop,"=""00:02:38""",0.58,95,Meek - Beautiful Freeks (1080).mp4,mainstream,all weather,1,"{""title"": ""deezer, itunes, lastfm, local_cleanup, musicbrainz"", ""artist"": ""existing_file_tag, lastfm, local_cleanup"", ""date"": ""deezer, itunes, musicbrainz"", ""year"": ""deezer, existing_file_tag, itunes, musicbrainz"", ""genre"": ""deezer, itunes"", ""bpm"": ""essentia_features, existing_file_tag, rules_inference"", ""album"": ""deezer, lastfm, musicbrainz"", ""album_artist"": ""deezer, itunes, musicbrainz"", ""track_number"": ""itunes, musicbrainz"", ""disc_number"": ""itunes, musicbrainz"", ""cover_art_url"": ""lastfm"", ""isrc"": ""musicbrainz"", ""label"": ""musicbrainz"", ""catalog_number"": ""musicbrainz"", ""danceability"": ""essentia_features"", ""key"": ""essentia_features"", ""analysis_summary"": ""essentia_features"", ""mood"": ""rules_inference"", ""energy"": ""rules_inference"", ""moods"": ""final_completion"", ""subgenre"": ""final_completion"", ""valence"": ""final_completion"", ""occasion"": ""final_completion"", ""themes"": ""final_completion"", ""weather"": ""final_completion"", ""season"": ""final_completion"", ""age_group"": ""final_completion"", ""vocals"": ""final_completion"", ""instruments"": ""final_completion"", ""language"": ""final_completion"", ""publisher"": ""final_completion"", ""composer"": ""final_completion"", ""copyright"": ""final_completion"", ""comment"": ""final_completion""}",1,0,"0.32,G Major,English,Meek,BMG,(c) 2026 BMG"
2026-02-20,Alternative,Alternative,"=""00:03:10""",0.68,155,Mumford & Sons ft Chris Stapleton - Here (1080).mp4,energetic,all weather,1,"{""title"": ""deezer, itunes, lastfm, local_cleanup"", ""artist"": ""deezer, lastfm, musicbrainz"", ""album_artist"": ""deezer, itunes, musicbrainz"", ""date"": ""deezer, discogs, itunes"", ""year"": ""deezer, discogs, existing_file_tag, itunes, musicbrainz"", ""genre"": ""deezer, itunes"", ""bpm"": ""essentia_features, rules_inference"", ""album"": ""deezer, discogs, itunes"", ""track_number"": ""discogs, itunes, musicbrainz"", ""disc_number"": ""musicbrainz"", ""cover_art_url"": ""cover_art_archive"", ""isrc"": ""musicbrainz"", ""danceability"": ""essentia_features"", ""key"": ""essentia_features"", ""analysis_summary"": ""essentia_features"", ""mood"": ""rules_inference"", ""energy"": ""rules_inference"", ""moods"": ""final_completion"", ""subgenre"": ""final_completion"", ""valence"": ""final_completion"", ""occasion"": ""final_completion"", ""themes"": ""final_completion"", ""weather"": ""final_completion"", ""season"": ""final_completion"", ""age_group"": ""final_completion"", ""vocals"": ""final_completion"", ""instruments"": ""final_completion"", ""language"": ""final_completion"", ""label"": ""final_completion"", ""publisher"": ""final_completion"", ""composer"": ""final_completion"", ""copyright"": ""final_completion"", ""catalog_number"": ""final_completion"", ""comment"": ""final_completion""}",1,0,"0.289,Bb Major,English,Mumford & Sons,(c) 2026 Mumford & Sons"
Hold Me In The Dark (Lyrics),Top 40,Myles Smith,"=""00:03:14""",0.68,132,Myles Smith - Hold Me In The Dark (Lyrics).mp4,energetic,all weather,1,"{""title"": ""deezer, itunes, lastfm, local_cleanup"", ""artist"": ""deezer, existing_file_tag, itunes, lastfm, local_cleanup, musicbrainz"", ""album_artist"": ""deezer, existing_file_tag, itunes, musicbrainz"", ""date"": ""deezer, itunes"", ""year"": ""deezer, discogs, existing_file_tag, itunes, musicbrainz"", ""genre"": ""existing_file_tag"", ""bpm"": ""essentia_features, existing_file_tag, rules_inference"", ""album"": ""discogs, itunes, lastfm"", ""track_number"": ""discogs, itunes"", ""disc_number"": ""itunes, musicbrainz"", ""cover_art_url"": ""lastfm"", ""isrc"": ""musicbrainz"", ""label"": ""musicbrainz"", ""catalog_number"": ""musicbrainz"", ""danceability"": ""essentia_features"", ""key"": ""essentia_features"", ""analysis_summary"": ""essentia_features"", ""mood"": ""rules_inference"", ""energy"": ""rules_inference"", ""moods"": ""final_completion"", ""subgenre"": ""final_completion"", ""valence"": ""final_completion"", ""occasion"": ""final_completion"", ""themes"": ""final_completion"", ""weather"": ""final_completion"", ""season"": ""final_completion"", ""age_group"": ""final_completion"", ""vocals"": ""final_completion"", ""instruments"": ""final_completion"", ""language"": ""final_completion"", ""publisher"": ""final_completion"", ""composer"": ""final_completion"", ""copyright"": ""final_completion"", ""comment"": ""final_completion""}",1,0,"0.329,F Major,English,RCA,(c) 2026 RCA"
2026-06-05,Top 40,Top 40,"=""00:03:06""",0.68,130,"Nora Fatehi ft Vegedream, Sanjoy & FIFA Sound - Siir Siir (FIFA World Cup 2026 Anthem) (1080).mp4",energetic,all weather,1,"{""title"": ""deezer, itunes, local_cleanup, musicbrainz"", ""artist"": ""existing_file_tag, local_cleanup"", ""album_artist"": ""deezer, itunes"", ""date"": ""deezer, itunes, musicbrainz"", ""year"": ""deezer, existing_file_tag, itunes, musicbrainz"", ""genre"": ""existing_file_tag"", ""bpm"": ""essentia_features, existing_file_tag, rules_inference"", ""album"": ""deezer, itunes, musicbrainz"", ""track_number"": ""musicbrainz"", ""disc_number"": ""itunes, musicbrainz"", ""cover_art_url"": ""cover_art_archive"", ""isrc"": ""musicbrainz"", ""label"": ""musicbrainz"", ""catalog_number"": ""musicbrainz"", ""danceability"": ""essentia_features"", ""key"": ""essentia_features"", ""analysis_summary"": ""essentia_features"", ""mood"": ""rules_inference"", ""energy"": ""rules_inference"", ""moods"": ""final_completion"", ""subgenre"": ""final_completion"", ""valence"": ""final_completion"", ""occasion"": ""final_completion"", ""themes"": ""final_completion"", ""weather"": ""final_completion"", ""season"": ""final_completion"", ""age_group"": ""final_completion"", ""vocals"": ""final_completion"", ""instruments"": ""final_completion"", ""language"": ""final_completion"", ""publisher"": ""final_completion"", ""composer"": ""final_completion"", ""copyright"": ""final_completion"", ""comment"": ""final_completion""}",1,0,"0.374,C# Major,Nora Fatehi Ft Vegedream,Sanjoy & FIFA Sound,FIFA World Cup SalXCO,(c) 2026 FIFA World Cup SalXCO"
Begged (Lyrics),Pop,Olivia Rodrigo,"=""00:03:35""",0.58,126,Olivia Rodrigo - Begged (Lyrics).mp4,mainstream,all weather,1,"{""title"": ""deezer, itunes, lastfm, musicbrainz"", ""artist"": ""deezer, existing_file_tag, itunes, lastfm, local_cleanup, musicbrainz"", ""album_artist"": ""deezer, existing_file_tag, itunes, musicbrainz"", ""date"": ""deezer, discogs, itunes"", ""year"": ""deezer, discogs, existing_file_tag, itunes, musicbrainz"", ""genre"": ""deezer, itunes"", ""bpm"": ""essentia_features, rules_inference"", ""album"": ""deezer, itunes, musicbrainz"", ""track_number"": ""itunes, musicbrainz"", ""disc_number"": ""itunes, musicbrainz"", ""cover_art_url"": ""lastfm"", ""composer"": ""musicbrainz"", ""isrc"": ""musicbrainz"", ""label"": ""musicbrainz"", ""catalog_number"": ""musicbrainz"", ""danceability"": ""essentia_features"", ""key"": ""essentia_features"", ""analysis_summary"": ""essentia_features"", ""vocals"": ""clap_zero_shot, musicnn_mtg_jamendo"", ""mood"": ""rules_inference"", ""energy"": ""rules_inference"", ""moods"": ""final_completion"", ""subgenre"": ""final_completion"", ""valence"": ""final_completion"", ""occasion"": ""final_completion"", ""themes"": ""final_completion"", ""weather"": ""final_completion"", ""season"": ""final_completion"", ""age_group"": ""final_completion"", ""instruments"": ""final_completion"", ""language"": ""final_completion"", ""publisher"": ""final_completion"", ""copyright"": ""final_completion"", ""comment"": ""final_completion""}",1,0,"0.309,Ab Major,English,Daniel Nigro,Olivia Rodrigo PS,(c) 2026 Olivia Rodrigo PS"
Honeybee (Lyrics),Pop,Olivia Rodrigo,"=""00:03:40""",0.58,130,Olivia Rodrigo - Honeybee (Lyrics).mp4,mainstream,all weather,1,"{""title"": ""deezer, itunes, lastfm, musicbrainz"", ""artist"": ""deezer, existing_file_tag, itunes, lastfm, local_cleanup, musicbrainz"", ""album_artist"": ""deezer, existing_file_tag, itunes, musicbrainz"", ""date"": ""deezer, discogs, itunes"", ""year"": ""deezer, discogs, existing_file_tag, itunes, musicbrainz"", ""genre"": ""deezer, discogs, itunes"", ""bpm"": ""essentia_features, existing_file_tag, rules_inference"", ""album"": ""deezer, itunes, musicbrainz"", ""track_number"": ""discogs, itunes, musicbrainz"", ""disc_number"": ""itunes, musicbrainz"", ""cover_art_url"": ""lastfm"", ""composer"": ""musicbrainz"", ""isrc"": ""musicbrainz"", ""label"": ""discogs"", ""catalog_number"": ""musicbrainz"", ""danceability"": ""essentia_features"", ""key"": ""essentia_features"", ""analysis_summary"": ""essentia_features"", ""vocals"": ""clap_zero_shot, musicnn_mtg_jamendo"", ""mood"": ""rules_inference"", ""energy"": ""rules_inference"", ""moods"": ""final_completion"", ""subgenre"": ""final_completion"", ""valence"": ""final_completion"", ""occasion"": ""final_completion"", ""themes"": ""final_completion"", ""weather"": ""final_completion"", ""season"": ""final_completion"", ""age_group"": ""final_completion"", ""instruments"": ""final_completion"", ""language"": ""final_completion"", ""publisher"": ""final_completion"", ""copyright"": ""final_completion"", ""comment"": ""final_completion""}",1,0,"0.303,E Major,English,Geffen Records,(c) 2026 Geffen Records"
Maggots For Brains (Lyrics),Pop,Olivia Rodrigo,"=""00:04:00""",0.58,164,Olivia Rodrigo - Maggots For Brains (Lyrics).mp4,mainstream,all weather,1,"{""title"": ""deezer, itunes, lastfm, musicbrainz"", ""artist"": ""deezer, existing_file_tag, itunes, lastfm, local_cleanup, musicbrainz"", ""album_artist"": ""deezer, existing_file_tag, itunes, musicbrainz"", ""date"": ""deezer, discogs, itunes"", ""year"": ""deezer, discogs, existing_file_tag, itunes, musicbrainz"", ""genre"": ""deezer, itunes"", ""bpm"": ""essentia_features, existing_file_tag, rules_inference"", ""album"": ""deezer, itunes, musicbrainz"", ""track_number"": ""discogs, itunes, musicbrainz"", ""disc_number"": ""itunes, musicbrainz"", ""cover_art_url"": ""lastfm"", ""composer"": ""musicbrainz"", ""isrc"": ""musicbrainz"", ""label"": ""musicbrainz"", ""catalog_number"": ""musicbrainz"", ""danceability"": ""essentia_features"", ""key"": ""essentia_features"", ""analysis_summary"": ""essentia_features"", ""mood"": ""rules_inference"", ""energy"": ""rules_inference"", ""moods"": ""final_completion"", ""subgenre"": ""final_completion"", ""valence"": ""final_completion"", ""occasion"": ""final_completion"", ""themes"": ""final_completion"", ""weather"": ""final_completion"", ""season"": ""final_completion"", ""age_group"": ""final_completion"", ""vocals"": ""final_completion"", ""instruments"": ""final_completion"", ""language"": ""final_completion"", ""publisher"": ""final_completion"", ""copyright"": ""final_completion"", ""comment"": ""final_completion""}",1,0,"0.349,A Major,English,Amy Allen,Daniel Nigro,Olivia Rodrigo PS,(c) 2026 Olivia Rodrigo PS"
2026-06-12,Pop,Pop,"=""00:03:26""",0.78,128,Olivia Rodrigo - Stupid Song (1080).mp4,mainstream,all weather,1,"{""title"": ""deezer, itunes, lastfm, musicbrainz"", ""artist"": ""deezer, existing_file_tag, itunes, lastfm, local_cleanup, musicbrainz"", ""album_artist"": ""deezer, existing_file_tag, itunes, musicbrainz"", ""date"": ""deezer, discogs, itunes, musicbrainz"", ""year"": ""deezer, discogs, existing_file_tag, itunes, musicbrainz"", ""genre"": ""deezer, itunes"", ""bpm"": ""essentia_features, existing_file_tag, rules_inference"", ""album"": ""deezer, itunes"", ""track_number"": ""discogs, itunes"", ""disc_number"": ""itunes, musicbrainz"", ""cover_art_url"": ""lastfm"", ""composer"": ""musicbrainz"", ""isrc"": ""musicbrainz"", ""label"": ""musicbrainz"", ""catalog_number"": ""musicbrainz"", ""danceability"": ""essentia_features"", ""key"": ""essentia_features"", ""analysis_summary"": ""essentia_features"", ""mood"": ""rules_inference"", ""energy"": ""rules_inference"", ""moods"": ""final_completion"", ""subgenre"": ""final_completion"", ""valence"": ""final_completion"", ""occasion"": ""final_completion"", ""themes"": ""final_completion"", ""weather"": ""final_completion"", ""season"": ""final_completion"", ""age_group"": ""final_completion"", ""vocals"": ""final_completion"", ""instruments"": ""final_completion"", ""language"": ""final_completion"", ""publisher"": ""final_completion"", ""copyright"": ""final_completion"", ""comment"": ""final_completion""}",1,0,"0.313,B Major,English,Daniel Nigro,Olivia Rodrigo,Olivia Rodrigo PS,(c) 2026 Olivia Rodrigo PS"
2026,Pop,Pop,"=""00:02:49""",0.58,105,Paul Heaton ft Rianne Downey - Favourite Kind Of Idiot (1080).mp4,mainstream,all weather,1,"{""title"": ""deezer, local_cleanup"", ""artist"": ""existing_file_tag, local_cleanup"", ""album_artist"": ""deezer, itunes"", ""date"": ""existing_file_tag"", ""year"": ""deezer, existing_file_tag"", ""genre"": ""deezer, itunes"", ""bpm"": ""essentia_features, existing_file_tag, rules_inference"", ""danceability"": ""essentia_features"", ""key"": ""essentia_features"", ""analysis_summary"": ""essentia_features"", ""mood"": ""rules_inference"", ""energy"": ""rules_inference"", ""album"": ""final_completion"", ""moods"": ""final_completion"", ""subgenre"": ""final_completion"", ""track_number"": ""final_completion"", ""disc_number"": ""final_completion"", ""valence"": ""final_completion"", ""occasion"": ""final_completion"", ""themes"": ""final_completion"", ""weather"": ""final_completion"", ""season"": ""final_completion"", ""age_group"": ""final_completion"", ""vocals"": ""final_completion"", ""instruments"": ""final_completion"", ""language"": ""final_completion"", ""label"": ""final_completion"", ""publisher"": ""final_completion"", ""composer"": ""final_completion"", ""copyright"": ""final_completion"", ""comment"": ""final_completion"", ""isrc"": ""final_completion"", ""catalog_number"": ""final_completion"", ""cover_art_url"": ""final_completion""}",1,0,"0.362,B Major,English,Paul Heaton Ft Rianne Downey,Paul Heaton,(c) 2026 Paul Heaton"
2026-06-12,Dance-pop,Pop,"=""00:02:39""",0.78,124,Rebecca Black - Speakerphone (1080).mp4,upbeat,all weather,1,"{""title"": ""deezer, itunes, lastfm, local_cleanup, musicbrainz"", ""artist"": ""deezer, existing_file_tag, itunes, lastfm, local_cleanup, musicbrainz"", ""album_artist"": ""deezer, existing_file_tag, itunes, musicbrainz"", ""date"": ""discogs, itunes, musicbrainz"", ""year"": ""deezer, discogs, existing_file_tag, itunes, musicbrainz"", ""genre"": ""deezer, itunes"", ""bpm"": ""essentia_features, rules_inference"", ""album"": ""discogs, lastfm, musicbrainz"", ""track_number"": ""discogs, musicbrainz"", ""disc_number"": ""itunes, musicbrainz"", ""cover_art_url"": ""discogs"", ""isrc"": ""musicbrainz"", ""label"": ""discogs"", ""catalog_number"": ""discogs"", ""subgenre"": ""discogs"", ""danceability"": ""essentia_features"", ""key"": ""essentia_features"", ""analysis_summary"": ""essentia_features"", ""analysis_json"": ""musicnn_mtg_jamendo"", ""mood"": ""rules_inference"", ""energy"": ""rules_inference"", ""occasion"": ""rules_inference"", ""moods"": ""final_completion"", ""valence"": ""final_completion"", ""themes"": ""final_completion"", ""weather"": ""final_completion"", ""season"": ""final_completion"", ""age_group"": ""final_completion"", ""vocals"": ""final_completion"", ""instruments"": ""final_completion"", ""language"": ""final_completion"", ""publisher"": ""final_completion"", ""composer"": ""final_completion"", ""copyright"": ""final_completion"", ""comment"": ""final_completion""}",1,0,"0.39,E Major,English,Rebecca Black,Not On Label (Rebecca Black Self-released),(c) 2026 Not On Label (Rebecca Black Self-released)"
2026-08-07,billboard hot 100,billboard hot 100,"=""00:04:06""",0.58,113,Role Model - High Hopes 3000 (1080).mp4,balanced,all weather,1,"{""title"": ""deezer, itunes, lastfm, local_cleanup, musicbrainz"", ""artist"": ""itunes, lastfm, musicbrainz"", ""date"": ""musicbrainz"", ""year"": ""deezer, existing_file_tag, itunes, musicbrainz"", ""genre"": ""musicbrainz"", ""bpm"": ""essentia_features, rules_inference"", ""album"": ""itunes, musicbrainz"", ""album_artist"": ""itunes, musicbrainz"", ""track_number"": ""itunes, musicbrainz"", ""disc_number"": ""itunes, musicbrainz"", ""cover_art_url"": ""lastfm"", ""isrc"": ""musicbrainz"", ""label"": ""musicbrainz"", ""catalog_number"": ""musicbrainz"", ""danceability"": ""essentia_features"", ""key"": ""essentia_features"", ""analysis_summary"": ""essentia_features"", ""subgenre"": ""final_completion"", ""energy"": ""final_completion"", ""mood"": ""final_completion"", ""moods"": ""final_completion"", ""valence"": ""final_completion"", ""occasion"": ""final_completion"", ""themes"": ""final_completion"", ""weather"": ""final_completion"", ""season"": ""final_completion"", ""age_group"": ""final_completion"", ""vocals"": ""final_completion"", ""instruments"": ""final_completion"", ""language"": ""final_completion"", ""publisher"": ""final_completion"", ""composer"": ""final_completion"", ""copyright"": ""final_completion"", ""comment"": ""final_completion""}",1,0,"0.402,A Major,English,ROLE MODEL,Interscope Records,(c) 2026 Interscope Records"
2026,Pop,Pop,"=""00:03:51""",0.58,172,Sam Smith - My Guy (1080).mp4,mainstream,all weather,1,"{""title"": ""deezer, itunes, lastfm, local_cleanup"", ""artist"": ""deezer, existing_file_tag, itunes, lastfm, local_cleanup"", ""album_artist"": ""deezer, existing_file_tag, itunes"", ""date"": ""existing_file_tag"", ""year"": ""deezer, existing_file_tag"", ""genre"": ""deezer, itunes"", ""bpm"": ""essentia_features, rules_inference"", ""album"": ""lastfm"", ""cover_art_url"": ""lastfm"", ""danceability"": ""essentia_features"", ""key"": ""essentia_features"", ""analysis_summary"": ""essentia_features"", ""vocals"": ""clap_zero_shot, musicnn_mtg_jamendo"", ""mood"": ""rules_inference"", ""energy"": ""rules_inference"", ""moods"": ""final_completion"", ""subgenre"": ""final_completion"", ""track_number"": ""final_completion"", ""disc_number"": ""final_completion"", ""valence"": ""final_completion"", ""occasion"": ""final_completion"", ""themes"": ""final_completion"", ""weather"": ""final_completion"", ""season"": ""final_completion"", ""age_group"": ""final_completion"", ""instruments"": ""final_completion"", ""language"": ""final_completion"", ""label"": ""final_completion"", ""publisher"": ""final_completion"", ""composer"": ""final_completion"", ""copyright"": ""final_completion"", ""comment"": ""final_completion"", ""isrc"": ""final_completion"", ""catalog_number"": ""final_completion""}",1,0,"0.318,C# Major,English,Sam Smith,(c) 2026 Sam Smith"
2025-05-01,Top 40,Top 40,"=""00:03:02""",0.58,123,Sheridan Brass - Stuck On You (1080).mp4,balanced,all weather,1,"{""title"": ""lastfm, local_cleanup"", ""artist"": ""deezer, existing_file_tag, itunes, lastfm, local_cleanup"", ""album_artist"": ""deezer, existing_file_tag, itunes"", ""date"": ""deezer, itunes"", ""year"": ""deezer, existing_file_tag, itunes"", ""genre"": ""existing_file_tag"", ""bpm"": ""essentia_features, rules_inference"", ""danceability"": ""essentia_features"", ""key"": ""essentia_features"", ""analysis_summary"": ""essentia_features"", ""album"": ""final_completion"", ""subgenre"": ""final_completion"", ""track_number"": ""final_completion"", ""disc_number"": ""final_completion"", ""energy"": ""final_completion"", ""mood"": ""final_completion"", ""moods"": ""final_completion"", ""valence"": ""final_completion"", ""occasion"": ""final_completion"", ""themes"": ""final_completion"", ""weather"": ""final_completion"", ""season"": ""final_completion"", ""age_group"": ""final_completion"", ""vocals"": ""final_completion"", ""instruments"": ""final_completion"", ""language"": ""final_completion"", ""label"": ""final_completion"", ""publisher"": ""final_completion"", ""composer"": ""final_completion"", ""copyright"": ""final_completion"", ""comment"": ""final_completion"", ""isrc"": ""final_completion"", ""catalog_number"": ""final_completion"", ""cover_art_url"": ""final_completion""}",1,0,"0.307,E Major,English,Sheridan Brass,(c) 2025 Sheridan Brass"
2026,Top 40,Top 40,"=""00:05:17""",0.58,124,Soft Vein - All We've Known Of Heaven (1080).mp4,balanced,all weather,1,"{""title"": ""deezer, itunes, lastfm"", ""artist"": ""existing_file_tag, lastfm, local_cleanup"", ""date"": ""existing_file_tag"", ""year"": ""deezer, existing_file_tag"", ""genre"": ""existing_file_tag"", ""bpm"": ""essentia_features, existing_file_tag, rules_inference"", ""album"": ""deezer, itunes, lastfm"", ""album_artist"": ""deezer, itunes"", ""cover_art_url"": ""lastfm"", ""danceability"": ""essentia_features"", ""key"": ""essentia_features"", ""analysis_summary"": ""essentia_features"", ""subgenre"": ""final_completion"", ""track_number"": ""final_completion"", ""disc_number"": ""final_completion"", ""energy"": ""final_completion"", ""mood"": ""final_completion"", ""moods"": ""final_completion"", ""valence"": ""final_completion"", ""occasion"": ""final_completion"", ""themes"": ""final_completion"", ""weather"": ""final_completion"", ""season"": ""final_completion"", ""age_group"": ""final_completion"", ""vocals"": ""final_completion"", ""instruments"": ""final_completion"", ""language"": ""final_completion"", ""label"": ""final_completion"", ""publisher"": ""final_completion"", ""composer"": ""final_completion"", ""copyright"": ""final_completion"", ""comment"": ""final_completion"", ""isrc"": ""final_completion"", ""catalog_number"": ""final_completion""}",1,0,"0.317,C# Minor,English,Soft Vein,(c) 2026 SOFT VEIN"
2026,Top 40,Top 40,"=""00:03:00""",0.58,129,Some Times - Light Me Up (1080).mp4,energetic,all weather,1,"{""title"": ""deezer, lastfm, local_cleanup"", ""artist"": ""deezer, existing_file_tag, lastfm, local_cleanup"", ""album_artist"": ""deezer, existing_file_tag"", ""date"": ""existing_file_tag"", ""year"": ""deezer, existing_file_tag"", ""genre"": ""existing_file_tag"", ""bpm"": ""essentia_features, rules_inference"", ""album"": ""lastfm"", ""danceability"": ""essentia_features"", ""key"": ""essentia_features"", ""analysis_summary"": ""essentia_features"", ""mood"": ""rules_inference"", ""energy"": ""rules_inference"", ""moods"": ""final_completion"", ""subgenre"": ""final_completion"", ""track_number"": ""final_completion"", ""disc_number"": ""final_completion"", ""valence"": ""final_completion"", ""occasion"": ""final_completion"", ""themes"": ""final_completion"", ""weather"": ""final_completion"", ""season"": ""final_completion"", ""age_group"": ""final_completion"", ""vocals"": ""final_completion"", ""instruments"": ""final_completion"", ""language"": ""final_completion"", ""label"": ""final_completion"", ""publisher"": ""final_completion"", ""composer"": ""final_completion"", ""copyright"": ""final_completion"", ""comment"": ""final_completion"", ""isrc"": ""final_completion"", ""catalog_number"": ""final_completion"", ""cover_art_url"": ""final_completion""}",1,0,"0.372,A Minor,English,Some Times,(c) 2026 Some Times"
Pool Water Confessions (Lyrics),Top 40,Sum Sun,"=""00:03:24""",0.68,164,Sum Sun - Pool Water Confessions (Lyrics).mp4,energetic,all weather,1,"{""title"": ""deezer, itunes, lastfm, local_cleanup"", ""artist"": ""existing_file_tag, lastfm, local_cleanup"", ""album_artist"": ""deezer, itunes"", ""date"": ""deezer, itunes"", ""year"": ""deezer, existing_file_tag, itunes"", ""genre"": ""existing_file_tag"", ""bpm"": ""essentia_features, rules_inference"", ""album"": ""itunes, lastfm"", ""cover_art_url"": ""lastfm"", ""danceability"": ""essentia_features"", ""key"": ""essentia_features"", ""analysis_summary"": ""essentia_features"", ""mood"": ""rules_inference"", ""energy"": ""rules_inference"", ""moods"": ""final_completion"", ""subgenre"": ""final_completion"", ""track_number"": ""final_completion"", ""disc_number"": ""final_completion"", ""valence"": ""final_completion"", ""occasion"": ""final_completion"", ""themes"": ""final_completion"", ""weather"": ""final_completion"", ""season"": ""final_completion"", ""age_group"": ""final_completion"", ""vocals"": ""final_completion"", ""instruments"": ""final_completion"", ""language"": ""final_completion"", ""label"": ""final_completion"", ""publisher"": ""final_completion"", ""composer"": ""final_completion"", ""copyright"": ""final_completion"", ""comment"": ""final_completion"", ""isrc"": ""final_completion"", ""catalog_number"": ""final_completion""}",1,0,"0.379,Ab Minor,English,(c) 2026 SUM SUN"
2026-06-05,"Country, Soundtrack, Vocal","Pop, Folk, World, & Country, Stage & Screen","=""00:03:45""",0.58,105,"Taylor Swift - I Knew It, I Knew You (Petedown 70's Remix) (1080).mp4",mainstream,all weather,1,"{""title"": ""lastfm, local_cleanup, musicbrainz"", ""artist"": ""deezer, existing_file_tag, itunes, lastfm, local_cleanup, musicbrainz"", ""album_artist"": ""deezer, existing_file_tag, itunes, musicbrainz"", ""date"": ""deezer, discogs, itunes, musicbrainz"", ""year"": ""deezer, discogs, existing_file_tag, itunes, musicbrainz"", ""genre"": ""discogs"", ""bpm"": ""essentia_features, existing_file_tag, rules_inference"", ""album"": ""lastfm, musicbrainz"", ""track_number"": ""discogs, itunes, musicbrainz"", ""disc_number"": ""itunes, musicbrainz"", ""cover_art_url"": ""discogs"", ""composer"": ""discogs, musicbrainz"", ""isrc"": ""musicbrainz"", ""label"": ""discogs"", ""catalog_number"": ""discogs"", ""subgenre"": ""discogs"", ""danceability"": ""essentia_features"", ""key"": ""essentia_features"", ""analysis_summary"": ""essentia_features"", ""mood"": ""rules_inference"", ""energy"": ""rules_inference"", ""moods"": ""final_completion"", ""valence"": ""final_completion"", ""occasion"": ""final_completion"", ""themes"": ""final_completion"", ""weather"": ""final_completion"", ""season"": ""final_completion"", ""age_group"": ""final_completion"", ""vocals"": ""final_completion"", ""instruments"": ""final_completion"", ""language"": ""final_completion"", ""publisher"": ""final_completion"", ""copyright"": ""final_completion"", ""comment"": ""final_completion""}",1,0,"0.431,C Minor,English,Jack Antonoff,Taylor Swift,Walt Disney Records,Pixar,Republic Records,(c) 2026 Walt Disney Records"
2026-07-03,Conscious,Hip Hop,"=""00:02:33""",0.58,162,Tom MacDonald - Us In The USA (1080).mp4,confident,all weather,1,"{""title"": ""deezer, itunes, lastfm, local_cleanup"", ""artist"": ""existing_file_tag, itunes, lastfm, local_cleanup"", ""album_artist"": ""existing_file_tag, itunes"", ""date"": ""deezer, itunes"", ""year"": ""deezer, existing_file_tag, itunes"", ""genre"": ""discogs"", ""bpm"": ""essentia_features, rules_inference"", ""album"": ""deezer, lastfm"", ""cover_art_url"": ""discogs"", ""subgenre"": ""discogs"", ""label"": ""discogs"", ""catalog_number"": ""discogs"", ""danceability"": ""essentia_features"", ""key"": ""essentia_features"", ""analysis_summary"": ""essentia_features"", ""mood"": ""rules_inference"", ""energy"": ""rules_inference"", ""moods"": ""final_completion"", ""track_number"": ""final_completion"", ""disc_number"": ""final_completion"", ""valence"": ""final_completion"", ""occasion"": ""final_completion"", ""themes"": ""final_completion"", ""weather"": ""final_completion"", ""season"": ""final_completion"", ""age_group"": ""final_completion"", ""vocals"": ""final_completion"", ""instruments"": ""final_completion"", ""language"": ""final_completion"", ""publisher"": ""final_completion"", ""composer"": ""final_completion"", ""copyright"": ""final_completion"", ""comment"": ""final_completion"", ""isrc"": ""final_completion""}",1,0,"0.352,G Major,English,Tom MacDonald,Not On Label (Tom MacDonald (11) Self-released),(c) 2026 Not On Label (Tom MacDonald (11) Self-released)"
2026-06-11,Pop,Pop,"=""00:03:38""",0.58,100,Train - Pennsylvania Turnpike (1080).mp4,mainstream,all weather,1,"{""title"": ""deezer, itunes, lastfm, local_cleanup"", ""artist"": ""deezer, existing_file_tag, itunes, lastfm, local_cleanup"", ""album_artist"": ""deezer, existing_file_tag, itunes"", ""date"": ""deezer, itunes"", ""year"": ""deezer, existing_file_tag, itunes"", ""genre"": ""deezer, itunes"", ""bpm"": ""essentia_features, rules_inference"", ""album"": ""deezer, lastfm"", ""cover_art_url"": ""lastfm"", ""danceability"": ""essentia_features"", ""key"": ""essentia_features"", ""analysis_summary"": ""essentia_features"", ""mood"": ""rules_inference"", ""energy"": ""rules_inference"", ""moods"": ""final_completion"", ""subgenre"": ""final_completion"", ""track_number"": ""final_completion"", ""disc_number"": ""final_completion"", ""valence"": ""final_completion"", ""occasion"": ""final_completion"", ""themes"": ""final_completion"", ""weather"": ""final_completion"", ""season"": ""final_completion"", ""age_group"": ""final_completion"", ""vocals"": ""final_completion"", ""instruments"": ""final_completion"", ""language"": ""final_completion"", ""label"": ""final_completion"", ""publisher"": ""final_completion"", ""composer"": ""final_completion"", ""copyright"": ""final_completion"", ""comment"": ""final_completion"", ""isrc"": ""final_completion"", ""catalog_number"": ""final_completion""}",1,0,"0.272,C# Major,English,Train,(c) 2026 Train"
2026-07-07,Pop Rock,"Rock, Pop","=""00:04:01""",0.58,105,U2 - Street Of Dreams (1080).mp4,mainstream,all weather,1,"{""title"": ""deezer, itunes, local_cleanup"", ""artist"": ""deezer, existing_file_tag, itunes, lastfm, local_cleanup"", ""date"": ""deezer, discogs, itunes"", ""year"": ""deezer, discogs, existing_file_tag, itunes"", ""genre"": ""discogs"", ""bpm"": ""essentia_features, rules_inference"", ""album"": ""deezer, discogs"", ""album_artist"": ""deezer, itunes"", ""track_number"": ""discogs, itunes"", ""cover_art_url"": ""discogs"", ""subgenre"": ""discogs"", ""composer"": ""discogs"", ""label"": ""discogs"", ""catalog_number"": ""discogs"", ""danceability"": ""essentia_features"", ""key"": ""essentia_features"", ""analysis_summary"": ""essentia_features"", ""mood"": ""rules_inference"", ""energy"": ""rules_inference"", ""moods"": ""final_completion"", ""disc_number"": ""final_completion"", ""valence"": ""final_completion"", ""occasion"": ""final_completion"", ""themes"": ""final_completion"", ""weather"": ""final_completion"", ""season"": ""final_completion"", ""age_group"": ""final_completion"", ""vocals"": ""final_completion"", ""instruments"": ""final_completion"", ""language"": ""final_completion"", ""publisher"": ""final_completion"", ""copyright"": ""final_completion"", ""comment"": ""final_completion"", ""isrc"": ""final_completion""}",1,0,"0.271,E Major,English,Adam Clayton,Larry Mullen,Island Records,(c) 2026 Island Records"
2026,Top 40,Top 40,"=""00:02:48""",0.58,162,Westlife - Your Love Amazes Me (Visualizer).mp4,energetic,all weather,1,"{""title"": ""itunes, lastfm, local_cleanup"", ""artist"": ""existing_file_tag, itunes, lastfm, local_cleanup"", ""album_artist"": ""existing_file_tag, itunes"", ""date"": ""existing_file_tag"", ""year"": ""existing_file_tag, itunes"", ""genre"": ""existing_file_tag"", ""bpm"": ""essentia_features, rules_inference"", ""album"": ""lastfm"", ""cover_art_url"": ""lastfm"", ""danceability"": ""essentia_features"", ""key"": ""essentia_features"", ""analysis_summary"": ""essentia_features"", ""mood"": ""rules_inference"", ""energy"": ""rules_inference"", ""moods"": ""final_completion"", ""subgenre"": ""final_completion"", ""track_number"": ""final_completion"", ""disc_number"": ""final_completion"", ""valence"": ""final_completion"", ""occasion"": ""final_completion"", ""themes"": ""final_completion"", ""weather"": ""final_completion"", ""season"": ""final_completion"", ""age_group"": ""final_completion"", ""vocals"": ""final_completion"", ""instruments"": ""final_completion"", ""language"": ""final_completion"", ""label"": ""final_completion"", ""publisher"": ""final_completion"", ""composer"": ""final_completion"", ""copyright"": ""final_completion"", ""comment"": ""final_completion"", ""isrc"": ""final_completion"", ""catalog_number"": ""final_completion""}",1,0,"0.311,Bb Major,English,Westlife,(c) 2026 Westlife"
2026-06-18,Future Jazz,Pop,"=""00:03:24""",0.58,163,Yello - Around The Sun (1080).mp4,mainstream,rainy,1,"{""title"": ""deezer, itunes, lastfm, local_cleanup"", ""artist"": ""deezer, existing_file_tag, itunes, lastfm, local_cleanup"", ""album_artist"": ""deezer, existing_file_tag, itunes"", ""date"": ""deezer, discogs, itunes"", ""year"": ""deezer, discogs, existing_file_tag, itunes"", ""genre"": ""deezer, itunes"", ""bpm"": ""essentia_features, rules_inference"", ""album"": ""deezer, discogs, lastfm"", ""track_number"": ""discogs, itunes"", ""cover_art_url"": ""discogs"", ""subgenre"": ""discogs"", ""composer"": ""discogs"", ""label"": ""discogs"", ""catalog_number"": ""discogs"", ""danceability"": ""essentia_features"", ""key"": ""essentia_features"", ""analysis_summary"": ""essentia_features"", ""mood"": ""rules_inference"", ""energy"": ""rules_inference"", ""occasion"": ""rules_inference"", ""moods"": ""final_completion"", ""disc_number"": ""final_completion"", ""valence"": ""final_completion"", ""themes"": ""final_completion"", ""weather"": ""final_completion"", ""season"": ""final_completion"", ""age_group"": ""final_completion"", ""vocals"": ""final_completion"", ""instruments"": ""final_completion"", ""language"": ""final_completion"", ""publisher"": ""final_completion"", ""copyright"": ""final_completion"", ""comment"": ""final_completion"", ""isrc"": ""final_completion""}",1,0,"0.386,B Minor,English,Boris Blank,Polydor,(c) 2026 Polydor"
2026-04-30,Pop,Pop,"=""00:03:06""",0.58,124,Zara Larsson & Robyn - Puss Puss (Visualizer).mp4,mainstream,all weather,1,"{""title"": ""lastfm, local_cleanup"", ""artist"": ""existing_file_tag, itunes, lastfm, local_cleanup"", ""date"": ""deezer, itunes"", ""year"": ""deezer, discogs, existing_file_tag, itunes"", ""genre"": ""deezer, itunes"", ""bpm"": ""essentia_features, existing_file_tag, rules_inference"", ""album"": ""deezer, discogs, itunes"", ""album_artist"": ""deezer, itunes"", ""track_number"": ""discogs, itunes"", ""danceability"": ""essentia_features"", ""key"": ""essentia_features"", ""analysis_summary"": ""essentia_features"", ""mood"": ""rules_inference"", ""energy"": ""rules_inference"", ""moods"": ""final_completion"", ""subgenre"": ""final_completion"", ""disc_number"": ""final_completion"", ""valence"": ""final_completion"", ""occasion"": ""final_completion"", ""themes"": ""final_completion"", ""weather"": ""final_completion"", ""season"": ""final_completion"", ""age_group"": ""final_completion"", ""vocals"": ""final_completion"", ""instruments"": ""final_completion"", ""language"": ""final_completion"", ""label"": ""final_completion"", ""publisher"": ""final_completion"", ""composer"": ""final_completion"", ""copyright"": ""final_completion"", ""comment"": ""final_completion"", ""isrc"": ""final_completion"", ""catalog_number"": ""final_completion"", ""cover_art_url"": ""final_completion""}",1,0,"0.391,G Major,English,Zara Larsson & Robyn,Zara Larsson,(c) 2026 Zara Larsson"
2026-05-08,Urban,Urban,"=""00:04:02""",0.68,166,Kevon Edmonds - No Ordinary Love (1080).mp4,energetic,all weather,1,"{""title"": ""deezer, itunes, lastfm, local_cleanup"", ""artist"": ""deezer, existing_file_tag, itunes, lastfm, local_cleanup"", ""album_artist"": ""deezer, existing_file_tag, itunes"", ""date"": ""deezer, itunes"", ""year"": ""deezer, existing_file_tag, itunes"", ""genre"": ""existing_file_tag"", ""bpm"": ""essentia_features, rules_inference"", ""album"": ""deezer, lastfm"", ""cover_art_url"": ""lastfm"", ""danceability"": ""essentia_features"", ""key"": ""essentia_features"", ""analysis_summary"": ""essentia_features"", ""mood"": ""rules_inference"", ""energy"": ""rules_inference"", ""moods"": ""final_completion"", ""subgenre"": ""final_completion"", ""track_number"": ""final_completion"", ""disc_number"": ""final_completion"", ""valence"": ""final_completion"", ""occasion"": ""final_completion"", ""themes"": ""final_completion"", ""weather"": ""final_completion"", ""season"": ""final_completion"", ""age_group"": ""final_completion"", ""vocals"": ""final_completion"", ""instruments"": ""final_completion"", ""language"": ""final_completion"", ""label"": ""final_completion"", ""publisher"": ""final_completion"", ""composer"": ""final_completion"", ""copyright"": ""final_completion"", ""comment"": ""final_completion"", ""isrc"": ""final_completion"", ""catalog_number"": ""final_completion""}",1,0,"0.382,D Major,English,Kevon Edmonds,(c) 2026 Kevon Edmonds"
2008,Rock,Rock,"=""00:04:48""",0.58,118,The Rolling Stones - Sympathy For The Devil (Jet Boot Jack 2025 Remix) (1080).mp4,energetic,all weather,1,"{""title"": ""lastfm, musicbrainz"", ""artist"": ""deezer, existing_file_tag, itunes, lastfm, local_cleanup, musicbrainz"", ""album_artist"": ""deezer, existing_file_tag, itunes, musicbrainz"", ""date"": ""musicbrainz"", ""year"": ""discogs, musicbrainz"", ""genre"": ""deezer, discogs, itunes"", ""bpm"": ""essentia_features, existing_file_tag, rules_inference"", ""album"": ""musicbrainz"", ""track_number"": ""musicbrainz"", ""disc_number"": ""itunes, musicbrainz"", ""cover_art_url"": ""lastfm"", ""composer"": ""musicbrainz"", ""isrc"": ""musicbrainz"", ""label"": ""musicbrainz"", ""catalog_number"": ""musicbrainz"", ""danceability"": ""essentia_features"", ""key"": ""essentia_features"", ""analysis_summary"": ""essentia_features"", ""mood"": ""rules_inference"", ""energy"": ""rules_inference"", ""moods"": ""final_completion"", ""subgenre"": ""final_completion"", ""valence"": ""final_completion"", ""occasion"": ""final_completion"", ""themes"": ""final_completion"", ""weather"": ""final_completion"", ""season"": ""final_completion"", ""age_group"": ""final_completion"", ""vocals"": ""final_completion"", ""instruments"": ""final_completion"", ""language"": ""final_completion"", ""publisher"": ""final_completion"", ""copyright"": ""final_completion"", ""comment"": ""final_completion""}",1,0,"0.51,E Major,English,Mick Jagger,Keith Richards,Interscope Records,Polydor,Rolling Stones Records,(c) 2008 Interscope Records"
2026-06-12,pop,pop,"=""00:03:53""",0.78,136,"French Montana ft JIHYO, Ludmilla & Adriana C - Follow Me (1080).mp4",mainstream,all weather,1,"{""title"": ""local_cleanup, musicbrainz"", ""artist"": ""existing_file_tag, local_cleanup"", ""date"": ""itunes, musicbrainz"", ""year"": ""existing_file_tag, itunes, musicbrainz"", ""genre"": ""musicbrainz"", ""bpm"": ""essentia_features, existing_file_tag, rules_inference"", ""album"": ""musicbrainz"", ""album_artist"": ""musicbrainz"", ""track_number"": ""itunes, musicbrainz"", ""disc_number"": ""itunes, musicbrainz"", ""cover_art_url"": ""cover_art_archive"", ""isrc"": ""musicbrainz"", ""label"": ""musicbrainz"", ""catalog_number"": ""musicbrainz"", ""danceability"": ""essentia_features"", ""key"": ""essentia_features"", ""analysis_summary"": ""essentia_features"", ""mood"": ""rules_inference"", ""energy"": ""rules_inference"", ""moods"": ""final_completion"", ""subgenre"": ""final_completion"", ""valence"": ""final_completion"", ""occasion"": ""final_completion"", ""themes"": ""final_completion"", ""weather"": ""final_completion"", ""season"": ""final_completion"", ""age_group"": ""final_completion"", ""vocals"": ""final_completion"", ""instruments"": ""final_completion"", ""language"": ""final_completion"", ""publisher"": ""final_completion"", ""composer"": ""final_completion"", ""copyright"": ""final_completion"", ""comment"": ""final_completion""}",1,0,"0.392,C Major,English,French Montana Ft JIHYO,Ludmilla & Adriana C,2101 Records,(c) 2026 2101 Records"
2023-07-27,"Dance-pop, Nu-Disco, House",Dance,"=""00:03:24""",0.78,122,Jessie Ware & Roisin Murphy - Freak Me Now (Solo Mix).mp4,upbeat,all weather,1,"{""title"": ""deezer, itunes, lastfm, local_cleanup, musicbrainz"", ""artist"": ""itunes, musicbrainz"", ""date"": ""deezer, discogs, itunes, musicbrainz"", ""year"": ""deezer, discogs, existing_file_tag, itunes, musicbrainz"", ""genre"": ""deezer, existing_file_tag, itunes"", ""bpm"": ""essentia_features, existing_file_tag, rules_inference"", ""album"": ""deezer, discogs, musicbrainz"", ""album_artist"": ""itunes, musicbrainz"", ""track_number"": ""discogs, itunes, musicbrainz"", ""disc_number"": ""itunes, musicbrainz"", ""cover_art_url"": ""discogs"", ""isrc"": ""musicbrainz"", ""label"": ""discogs, musicbrainz"", ""catalog_number"": ""musicbrainz"", ""subgenre"": ""discogs"", ""composer"": ""discogs"", ""danceability"": ""essentia_features"", ""key"": ""essentia_features"", ""analysis_summary"": ""essentia_features"", ""mood"": ""rules_inference"", ""energy"": ""rules_inference"", ""occasion"": ""rules_inference"", ""moods"": ""final_completion"", ""valence"": ""final_completion"", ""themes"": ""final_completion"", ""weather"": ""final_completion"", ""season"": ""final_completion"", ""age_group"": ""final_completion"", ""vocals"": ""final_completion"", ""instruments"": ""final_completion"", ""language"": ""final_completion"", ""publisher"": ""final_completion"", ""copyright"": ""final_completion"", ""comment"": ""final_completion""}",1,0,"0.48,F Minor,Clarence Coffee Jr.,Jessie Ware,Róisín Murphy,Stuart Price,EMI,(c) 2023 EMI"
2026-06-26,"electro, dance, House, electronica",Dance,"=""00:02:24""",0.78,124,Xkylar - Why Is Nobody Dancing (1080).mp4,upbeat,all weather,1,"{""title"": ""deezer, itunes, lastfm"", ""artist"": ""deezer, existing_file_tag, lastfm, local_cleanup"", ""date"": ""deezer, itunes"", ""year"": ""deezer, existing_file_tag, itunes"", ""genre"": ""existing_file_tag, itunes"", ""bpm"": ""essentia_features, existing_file_tag, rules_inference"", ""album"": ""deezer, itunes, lastfm"", ""danceability"": ""essentia_features"", ""key"": ""essentia_features"", ""analysis_summary"": ""essentia_features"", ""subgenre"": ""musicnn_mtg_jamendo"", ""analysis_json"": ""musicnn_mtg_jamendo"", ""mood"": ""rules_inference"", ""energy"": ""rules_inference"", ""occasion"": ""rules_inference"", ""album_artist"": ""final_completion"", ""moods"": ""final_completion"", ""track_number"": ""final_completion"", ""disc_number"": ""final_completion"", ""valence"": ""final_completion"", ""themes"": ""final_completion"", ""weather"": ""final_completion"", ""season"": ""final_completion"", ""age_group"": ""final_completion"", ""vocals"": ""final_completion"", ""instruments"": ""final_completion"", ""language"": ""final_completion"", ""label"": ""final_completion"", ""publisher"": ""final_completion"", ""composer"": ""final_completion"", ""copyright"": ""final_completion"", ""comment"": ""final_completion"", ""isrc"": ""final_completion"", ""catalog_number"": ""final_completion"", ""cover_art_url"": ""final_completion""}",1,0,"0.407,E Minor,English,Xkylar,(c) 2026 Xkylar"
2026-02-26,House/EDM,House/EDM,"=""00:03:28""",0.78,130,Armin Van Buuren ft Richard Durand & Dicosis - Always You (1080).mp4,upbeat,all weather,1,"{""title"": ""existing_file_tag"", ""artist"": ""existing_file_tag, local_cleanup"", ""date"": ""deezer, itunes"", ""year"": ""deezer, existing_file_tag, itunes"", ""genre"": ""existing_file_tag"", ""bpm"": ""essentia_features, existing_file_tag, rules_inference"", ""danceability"": ""essentia_features"", ""key"": ""essentia_features"", ""analysis_summary"": ""essentia_features"", ""mood"": ""rules_inference"", ""energy"": ""rules_inference"", ""occasion"": ""rules_inference"", ""album_artist"": ""final_completion"", ""album"": ""final_completion"", ""moods"": ""final_completion"", ""subgenre"": ""final_completion"", ""track_number"": ""final_completion"", ""disc_number"": ""final_completion"", ""valence"": ""final_completion"", ""themes"": ""final_completion"", ""weather"": ""final_completion"", ""season"": ""final_completion"", ""age_group"": ""final_completion"", ""vocals"": ""final_completion"", ""instruments"": ""final_completion"", ""language"": ""final_completion"", ""label"": ""final_completion"", ""publisher"": ""final_completion"", ""composer"": ""final_completion"", ""copyright"": ""final_completion"", ""comment"": ""final_completion"", ""isrc"": ""final_completion"", ""catalog_number"": ""final_completion"", ""cover_art_url"": ""final_completion""}",1,0,"0.331,Bb Major,English,Armin Van Buuren Ft Richard Durand & Dicosis,(c) 2026 Armin Van Buuren Ft Richard Durand & Dicosis"
2026,"dance, House, electro",Electronic,"=""00:03:17""",0.78,128,Bob Sinclar ft Gary Pine - Love Generation (Denero Remix) (1080).mp4,upbeat,all weather,1,"{""title"": ""lastfm, local_cleanup"", ""artist"": ""deezer, itunes, lastfm"", ""date"": ""existing_file_tag"", ""year"": ""deezer, discogs, itunes"", ""genre"": ""discogs"", ""bpm"": ""essentia_features, existing_file_tag, rules_inference"", ""album"": ""discogs, itunes, lastfm"", ""album_artist"": ""deezer, itunes"", ""track_number"": ""discogs, itunes"", ""cover_art_url"": ""lastfm"", ""subgenre"": ""musicnn_mtg_jamendo"", ""danceability"": ""essentia_features"", ""key"": ""essentia_features"", ""analysis_summary"": ""essentia_features"", ""analysis_json"": ""musicnn_mtg_jamendo"", ""mood"": ""rules_inference"", ""energy"": ""rules_inference"", ""occasion"": ""rules_inference"", ""moods"": ""final_completion"", ""disc_number"": ""final_completion"", ""valence"": ""final_completion"", ""themes"": ""final_completion"", ""weather"": ""final_completion"", ""season"": ""final_completion"", ""age_group"": ""final_completion"", ""vocals"": ""final_completion"", ""instruments"": ""final_completion"", ""language"": ""final_completion"", ""label"": ""final_completion"", ""publisher"": ""final_completion"", ""composer"": ""final_completion"", ""copyright"": ""final_completion"", ""comment"": ""final_completion"", ""isrc"": ""final_completion"", ""catalog_number"": ""final_completion""}",1,0,"0.375,C# Major,English,Bob Sinclar,(c) 2005 Bob Sinclar"
2026,"Rock, Pop","Rock, Pop","=""00:03:39""",0.58,130,Bowling For Soup - 1985 (Anthem Kingz 2026 Remix) (1080).mp4,mainstream,all weather,1,"{""title"": ""deezer, itunes, lastfm, local_cleanup"", ""artist"": ""deezer, itunes, lastfm"", ""date"": ""existing_file_tag"", ""year"": ""deezer, discogs, itunes"", ""genre"": ""discogs"", ""bpm"": ""essentia_features, existing_file_tag, rules_inference"", ""album"": ""deezer, discogs, itunes, lastfm"", ""album_artist"": ""deezer, itunes"", ""track_number"": ""discogs, itunes"", ""cover_art_url"": ""lastfm"", ""danceability"": ""essentia_features"", ""key"": ""essentia_features"", ""analysis_summary"": ""essentia_features"", ""mood"": ""rules_inference"", ""energy"": ""rules_inference"", ""moods"": ""final_completion"", ""subgenre"": ""final_completion"", ""disc_number"": ""final_completion"", ""valence"": ""final_completion"", ""occasion"": ""final_completion"", ""themes"": ""final_completion"", ""weather"": ""final_completion"", ""season"": ""final_completion"", ""age_group"": ""final_completion"", ""vocals"": ""final_completion"", ""instruments"": ""final_completion"", ""language"": ""final_completion"", ""label"": ""final_completion"", ""publisher"": ""final_completion"", ""composer"": ""final_completion"", ""copyright"": ""final_completion"", ""comment"": ""final_completion"", ""isrc"": ""final_completion"", ""catalog_number"": ""final_completion""}",1,0,"0.351,F# Major,English,Bowling For Soup,(c) 2004 Bowling For Soup"
2013-08-02,"House, Hip Hop",Pop,"=""00:02:39""",0.78,128,Jason Derulo ft 2 Chainz - Talk Dirty (Anthem Kingz 2026 Remix).mp4,upbeat,all weather,1,"{""title"": ""lastfm, local_cleanup"", ""artist"": ""existing_file_tag, local_cleanup"", ""date"": ""deezer, itunes"", ""year"": ""deezer, itunes"", ""genre"": ""deezer, itunes"", ""bpm"": ""essentia_features, existing_file_tag, rules_inference"", ""album"": ""discogs"", ""album_artist"": ""deezer, itunes"", ""track_number"": ""discogs, itunes"", ""cover_art_url"": ""discogs"", ""subgenre"": ""discogs"", ""label"": ""discogs"", ""catalog_number"": ""discogs"", ""danceability"": ""essentia_features"", ""key"": ""essentia_features"", ""analysis_summary"": ""essentia_features"", ""mood"": ""rules_inference"", ""energy"": ""rules_inference"", ""occasion"": ""rules_inference"", ""moods"": ""final_completion"", ""disc_number"": ""final_completion"", ""valence"": ""final_completion"", ""themes"": ""final_completion"", ""weather"": ""final_completion"", ""season"": ""final_completion"", ""age_group"": ""final_completion"", ""vocals"": ""final_completion"", ""instruments"": ""final_completion"", ""language"": ""final_completion"", ""publisher"": ""final_completion"", ""composer"": ""final_completion"", ""copyright"": ""final_completion"", ""comment"": ""final_completion"", ""isrc"": ""final_completion""}",1,0,"0.455,F# Major,English,Jason Derulo Ft 2 Chainz,Warner Dance Labels,(c) 2013 Warner Dance Labels"
2026,House/EDM,House/EDM,"=""00:03:19""",0.78,128,Luke Bryan - That's My Kind Of Night (Anthem Kingz Country Smasher).mp4,upbeat,all weather,1,"{""title"": ""itunes, lastfm"", ""artist"": ""deezer, existing_file_tag, itunes, lastfm, local_cleanup"", ""album_artist"": ""deezer, existing_file_tag, itunes"", ""date"": ""existing_file_tag"", ""year"": ""deezer, discogs, itunes"", ""genre"": ""existing_file_tag"", ""bpm"": ""essentia_features, existing_file_tag, rules_inference"", ""album"": ""deezer, discogs, itunes, lastfm"", ""track_number"": ""discogs, itunes"", ""cover_art_url"": ""lastfm"", ""danceability"": ""essentia_features"", ""key"": ""essentia_features"", ""analysis_summary"": ""essentia_features"", ""mood"": ""rules_inference"", ""energy"": ""rules_inference"", ""occasion"": ""rules_inference"", ""moods"": ""final_completion"", ""subgenre"": ""final_completion"", ""disc_number"": ""final_completion"", ""valence"": ""final_completion"", ""themes"": ""final_completion"", ""weather"": ""final_completion"", ""season"": ""final_completion"", ""age_group"": ""final_completion"", ""vocals"": ""final_completion"", ""instruments"": ""final_completion"", ""language"": ""final_completion"", ""label"": ""final_completion"", ""publisher"": ""final_completion"", ""composer"": ""final_completion"", ""copyright"": ""final_completion"", ""comment"": ""final_completion"", ""isrc"": ""final_completion"", ""catalog_number"": ""final_completion""}",1,0,"0.335,A Minor,English,Luke Bryan,(c) 2013 Luke Bryan"
2000-05-08,House,Electronic,"=""00:04:23""",0.78,125,Madison Avenue - Don't Call Me Baby (KaktuZ Remix).mp4,upbeat,all weather,1,"{""title"": ""deezer, lastfm, local_cleanup"", ""artist"": ""deezer, existing_file_tag, itunes, lastfm, local_cleanup"", ""album_artist"": ""deezer, existing_file_tag"", ""date"": ""discogs"", ""year"": ""deezer, discogs"", ""genre"": ""discogs"", ""bpm"": ""essentia_features, existing_file_tag, rules_inference"", ""album"": ""discogs"", ""track_number"": ""discogs"", ""cover_art_url"": ""discogs"", ""subgenre"": ""discogs"", ""composer"": ""discogs"", ""label"": ""discogs"", ""catalog_number"": ""discogs"", ""danceability"": ""essentia_features"", ""key"": ""essentia_features"", ""analysis_summary"": ""essentia_features"", ""mood"": ""rules_inference"", ""energy"": ""rules_inference"", ""occasion"": ""rules_inference"", ""moods"": ""final_completion"", ""disc_number"": ""final_completion"", ""valence"": ""final_completion"", ""themes"": ""final_completion"", ""weather"": ""final_completion"", ""season"": ""final_completion"", ""age_group"": ""final_completion"", ""vocals"": ""final_completion"", ""instruments"": ""final_completion"", ""language"": ""final_completion"", ""publisher"": ""final_completion"", ""copyright"": ""final_completion"", ""comment"": ""final_completion"", ""isrc"": ""final_completion""}",1,0,"0.36,F Minor,English,Joanne Humpries,Oliver Adams,Praga Khan,Andrew Van Dorsselaer,Cheyne Coates,Duane Morrison,Giuseppe Chierchia,VC Recordings,(c) 2000 VC Recordings"
1983,Pop,Pop,"=""00:04:02""",0.58,128,Matthew Wilder - Break My Stride (Wuki Remix).mp4,mainstream,all weather,1,"{""title"": ""deezer, itunes, lastfm, local_cleanup"", ""artist"": ""deezer, existing_file_tag, itunes, lastfm, local_cleanup"", ""album_artist"": ""deezer, existing_file_tag, itunes"", ""date"": ""discogs"", ""year"": ""discogs, itunes"", ""genre"": ""deezer, itunes"", ""bpm"": ""essentia_features, existing_file_tag, rules_inference"", ""album"": ""deezer, discogs, lastfm"", ""track_number"": ""discogs, itunes"", ""cover_art_url"": ""lastfm"", ""composer"": ""discogs"", ""label"": ""discogs"", ""danceability"": ""essentia_features"", ""key"": ""essentia_features"", ""analysis_summary"": ""essentia_features"", ""mood"": ""rules_inference"", ""energy"": ""rules_inference"", ""moods"": ""final_completion"", ""subgenre"": ""final_completion"", ""disc_number"": ""final_completion"", ""valence"": ""final_completion"", ""occasion"": ""final_completion"", ""themes"": ""final_completion"", ""weather"": ""final_completion"", ""season"": ""final_completion"", ""age_group"": ""final_completion"", ""vocals"": ""final_completion"", ""instruments"": ""final_completion"", ""language"": ""final_completion"", ""publisher"": ""final_completion"", ""copyright"": ""final_completion"", ""comment"": ""final_completion"", ""isrc"": ""final_completion"", ""catalog_number"": ""final_completion""}",1,0,"0.465,G Major,English,Greg Prestopino,Matthew Wilder,Private I Records,(c) 1983 Private I Records"
2026-07-31,electronic,German Dance,"=""00:02:51""",0.78,145,Julian Sommer ft Frenzy & Calvin Kleinen - 3 x KO (1080).mp4,upbeat,all weather,1,"{""title"": ""deezer, itunes, local_cleanup"", ""artist"": ""existing_file_tag, local_cleanup"", ""date"": ""deezer, itunes"", ""year"": ""deezer, existing_file_tag, itunes"", ""genre"": ""existing_file_tag"", ""bpm"": ""essentia_features, existing_file_tag, rules_inference"", ""danceability"": ""essentia_features"", ""key"": ""essentia_features"", ""analysis_summary"": ""essentia_features"", ""subgenre"": ""musicnn_mtg_jamendo"", ""analysis_json"": ""musicnn_mtg_jamendo"", ""mood"": ""rules_inference"", ""energy"": ""rules_inference"", ""occasion"": ""rules_inference"", ""album_artist"": ""final_completion"", ""album"": ""final_completion"", ""moods"": ""final_completion"", ""track_number"": ""final_completion"", ""disc_number"": ""final_completion"", ""valence"": ""final_completion"", ""themes"": ""final_completion"", ""weather"": ""final_completion"", ""season"": ""final_completion"", ""age_group"": ""final_completion"", ""vocals"": ""final_completion"", ""instruments"": ""final_completion"", ""language"": ""final_completion"", ""label"": ""final_completion"", ""publisher"": ""final_completion"", ""composer"": ""final_completion"", ""copyright"": ""final_completion"", ""comment"": ""final_completion"", ""isrc"": ""final_completion"", ""catalog_number"": ""final_completion"", ""cover_art_url"": ""final_completion""}",1,0,"0.373,C Major,English,Julian Sommer Ft Frenzy & Calvin Kleinen,(c) 2026 Julian Sommer Ft Frenzy & Calvin Kleinen"
2024-01-29,K-Pop/Asian,K-Pop/Asian,"=""00:02:36""",0.58,122,(G)I-DLE - Super Lady (1080).mp4,mainstream,all weather,1,"{""title"": ""deezer, itunes, lastfm, local_cleanup"", ""artist"": ""deezer, itunes, lastfm"", ""date"": ""deezer, itunes"", ""year"": ""deezer, discogs, existing_file_tag, itunes"", ""genre"": ""existing_file_tag"", ""bpm"": ""essentia_features, existing_file_tag, rules_inference"", ""album"": ""deezer, discogs, itunes, lastfm"", ""album_artist"": ""deezer, itunes"", ""track_number"": ""discogs, itunes"", ""cover_art_url"": ""lastfm"", ""danceability"": ""essentia_features"", ""key"": ""essentia_features"", ""analysis_summary"": ""essentia_features"", ""mood"": ""rules_inference"", ""energy"": ""rules_inference"", ""moods"": ""final_completion"", ""subgenre"": ""final_completion"", ""disc_number"": ""final_completion"", ""valence"": ""final_completion"", ""occasion"": ""final_completion"", ""themes"": ""final_completion"", ""weather"": ""final_completion"", ""season"": ""final_completion"", ""age_group"": ""final_completion"", ""vocals"": ""final_completion"", ""instruments"": ""final_completion"", ""language"": ""final_completion"", ""label"": ""final_completion"", ""publisher"": ""final_completion"", ""composer"": ""final_completion"", ""copyright"": ""final_completion"", ""comment"": ""final_completion"", ""isrc"": ""final_completion"", ""catalog_number"": ""final_completion""}",1,0,"0.372,E Minor,English,I-dle,(c) 2024 I-dle"
2025-06-27,K-pop,Pop,"=""00:02:59""",0.58,98,Aespa - Dirty Work (1080).mp4,mainstream,all weather,1,"{""title"": ""deezer, itunes, lastfm, local_cleanup"", ""artist"": ""deezer, itunes, lastfm"", ""date"": ""deezer, discogs, itunes"", ""year"": ""deezer, discogs, existing_file_tag, itunes"", ""genre"": ""discogs"", ""bpm"": ""essentia_features, rules_inference"", ""album"": ""deezer, discogs, lastfm"", ""album_artist"": ""deezer, itunes"", ""track_number"": ""discogs, itunes"", ""cover_art_url"": ""discogs"", ""subgenre"": ""discogs"", ""label"": ""discogs"", ""catalog_number"": ""discogs"", ""danceability"": ""essentia_features"", ""key"": ""essentia_features"", ""analysis_summary"": ""essentia_features"", ""mood"": ""rules_inference"", ""energy"": ""rules_inference"", ""moods"": ""final_completion"", ""disc_number"": ""final_completion"", ""valence"": ""final_completion"", ""occasion"": ""final_completion"", ""themes"": ""final_completion"", ""weather"": ""final_completion"", ""season"": ""final_completion"", ""age_group"": ""final_completion"", ""vocals"": ""final_completion"", ""instruments"": ""final_completion"", ""language"": ""final_completion"", ""publisher"": ""final_completion"", ""composer"": ""final_completion"", ""copyright"": ""final_completion"", ""comment"": ""final_completion"", ""isrc"": ""final_completion""}",1,0,"0.351,G Minor,English,Aespa,S.M. Entertainment,(c) 2025 S.M. Entertainment"
2026-07-24,"K-pop, J-pop",Pop,"=""00:02:48""",0.58,126,Aespa - Kiss N Tell (1080).mp4,mainstream,all weather,1,"{""title"": ""deezer, itunes, lastfm"", ""artist"": ""deezer, itunes, lastfm"", ""date"": ""deezer, discogs"", ""year"": ""deezer, discogs, existing_file_tag, itunes"", ""genre"": ""discogs"", ""bpm"": ""essentia_features, existing_file_tag, rules_inference"", ""album"": ""deezer, lastfm"", ""album_artist"": ""deezer, itunes"", ""track_number"": ""discogs, itunes"", ""cover_art_url"": ""discogs"", ""subgenre"": ""discogs"", ""label"": ""discogs"", ""catalog_number"": ""discogs"", ""danceability"": ""essentia_features"", ""key"": ""essentia_features"", ""analysis_summary"": ""essentia_features"", ""mood"": ""rules_inference"", ""energy"": ""rules_inference"", ""moods"": ""final_completion"", ""disc_number"": ""final_completion"", ""valence"": ""final_completion"", ""occasion"": ""final_completion"", ""themes"": ""final_completion"", ""weather"": ""final_completion"", ""season"": ""final_completion"", ""age_group"": ""final_completion"", ""vocals"": ""final_completion"", ""instruments"": ""final_completion"", ""language"": ""final_completion"", ""publisher"": ""final_completion"", ""composer"": ""final_completion"", ""copyright"": ""final_completion"", ""comment"": ""final_completion"", ""isrc"": ""final_completion""}",1,0,"0.347,C# Major,English,Aespa,SM Entertainment Group,Warner Music Japan,(c) 2026 SM Entertainment Group"
2026-05-29,K-pop,Pop,"=""00:03:07""",0.58,128,Aespa - Lemonade (1080).mp4,mainstream,all weather,1,"{""title"": ""lastfm, local_cleanup"", ""artist"": ""deezer, itunes, lastfm"", ""date"": ""deezer, discogs"", ""year"": ""deezer, discogs, existing_file_tag, itunes"", ""genre"": ""discogs"", ""bpm"": ""essentia_features, existing_file_tag, rules_inference"", ""album"": ""discogs, lastfm"", ""album_artist"": ""deezer, itunes"", ""track_number"": ""discogs, itunes"", ""cover_art_url"": ""lastfm"", ""subgenre"": ""discogs"", ""label"": ""discogs"", ""danceability"": ""essentia_features"", ""key"": ""essentia_features"", ""analysis_summary"": ""essentia_features"", ""analysis_json"": ""musicnn_mtg_jamendo"", ""mood"": ""rules_inference"", ""energy"": ""rules_inference"", ""moods"": ""final_completion"", ""disc_number"": ""final_completion"", ""valence"": ""final_completion"", ""occasion"": ""final_completion"", ""themes"": ""final_completion"", ""weather"": ""final_completion"", ""season"": ""final_completion"", ""age_group"": ""final_completion"", ""vocals"": ""final_completion"", ""instruments"": ""final_completion"", ""language"": ""final_completion"", ""publisher"": ""final_completion"", ""composer"": ""final_completion"", ""copyright"": ""final_completion"", ""comment"": ""final_completion"", ""isrc"": ""final_completion"", ""catalog_number"": ""final_completion""}",1,0,"0.356,E Major,English,Aespa,S.M. Entertainment,(c) 2026 S.M. Entertainment"
2024-05-27,K-Pop/Asian,K-Pop/Asian,"=""00:02:42""",0.58,137,Aespa - Live My Life (1080).mp4,mainstream,all weather,1,"{""title"": ""deezer, itunes, lastfm, local_cleanup"", ""artist"": ""deezer, itunes, lastfm"", ""date"": ""deezer, discogs, itunes"", ""year"": ""deezer, discogs, existing_file_tag, itunes"", ""genre"": ""existing_file_tag"", ""bpm"": ""essentia_features, rules_inference"", ""album"": ""deezer, discogs, itunes"", ""album_artist"": ""deezer, itunes"", ""track_number"": ""discogs, itunes"", ""cover_art_url"": ""lastfm"", ""danceability"": ""essentia_features"", ""key"": ""essentia_features"", ""analysis_summary"": ""essentia_features"", ""mood"": ""rules_inference"", ""energy"": ""rules_inference"", ""moods"": ""final_completion"", ""subgenre"": ""final_completion"", ""disc_number"": ""final_completion"", ""valence"": ""final_completion"", ""occasion"": ""final_completion"", ""themes"": ""final_completion"", ""weather"": ""final_completion"", ""season"": ""final_completion"", ""age_group"": ""final_completion"", ""vocals"": ""final_completion"", ""instruments"": ""final_completion"", ""language"": ""final_completion"", ""label"": ""final_completion"", ""publisher"": ""final_completion"", ""composer"": ""final_completion"", ""copyright"": ""final_completion"", ""comment"": ""final_completion"", ""isrc"": ""final_completion"", ""catalog_number"": ""final_completion""}",1,0,"0.302,Bb Major,English,Aespa,(c) 2024 Aespa"
2025-09-05,K-pop,Pop,"=""00:03:17""",0.58,110,Aespa - Rich Man (1080).mp4,mainstream,all weather,1,"{""title"": ""deezer, itunes, lastfm, local_cleanup"", ""artist"": ""deezer, itunes, lastfm"", ""date"": ""discogs, itunes"", ""year"": ""deezer, discogs, existing_file_tag, itunes"", ""genre"": ""discogs"", ""bpm"": ""essentia_features, existing_file_tag, rules_inference"", ""album"": ""deezer, lastfm"", ""album_artist"": ""deezer, itunes"", ""track_number"": ""discogs, itunes"", ""cover_art_url"": ""discogs"", ""subgenre"": ""discogs"", ""label"": ""discogs"", ""catalog_number"": ""discogs"", ""danceability"": ""essentia_features"", ""key"": ""essentia_features"", ""analysis_summary"": ""essentia_features"", ""mood"": ""rules_inference"", ""energy"": ""rules_inference"", ""moods"": ""final_completion"", ""disc_number"": ""final_completion"", ""valence"": ""final_completion"", ""occasion"": ""final_completion"", ""themes"": ""final_completion"", ""weather"": ""final_completion"", ""season"": ""final_completion"", ""age_group"": ""final_completion"", ""vocals"": ""final_completion"", ""instruments"": ""final_completion"", ""language"": ""final_completion"", ""publisher"": ""final_completion"", ""composer"": ""final_completion"", ""copyright"": ""final_completion"", ""comment"": ""final_completion"", ""isrc"": ""final_completion""}",1,0,"0.376,Ab Major,English,Aespa,S.M. Entertainment,(c) 2025 S.M. Entertainment"
2024-05-13,k-pop,k-pop,"=""00:02:59""",0.58,120,Aespa - Supernova (1080).mp4,mainstream,all weather,1,"{""title"": ""deezer, itunes, lastfm, local_cleanup"", ""artist"": ""deezer, itunes, lastfm"", ""date"": ""deezer, itunes"", ""year"": ""deezer, existing_file_tag, itunes"", ""genre"": ""lastfm"", ""bpm"": ""essentia_features, rules_inference"", ""album"": ""lastfm"", ""album_artist"": ""deezer, itunes"", ""cover_art_url"": ""lastfm"", ""danceability"": ""essentia_features"", ""key"": ""essentia_features"", ""analysis_summary"": ""essentia_features"", ""mood"": ""rules_inference"", ""energy"": ""rules_inference"", ""moods"": ""final_completion"", ""subgenre"": ""final_completion"", ""track_number"": ""final_completion"", ""disc_number"": ""final_completion"", ""valence"": ""final_completion"", ""occasion"": ""final_completion"", ""themes"": ""final_completion"", ""weather"": ""final_completion"", ""season"": ""final_completion"", ""age_group"": ""final_completion"", ""vocals"": ""final_completion"", ""instruments"": ""final_completion"", ""language"": ""final_completion"", ""label"": ""final_completion"", ""publisher"": ""final_completion"", ""composer"": ""final_completion"", ""copyright"": ""final_completion"", ""comment"": ""final_completion"", ""isrc"": ""final_completion"", ""catalog_number"": ""final_completion""}",1,0,"0.356,A Minor,English,Aespa,(c) 2024 Aespa"
2026,K-Pop/Asian,K-Pop/Asian,"=""00:02:58""",0.58,103,Aespa ft G-Dragon - WDA (Whole Different Animal) (1080).mp4,mainstream,all weather,1,"{""title"": ""existing_file_tag"", ""artist"": ""existing_file_tag, local_cleanup"", ""date"": ""existing_file_tag"", ""year"": ""deezer, existing_file_tag, itunes"", ""genre"": ""existing_file_tag"", ""bpm"": ""essentia_features, existing_file_tag, rules_inference"", ""album_artist"": ""deezer, itunes"", ""danceability"": ""essentia_features"", ""key"": ""essentia_features"", ""analysis_summary"": ""essentia_features"", ""mood"": ""rules_inference"", ""energy"": ""rules_inference"", ""album"": ""final_completion"", ""moods"": ""final_completion"", ""subgenre"": ""final_completion"", ""track_number"": ""final_completion"", ""disc_number"": ""final_completion"", ""valence"": ""final_completion"", ""occasion"": ""final_completion"", ""themes"": ""final_completion"", ""weather"": ""final_completion"", ""season"": ""final_completion"", ""age_group"": ""final_completion"", ""vocals"": ""final_completion"", ""instruments"": ""final_completion"", ""language"": ""final_completion"", ""label"": ""final_completion"", ""publisher"": ""final_completion"", ""composer"": ""final_completion"", ""copyright"": ""final_completion"", ""comment"": ""final_completion"", ""isrc"": ""final_completion"", ""catalog_number"": ""final_completion"", ""cover_art_url"": ""final_completion""}",1,0,"0.303,C Minor,English,Aespa Ft G-Dragon,Aespa,(c) 2026 Aespa"
2026,K-Pop/Asian,K-Pop/Asian,"=""00:03:03""",0.58,126,Aespa ft Ty Dolla $ign - Switchblade (1080).mp4,mainstream,all weather,1,"{""title"": ""deezer, itunes"", ""artist"": ""existing_file_tag, local_cleanup"", ""date"": ""existing_file_tag"", ""year"": ""deezer, existing_file_tag, itunes"", ""genre"": ""existing_file_tag"", ""bpm"": ""essentia_features, rules_inference"", ""album"": ""deezer, itunes"", ""album_artist"": ""deezer, itunes"", ""danceability"": ""essentia_features"", ""key"": ""essentia_features"", ""analysis_summary"": ""essentia_features"", ""mood"": ""rules_inference"", ""energy"": ""rules_inference"", ""moods"": ""final_completion"", ""subgenre"": ""final_completion"", ""track_number"": ""final_completion"", ""disc_number"": ""final_completion"", ""valence"": ""final_completion"", ""occasion"": ""final_completion"", ""themes"": ""final_completion"", ""weather"": ""final_completion"", ""season"": ""final_completion"", ""age_group"": ""final_completion"", ""vocals"": ""final_completion"", ""instruments"": ""final_completion"", ""language"": ""final_completion"", ""label"": ""final_completion"", ""publisher"": ""final_completion"", ""composer"": ""final_completion"", ""copyright"": ""final_completion"", ""comment"": ""final_completion"", ""isrc"": ""final_completion"", ""catalog_number"": ""final_completion"", ""cover_art_url"": ""final_completion""}",1,0,"0.334,Bb Minor,English,Aespa Ft Ty Dolla $ign,Aespa,(c) 2026 Aespa"
2025,K-Pop/Asian,K-Pop/Asian,"=""00:04:22""",0.58,132,AiScReam - AI Scream (1080).mp4,mainstream,all weather,1,"{""title"": ""existing_file_tag"", ""artist"": ""existing_file_tag, itunes, local_cleanup"", ""album_artist"": ""existing_file_tag, itunes"", ""date"": ""existing_file_tag"", ""year"": ""existing_file_tag, itunes"", ""genre"": ""existing_file_tag"", ""bpm"": ""essentia_features, existing_file_tag, rules_inference"", ""danceability"": ""essentia_features"", ""key"": ""essentia_features"", ""analysis_summary"": ""essentia_features"", ""mood"": ""rules_inference"", ""energy"": ""rules_inference"", ""album"": ""final_completion"", ""moods"": ""final_completion"", ""subgenre"": ""final_completion"", ""track_number"": ""final_completion"", ""disc_number"": ""final_completion"", ""valence"": ""final_completion"", ""occasion"": ""final_completion"", ""themes"": ""final_completion"", ""weather"": ""final_completion"", ""season"": ""final_completion"", ""age_group"": ""final_completion"", ""vocals"": ""final_completion"", ""instruments"": ""final_completion"", ""language"": ""final_completion"", ""label"": ""final_completion"", ""publisher"": ""final_completion"", ""composer"": ""final_completion"", ""copyright"": ""final_completion"", ""comment"": ""final_completion"", ""isrc"": ""final_completion"", ""catalog_number"": ""final_completion"", ""cover_art_url"": ""final_completion""}",1,0,"0.298,F# Major,English,AiScReam,(c) 2025 AiScReam"
2025-06-23,"K-pop, Pop Rap","Hip Hop, Pop","=""00:03:00""",0.58,119,AllDay Project - Famous (1080).mp4,mainstream,all weather,1,"{""title"": ""deezer, itunes, lastfm"", ""artist"": ""deezer, itunes, lastfm"", ""date"": ""deezer, discogs, itunes"", ""year"": ""deezer, discogs, existing_file_tag, itunes"", ""genre"": ""discogs"", ""bpm"": ""essentia_features, existing_file_tag, rules_inference"", ""album"": ""deezer, discogs, lastfm"", ""album_artist"": ""deezer, itunes"", ""track_number"": ""discogs, itunes"", ""cover_art_url"": ""discogs"", ""subgenre"": ""discogs"", ""label"": ""discogs"", ""catalog_number"": ""discogs"", ""danceability"": ""essentia_features"", ""key"": ""essentia_features"", ""analysis_summary"": ""essentia_features"", ""analysis_json"": ""musicnn_mtg_jamendo"", ""mood"": ""rules_inference"", ""energy"": ""rules_inference"", ""moods"": ""final_completion"", ""disc_number"": ""final_completion"", ""valence"": ""final_completion"", ""occasion"": ""final_completion"", ""themes"": ""final_completion"", ""weather"": ""final_completion"", ""season"": ""final_completion"", ""age_group"": ""final_completion"", ""vocals"": ""final_completion"", ""instruments"": ""final_completion"", ""language"": ""final_completion"", ""publisher"": ""final_completion"", ""composer"": ""final_completion"", ""copyright"": ""final_completion"", ""comment"": ""final_completion"", ""isrc"": ""final_completion""}",1,0,"0.393,A Minor,English,ALLDAY PROJECT,The Black Label,(c) 2025 The Black Label"
2026,"electro, electronica",K-Pop/Asian,"=""00:03:08""",0.58,104,Angels Of Delusion - ReDreaming Angel.mp4,energetic,all weather,1,"{""title"": ""lastfm, local_cleanup"", ""artist"": ""existing_file_tag, local_cleanup"", ""album_artist"": ""existing_file_tag"", ""date"": ""existing_file_tag"", ""year"": ""existing_file_tag"", ""genre"": ""existing_file_tag"", ""bpm"": ""essentia_features, rules_inference"", ""danceability"": ""essentia_features"", ""key"": ""essentia_features"", ""analysis_summary"": ""essentia_features"", ""subgenre"": ""musicnn_mtg_jamendo"", ""analysis_json"": ""musicnn_mtg_jamendo"", ""mood"": ""rules_inference"", ""energy"": ""rules_inference"", ""album"": ""final_completion"", ""moods"": ""final_completion"", ""track_number"": ""final_completion"", ""disc_number"": ""final_completion"", ""valence"": ""final_completion"", ""occasion"": ""final_completion"", ""themes"": ""final_completion"", ""weather"": ""final_completion"", ""season"": ""final_completion"", ""age_group"": ""final_completion"", ""vocals"": ""final_completion"", ""instruments"": ""final_completion"", ""language"": ""final_completion"", ""label"": ""final_completion"", ""publisher"": ""final_completion"", ""composer"": ""final_completion"", ""copyright"": ""final_completion"", ""comment"": ""final_completion"", ""isrc"": ""final_completion"", ""catalog_number"": ""final_completion"", ""cover_art_url"": ""final_completion""}",1,0,"0.324,C# Major,English,Angels Of Delusion,(c) 2026 Angels Of Delusion"
2026-06-25,K-Pop/Asian,K-Pop/Asian,"=""00:03:06""",0.58,127,AtHeart - Say It (1080).mp4,mainstream,all weather,1,"{""title"": ""deezer, itunes, lastfm, local_cleanup"", ""artist"": ""existing_file_tag, itunes, lastfm, local_cleanup"", ""date"": ""deezer, itunes"", ""year"": ""deezer, existing_file_tag, itunes"", ""genre"": ""existing_file_tag"", ""bpm"": ""essentia_features, existing_file_tag, rules_inference"", ""album"": ""deezer, lastfm"", ""cover_art_url"": ""lastfm"", ""danceability"": ""essentia_features"", ""key"": ""essentia_features"", ""analysis_summary"": ""essentia_features"", ""mood"": ""rules_inference"", ""energy"": ""rules_inference"", ""album_artist"": ""final_completion"", ""moods"": ""final_completion"", ""subgenre"": ""final_completion"", ""track_number"": ""final_completion"", ""disc_number"": ""final_completion"", ""valence"": ""final_completion"", ""occasion"": ""final_completion"", ""themes"": ""final_completion"", ""weather"": ""final_completion"", ""season"": ""final_completion"", ""age_group"": ""final_completion"", ""vocals"": ""final_completion"", ""instruments"": ""final_completion"", ""language"": ""final_completion"", ""label"": ""final_completion"", ""publisher"": ""final_completion"", ""composer"": ""final_completion"", ""copyright"": ""final_completion"", ""comment"": ""final_completion"", ""isrc"": ""final_completion"", ""catalog_number"": ""final_completion""}",1,0,"0.335,Ab Minor,English,AtHeart,(c) 2026 AtHeart"
2026-02-06,k-pop,k-pop,"=""00:03:41""",0.58,126,Ateez - Adrenaline (1080).mp4,mainstream,all weather,1,"{""title"": ""deezer, itunes, lastfm, local_cleanup"", ""artist"": ""deezer, itunes, lastfm"", ""date"": ""deezer, discogs, itunes"", ""year"": ""deezer, discogs, existing_file_tag, itunes"", ""genre"": ""lastfm"", ""bpm"": ""essentia_features, existing_file_tag, rules_inference"", ""album"": ""deezer, lastfm"", ""album_artist"": ""deezer, itunes"", ""track_number"": ""discogs, itunes"", ""cover_art_url"": ""lastfm"", ""catalog_number"": ""discogs"", ""danceability"": ""essentia_features"", ""key"": ""essentia_features"", ""analysis_summary"": ""essentia_features"", ""mood"": ""rules_inference"", ""energy"": ""rules_inference"", ""moods"": ""final_completion"", ""subgenre"": ""final_completion"", ""disc_number"": ""final_completion"", ""valence"": ""final_completion"", ""occasion"": ""final_completion"", ""themes"": ""final_completion"", ""weather"": ""final_completion"", ""season"": ""final_completion"", ""age_group"": ""final_completion"", ""vocals"": ""final_completion"", ""instruments"": ""final_completion"", ""language"": ""final_completion"", ""label"": ""final_completion"", ""publisher"": ""final_completion"", ""composer"": ""final_completion"", ""copyright"": ""final_completion"", ""comment"": ""final_completion"", ""isrc"": ""final_completion""}",1,0,"0.374,E Minor,English,ATEEZ,(c) 2026 ATEEZ"
2026-06-26,K-pop,funk,"=""00:02:36""",0.58,123,Ateez - Bad (1080).mp4,mainstream,all weather,1,"{""title"": ""deezer, itunes, lastfm"", ""artist"": ""deezer, itunes, lastfm"", ""date"": ""deezer, discogs, itunes"", ""year"": ""deezer, discogs, existing_file_tag, itunes"", ""genre"": ""lastfm"", ""bpm"": ""essentia_features, existing_file_tag, rules_inference"", ""album"": ""deezer, lastfm"", ""album_artist"": ""deezer, itunes"", ""track_number"": ""discogs, itunes"", ""cover_art_url"": ""lastfm"", ""subgenre"": ""discogs"", ""label"": ""discogs"", ""catalog_number"": ""discogs"", ""danceability"": ""essentia_features"", ""key"": ""essentia_features"", ""analysis_summary"": ""essentia_features"", ""mood"": ""rules_inference"", ""energy"": ""rules_inference"", ""moods"": ""final_completion"", ""disc_number"": ""final_completion"", ""valence"": ""final_completion"", ""occasion"": ""final_completion"", ""themes"": ""final_completion"", ""weather"": ""final_completion"", ""season"": ""final_completion"", ""age_group"": ""final_completion"", ""vocals"": ""final_completion"", ""instruments"": ""final_completion"", ""language"": ""final_completion"", ""publisher"": ""final_completion"", ""composer"": ""final_completion"", ""copyright"": ""final_completion"", ""comment"": ""final_completion"", ""isrc"": ""final_completion""}",1,0,"0.384,C Minor,English,ATEEZ,KQ Entertainment,(c) 2026 KQ Entertainment"
2025-07-11,K-pop,Kpop,"=""00:03:13""",0.58,115,Ateez - In Your Fantasy (1080).mp4,mainstream,all weather,1,"{""title"": ""deezer, itunes, lastfm, local_cleanup"", ""artist"": ""deezer, itunes, lastfm"", ""date"": ""deezer, itunes"", ""year"": ""deezer, discogs, existing_file_tag, itunes"", ""genre"": ""lastfm"", ""bpm"": ""essentia_features, existing_file_tag, rules_inference"", ""album"": ""deezer, itunes, lastfm"", ""album_artist"": ""deezer, itunes"", ""track_number"": ""discogs, itunes"", ""cover_art_url"": ""lastfm"", ""subgenre"": ""discogs"", ""label"": ""discogs"", ""danceability"": ""essentia_features"", ""key"": ""essentia_features"", ""analysis_summary"": ""essentia_features"", ""mood"": ""rules_inference"", ""energy"": ""rules_inference"", ""moods"": ""final_completion"", ""disc_number"": ""final_completion"", ""valence"": ""final_completion"", ""occasion"": ""final_completion"", ""themes"": ""final_completion"", ""weather"": ""final_completion"", ""season"": ""final_completion"", ""age_group"": ""final_completion"", ""vocals"": ""final_completion"", ""instruments"": ""final_completion"", ""language"": ""final_completion"", ""publisher"": ""final_completion"", ""composer"": ""final_completion"", ""copyright"": ""final_completion"", ""comment"": ""final_completion"", ""isrc"": ""final_completion"", ""catalog_number"": ""final_completion""}",1,0,"0.472,G Minor,English,ATEEZ,KQ Entertainment,(c) 2025 KQ Entertainment"
2013-09-11,K-pop,"Hip Hop, Pop","=""00:02:52""",0.58,129,BTS - 2.0 (1080).mp4,mainstream,all weather,1,"{""title"": ""deezer, local_cleanup"", ""artist"": ""deezer, existing_file_tag, itunes, lastfm, local_cleanup"", ""date"": ""discogs"", ""year"": ""deezer, existing_file_tag"", ""genre"": ""discogs"", ""bpm"": ""essentia_features, rules_inference"", ""album"": ""discogs"", ""album_artist"": ""deezer, itunes"", ""track_number"": ""discogs"", ""cover_art_url"": ""discogs"", ""subgenre"": ""discogs"", ""label"": ""discogs"", ""catalog_number"": ""discogs"", ""danceability"": ""essentia_features"", ""key"": ""essentia_features"", ""analysis_summary"": ""essentia_features"", ""mood"": ""rules_inference"", ""energy"": ""rules_inference"", ""moods"": ""final_completion"", ""disc_number"": ""final_completion"", ""valence"": ""final_completion"", ""occasion"": ""final_completion"", ""themes"": ""final_completion"", ""weather"": ""final_completion"", ""season"": ""final_completion"", ""age_group"": ""final_completion"", ""vocals"": ""final_completion"", ""instruments"": ""final_completion"", ""language"": ""final_completion"", ""publisher"": ""final_completion"", ""composer"": ""final_completion"", ""copyright"": ""final_completion"", ""comment"": ""final_completion"", ""isrc"": ""final_completion""}",1,0,"0.349,E Minor,English,BTS,Big Hit Entertainment,(c) 2026 Big Hit Entertainment"
2026-03-20,Pop,Pop,"=""00:03:03""",0.58,135,BTS - Hooligan (1080).mp4,mainstream,all weather,1,"{""title"": ""deezer, itunes, lastfm, local_cleanup"", ""artist"": ""deezer, existing_file_tag, itunes, lastfm, local_cleanup"", ""date"": ""deezer, itunes"", ""year"": ""deezer, discogs, existing_file_tag, itunes"", ""genre"": ""deezer, itunes"", ""bpm"": ""essentia_features, rules_inference"", ""album"": ""deezer, itunes, lastfm"", ""album_artist"": ""deezer, itunes"", ""track_number"": ""discogs, itunes"", ""cover_art_url"": ""lastfm"", ""danceability"": ""essentia_features"", ""key"": ""essentia_features"", ""analysis_summary"": ""essentia_features"", ""mood"": ""rules_inference"", ""energy"": ""rules_inference"", ""moods"": ""final_completion"", ""subgenre"": ""final_completion"", ""disc_number"": ""final_completion"", ""valence"": ""final_completion"", ""occasion"": ""final_completion"", ""themes"": ""final_completion"", ""weather"": ""final_completion"", ""season"": ""final_completion"", ""age_group"": ""final_completion"", ""vocals"": ""final_completion"", ""instruments"": ""final_completion"", ""language"": ""final_completion"", ""label"": ""final_completion"", ""publisher"": ""final_completion"", ""composer"": ""final_completion"", ""copyright"": ""final_completion"", ""comment"": ""final_completion"", ""isrc"": ""final_completion"", ""catalog_number"": ""final_completion""}",1,0,"0.329,C# Minor,English,BTS,(c) 2026 BTS"
2026-03-20,Pop,Pop,"=""00:03:00""",0.58,151,BTS - Normal (1080).mp4,mainstream,all weather,1,"{""title"": ""deezer, itunes, lastfm"", ""artist"": ""deezer, existing_file_tag, itunes, lastfm, local_cleanup"", ""album_artist"": ""deezer, existing_file_tag, itunes"", ""date"": ""deezer, itunes"", ""year"": ""deezer, discogs, existing_file_tag, itunes"", ""genre"": ""deezer, itunes"", ""bpm"": ""essentia_features, rules_inference"", ""album"": ""deezer, itunes, lastfm"", ""cover_art_url"": ""lastfm"", ""danceability"": ""essentia_features"", ""key"": ""essentia_features"", ""analysis_summary"": ""essentia_features"", ""mood"": ""rules_inference"", ""energy"": ""rules_inference"", ""moods"": ""final_completion"", ""subgenre"": ""final_completion"", ""track_number"": ""final_completion"", ""disc_number"": ""final_completion"", ""valence"": ""final_completion"", ""occasion"": ""final_completion"", ""themes"": ""final_completion"", ""weather"": ""final_completion"", ""season"": ""final_completion"", ""age_group"": ""final_completion"", ""vocals"": ""final_completion"", ""instruments"": ""final_completion"", ""language"": ""final_completion"", ""label"": ""final_completion"", ""publisher"": ""final_completion"", ""composer"": ""final_completion"", ""copyright"": ""final_completion"", ""comment"": ""final_completion"", ""isrc"": ""final_completion"", ""catalog_number"": ""final_completion""}",1,0,"0.453,E Major,English,BTS,(c) 2026 BTS"
2026,Pop,Pop,"=""00:02:42""",0.58,94,BTS - Swim (1080).mp4,mainstream,all weather,1,"{""title"": ""deezer, itunes, lastfm"", ""artist"": ""deezer, existing_file_tag, itunes, lastfm, local_cleanup"", ""date"": ""discogs, existing_file_tag"", ""year"": ""deezer, discogs, existing_file_tag, itunes"", ""genre"": ""deezer, discogs, itunes"", ""bpm"": ""essentia_features, rules_inference"", ""album"": ""deezer, itunes, lastfm"", ""album_artist"": ""deezer, itunes"", ""track_number"": ""discogs, itunes"", ""cover_art_url"": ""lastfm"", ""danceability"": ""essentia_features"", ""key"": ""essentia_features"", ""analysis_summary"": ""essentia_features"", ""mood"": ""rules_inference"", ""energy"": ""rules_inference"", ""moods"": ""final_completion"", ""subgenre"": ""final_completion"", ""disc_number"": ""final_completion"", ""valence"": ""final_completion"", ""occasion"": ""final_completion"", ""themes"": ""final_completion"", ""weather"": ""final_completion"", ""season"": ""final_completion"", ""age_group"": ""final_completion"", ""vocals"": ""final_completion"", ""instruments"": ""final_completion"", ""language"": ""final_completion"", ""label"": ""final_completion"", ""publisher"": ""final_completion"", ""composer"": ""final_completion"", ""copyright"": ""final_completion"", ""comment"": ""final_completion"", ""isrc"": ""final_completion"", ""catalog_number"": ""final_completion""}",1,0,"0.332,C# Minor,English,BTS,(c) 2026 BTS"
2026-05-04,K-Pop/Asian,K-Pop/Asian,"=""00:03:00""",0.58,118,Babymonster - Choom (1080).mp4,mainstream,all weather,1,"{""title"": ""deezer, itunes, lastfm"", ""artist"": ""deezer, itunes, lastfm"", ""date"": ""deezer, itunes"", ""year"": ""deezer, existing_file_tag, itunes"", ""genre"": ""existing_file_tag"", ""bpm"": ""essentia_features, rules_inference"", ""album"": ""deezer, lastfm"", ""album_artist"": ""deezer, itunes"", ""cover_art_url"": ""lastfm"", ""danceability"": ""essentia_features"", ""key"": ""essentia_features"", ""analysis_summary"": ""essentia_features"", ""mood"": ""rules_inference"", ""energy"": ""rules_inference"", ""moods"": ""final_completion"", ""subgenre"": ""final_completion"", ""track_number"": ""final_completion"", ""disc_number"": ""final_completion"", ""valence"": ""final_completion"", ""occasion"": ""final_completion"", ""themes"": ""final_completion"", ""weather"": ""final_completion"", ""season"": ""final_completion"", ""age_group"": ""final_completion"", ""vocals"": ""final_completion"", ""instruments"": ""final_completion"", ""language"": ""final_completion"", ""label"": ""final_completion"", ""publisher"": ""final_completion"", ""composer"": ""final_completion"", ""copyright"": ""final_completion"", ""comment"": ""final_completion"", ""isrc"": ""final_completion"", ""catalog_number"": ""final_completion""}",1,0,"0.375,F Minor,BABYMONSTER,(c) 2026 BABYMONSTER"
2025-10-10,Kpop,Kpop,"=""00:03:15""",0.58,128,Babymonster - Psycho (1080).mp4,mainstream,all weather,1,"{""title"": ""deezer, itunes, lastfm"", ""artist"": ""deezer, itunes, lastfm"", ""album_artist"": ""deezer, itunes"", ""date"": ""deezer, discogs, itunes"", ""year"": ""deezer, discogs, existing_file_tag, itunes"", ""genre"": ""lastfm"", ""bpm"": ""essentia_features, rules_inference"", ""album"": ""deezer, lastfm"", ""track_number"": ""discogs, itunes"", ""cover_art_url"": ""lastfm"", ""danceability"": ""essentia_features"", ""key"": ""essentia_features"", ""analysis_summary"": ""essentia_features"", ""mood"": ""rules_inference"", ""energy"": ""rules_inference"", ""moods"": ""final_completion"", ""subgenre"": ""final_completion"", ""disc_number"": ""final_completion"", ""valence"": ""final_completion"", ""occasion"": ""final_completion"", ""themes"": ""final_completion"", ""weather"": ""final_completion"", ""season"": ""final_completion"", ""age_group"": ""final_completion"", ""vocals"": ""final_completion"", ""instruments"": ""final_completion"", ""language"": ""final_completion"", ""label"": ""final_completion"", ""publisher"": ""final_completion"", ""composer"": ""final_completion"", ""copyright"": ""final_completion"", ""comment"": ""final_completion"", ""isrc"": ""final_completion"", ""catalog_number"": ""final_completion""}",1,0,"0.38,F Minor,English,BABYMONSTER,(c) 2025 BABYMONSTER"
2024-11-01,K-Pop/Asian,K-Pop/Asian,"=""00:03:19""",0.58,97,Babymonster - Really Like You (1080).mp4,mainstream,all weather,1,"{""title"": ""deezer, itunes, lastfm, local_cleanup"", ""artist"": ""deezer, itunes, lastfm"", ""date"": ""deezer, discogs, itunes"", ""year"": ""deezer, discogs, itunes"", ""genre"": ""existing_file_tag"", ""bpm"": ""essentia_features, existing_file_tag, rules_inference"", ""album"": ""deezer, discogs, itunes, lastfm"", ""album_artist"": ""deezer, itunes"", ""track_number"": ""discogs, itunes"", ""cover_art_url"": ""lastfm"", ""danceability"": ""essentia_features"", ""key"": ""essentia_features"", ""analysis_summary"": ""essentia_features"", ""mood"": ""rules_inference"", ""energy"": ""rules_inference"", ""moods"": ""final_completion"", ""subgenre"": ""final_completion"", ""disc_number"": ""final_completion"", ""valence"": ""final_completion"", ""occasion"": ""final_completion"", ""themes"": ""final_completion"", ""weather"": ""final_completion"", ""season"": ""final_completion"", ""age_group"": ""final_completion"", ""vocals"": ""final_completion"", ""instruments"": ""final_completion"", ""language"": ""final_completion"", ""label"": ""final_completion"", ""publisher"": ""final_completion"", ""composer"": ""final_completion"", ""copyright"": ""final_completion"", ""comment"": ""final_completion"", ""isrc"": ""final_completion"", ""catalog_number"": ""final_completion""}",1,0,"0.348,C Minor,English,BABYMONSTER,(c) 2024 BABYMONSTER"
2026,midtempo bass,midtempo bass,"=""00:03:16""",0.58,102,Blackpink - Go (1080).mp4,balanced,all weather,1,"{""title"": ""deezer, itunes, lastfm"", ""artist"": ""deezer, itunes, lastfm"", ""date"": ""existing_file_tag"", ""year"": ""deezer, existing_file_tag, itunes"", ""genre"": ""lastfm"", ""bpm"": ""essentia_features, existing_file_tag, rules_inference"", ""album"": ""lastfm"", ""album_artist"": ""deezer, itunes"", ""cover_art_url"": ""lastfm"", ""danceability"": ""essentia_features"", ""key"": ""essentia_features"", ""analysis_summary"": ""essentia_features"", ""subgenre"": ""final_completion"", ""track_number"": ""final_completion"", ""disc_number"": ""final_completion"", ""energy"": ""final_completion"", ""mood"": ""final_completion"", ""moods"": ""final_completion"", ""valence"": ""final_completion"", ""occasion"": ""final_completion"", ""themes"": ""final_completion"", ""weather"": ""final_completion"", ""season"": ""final_completion"", ""age_group"": ""final_completion"", ""vocals"": ""final_completion"", ""instruments"": ""final_completion"", ""language"": ""final_completion"", ""label"": ""final_completion"", ""publisher"": ""final_completion"", ""composer"": ""final_completion"", ""copyright"": ""final_completion"", ""comment"": ""final_completion"", ""isrc"": ""final_completion"", ""catalog_number"": ""final_completion""}",1,0,"0.3,D Minor,English,BLACKPINK,(c) 2026 BLACKPINK"
2025-10-20,K-pop,Pop,"=""00:02:27""",0.58,112,BoyNextDoor - Hollywood Action (1080).mp4,mainstream,all weather,1,"{""title"": ""deezer, itunes, lastfm, local_cleanup"", ""artist"": ""deezer, itunes, lastfm"", ""date"": ""deezer, itunes"", ""year"": ""deezer, discogs, existing_file_tag, itunes"", ""genre"": ""discogs, itunes"", ""bpm"": ""essentia_features, existing_file_tag, rules_inference"", ""album"": ""deezer, discogs, lastfm"", ""album_artist"": ""deezer, itunes"", ""track_number"": ""discogs, itunes"", ""cover_art_url"": ""discogs"", ""subgenre"": ""discogs"", ""label"": ""discogs"", ""catalog_number"": ""discogs"", ""danceability"": ""essentia_features"", ""key"": ""essentia_features"", ""analysis_summary"": ""essentia_features"", ""mood"": ""rules_inference"", ""energy"": ""rules_inference"", ""moods"": ""final_completion"", ""disc_number"": ""final_completion"", ""valence"": ""final_completion"", ""occasion"": ""final_completion"", ""themes"": ""final_completion"", ""weather"": ""final_completion"", ""season"": ""final_completion"", ""age_group"": ""final_completion"", ""vocals"": ""final_completion"", ""instruments"": ""final_completion"", ""language"": ""final_completion"", ""publisher"": ""final_completion"", ""composer"": ""final_completion"", ""copyright"": ""final_completion"", ""comment"": ""final_completion"", ""isrc"": ""final_completion""}",1,0,"0.405,C# Minor,English,BOYNEXTDOOR,KOZ Entertainment,(c) 2025 KOZ Entertainment"
2026-07-27,Pop,Pop,"=""00:03:52""",0.58,128,Cattpur - Two To Tango (Remielle).mp4,mainstream,all weather,1,"{""title"": ""deezer, itunes"", ""artist"": ""existing_file_tag, local_cleanup"", ""date"": ""deezer, itunes"", ""year"": ""deezer, existing_file_tag, itunes"", ""genre"": ""deezer, itunes"", ""bpm"": ""essentia_features, existing_file_tag, rules_inference"", ""album_artist"": ""deezer, itunes"", ""danceability"": ""essentia_features"", ""key"": ""essentia_features"", ""analysis_summary"": ""essentia_features"", ""mood"": ""rules_inference"", ""energy"": ""rules_inference"", ""album"": ""final_completion"", ""moods"": ""final_completion"", ""subgenre"": ""final_completion"", ""track_number"": ""final_completion"", ""disc_number"": ""final_completion"", ""valence"": ""final_completion"", ""occasion"": ""final_completion"", ""themes"": ""final_completion"", ""weather"": ""final_completion"", ""season"": ""final_completion"", ""age_group"": ""final_completion"", ""vocals"": ""final_completion"", ""instruments"": ""final_completion"", ""language"": ""final_completion"", ""label"": ""final_completion"", ""publisher"": ""final_completion"", ""composer"": ""final_completion"", ""copyright"": ""final_completion"", ""comment"": ""final_completion"", ""isrc"": ""final_completion"", ""catalog_number"": ""final_completion"", ""cover_art_url"": ""final_completion""}",1,0,"0.314,A Minor,English,Cattpur,(c) 2026 Cattpur"
2025-09-12,K-Pop/Asian,K-Pop/Asian,"=""00:02:21""",0.58,124,Chaeyoung ft Gliiico - Avocado (1080).mp4,mainstream,all weather,1,"{""title"": ""deezer, itunes"", ""artist"": ""existing_file_tag, local_cleanup"", ""date"": ""deezer, itunes"", ""year"": ""deezer, existing_file_tag, itunes"", ""genre"": ""existing_file_tag"", ""bpm"": ""essentia_features, rules_inference"", ""album"": ""deezer, itunes"", ""danceability"": ""essentia_features"", ""key"": ""essentia_features"", ""analysis_summary"": ""essentia_features"", ""mood"": ""rules_inference"", ""energy"": ""rules_inference"", ""album_artist"": ""final_completion"", ""moods"": ""final_completion"", ""subgenre"": ""final_completion"", ""track_number"": ""final_completion"", ""disc_number"": ""final_completion"", ""valence"": ""final_completion"", ""occasion"": ""final_completion"", ""themes"": ""final_completion"", ""weather"": ""final_completion"", ""season"": ""final_completion"", ""age_group"": ""final_completion"", ""vocals"": ""final_completion"", ""instruments"": ""final_completion"", ""language"": ""final_completion"", ""label"": ""final_completion"", ""publisher"": ""final_completion"", ""composer"": ""final_completion"", ""copyright"": ""final_completion"", ""comment"": ""final_completion"", ""isrc"": ""final_completion"", ""catalog_number"": ""final_completion"", ""cover_art_url"": ""final_completion""}",1,0,"0.38,E Minor,English,Chaeyoung Ft Gliiico,(c) 2025 Chaeyoung Ft Gliiico"
2026-04-07,K-Pop/Asian,K-Pop/Asian,"=""00:02:11""",0.58,100,DAYOUNG - What's A Girl To Do (1080).mp4,mainstream,all weather,1,"{""title"": ""deezer, itunes, lastfm"", ""artist"": ""deezer, existing_file_tag, itunes, lastfm, local_cleanup"", ""date"": ""deezer, itunes"", ""year"": ""deezer, existing_file_tag, itunes"", ""genre"": ""existing_file_tag"", ""bpm"": ""essentia_features, existing_file_tag, rules_inference"", ""album"": ""deezer, lastfm"", ""album_artist"": ""deezer, itunes"", ""cover_art_url"": ""lastfm"", ""danceability"": ""essentia_features"", ""key"": ""essentia_features"", ""analysis_summary"": ""essentia_features"", ""mood"": ""rules_inference"", ""energy"": ""rules_inference"", ""moods"": ""final_completion"", ""subgenre"": ""final_completion"", ""track_number"": ""final_completion"", ""disc_number"": ""final_completion"", ""valence"": ""final_completion"", ""occasion"": ""final_completion"", ""themes"": ""final_completion"", ""weather"": ""final_completion"", ""season"": ""final_completion"", ""age_group"": ""final_completion"", ""vocals"": ""final_completion"", ""instruments"": ""final_completion"", ""language"": ""final_completion"", ""label"": ""final_completion"", ""publisher"": ""final_completion"", ""composer"": ""final_completion"", ""copyright"": ""final_completion"", ""comment"": ""final_completion"", ""isrc"": ""final_completion"", ""catalog_number"": ""final_completion""}",1,0,"0.462,F# Minor,English,DAYOUNG,(c) 2026 DAYOUNG"
2026-01-01,K-Pop/Asian,K-Pop/Asian,"=""00:03:21""",0.58,145,DJ Chari & DJ Tatsuki ft Tokyo Young Vision & Foux - Endless (1080).mp4,mainstream,all weather,1,"{""title"": ""deezer, itunes"", ""artist"": ""existing_file_tag, local_cleanup"", ""date"": ""deezer, itunes"", ""year"": ""deezer, existing_file_tag, itunes"", ""genre"": ""existing_file_tag"", ""bpm"": ""essentia_features, rules_inference"", ""danceability"": ""essentia_features"", ""key"": ""essentia_features"", ""analysis_summary"": ""essentia_features"", ""mood"": ""rules_inference"", ""energy"": ""rules_inference"", ""album_artist"": ""final_completion"", ""album"": ""final_completion"", ""moods"": ""final_completion"", ""subgenre"": ""final_completion"", ""track_number"": ""final_completion"", ""disc_number"": ""final_completion"", ""valence"": ""final_completion"", ""occasion"": ""final_completion"", ""themes"": ""final_completion"", ""weather"": ""final_completion"", ""season"": ""final_completion"", ""age_group"": ""final_completion"", ""vocals"": ""final_completion"", ""instruments"": ""final_completion"", ""language"": ""final_completion"", ""label"": ""final_completion"", ""publisher"": ""final_completion"", ""composer"": ""final_completion"", ""copyright"": ""final_completion"", ""comment"": ""final_completion"", ""isrc"": ""final_completion"", ""catalog_number"": ""final_completion"", ""cover_art_url"": ""final_completion""}",1,0,"0.326,Bb Major,English,DJ Chari & DJ Tatsuki Ft Tokyo Young Vision & Foux,(c) 2026 DJ Chari & DJ Tatsuki Ft Tokyo Young Vision & Foux"
2026-01-30,K-Pop/Asian,K-Pop/Asian,"=""00:02:51""",0.58,78,DJ Kanji ft 7 & Eyden - Money Up (1080).mp4,mainstream,all weather,1,"{""title"": ""existing_file_tag"", ""artist"": ""existing_file_tag, local_cleanup"", ""date"": ""deezer, itunes"", ""year"": ""deezer, existing_file_tag, itunes"", ""genre"": ""existing_file_tag"", ""bpm"": ""essentia_features, rules_inference"", ""album_artist"": ""deezer, itunes"", ""danceability"": ""essentia_features"", ""key"": ""essentia_features"", ""analysis_summary"": ""essentia_features"", ""mood"": ""rules_inference"", ""energy"": ""rules_inference"", ""album"": ""final_completion"", ""moods"": ""final_completion"", ""subgenre"": ""final_completion"", ""track_number"": ""final_completion"", ""disc_number"": ""final_completion"", ""valence"": ""final_completion"", ""occasion"": ""final_completion"", ""themes"": ""final_completion"", ""weather"": ""final_completion"", ""season"": ""final_completion"", ""age_group"": ""final_completion"", ""vocals"": ""final_completion"", ""instruments"": ""final_completion"", ""language"": ""final_completion"", ""label"": ""final_completion"", ""publisher"": ""final_completion"", ""composer"": ""final_completion"", ""copyright"": ""final_completion"", ""comment"": ""final_completion"", ""isrc"": ""final_completion"", ""catalog_number"": ""final_completion"", ""cover_art_url"": ""final_completion""}",1,0,"0.3,F# Major,English,DJ Kanji Ft 7 & Eyden,DJ KANJI,(c) 2026 DJ KANJI"
2025,K-Pop/Asian,K-Pop/Asian,"=""00:03:43""",0.58,104,Elione ft Chico Carlito & Mummy-D - Kokusan (1080).mp4,mainstream,all weather,1,"{""title"": ""itunes, local_cleanup"", ""artist"": ""existing_file_tag, local_cleanup"", ""date"": ""existing_file_tag"", ""year"": ""existing_file_tag, itunes"", ""genre"": ""existing_file_tag"", ""bpm"": ""essentia_features, existing_file_tag, rules_inference"", ""danceability"": ""essentia_features"", ""key"": ""essentia_features"", ""analysis_summary"": ""essentia_features"", ""mood"": ""rules_inference"", ""energy"": ""rules_inference"", ""album_artist"": ""final_completion"", ""album"": ""final_completion"", ""moods"": ""final_completion"", ""subgenre"": ""final_completion"", ""track_number"": ""final_completion"", ""disc_number"": ""final_completion"", ""valence"": ""final_completion"", ""occasion"": ""final_completion"", ""themes"": ""final_completion"", ""weather"": ""final_completion"", ""season"": ""final_completion"", ""age_group"": ""final_completion"", ""vocals"": ""final_completion"", ""instruments"": ""final_completion"", ""language"": ""final_completion"", ""label"": ""final_completion"", ""publisher"": ""final_completion"", ""composer"": ""final_completion"", ""copyright"": ""final_completion"", ""comment"": ""final_completion"", ""isrc"": ""final_completion"", ""catalog_number"": ""final_completion"", ""cover_art_url"": ""final_completion""}",1,0,"0.353,A Minor,English,Elione Ft Chico Carlito & Mummy-D,(c) 2025 Elione Ft Chico Carlito & Mummy-D"
2025-11-07,Metal,Metal,"=""00:03:58""",0.68,100,Esprit D'Air - Quetzalcoatl (1080).mp4,energetic,all weather,1,"{""title"": ""deezer, itunes, lastfm, local_cleanup"", ""artist"": ""deezer, existing_file_tag, itunes, lastfm, local_cleanup"", ""date"": ""deezer, discogs, itunes"", ""year"": ""deezer, discogs, itunes"", ""genre"": ""deezer, itunes"", ""bpm"": ""essentia_features, rules_inference"", ""album"": ""deezer, discogs, itunes"", ""album_artist"": ""deezer, itunes"", ""track_number"": ""discogs, itunes"", ""cover_art_url"": ""lastfm"", ""danceability"": ""essentia_features"", ""key"": ""essentia_features"", ""analysis_summary"": ""essentia_features"", ""mood"": ""rules_inference"", ""energy"": ""rules_inference"", ""moods"": ""final_completion"", ""subgenre"": ""final_completion"", ""disc_number"": ""final_completion"", ""valence"": ""final_completion"", ""occasion"": ""final_completion"", ""themes"": ""final_completion"", ""weather"": ""final_completion"", ""season"": ""final_completion"", ""age_group"": ""final_completion"", ""vocals"": ""final_completion"", ""instruments"": ""final_completion"", ""language"": ""final_completion"", ""label"": ""final_completion"", ""publisher"": ""final_completion"", ""composer"": ""final_completion"", ""copyright"": ""final_completion"", ""comment"": ""final_completion"", ""isrc"": ""final_completion"", ""catalog_number"": ""final_completion""}",1,0,"0.28,C# Minor,English,Esprit D'Air,(c) 2025 Esprit D'Air"
2026-05-15,K-pop,"Electronic, Pop","=""00:02:57""",0.68,148,Fifty Fifty - Starstruck (Performance Video) (1080).mp4,energetic,all weather,1,"{""title"": ""deezer, itunes, lastfm"", ""artist"": ""existing_file_tag, lastfm, local_cleanup"", ""date"": ""discogs, itunes"", ""year"": ""deezer, discogs, existing_file_tag, itunes"", ""genre"": ""discogs"", ""bpm"": ""essentia_features, rules_inference"", ""album"": ""discogs"", ""album_artist"": ""deezer, itunes"", ""track_number"": ""discogs, itunes"", ""cover_art_url"": ""discogs"", ""subgenre"": ""discogs"", ""label"": ""discogs"", ""catalog_number"": ""discogs"", ""danceability"": ""essentia_features"", ""key"": ""essentia_features"", ""analysis_summary"": ""essentia_features"", ""mood"": ""rules_inference"", ""energy"": ""rules_inference"", ""moods"": ""final_completion"", ""disc_number"": ""final_completion"", ""valence"": ""final_completion"", ""occasion"": ""final_completion"", ""themes"": ""final_completion"", ""weather"": ""final_completion"", ""season"": ""final_completion"", ""age_group"": ""final_completion"", ""vocals"": ""final_completion"", ""instruments"": ""final_completion"", ""language"": ""final_completion"", ""publisher"": ""final_completion"", ""composer"": ""final_completion"", ""copyright"": ""final_completion"", ""comment"": ""final_completion"", ""isrc"": ""final_completion""}",1,0,"0.341,Bb Major,English,Fifty Fifty,Attrakt,(c) 2026 Attrakt"
2026-03-09,"K-pop, City Pop",Pop,"=""00:02:27""",0.58,153,GIRLSET - Tweak (1080).mp4,mainstream,all weather,1,"{""title"": ""deezer, itunes, lastfm, local_cleanup"", ""artist"": ""deezer, existing_file_tag, itunes, lastfm, local_cleanup"", ""date"": ""deezer, discogs"", ""year"": ""deezer, discogs, existing_file_tag, itunes"", ""genre"": ""deezer, discogs, itunes"", ""bpm"": ""essentia_features, existing_file_tag, rules_inference"", ""album"": ""discogs, lastfm"", ""album_artist"": ""deezer, itunes"", ""track_number"": ""discogs"", ""cover_art_url"": ""discogs"", ""subgenre"": ""discogs"", ""composer"": ""discogs"", ""label"": ""discogs"", ""catalog_number"": ""discogs"", ""danceability"": ""essentia_features"", ""key"": ""essentia_features"", ""analysis_summary"": ""essentia_features"", ""mood"": ""rules_inference"", ""energy"": ""rules_inference"", ""moods"": ""final_completion"", ""disc_number"": ""final_completion"", ""valence"": ""final_completion"", ""occasion"": ""final_completion"", ""themes"": ""final_completion"", ""weather"": ""final_completion"", ""season"": ""final_completion"", ""age_group"": ""final_completion"", ""vocals"": ""final_completion"", ""instruments"": ""final_completion"", ""language"": ""final_completion"", ""publisher"": ""final_completion"", ""copyright"": ""final_completion"", ""comment"": ""final_completion"", ""isrc"": ""final_completion""}",1,0,"0.348,C Major,English,Brian Alexander Morgan,Nathan DiRocco,Olufeyikemi Osuntokun,JYP Entertainment,(c) 2026 JYP Entertainment"
2026-02-20,soty,soty,"=""00:03:19""",0.68,128,Hearts2Hearts - Rude! (1080).mp4,energetic,all weather,1,"{""title"": ""deezer, itunes, lastfm"", ""artist"": ""deezer, existing_file_tag, itunes, lastfm, local_cleanup"", ""date"": ""deezer, itunes"", ""year"": ""deezer, existing_file_tag, itunes"", ""genre"": ""lastfm"", ""bpm"": ""essentia_features, rules_inference"", ""album"": ""deezer, lastfm"", ""album_artist"": ""deezer, itunes"", ""cover_art_url"": ""lastfm"", ""danceability"": ""essentia_features"", ""key"": ""essentia_features"", ""analysis_summary"": ""essentia_features"", ""mood"": ""rules_inference"", ""energy"": ""rules_inference"", ""moods"": ""final_completion"", ""subgenre"": ""final_completion"", ""track_number"": ""final_completion"", ""disc_number"": ""final_completion"", ""valence"": ""final_completion"", ""occasion"": ""final_completion"", ""themes"": ""final_completion"", ""weather"": ""final_completion"", ""season"": ""final_completion"", ""age_group"": ""final_completion"", ""vocals"": ""final_completion"", ""instruments"": ""final_completion"", ""language"": ""final_completion"", ""label"": ""final_completion"", ""publisher"": ""final_completion"", ""composer"": ""final_completion"", ""copyright"": ""final_completion"", ""comment"": ""final_completion"", ""isrc"": ""final_completion"", ""catalog_number"": ""final_completion""}",1,0,"0.378,E Major,English,Hearts2Hearts,(c) 2026 Hearts2Hearts"
2026-07-22,"Hip-Hop, pop, soul",Dance,"=""00:02:40""",0.78,101,Hyolyn - Check (1080).mp4,upbeat,all weather,1,"{""title"": ""lastfm, local_cleanup"", ""artist"": ""deezer, existing_file_tag, local_cleanup"", ""date"": ""deezer, discogs, itunes"", ""year"": ""deezer, discogs, existing_file_tag, itunes"", ""genre"": ""deezer, itunes"", ""bpm"": ""essentia_features, rules_inference"", ""album"": ""deezer, itunes"", ""track_number"": ""discogs, itunes"", ""cover_art_url"": ""lastfm"", ""subgenre"": ""musicnn_mtg_jamendo"", ""danceability"": ""essentia_features"", ""key"": ""essentia_features"", ""analysis_summary"": ""essentia_features"", ""analysis_json"": ""musicnn_mtg_jamendo"", ""mood"": ""rules_inference"", ""energy"": ""rules_inference"", ""occasion"": ""rules_inference"", ""album_artist"": ""final_completion"", ""moods"": ""final_completion"", ""disc_number"": ""final_completion"", ""valence"": ""final_completion"", ""themes"": ""final_completion"", ""weather"": ""final_completion"", ""season"": ""final_completion"", ""age_group"": ""final_completion"", ""vocals"": ""final_completion"", ""instruments"": ""final_completion"", ""language"": ""final_completion"", ""label"": ""final_completion"", ""publisher"": ""final_completion"", ""composer"": ""final_completion"", ""copyright"": ""final_completion"", ""comment"": ""final_completion"", ""isrc"": ""final_completion"", ""catalog_number"": ""final_completion""}",1,0,"0.412,C Minor,English,Hyolyn,(c) 2026 Hyolyn"
2026,K-Pop/Asian,K-Pop/Asian,"=""00:02:52""",0.58,117,I-dle ft Skaiwater - Mono (1080).mp4,mainstream,all weather,1,"{""title"": ""deezer, itunes"", ""artist"": ""existing_file_tag, local_cleanup"", ""date"": ""existing_file_tag"", ""year"": ""deezer, existing_file_tag, itunes"", ""genre"": ""existing_file_tag"", ""bpm"": ""essentia_features, rules_inference"", ""album_artist"": ""deezer, itunes"", ""danceability"": ""essentia_features"", ""key"": ""essentia_features"", ""analysis_summary"": ""essentia_features"", ""mood"": ""rules_inference"", ""energy"": ""rules_inference"", ""album"": ""final_completion"", ""moods"": ""final_completion"", ""subgenre"": ""final_completion"", ""track_number"": ""final_completion"", ""disc_number"": ""final_completion"", ""valence"": ""final_completion"", ""occasion"": ""final_completion"", ""themes"": ""final_completion"", ""weather"": ""final_completion"", ""season"": ""final_completion"", ""age_group"": ""final_completion"", ""vocals"": ""final_completion"", ""instruments"": ""final_completion"", ""language"": ""final_completion"", ""label"": ""final_completion"", ""publisher"": ""final_completion"", ""composer"": ""final_completion"", ""copyright"": ""final_completion"", ""comment"": ""final_completion"", ""isrc"": ""final_completion"", ""catalog_number"": ""final_completion"", ""cover_art_url"": ""final_completion""}",1,0,"0.428,Eb Major,English,I-dle Ft Skaiwater,I-dle,(c) 2026 I-dle"
2026-04-30,UK Hard House,UK Hard House,"=""00:02:18""",0.78,144,Illit - It's Me (1080).mp4,upbeat,all weather,1,"{""title"": ""deezer, itunes, local_cleanup"", ""artist"": ""deezer, itunes, lastfm"", ""date"": ""deezer, discogs, itunes"", ""year"": ""deezer, discogs, existing_file_tag, itunes"", ""genre"": ""lastfm"", ""bpm"": ""essentia_features, existing_file_tag, rules_inference"", ""album"": ""deezer, lastfm"", ""album_artist"": ""deezer, itunes"", ""track_number"": ""discogs, itunes"", ""cover_art_url"": ""lastfm"", ""danceability"": ""essentia_features"", ""key"": ""essentia_features"", ""analysis_summary"": ""essentia_features"", ""mood"": ""rules_inference"", ""energy"": ""rules_inference"", ""occasion"": ""rules_inference"", ""moods"": ""final_completion"", ""subgenre"": ""final_completion"", ""disc_number"": ""final_completion"", ""valence"": ""final_completion"", ""themes"": ""final_completion"", ""weather"": ""final_completion"", ""season"": ""final_completion"", ""age_group"": ""final_completion"", ""vocals"": ""final_completion"", ""instruments"": ""final_completion"", ""language"": ""final_completion"", ""label"": ""final_completion"", ""publisher"": ""final_completion"", ""composer"": ""final_completion"", ""copyright"": ""final_completion"", ""comment"": ""final_completion"", ""isrc"": ""final_completion"", ""catalog_number"": ""final_completion""}",1,0,"0.308,Bb Minor,English,ILLIT,(c) 2026 ILLIT"
2026,rock,rock,"=""00:02:51""",0.58,156,Illit - Sunday Morning (1080).mp4,energetic,all weather,1,"{""title"": ""deezer, itunes, lastfm, local_cleanup"", ""artist"": ""deezer, itunes, lastfm"", ""date"": ""existing_file_tag"", ""year"": ""deezer, existing_file_tag, itunes"", ""genre"": ""clap_zero_shot, lastfm"", ""bpm"": ""essentia_features, rules_inference"", ""album"": ""lastfm"", ""album_artist"": ""deezer, itunes"", ""cover_art_url"": ""lastfm"", ""danceability"": ""essentia_features"", ""key"": ""essentia_features"", ""analysis_summary"": ""essentia_features"", ""mood"": ""rules_inference"", ""energy"": ""rules_inference"", ""moods"": ""final_completion"", ""subgenre"": ""final_completion"", ""track_number"": ""final_completion"", ""disc_number"": ""final_completion"", ""valence"": ""final_completion"", ""occasion"": ""final_completion"", ""themes"": ""final_completion"", ""weather"": ""final_completion"", ""season"": ""final_completion"", ""age_group"": ""final_completion"", ""vocals"": ""final_completion"", ""instruments"": ""final_completion"", ""language"": ""final_completion"", ""label"": ""final_completion"", ""publisher"": ""final_completion"", ""composer"": ""final_completion"", ""copyright"": ""final_completion"", ""comment"": ""final_completion"", ""isrc"": ""final_completion"", ""catalog_number"": ""final_completion""}",1,0,"0.419,E Major,English,ILLIT,(c) 2026 ILLIT"
2026-06-24,K-Pop/Asian,K-Pop/Asian,"=""00:02:52""",0.58,162,OZworld - The Ghost (1080).mp4,mainstream,all weather,1,"{""title"": ""deezer, itunes, lastfm"", ""artist"": ""deezer, existing_file_tag, itunes, local_cleanup"", ""date"": ""deezer, itunes"", ""year"": ""deezer, existing_file_tag, itunes"", ""genre"": ""existing_file_tag"", ""bpm"": ""essentia_features, rules_inference"", ""album"": ""deezer, lastfm"", ""album_artist"": ""deezer, itunes"", ""danceability"": ""essentia_features"", ""key"": ""essentia_features"", ""analysis_summary"": ""essentia_features"", ""mood"": ""rules_inference"", ""energy"": ""rules_inference"", ""moods"": ""final_completion"", ""subgenre"": ""final_completion"", ""track_number"": ""final_completion"", ""disc_number"": ""final_completion"", ""valence"": ""final_completion"", ""occasion"": ""final_completion"", ""themes"": ""final_completion"", ""weather"": ""final_completion"", ""season"": ""final_completion"", ""age_group"": ""final_completion"", ""vocals"": ""final_completion"", ""instruments"": ""final_completion"", ""language"": ""final_completion"", ""label"": ""final_completion"", ""publisher"": ""final_completion"", ""composer"": ""final_completion"", ""copyright"": ""final_completion"", ""comment"": ""final_completion"", ""isrc"": ""final_completion"", ""catalog_number"": ""final_completion"", ""cover_art_url"": ""final_completion""}",1,0,"0.365,C Minor,English,OZworld,(c) 2026 OZworld"
2026,K-Pop/Asian,K-Pop/Asian,"=""00:03:47""",0.58,88,Ryusei Sakuma & OZworld - Those Days (1080).mp4,mainstream,all weather,1,"{""title"": ""existing_file_tag"", ""artist"": ""existing_file_tag, local_cleanup"", ""date"": ""existing_file_tag"", ""year"": ""existing_file_tag, itunes"", ""genre"": ""existing_file_tag"", ""bpm"": ""essentia_features, rules_inference"", ""danceability"": ""essentia_features"", ""key"": ""essentia_features"", ""analysis_summary"": ""essentia_features"", ""mood"": ""rules_inference"", ""energy"": ""rules_inference"", ""album_artist"": ""final_completion"", ""album"": ""final_completion"", ""moods"": ""final_completion"", ""subgenre"": ""final_completion"", ""track_number"": ""final_completion"", ""disc_number"": ""final_completion"", ""valence"": ""final_completion"", ""occasion"": ""final_completion"", ""themes"": ""final_completion"", ""weather"": ""final_completion"", ""season"": ""final_completion"", ""age_group"": ""final_completion"", ""vocals"": ""final_completion"", ""instruments"": ""final_completion"", ""language"": ""final_completion"", ""label"": ""final_completion"", ""publisher"": ""final_completion"", ""composer"": ""final_completion"", ""copyright"": ""final_completion"", ""comment"": ""final_completion"", ""isrc"": ""final_completion"", ""catalog_number"": ""final_completion"", ""cover_art_url"": ""final_completion""}",1,0,"0.255,C Major,English,Ryusei Sakuma & OZworld,(c) 2026 Ryusei Sakuma & OZworld"
2026-02-20,Reggae/Soca,Reggae/Soca,"=""00:02:09""",0.46,73,DJ Kalli ft Klassik Frescobar & Krys - Voila! (1080).mp4,calm,rainy,1,"{""title"": ""deezer, itunes"", ""artist"": ""existing_file_tag, local_cleanup"", ""date"": ""deezer, itunes"", ""year"": ""deezer, existing_file_tag, itunes"", ""genre"": ""existing_file_tag"", ""bpm"": ""essentia_features, rules_inference"", ""danceability"": ""essentia_features"", ""key"": ""essentia_features"", ""analysis_summary"": ""essentia_features"", ""mood"": ""rules_inference"", ""energy"": ""rules_inference"", ""album_artist"": ""final_completion"", ""album"": ""final_completion"", ""moods"": ""final_completion"", ""subgenre"": ""final_completion"", ""track_number"": ""final_completion"", ""disc_number"": ""final_completion"", ""valence"": ""final_completion"", ""occasion"": ""final_completion"", ""themes"": ""final_completion"", ""weather"": ""final_completion"", ""season"": ""final_completion"", ""age_group"": ""final_completion"", ""vocals"": ""final_completion"", ""instruments"": ""final_completion"", ""language"": ""final_completion"", ""label"": ""final_completion"", ""publisher"": ""final_completion"", ""composer"": ""final_completion"", ""copyright"": ""final_completion"", ""comment"": ""final_completion"", ""isrc"": ""final_completion"", ""catalog_number"": ""final_completion"", ""cover_art_url"": ""final_completion""}",1,0,"0.416,Bb Minor,English,DJ Kalli Ft Klassik Frescobar & Krys,(c) 2026 DJ Kalli Ft Klassik Frescobar & Krys"
2026-07-14,Top 40,Top 40,"=""00:03:13""",0.68,154,Cornershop ft Bubbley Kaur - Bounce & Salute (1080).mp4,energetic,all weather,1,"{""title"": ""deezer, lastfm, local_cleanup"", ""artist"": ""existing_file_tag, lastfm, local_cleanup"", ""date"": ""deezer, itunes"", ""year"": ""deezer, existing_file_tag, itunes"", ""genre"": ""existing_file_tag"", ""bpm"": ""essentia_features, rules_inference"", ""album_artist"": ""deezer, itunes"", ""danceability"": ""essentia_features"", ""key"": ""essentia_features"", ""analysis_summary"": ""essentia_features"", ""mood"": ""rules_inference"", ""energy"": ""rules_inference"", ""album"": ""final_completion"", ""moods"": ""final_completion"", ""subgenre"": ""final_completion"", ""track_number"": ""final_completion"", ""disc_number"": ""final_completion"", ""valence"": ""final_completion"", ""occasion"": ""final_completion"", ""themes"": ""final_completion"", ""weather"": ""final_completion"", ""season"": ""final_completion"", ""age_group"": ""final_completion"", ""vocals"": ""final_completion"", ""instruments"": ""final_completion"", ""language"": ""final_completion"", ""label"": ""final_completion"", ""publisher"": ""final_completion"", ""composer"": ""final_completion"", ""copyright"": ""final_completion"", ""comment"": ""final_completion"", ""isrc"": ""final_completion"", ""catalog_number"": ""final_completion"", ""cover_art_url"": ""final_completion""}",1,0,"0.398,C Major,English,Cornershop Ft Bubbley Kaur,Cornershop,(c) 2026 Cornershop"
2025,Top 40,Top 40,"=""00:03:15""",0.58,100,Gelli Haha - Normalize (1080).mp4,balanced,all weather,1,"{""title"": ""deezer, itunes, lastfm, local_cleanup"", ""artist"": ""deezer, existing_file_tag, itunes, lastfm, local_cleanup"", ""date"": ""existing_file_tag"", ""year"": ""discogs, existing_file_tag, itunes"", ""genre"": ""existing_file_tag"", ""bpm"": ""essentia_features, existing_file_tag, rules_inference"", ""album"": ""deezer, discogs, itunes"", ""album_artist"": ""deezer, itunes"", ""track_number"": ""discogs, itunes"", ""cover_art_url"": ""lastfm"", ""danceability"": ""essentia_features"", ""key"": ""essentia_features"", ""analysis_summary"": ""essentia_features"", ""subgenre"": ""final_completion"", ""disc_number"": ""final_completion"", ""energy"": ""final_completion"", ""mood"": ""final_completion"", ""moods"": ""final_completion"", ""valence"": ""final_completion"", ""occasion"": ""final_completion"", ""themes"": ""final_completion"", ""weather"": ""final_completion"", ""season"": ""final_completion"", ""age_group"": ""final_completion"", ""vocals"": ""final_completion"", ""instruments"": ""final_completion"", ""language"": ""final_completion"", ""label"": ""final_completion"", ""publisher"": ""final_completion"", ""composer"": ""final_completion"", ""copyright"": ""final_completion"", ""comment"": ""final_completion"", ""isrc"": ""final_completion"", ""catalog_number"": ""final_completion""}",1,0,"0.705,Eb Minor,English,Gelli Haha,(c) 2025 Gelli Haha"
2015-08-21,Rock,Rock,"=""00:04:04""",0.58,94,Nathaniel Rateliff & The Night Sweats - I'd Be Waiting (1080).mp4,energetic,all weather,1,"{""title"": ""itunes, lastfm, local_cleanup"", ""artist"": ""deezer, existing_file_tag, itunes, local_cleanup"", ""date"": ""deezer, discogs, itunes"", ""year"": ""deezer, discogs, itunes"", ""genre"": ""deezer, itunes"", ""bpm"": ""essentia_features, existing_file_tag, rules_inference"", ""album"": ""deezer, discogs, itunes, lastfm"", ""album_artist"": ""deezer, itunes"", ""cover_art_url"": ""lastfm"", ""danceability"": ""essentia_features"", ""key"": ""essentia_features"", ""analysis_summary"": ""essentia_features"", ""mood"": ""rules_inference"", ""energy"": ""rules_inference"", ""moods"": ""final_completion"", ""subgenre"": ""final_completion"", ""track_number"": ""final_completion"", ""disc_number"": ""final_completion"", ""valence"": ""final_completion"", ""occasion"": ""final_completion"", ""themes"": ""final_completion"", ""weather"": ""final_completion"", ""season"": ""final_completion"", ""age_group"": ""final_completion"", ""vocals"": ""final_completion"", ""instruments"": ""final_completion"", ""language"": ""final_completion"", ""label"": ""final_completion"", ""publisher"": ""final_completion"", ""composer"": ""final_completion"", ""copyright"": ""final_completion"", ""comment"": ""final_completion"", ""isrc"": ""final_completion"", ""catalog_number"": ""final_completion""}",1,0,"0.353,E Major,English,Nathaniel Rateliff & The Night Sweats,(c) 2015 Nathaniel Rateliff & The Night Sweats"
2025-12-05,Hip-Hop,Hip-Hop,"=""00:03:29""",0.68,162,Breis - Cover Your Face (1080).mp4,energetic,all weather,1,"{""title"": ""deezer, itunes, lastfm, local_cleanup"", ""artist"": ""deezer, existing_file_tag, itunes, local_cleanup"", ""date"": ""deezer, itunes"", ""year"": ""deezer, discogs, itunes"", ""genre"": ""musicnn_mtg_jamendo"", ""bpm"": ""essentia_features, rules_inference"", ""album"": ""deezer, discogs, itunes, lastfm"", ""album_artist"": ""deezer, itunes"", ""track_number"": ""discogs, itunes"", ""danceability"": ""essentia_features"", ""key"": ""essentia_features"", ""analysis_summary"": ""musicnn_mtg_jamendo"", ""analysis_json"": ""musicnn_mtg_jamendo"", ""mood"": ""rules_inference"", ""energy"": ""rules_inference"", ""moods"": ""final_completion"", ""subgenre"": ""final_completion"", ""disc_number"": ""final_completion"", ""valence"": ""final_completion"", ""occasion"": ""final_completion"", ""themes"": ""final_completion"", ""weather"": ""final_completion"", ""season"": ""final_completion"", ""age_group"": ""final_completion"", ""vocals"": ""final_completion"", ""instruments"": ""final_completion"", ""language"": ""final_completion"", ""label"": ""final_completion"", ""publisher"": ""final_completion"", ""composer"": ""final_completion"", ""copyright"": ""final_completion"", ""comment"": ""final_completion"", ""isrc"": ""final_completion"", ""catalog_number"": ""final_completion"", ""cover_art_url"": ""final_completion""}",1,0,"0.495,F Minor,English,Breis,(c) 2025 Breis"
2026-07-31,Urban,Urban,"=""00:03:02""",0.58,105,Meek Mill - Nightmares To Dreams (1080).mp4,balanced,all weather,1,"{""title"": ""deezer, itunes, lastfm, local_cleanup"", ""artist"": ""deezer, existing_file_tag, itunes, lastfm, local_cleanup"", ""date"": ""deezer, itunes"", ""year"": ""deezer, existing_file_tag, itunes"", ""genre"": ""existing_file_tag"", ""bpm"": ""essentia_features, rules_inference"", ""album"": ""deezer, lastfm"", ""album_artist"": ""deezer, itunes"", ""cover_art_url"": ""lastfm"", ""danceability"": ""essentia_features"", ""key"": ""essentia_features"", ""analysis_summary"": ""essentia_features"", ""subgenre"": ""final_completion"", ""track_number"": ""final_completion"", ""disc_number"": ""final_completion"", ""energy"": ""final_completion"", ""mood"": ""final_completion"", ""moods"": ""final_completion"", ""valence"": ""final_completion"", ""occasion"": ""final_completion"", ""themes"": ""final_completion"", ""weather"": ""final_completion"", ""season"": ""final_completion"", ""age_group"": ""final_completion"", ""vocals"": ""final_completion"", ""instruments"": ""final_completion"", ""language"": ""final_completion"", ""label"": ""final_completion"", ""publisher"": ""final_completion"", ""composer"": ""final_completion"", ""copyright"": ""final_completion"", ""comment"": ""final_completion"", ""isrc"": ""final_completion"", ""catalog_number"": ""final_completion""}",1,0,"0.431,Eb Major,English,Meek Mill,(c) 2026 Meek Mill"
2026-07-31,Urban,Urban,"=""00:03:30""",0.58,89,Wale ft Elmiene - Overthink (1080).mp4,balanced,all weather,1,"{""title"": ""deezer, itunes, local_cleanup"", ""artist"": ""existing_file_tag, local_cleanup"", ""date"": ""deezer, itunes"", ""year"": ""deezer, existing_file_tag, itunes"", ""genre"": ""existing_file_tag"", ""bpm"": ""essentia_features, rules_inference"", ""danceability"": ""essentia_features"", ""key"": ""essentia_features"", ""analysis_summary"": ""essentia_features"", ""vocals"": ""clap_zero_shot, musicnn_mtg_jamendo"", ""album_artist"": ""final_completion"", ""album"": ""final_completion"", ""subgenre"": ""final_completion"", ""track_number"": ""final_completion"", ""disc_number"": ""final_completion"", ""energy"": ""final_completion"", ""mood"": ""final_completion"", ""moods"": ""final_completion"", ""valence"": ""final_completion"", ""occasion"": ""final_completion"", ""themes"": ""final_completion"", ""weather"": ""final_completion"", ""season"": ""final_completion"", ""age_group"": ""final_completion"", ""instruments"": ""final_completion"", ""language"": ""final_completion"", ""label"": ""final_completion"", ""publisher"": ""final_completion"", ""composer"": ""final_completion"", ""copyright"": ""final_completion"", ""comment"": ""final_completion"", ""isrc"": ""final_completion"", ""catalog_number"": ""final_completion"", ""cover_art_url"": ""final_completion""}",1,0,"0.363,C# Major,English,Wale Ft Elmiene,(c) 2026 Wale Ft Elmiene"
